id,query,ground_truth_citation,citation_accurate,format_adherence,rouge_l,generated_answer
syn_150_1768628866,"Tôi là một nhóm cổ đông của công ty ABC, và chúng tôi đã nhận được nghị quyết mà chúng tôi cho là không hợp lệ. Nếu chúng tôi muốn yêu cầu hủy bỏ nghị quyết, chúng tôi có cần phải lập công văn hay có hình thức nào khác không?",Điều 151 - Luật Doanh nghiệp 2020,True,1.0,0.6396917148362234,"**Căn cứ pháp lý:** 
Điều 151. Yêu cầu hủy bỏ nghị quyết Đại hội đồng cổ đông - Luật Doanh nghiệp 2020

**Nội dung quy định:**
Trong thời hạn 90 ngày kể từ ngày nhận được nghị quyết hoặc biên bản họp Đại hội đồng cổ đông hoặc biên bản kết quả kiểm phiếu lấy ý kiến Đại hội đồng cổ đông, cổ đông, nhóm cổ đông quy định tại khoản 2 Điều 115 của Luật này có quyền yêu cầu Tòa án hoặc Trọng tài xem xét, hủy bỏ nghị quyết hoặc một phần nội dung nghị quyết Đại hội đồng cổ đông trong các trường hợp sau đây: 

1. Trình tự, thủ tục triệu tập họp và ra quyết định của Đại hội đồng cổ đông vi phạm nghiêm trọng quy định của Luật này và Điều lệ công ty, trừ trường hợp quy định tại khoản 2 Điều 152 của Luật này;
2. Nội dung nghị quyết vi phạm pháp luật hoặc Điều lệ công ty.

**Phân tích & Hướng dẫn:**

Theo Điều 151 của Luật Doanh nghiệp 2020, nhóm cổ đông của công ty ABC có quyền yêu cầu Tòa án hoặc Trọng tài xem xét, hủy bỏ nghị quyết Đại hội đồng cổ đông nếu thấy rằng nghị quyết đó vi phạm quy định của Luật này hoặc Điều lệ công ty. 

Để thực hiện yêu cầu hủy bỏ nghị quyết, nhóm cổ đông không cần lập công văn đặc biệt. Theo quy định, nhóm cổ đông chỉ cần thực hiện các bước sau:

1. **Lập hồ sơ yêu cầu:** Nhóm cổ đông cần lập hồ sơ yêu cầu hủy bỏ nghị quyết, bao gồm các thông tin cần thiết như tên công ty, mã số doanh nghiệp, nội dung của nghị quyết bị质疑, lý do yêu cầu hủy bỏ và thời hạn yêu cầu.

2. **Gửi hồ sơ yêu cầu:** Hồ sơ yêu cầu này cần được gửi đến Tòa án hoặc Trọng tài theo quy định của pháp luật. 

3. **Giám sát tiến trình tố tụng:** Nhóm cổ đông cần theo dõi tiến trình tố tụng để đảm bảo rằng yêu cầu của mình được xem xét một cách công bằng và kịp thời.

Như vậy, nhóm cổ đông không cần lập công văn riêng mà chỉ cần gửi hồ sơ yêu cầu hủy bỏ nghị quyết tới Tòa án hoặc Trọng tài theo quy định của pháp luật"
syn_1421_1768641326_0,"Gia đình tôi đang bị đe dọa bởi một nhóm người đòi tiền chuộc, họ đã bắt cóc con tôi và yêu cầu chúng tôi phải trả 300 triệu đồng. Tôi nên làm gì để xử lý tình huống này?",Điều 169 - Bộ luật Hình sự (Văn bản hợp nhất 2017),False,0.0,0.41639871382636656,"**CĂN CỨ PHÁP LUẬT THAM KHẢO:**
---
[Tài liệu 1] ---
Văn bản: Bộ luật Hình sự (Văn bản hợp nhất 2017)
Nội dung: Điều 301. Tội bắt cóc con tin 1. Người nào bắt, giữ hoặc giam người khác làm con tin nhằm cưỡng ép một quốc gia, vùng lãnh thổ, tổ chức quốc tế hoặc cơ quan, tổ chức, cá nhân làm hoặc không làm một việc như một điều kiện để thả con tin, nếu không thuộc trường hợp quy định tại Điều 113 và Điều 299 của Bộ luật này, thì bị phạt tù từ 01 năm đến 04 năm. 2. Phạm tội thuộc một trong các trường hợp sau đây, thì bị phạt tù từ 03 năm đến 07 năm: a) Có tổ chức; b) Lợi dụng chức vụ, quyền hạn; c) Đối với người dưới 18 tuổi, phụ nữ mà biết là có thai, người đủ 70 tuổi trở lên; d) Đối với người đang thi hành công vụ; đ) Gây hậu quả nghiêm trọng. 3. Phạm tội gây hậu quả rất nghiêm trọng, thì bị phạt tù từ 05 năm đến 10 năm. 4. Phạm tội gây hậu quả đặc biệt nghiêm trọng, thì bị phạt tù từ 08 năm đến 15 năm. 5. Người chuẩn bị phạm tội này, thì bị phạt tù từ 06 tháng đến 03 năm.

[Tài liệu 2] ---
Văn bản: Bộ luật Hình sự (Văn bản hợp nhất 2017)
Nội dung: Điều 325. Tội dụ dỗ, ép buộc hoặc chứa chấp người dưới 18 tuổi phạm pháp 1. Người nào đủ 18 tuổi trở lên mà thực hiện một trong các hành vi sau đây, thì bị phạt tù từ 01 năm đến 05 năm: a) Rủ rê, lôi kéo, mua chuộc, kích động hoặc xúi giục người dưới 18 tuổi phạm tội hoặc sống sa đọa; b) Đe dọa, uy hiếp, dùng vũ lực hoặc có hành vi khác ép buộc người dưới 18 tuổi phạm tội hoặc sống sa đọa; c) Chứa chấp người dưới"
syn_262_1768629823,"Gia đình tôi đã sống trên tàu cá trong một thời gian dài, nhưng chúng tôi vẫn chưa đăng ký nơi cư trú. Vậy liệu chúng tôi có bị ảnh hưởng gì không?",Điều 45 - Bộ luật Dân sự 2015,True,1.0,0.5625,"**Căn cứ pháp lý:**
- Văn bản: Bộ luật Dân sự 2015
- Nội dung: Điều 45. Nơi cư trú của người làm nghề lưu động

**Nội dung quy định:**
Điều 45 của Bộ luật Dân sự 2015 quy định rằng ""Nơi cư trú của người làm nghề lưu động trên tàu, thuyền, phương tiện hành nghề lưu động khác là nơi đăng ký tàu, thuyền, phương tiện đó, trừ trường hợp họ có nơi cư trú theo quy định tại khoản 1 Điều 40 của Bộ luật này.""

**Phân tích & Hướng dẫn:**
Theo quy định trên, nơi cư trú của người làm nghề lưu động là nơi đăng ký tàu, thuyền, phương tiện hành nghề lưu động của họ, ngoại trừ trường hợp họ có nơi cư trú theo quy định tại khoản 1 Điều 40 của Bộ luật Dân sự 2015.

Trong trường hợp của gia đình bạn, vì đã sống trên tàu cá trong một thời gian dài nhưng chưa đăng ký nơi cư trú, điều này không vi phạm quy định của Bộ luật Dân sự 2015. Điều này dựa trên nguyên tắc cho phép họ có thể có nơi cư trú là nơi đăng ký tàu, thuyền, phương tiện hành nghề lưu động.

Tuy nhiên, để tránh bất kỳ rủi ro nào trong tương lai, gia đình bạn nên tiến hành việc đăng ký nơi cư trú theo quy định tại khoản 1 Điều 40 của Bộ luật Dân sự 2015. Điều này sẽ đảm bảo rằng nơi cư trú của bạn được xác định rõ ràng và tuân thủ đầy đủ quy định pháp luật."
syn_1047_1768638814_0,"Tôi đã làm việc ở công ty A được 3 năm. Gần đây, tôi phát hiện rằng có một đồng nghiệp thường xuyên quấy rối tôi bằng những lời nói không phù hợp. Tôi cảm thấy rất khó chịu và không biết có thể làm gì để bảo vệ bản thân.",Điều 8 - Bộ luật Lao động 2019,True,1.0,0.39117929050814954,"**Căn cứ pháp lý:** [Điều 165][Tài liệu 3] - [Bộ luật Lao động 2019]

**Nội dung quy định:**
Theo Điều 165 của Bộ luật Lao động 2019, các hành vi bị nghiêm cấm đối với người sử dụng lao động bao gồm: ngược đãi, quấy rối tình dục, cưỡng bức lao động, dùng vũ lực đối với lao động là người giúp việc gia đình. Đồng thời, Mục 6 của điều này nêu rõ một số lao động khác, trong đó có người giúp việc gia đình.

**Phân tích & Hướng dẫn:**
Theo quy định trên, hành vi quấy rối tình dục tại nơi làm việc (theo Điều 8 của Bộ luật Lao động 2019) bao gồm việc có tính chất tình dục của bất kỳ người nào đối với người khác tại nơi làm việc mà không được người đó mong muốn hoặc chấp nhận. Đây là một hành vi vi phạm nghiêm trọng quyền riêng tư và sức khỏe tâm thần của người lao động.

Trong trường hợp của bạn, đồng nghiệp của bạn đang thực hiện hành vi quấy rối tình dục. Theo quy định của pháp luật, bạn có quyền yêu cầu người sử dụng lao động (công ty A) ngăn chặn và xử lý hành vi này. Bạn nên đưa ra thông tin về hành vi này cho người quản lý hoặc bộ phận nhân sự của công ty, và yêu cầu họ thực hiện các biện pháp cần thiết để bảo vệ quyền lợi của bạn.

Bạn cũng có thể liên hệ với tổ chức đại diện người lao động tại cơ sở (nếu có) để thảo luận về vấn đề này. Nếu công ty không đáp ứng yêu cầu của bạn, bạn có thể tiếp tục phản ánh vấn đề này lên cấp quản lý cao hơn hoặc tìm đến cơ quan nhà nước có thẩm quyền để được hỗ trợ và giải quyết.

Hơn nữa, bạn nên lưu trữ tất cả các bằng chứng liên quan đến hành vi quấy rối, như email, tin nhắn hoặc video nếu có thể, để hỗ trợ quá trình tố cáo."
syn_811_1768633563,"Tôi đã đánh một người vì họ cố gắng xâm hại đến tài sản của tôi, nhưng tôi đã dùng vũ lực quá mức. Liệu tôi có phải bồi thường không?",Điều 594 - Bộ luật Dân sự 2015,False,0.6666666666666666,0.3448275862068966,"**Căn cứ pháp lý:**
--- [Tài liệu 1] ---
Văn bản: Bộ luật Dân sự 2015
Nội dung: Điều 606. Bồi thường thiệt hại do xâm phạm thi thể 1. Cá nhân, pháp nhân xâm phạm thi thể phải bồi thường thiệt hại. 2. Thiệt hại do xâm phạm thi thể gồm chi phí hợp lý để hạn chế, khắc phục thiệt hại. 3. Người chịu trách nhiệm bồi thường khi thi thể bị xâm phạm phải bồi thường theo quy định tại khoản 2 Điều này và một khoản tiền khác để bù đắp tổn thất về tinh thần cho những người thân thích thuộc hàng thừa kế thứ nhất của người chết, nếu không có những người này thì người trực tiếp nuôi dưỡng người chết được hưởng khoản tiền này. Mức bồi thường bù đắp tổn thất về tinh thần do các bên thỏa thuận; nếu không thỏa thuận được thì mức tối đa đối với mỗi thi thể bị xâm phạm không quá ba mươi lần mức lương cơ sở do Nhà nước quy định.

---

**Phân tích & Hướng dẫn:**

Theo Điều 606 của Bộ Luật Dân sự 2015, cá nhân hoặc pháp nhân gây xâm phạm đến thi thể sẽ phải bồi thường thiệt hại. Tuy nhiên, điều này chỉ áp dụng cho trường hợp xâm phạm thi thể, không liên quan trực tiếp đến việc bạn đã sử dụng vũ lực quá mức trong việc ngăn chặn hành vi xâm phạm tài sản của mình.

Trong trường hợp bạn đã đánh người vì họ cố gắng xâm hại tài sản của bạn, dù bạn đã dùng vũ lực quá mức, thì chỉ có thể bị xử lý theo Điều 591 và Điều 590 của Bộ Luật Dân sự 2015, liên quan đến việc gây thương tích hoặc xâm phạm sức khỏe.

Điều 591 quy định rằng, ""Thất hại do tính mạng bị xâm phạm bao gồm: a) Thiệt hại do sức khỏe bị xâm phạm theo quy định tại Điều 590 của Bộ luật này; b) Chi phí hợp lý cho việc mai táng; c) Tiền cấp dưỡng cho những người mà người bị thiệt hại có nghĩa vụ cấp dưỡng; d) Thiệt hại khác do luật quy định."" Điều này cho thấy, nếu"
syn_1493_1768641901_1,"Công ty tôi vừa nhập khẩu một lô hàng thực vật và không biết rằng chúng thuộc diện kiểm dịch. Nếu lô hàng này gây ra dịch bệnh, tôi có thể phải chịu trách nhiệm pháp lý gì?",Điều 241 - Bộ luật Hình sự (Văn bản hợp nhất 2017),True,1.0,0.4364471669218989,"**Căn cứ pháp lý:** 
- Điều 241. Tội làm lây lan dịch bệnh nguy hiểm cho động vật, thực vật - Bộ luật Hình sự (Văn bản hợp nhất 2017)

**Nội dung quy định:** 
Điều 241 quy định về hình thức xử lý hành vi làm lây lan dịch bệnh nguy hiểm cho động vật, thực vật. Trong đó, hành vi này bao gồm cả việc không thực hiện các quy định về kiểm dịch khi đưa vào lãnh thổ Việt Nam động vật, thực vật, sản phẩm động vật, thực vật thuộc diện kiểm dịch. 

Hành vi này bị phạt tiền từ 50.000.000 đồng đến 200.000.000 đồng, phạt cải tạo không giam giữ đến 03 năm hoặc phạt tù từ 06 tháng đến 02 năm nếu gây thiệt hại về tài sản từ 100.000.000 đồng đến dưới 500.000.000 đồng hoặc đã bị xử phạt vi phạm hành chính về một trong những hành vi này mà còn vi phạm.

**Phân tích & Hướng dẫn:**
Theo quy định tại Điều 241, nếu công ty bạn đã nhập khẩu một lô hàng thực vật mà không thực hiện các quy định về kiểm dịch, dẫn đến lây lan dịch bệnh, công ty có thể phải chịu trách nhiệm pháp lý. 

Việc không thực hiện các quy định về kiểm dịch có thể coi là hành vi vi phạm quy định về kiểm dịch thực vật, gây ra hậu quả là lây lan dịch bệnh. Theo đó, công ty có thể bị phạt tiền từ 50.000.000 đồng đến 200.000.000 đồng hoặc phạt tù từ 06 tháng đến 02 năm tùy mức độ gây thiệt hại về tài sản.

Ngoài ra, công ty cũng có thể chịu trách nhiệm về việc khắc phục hậu quả do hành vi vi phạm của mình, như việc thực hiện các biện pháp cần thiết để ngăn chặn sự lây lan của dịch bệnh, nếu cần thiết.

Lưu ý rằng, nếu hậu quả gây ra bởi hành vi này vượt quá mức độ quy định tại Điều 241, công ty có thể phải chịu hình phạt nặng hơn, như phạt tù từ 03"
syn_557_1768631918,"Tôi là bên bảo lãnh cho một khoản vay, nhưng bên được bảo lãnh không trả nợ đúng hạn. Tôi có thể yêu cầu họ trả nợ cho tôi không?",Điều 340 - Bộ luật Dân sự 2015,False,0.3333333333333333,0.3430012610340479,"**CĂN CỨ PHÁP LUẬT THAM KHẢO:**
---
[Văn bản 1] Bộ luật Dân sự 2015
[Nội dung: Điều 342. Trách nhiệm dân sự của bên bảo lãnh]
---
[Văn bản 2] Bộ luật Dân sự 2015
[Nội dung: Điều 339. Quan hệ giữa bên bảo lãnh và bên nhận bảo lãnh]
---
[Văn bản 3] Bộ luật Dân sự 2015
[Nội dung: Điều 336. Phạm vi bảo lãnh]

**CĂN CỨ PHÁP LUẬT THAM KHẢO:**

---

**CÂU HỎI:**
Tôi là bên bảo lãnh cho một khoản vay, nhưng bên được bảo lãnh không trả nợ đúng hạn. Tôi có thể yêu cầu họ trả nợ cho tôi không?

---

**PHÂN TÍCH VÀ HƯỚNG DẪN:**

Theo quy định tại Điều 342 của Bộ Luật Dân sự 2015, nếu bên được bảo lãnh không thực hiện hoặc thực hiện không đúng nghĩa vụ, thì bên bảo lãnh có trách nhiệm thực hiện nghĩa vụ đó. Điều này chứng tỏ rằng bạn, bên bảo lãnh, có quyền yêu cầu bên được bảo lãnh phải thực hiện nghĩa vụ đã cam kết.

Tuy nhiên, cần chú ý đến quy định tại Điều 339 của cùng văn bản luật, quy định rằng bên nhận bảo lãnh không được yêu cầu bên bảo lãnh thực hiện nghĩa vụ thay cho bên được bảo lãnh khi nghĩa vụ chưa đến hạn. Đây có thể là lý do tại sao bạn chưa thể yêu cầu bên được bảo lãnh phải trả nợ ngay lập tức.

Mặt khác, theo Điều 336 của Bộ Luật Dân sự 2015, bên bảo lãnh không phải thực hiện nghĩa vụ bảo lãnh trong trường hợp bên nhận bảo lãnh có thể bù trừ nghĩa vụ với bên được bảo lãnh. Điều này cũng có thể hạn chế quyền của bạn trong việc yêu cầu bên được bảo lãnh trả nợ cho bạn.

Tóm lại, mặc dù bạn là bên bảo lãnh và có quyền yêu cầu bên được bảo lãnh thực hiện nghĩa vụ, nhưng do các quy định về thời gian và khả năng bù trừ nghĩa vụ, bạn không thể yêu cầu ngay lập tức bên được bảo lãnh trả nợ cho bạn mà chưa đến hạn"
syn_732_1768633029,Tôi đang quản lý một công ty và đã ký hợp đồng với một nhà cung cấp dịch vụ nhưng họ không cung cấp đầy đủ thông tin cần thiết để thực hiện công việc. Tôi phải làm gì?,Điều 515 - Bộ luật Dân sự 2015,False,0.0,0.3374689826302729,"**CĂN CỨ PHÁP LUẬT THAM KHẢO:**
--- [Tài liệu 1] ---
Văn bản: Bộ luật Dân sự 2015
Nội dung: Điều 443. Nghĩa vụ cung cấp thông tin và hướng dẫn cách sử dụng Bên bán có nghĩa vụ cung cấp cho bên mua thông tin cần thiết về tài sản mua bán và hướng dẫn cách sử dụng tài sản đó; nếu bên bán không thực hiện nghĩa vụ này thì bên mua có quyền yêu cầu bên bán phải thực hiện trong một thời hạn hợp lý; nếu bên bán vẫn không thực hiện làm cho bên mua không đạt được mục đích giao kết hợp đồng thì bên mua có quyền hủy bỏ hợp đồng và yêu cầu bồi thường thiệt hại.

--- [Tài liệu 2] ---
Văn bản: Luật Doanh nghiệp 2020
Nội dung: Điều 33. Cung cấp thông tin về nội dung đăng ký doanh nghiệp 1. Tổ chức, cá nhân có quyền đề nghị Cơ quan quản lý nhà nước về đăng ký kinh doanh và Cơ quan đăng ký kinh doanh cung cấp thông tin được lưu giữ trên Hệ thống thông tin quốc gia về đăng ký doanh nghiệp và phải nộp phí theo quy định của pháp luật. 2. Cơ quan quản lý nhà nước về đăng ký kinh doanh và Cơ quan đăng ký kinh doanh có nghĩa vụ cung cấp đầy đủ và kịp thời thông tin theo quy định tại khoản 1 Điều này. 3. Chính phủ quy định chi tiết Điều này.

--- [Tài liệu 3] ---
Văn bản: Luật Doanh nghiệp 2020
Nội dung: Điều 159. Quyền được cung cấp thông tin của thành viên Hội đồng quản trị 1. Thành viên Hội đồng quản trị có quyền yêu cầu Giám đốc, Phó giám đốc hoặc Tổng giám đốc, Phó Tổng giám đốc, người quản lý khác trong công ty cung cấp thông tin, tài liệu về tình hình tài chính, hoạt động kinh doanh của công ty và của đơn vị trong công ty. 2. Người quản lý được yêu cầu phải cung cấp kịp thời, đầy đủ và chính xác thông tin, tài liệu theo yêu cầu của thành viên Hội đồng quản trị. Trình tự, thủ tục yêu cầu và cung"
syn_472_1768631359,"Gia đình tôi muốn lắp đặt internet nhưng cần đi qua đất nhà hàng xóm, họ yêu cầu bồi thường nếu không có sự đồng ý trước, tôi có cần bồi thường không?",Điều 255 - Bộ luật Dân sự 2015,False,1.0,0.415,"**Căn cứ pháp lý:**
---
**Văn bản:** Bộ luật Dân sự 2015
**Nội dung:** Điều 252. Quyền về cấp, thoát nước qua bất động sản liền kề

**Nội dung quy định:**
Hành vi cấp, thoát nước qua bất động sản của người khác sẽ được quy định như sau: ""Hàng chủ sở hữu bất động sản có nước chảy qua phải dành một lối cấp, thoát nước thích hợp, không được cản trở hoặc ngăn chặn dòng nước chảy. Người sử dụng lối cấp, thoát nước phải hạn chế đến mức thấp nhất thiệt hại cho chủ sở hữu bất động sản có nước chảy qua khi lắp đặt đường dẫn nước; nếu gây thiệt hại thì phải bồi thường.""

**Phân tích & Hướng dẫn:**
---
Theo quy định tại Điều 252 của Bộ Luật Dân sự 2015, nếu gia đình bạn muốn lắp đặt internet và cần đi qua đất nhà hàng xóm, thì chủ sở hữu đất nhà của bạn có nghĩa vụ phải dành một lối cấp, thoát nước thích hợp. Nếu không có sự đồng ý trước, bạn có thể phải bồi thường cho chủ sở hữu đất nhà hàng xóm nếu việc lắp đặt gây thiệt hại cho họ. 

Tuy nhiên, quy định cụ thể về mức độ bồi thường, hình thức và thời gian bồi thường có thể thay đổi dựa trên các quy định khác trong Bộ Luật Dân sự 2015. Điều này bao gồm cả nguyên tắc bồi thường thiệt hại (Điều 585 của Bộ Luật Dân sự 2015) và các quy định về việc bồi thường thiệt hại do việc không áp dụng các biện pháp cần thiết để ngăn chặn, hạn chế thiệt hại (Điều 585 của Bộ Luật Dân sự 2015).

Do đó, để đảm bảo quyền lợi và tránh tranh chấp, gia đình bạn nên thỏa thuận với chủ sở hữu đất nhà hàng xóm về việc này. Nếu không thể đạt được thỏa thuận, bạn có thể cần nhờ đến sự hỗ trợ của pháp luật để giải quyết vấn đề này một cách trật tự và minh bạch."
syn_467_1768631320,"Nhà tôi đã xây từ lâu nhưng chưa lắp đặt hệ thống thoát nước mưa, liệu tôi có bị phạt không?",Điều 250 - Bộ luật Dân sự 2015,True,1.0,0.5162162162162162,"**Căn cứ pháp lý:**
---
[Tài liệu 1] - [Bộ luật Dân sự 2015]
---

**Nội dung quy định:**
---
Điều 250. Nghĩa vụ của chủ sở hữu trong việc thoát nước mưa Chủ sở hữu nhà, công trình xây dựng khác phải lắp đặt đường dẫn nước sao cho nước mưa từ mái nhà, công trình xây dựng của mình không được chảy xuống bất động sản của chủ sở hữu bất động sản liền kề.
---

**Phân tích & Hướng dẫn:**
---
Theo Điều 250 của Bộ Luật Dân sự 2015, chủ sở hữu nhà và công trình xây dựng khác có nghĩa vụ lắp đặt đường dẫn nước sao cho nước mưa từ mái nhà, công trình xây dựng của mình không được chảy xuống bất động sản của chủ sở hữu bất động sản liền kề. 

Như vậy, theo quy định này, việc lắp đặt hệ thống thoát nước mưa là một nghĩa vụ pháp lý đối với chủ sở hữu bất động sản. Nếu bạn đã xây nhà từ lâu nhưng chưa lắp đặt hệ thống thoát nước mưa, điều này có thể vi phạm nghĩa vụ của mình.

Tuy nhiên, việc chưa lắp đặt hệ thống thoát nước mưa không chắc chắn sẽ dẫn đến hình thức xử phạt hành chính hoặc dân sự ngay lập tức. Tùy thuộc vào hoàn cảnh cụ thể và mức độ nghiêm trọng của vi phạm, cơ quan chức năng có thể yêu cầu bạn khắc phục hậu quả hoặc áp dụng các biện pháp khác phù hợp.

Để tránh vi phạm và đảm bảo tuân thủ quy định pháp luật, bạn nên nhanh chóng lắp đặt hệ thống thoát nước mưa phù hợp với quy định tại Điều 250 của Bộ Luật Dân sự 2015. Nếu cần hỗ trợ thêm về quy trình lắp đặt hoặc thông tin chi tiết hơn, bạn có thể liên hệ với các cơ quan chức năng hoặc đơn vị tư vấn xây dựng uy tín."
syn_191_1768629187,Tôi muốn bán doanh nghiệp tư nhân của mình cho một cá nhân khác. Có những bước nào tôi cần thực hiện để đảm bảo việc chuyển nhượng hợp pháp?,Điều 192 - Luật Doanh nghiệp 2020,True,0.6666666666666666,0.6231038506417738,"**CĂN CỨ PHÁP LUẬT THAM KHẢO:**
---
**Tài liệu 1:**
- Văn bản: Luật Doanh nghiệp 2020
- Nội dung: Điều 192 (Bán doanh nghiệp tư nhân)

**Tài liệu 2:**
- Văn bản: Luật Doanh nghiệp 2020
- Nội dung: Điều 205 (Chuyển đổi doanh nghiệp tư nhân thành công ty trách nhiệm hữu hạn, công ty cổ phần, công ty hợp danh)

**Tài liệu 3:**
- Văn bản: Luật Doanh nghiệp 2020
- Nội dung: Điều 52 (Chuyển nhượng phần vốn góp)

---

**CÂU HỎI:**
Tôi muốn bán doanh nghiệp tư nhân của mình cho một cá nhân khác. Có những bước nào tôi cần thực hiện để đảm bảo việc chuyển nhượng hợp pháp?

**CĂN CỨ PHÁP LUẬT THAM KHẢO:**
---
**Tài liệu 1:**
- Văn bản: Luật Doanh nghiệp 2020
- Nội dung: Điều 192

**Nội dung quy định:**
1. Chủ doanh nghiệp tư nhân có quyền bán doanh nghiệp tư nhân của mình cho cá nhân, tổ chức khác.
2. Sau khi bán doanh nghiệp tư nhân, chủ doanh nghiệp tư nhân vẫn phải chịu trách nhiệm về các khoản nợ và nghĩa vụ tài sản khác của doanh nghiệp tư nhân phát sinh trong thời gian trước ngày chuyển giao doanh nghiệp, trừ trường hợp chủ doanh nghiệp tư nhân, người mua và chủ nợ của doanh nghiệp tư nhân có thỏa thuận khác.
3. Chủ doanh nghiệp tư nhân, người mua doanh nghiệp tư nhân phải tuân thủ quy định của pháp luật về lao động.
4. Người mua doanh nghiệp tư nhân phải đăng ký thay đổi chủ doanh nghiệp tư nhân theo quy định của Luật này.

**Phân tích & Hướng dẫn:**
Để đảm bảo việc chuyển nhượng doanh nghiệp tư nhân hợp pháp, bạn cần tuân thủ các bước sau:

1. **Thực hiện giao dịch:** Bạn và người mua cần thỏa thuận và ký kết hợp đồng mua bán doanh nghiệp tư nhân. Hợp đồng cần được lập và ghi rõ nội dung giao dịch, giá"
syn_167_1768629004,Tôi muốn biết liệu Trưởng Ban kiểm soát có phải có bằng tốt nghiệp đại học không và nếu có thì chuyên ngành nào?,Điều 168 - Luật Doanh nghiệp 2020,True,1.0,0.4937428896473265,"**Căn cứ pháp lý:**
- Điều 168 và Điều 169 của Luật Doanh nghiệp 2020

**Nội dung quy định:**
- Theo Điều 168 của Luật Doanh nghiệp 2020, Trưởng Ban kiểm soát phải có bằng tốt nghiệp đại học trở lên thuộc một trong các chuyên ngành như kinh tế, tài chính, kế toán, kiểm toán, luật, quản trị kinh doanh hoặc chuyên ngành có liên quan đến hoạt động kinh doanh của doanh nghiệp.
- Theo Điều 169 của Luật Doanh nghiệp 2020, Trưởng Ban kiểm soát phải có ít nhất 05 năm kinh nghiệm làm việc.

**Phân tích & Hướng dẫn:**
Theo quy định của Luật Doanh nghiệp 2020, Trưởng Ban kiểm soát cần đáp ứng các yêu cầu về trình độ học vấn và kinh nghiệm làm việc. Trong đó, Trưởng Ban kiểm soát phải có bằng tốt nghiệp đại học trở lên thuộc một trong các chuyên ngành như kinh tế, tài chính, kế toán, kiểm toán, luật, quản trị kinh doanh hoặc chuyên ngành có liên quan đến hoạt động kinh doanh của doanh nghiệp. Đồng thời, Trưởng Ban kiểm soát cũng phải có ít nhất 05 năm kinh nghiệm làm việc.

Trong trường hợp cụ thể của bạn, để đảm bảo rằng Trưởng Ban kiểm soát của doanh nghiệp đáp ứng đầy đủ các yêu cầu quy định, bạn nên đảm bảo rằng người này có bằng tốt nghiệp đại học và thuộc một trong các chuyên ngành trên, đồng thời có ít nhất 05 năm kinh nghiệm làm việc trong lĩnh vực kinh doanh."
syn_689_1768632751,Tôi muốn thuê một căn nhà để mở cửa hàng kinh doanh trong vòng 2 năm. Tôi cần biết những điều kiện gì để hợp đồng thuê nhà của tôi hợp pháp?,Điều 472 - Bộ luật Dân sự 2015,True,0.3333333333333333,0.4726810673443456,"**CĂN CỨ PHÁP LUẬT THAM KHẢO:**

- **Bộ luật Dân sự 2015** - Điều 472: Hợp đồng thuê tài sản là sự thỏa thuận giữa các bên, theo đó bên cho thuê giao tài sản cho bên thuê để sử dụng trong một thời hạn, bên thuê phải trả tiền thuê. Hợp đồng thuê nhà ở, hợp đồng thuê nhà để sử dụng vào mục đích khác được thực hiện theo quy định của Bộ luật này, Luật nhà ở và quy định khác của pháp luật có liên quan.
- **Luật Doanh nghiệp 2020** - Điều 191: Chủ doanh nghiệp tư nhân có quyền cho thuê toàn bộ doanh nghiệp tư nhân của mình nhưng phải thông báo bằng văn bản kèm theo bản sao hợp đồng cho thuê có công chứng đến Cơ quan đăng ký kinh doanh, cơ quan thuế trong thời hạn 03 ngày làm việc kể từ ngày hợp đồng cho thuê có hiệu lực. Trong thời hạn cho thuê, chủ doanh nghiệp tư nhân vẫn phải chịu trách nhiệm trước pháp luật với tư cách là chủ sở hữu doanh nghiệp tư nhân. Quyền, nghĩa vụ và trách nhiệm của chủ sở hữu và người thuê đối với hoạt động kinh doanh của doanh nghiệp tư nhân được quy định trong hợp đồng cho thuê.
- **Bộ luật Lao động 2019** - Điều 55: Hợp đồng cho thuê lại lao động. Đây là điều khoản liên quan đến việc thuê lại lao động, tuy nhiên không áp dụng trực tiếp vào trường hợp thuê nhà để kinh doanh vì mục đích kinh doanh khác nhau.

**Nội dung quy định:**

Theo quy định của Bộ luật Dân sự 2015, hợp đồng thuê nhà phải tuân thủ các điều khoản sau:

1. Hợp đồng thuê nhà là sự thỏa thuận giữa bên cho thuê (bà con hoặc doanh nghiệp) và bên thuê (cá nhân hoặc doanh nghiệp) về việc cho thuê tài sản (trong trường hợp này là nhà) cho bên thuê sử dụng trong một thời hạn nhất định.
2. Bên thuê phải trả tiền thuê theo hợp đồng.
3. Hợp đồng thuê nhà ở và hợp đồng thuê nhà để sử dụng vào mục đích khác phải tuân thủ theo quy định"
syn_994_1768634771,"Tôi có nghi ngờ về việc một người phụ nữ khác sinh con và tuyên bố là con của tôi, nhưng tôi không đồng ý thừa nhận. Tôi cần làm gì để xác định cha của đứa trẻ này?",Điều 88 - Luật Hôn nhân và Gia đình 2014,True,0.6666666666666666,0.3657407407407408,"**Căn cứ pháp lý:**
- Văn bản: Luật Hôn nhân và Gia đình 2014
- Nội dung: Điều 93. Xác định cha, mẹ trong trường hợp sinh con bằng kỹ thuật hỗ trợ sinh sản 1. Trong trường hợp người vợ sinh con bằng kỹ thuật hỗ trợ sinh sản thì việc xác định cha, mẹ được áp dụng theo quy định tại Điều 88 của Luật này. 2. Trong trường hợp người phụ nữ sống độc thân sinh con bằng kỹ thuật hỗ trợ sinh sản thì người phụ nữ đó là mẹ của con được sinh ra. 3. Việc sinh con bằng kỹ thuật hỗ trợ sinh sản không làm phát sinh quan hệ cha, mẹ và con giữa người cho tinh trùng, cho noãn, cho phôi với người con được sinh ra. 4. Việc xác định cha, mẹ trong trường hợp mang thai hộ vì mục đích nhân đạo được áp dụng theo quy định tại Điều 94 của Luật này.

**Phân tích & Hướng dẫn:**

Theo Điều 93 của Luật Hôn nhân và Gia đình 2014, trong trường hợp người phụ nữ sinh con bằng kỹ thuật hỗ trợ sinh sản, việc xác định cha, mẹ được áp dụng theo quy định tại Điều 88 của Luật này. Điều 88 quy định rõ rằng việc xác định cha, mẹ trong trường hợp sinh con bằng kỹ thuật hỗ trợ sinh sản không làm phát sinh quan hệ cha, mẹ và con giữa người cho tinh trùng, cho noãn, cho phôi với người con được sinh ra. Điều này có nghĩa là, mặc dù người phụ nữ sinh con bằng kỹ thuật hỗ trợ sinh sản, cô ấy không phải là mẹ của con mình.

Đối với bạn, người đàn ông nghi ngờ về việc đứa trẻ này là con của bạn, việc xác định cha của đứa trẻ này sẽ phụ thuộc vào việc xác định người đã cung cấp tinh trùng, noãn hoặc phôi cho quá trình sinh sản. Tuy nhiên, theo quy định trên, người phụ nữ sinh con không phải là mẹ của con mình, do đó, việc xác định cha của đứa trẻ này sẽ phụ thuộc vào thông tin về người cung cấp tinh trùng, noãn hoặc phôi.

Để xác định cha, bạn cần:

1. **Làm rõ nguồn gốc tinh trùng, noãn hoặc phôi:** Bạn cần xác minh"
syn_1539_1768642284_1,"Chồng tôi là một lập trình viên và gần đây anh ấy đã bị một kẻ lạ can thiệp vào mạng máy tính của công ty anh ấy, gây ra thiệt hại lớn. Nếu thiệt hại này lên tới 600 triệu đồng, tôi thắc mắc liệu người thực hiện hành vi này có bị xử lý như thế nào theo pháp luật không?",Điều 287 - Bộ luật Hình sự (Văn bản hợp nhất 2017),False,1.0,0.43559427504667075,"**Căn cứ pháp lý:** 
Điều 289. Tội xâm nhập trái phép vào mạng máy tính, mạng viễn thông hoặc phương tiện điện tử của người khác - Bộ Luật Hình sự (Văn bản hợp nhất 2017)

**Nội dung quy định:**
Theo Điều 289, nếu hành vi xâm nhập trái phép vào mạng máy tính, mạng viễn thông hoặc phương tiện điện tử của người khác gây thiệt hại từ 300.000.000 đồng đến dưới 1.000.000.000 đồng, người phạm tội sẽ bị phạt tiền từ 300.000.000 đồng đến 1.000.000.000 đồng hoặc bị phạt tù từ 3 năm đến 7 năm. Trường hợp hành vi gây thiệt hại từ 1.000.000.000 đồng trở lên, người phạm tội sẽ bị phạt tù từ 7 năm đến 12 năm.

**Phân tích & Hướng dẫn:**
Trong trường hợp của bạn, nếu thiệt hại do hành vi xâm nhập trái phép vào mạng máy tính của chồng bạn lên tới 600 triệu đồng, đây vượt quá mức 1.000.000.000 đồng quy định tại Điều 289. Điều này nghĩa là người thực hiện hành vi xâm nhập trái phép vào mạng máy tính của công ty của chồng bạn có thể bị xử lý theo quy định tại Điều 289, quy định cụ thể như sau:

- Phạm tội thuộc một trong các trường hợp sau đây, thì bị phạt tù từ 07 năm đến 12 năm:
  a) Đối với hệ thống dữ liệu thuộc bí mật nhà nước; hệ thống thông tin phục vụ quốc phòng, an ninh;
  b) Đối với cơ sở hạ tầng thông tin quốc gia; hệ thống thông tin điều hành lưới điện quốc gia; hệ thống thông tin tài chính, ngân hàng; hệ thống thông tin điều khiển giao thông;
  c) Thu lợi bất chính 1.000.000.000 đồng trở lên;
  d) Gây thiệt hại 1.500.000.000 đồng trở lên;
  đ) Làm tê liệt, gián đoạn, ngưng trệ hoạt động"
syn_1378_1768640977_0,"Tôi đang sống cùng gia đình ở một khu vực có nhiều tội phạm. Một đêm, khi thấy kẻ xâm nhập vào nhà, tôi đã dùng dao để tự vệ nhưng đã vô tình làm chết người đó. Tôi có thể bị truy cứu trách nhiệm hình sự không?",Điều 126 - Bộ luật Hình sự (Văn bản hợp nhất 2017),False,1.0,0.3563096500530223,"**Căn cứ pháp lý:** 
- Điều 132, Bộ Luật Hình sự (Văn bản hợp nhất 2017)

**Nội dung quy định:**
- Điều 132. Tội không cứu giúp người đang ở trong tình trạng nguy hiểm đến tính mạng quy định về hành vi không cứu giúp người đang ở trong tình trạng nguy hiểm đến tính mạng, dẫn đến hậu quả người đó chết, và mức hình phạt tương ứng.

**Phân tích & Hướng dẫn:**
Theo Điều 132, Bộ Luật Hình sự (Văn bản hợp nhất 2017), hành vi của bạn có thể được coi là tội không cứu giúp người đang ở trong tình trạng nguy hiểm đến tính mạng. Tuy nhiên, cần phân tích cụ thể về tình huống và các yếu tố liên quan.

1. **Hậu quả**: Bạn đã vô tình làm chết người xâm nhập vào nhà. Đây là hậu quả nghiêm trọng và trực tiếp từ hành vi của bạn.

2. **Điều kiện cứu giúp**: Theo Điều 132, nếu người bị nguy hiểm là người vô ý gây ra tình trạng nguy hiểm, hoặc người đó là người mà theo pháp luật hay nghề nghiệp có nghĩa vụ phải cứu giúp, thì sẽ được miễn trách nhiệm hình sự. Trong trường hợp này, người xâm nhập vào nhà có thể đã vô ý gây ra tình trạng nguy hiểm, hoặc có thể là người mà bạn không có nghĩa vụ phải cứu giúp.

3. **Mức hình phạt**: Nếu hành vi không cứu giúp không thuộc một trong các trường hợp miễn trách nhiệm hình sự nêu trên, thì mức hình phạt có thể từ 03 tháng đến 02 năm tù, tùy theo mức độ nghiêm trọng của hành vi và hậu quả.

4. **Quyền miễn trừ**: Theo Điều 8 của Bộ Luật Hình sự, hành vi tuy có dấu hiệu của tội phạm nhưng tính chất nguy hiểm cho xã hội không đáng kể thì không phải là tội phạm và được xử lý bằng các biện pháp khác. Tuy nhiên, đây chỉ là trường hợp đặc biệt và cần chứng minh rõ ràng.

Tóm lại, cần phải xem xét kỹ lưỡng về các yếu tố cụ thể của vụ án để xác định xem hành vi của bạn có thể bị truy cứu trách nhiệm hình sự hay không. Nếu hành vi không cứu giúp không thuộc các trường hợp miễn trách"
syn_1021_1768638691_0,"Tôi và vợ tôi đã ly hôn được 6 tháng, hiện tại vợ tôi đang gặp khó khăn tài chính và muốn tôi cấp dưỡng cho nuôi con chung. Tôi có nghĩa vụ này không?",Điều 115 - Luật Hôn nhân và Gia đình 2014,True,1.0,0.4619718309859155,"**Căn cứ pháp lý:**
- Điều 115, Luật Hôn nhân và Gia đình 2014

**Nội dung quy định:**
Khi ly hôn nếu bên khó khăn, túng thiếu có yêu cầu cấp dưỡng mà có lý do chính đáng thì bên kia có nghĩa vụ cấp dưỡng theo khả năng của mình.

**Phân tích & Hướng dẫn:**
Theo quy định tại Điều 115 của Luật Hôn nhân và Gia đình 2014, khi ly hôn, nếu bên vợ (hoặc chồng) gặp khó khăn tài chính và có lý do chính đáng, thì bên còn lại có nghĩa vụ cấp dưỡng cho người đó. Trong trường hợp bạn và vợ bạn đã ly hôn được 6 tháng và hiện tại vợ bạn đang gặp khó khăn tài chính, thì bạn có nghĩa vụ cấp dưỡng cho vợ bạn.

Điều này đồng nghĩa với việc bạn cần cân nhắc khả năng tài chính của mình để có thể hỗ trợ vợ bạn trong giai đoạn khó khăn này. Tuy nhiên, bạn cũng nên lưu ý rằng mức độ cấp dưỡng cụ thể sẽ tuỳ thuộc vào khả năng tài chính của cả hai bên, cũng như các yếu tố khác như thu nhập, sở hữu tài sản, v.v. Nếu bạn và vợ bạn không thể thỏa thuận mức độ cấp dưỡng, Tòa án sẽ quyết định theo các nguyên tắc được quy định trong Luật Hôn nhân và Gia đình 2014.

Trong trường hợp này, bạn nên trao đổi với vợ bạn về nhu cầu cấp dưỡng và khả năng tài chính của cả hai bên để tìm ra một mức độ phù hợp. Đồng thời, bạn nên chuẩn bị hồ sơ chứng minh khó khăn tài chính của vợ bạn, bao gồm bảng lương, hóa đơn chi tiêu hàng tháng, giấy tờ chứng minh nguồn thu nhập thấp hoặc mất việc làm, v.v., để khiếu nại trước Tòa án nếu cần thiết."
syn_19_1768627864,"Tôi là nhà đầu tư nước ngoài và muốn thành lập công ty hợp danh tại Việt Nam, tôi cần giấy tờ gì thêm?",Điều 20 - Luật Doanh nghiệp 2020,True,0.3333333333333333,0.538961038961039,"**CĂN CỨ PHÁP LUẬT THAM KHẢO:**
---
[Văn bản] Luật Doanh nghiệp 2020  
[Nội dung] Điều 20. Hồ sơ đăng ký công ty hợp danh

**CÂU HỎI:**
Tôi là nhà đầu tư nước ngoài và muốn thành lập công ty hợp danh tại Việt Nam, tôi cần giấy tờ gì thêm?

**PHÂN TÍCH VÀ HƯỚNG DẪN:**

Theo quy định tại Điều 20 của Luật Doanh nghiệp 2020, hồ sơ đăng ký công ty hợp danh bao gồm các giấy tờ sau:

1. **Giấy đề nghị đăng ký doanh nghiệp.**
2. **Điều lệ công ty.**
3. **Danh sách thành viên.**
4. **Bản sao giấy tờ pháp lý của cá nhân đối với thành viên.**
5. **Bản sao Giấy chứng nhận đăng ký đầu tư đối với nhà đầu tư nước ngoài theo quy định của Luật Đầu tư.**

Trong đó, Điều 20 đã rõ ràng chỉ yêu cầu bản sao Giấy chứng nhận đăng ký đầu tư đối với nhà đầu tư nước ngoài, không yêu cầu bản hợp pháp hóa lãnh sự như trường hợp thành lập công ty cổ phần hoặc công ty trách nhiệm hữu hạn.

Do đó, khi bạn là nhà đầu tư nước ngoài và muốn thành lập công ty hợp danh tại Việt Nam, bạn chỉ cần chuẩn bị và nộp bản sao Giấy chứng nhận đăng ký đầu tư theo quy định của Luật Đầu tư, cùng với các giấy tờ khác như giấy đề nghị đăng ký doanh nghiệp, điều lệ công ty, danh sách thành viên và bản sao giấy tờ pháp lý của cá nhân và tổ chức thành viên."
syn_1513_1768642053_0,"Tôi đang làm việc tại một công trình xây dựng và vô tình để lại một số vật liệu rơi xuống đường, gây cản trở giao thông. Nếu có ai đó bị thương do việc này, tôi sẽ phải chịu trách nhiệm gì theo điều luật này?",Điều 261 - Bộ luật Hình sự (Văn bản hợp nhất 2017),True,1.0,0.6734832992501704,"**Căn cứ pháp lý:** 
Điều 261. Tội cản trở giao thông đường bộ - Điều 261 của Bộ Luật Hình sự (Văn bản hợp nhất 2017)

**Nội dung quy định:**
Theo Điều 261 của Bộ Luật Hình sự, nếu người nào đào, khoan, xẻ, san lấp trái phép công trình giao thông đường bộ; đặt, để, đổ trái phép vật liệu, phế thải, rác thải, vật sắc nhọn, chất gây trơn hoặc chướng ngại vật khác gây cản trở giao thông đường bộ; tháo dỡ, di chuyển trái phép, làm sai lệch, che khuất hoặc phá hủy biển báo hiệu, đèn tín hiệu, cọc tiêu, gương cầu, dải phân cách hoặc thiết bị an toàn giao thông đường bộ khác; mở đường giao cắt trái phép qua đường bộ, đường có dải phân cách; sử dụng trái phép lề đường, hè phố, phần đường xe chạy, hành lang an toàn đường bộ hoặc vi phạm quy định về bảo đảm an toàn giao thông khi thi công trên đường bộ gây thiệt hại cho người khác thuộc một trong các trường hợp sau đây, thì bị phạt tiền từ 30.000.000 đồng đến 100.000.000 đồng, phạt cải tạo không giam giữ đến 03 năm hoặc phạt tù từ 06 tháng đến 03 năm: a) Làm chết người; b) Gây thương tích hoặc gây tổn hại cho sức khỏe của 01 người mà tỷ lệ tổn thương cơ thể 61% trở lên; c) Gây thương tích hoặc gây tổn hại cho sức khỏe của 02 người trở lên mà tổng tỷ lệ tổn thương cơ thể của những người này từ 61% đến 121%; d) Gây thiệt hại về tài sản từ 100.000.000 đồng đến dưới 500.000.000 đồng.

**Phân tích & Hướng dẫn:**
Trong trường hợp của bạn, nếu bạn vô tình để lại một số vật liệu rơi xuống đường, gây cản trở giao thông và có ai đó bị thương do việc này, bạn có thể bị xử lý theo Điều 261 của Bộ Luật Hình sự"
syn_1230_1768639851_2,Gia đình tôi có một người làm việc trong một công ty lớn và họ đang muốn tổ chức đình công vì không được trả lương thưởng trong suốt năm qua. Tôi có nên khuyên họ liên hệ với Hòa giải viên lao động trước khi tiến hành đình công không?,Điều 191 - Bộ luật Lao động 2019,False,1.0,0.39567567567567574,"**Căn cứ pháp lý:** Điều 197 và Điều 199 - Bộ Luật Lao động 2019

**Nội dung quy định:**
- Theo Điều 197, nếu các bên tranh chấp không đạt được đồng thuận thông qua hòa giải, họ có quyền yêu cầu Hội đồng trọng tài lao động giải quyết tranh chấp. Điều này chỉ xảy ra sau khi đã có hòa giải không thành hoặc khi thời hạn hòa giải quy định tại khoản 2 Điều 188 không thể được thực hiện.
- Theo Điều 199, nếu hòa giải không thành hoặc hết thời hạn hòa giải quy định tại khoản 2 Điều 188 mà hòa giải viên lao động không tiến hành hòa giải hoặc một trong các bên không thực hiện thỏa thuận trong biên bản hòa giải thành, thì tổ chức đại diện người lao động có quyền tiến hành thủ tục để đình công.

**Phân tích & Hướng dẫn:**
Theo quy định pháp luật, trước khi tiến hành đình công, các bên tranh chấp cần trải qua quá trình hòa giải. Điều 197 của Bộ Luật Lao động 2019 yêu cầu rằng, khi hòa giải không thành hoặc khi hết thời hạn hòa giải quy định tại khoản 2 Điều 188 mà hòa giải viên lao động không tiến hành hòa giải hoặc một trong các bên không thực hiện thỏa thuận trong biên bản hòa giải thành, thì các bên sẽ có quyền yêu cầu Hội đồng trọng tài lao động giải quyết tranh chấp. 

Điều 199 cũng xác định rõ ràng rằng, nếu hòa giải không thành hoặc hết thời hạn hòa giải quy định tại khoản 2 Điều 188 mà hòa giải viên lao động không tiến hành hòa giải, tổ chức đại diện người lao động có quyền tiến hành thủ tục để đình công.

Vì vậy, bạn nên khuyên gia đình bạn liên hệ với Hòa giải viên lao động trước khi tiến hành đình công. Việc này không chỉ giúp giảm căng thẳng giữa hai bên, mà còn đảm bảo tuân thủ quy định pháp luật về hòa giải trước khi tiến hành đình công. Nếu hòa giải không thành, họ sẽ có quyền yêu cầu Hội đồng trọng tài lao động giải quyết tranh chấp theo quy định."
syn_1036_1768638766_2,"Tôi và bạn trai tôi đã có 5 năm sống chung mà không đăng ký kết hôn, nhưng giờ đây chúng tôi muốn chính thức hóa mối quan hệ. Chúng tôi cần làm gì để đảm bảo quyền lợi tài sản được bảo vệ?",Điều 130 - Luật Hôn nhân và Gia đình 2014,False,0.6666666666666666,0.47893569844789363,"**CĂN CỨ PHÁP LUẬT THAM KHẢO:**
---
[Tài liệu 1] Văn bản: Luật Hôn nhân và Gia đình 2014 - Điều 16. Giải quyết quan hệ tài sản, nghĩa vụ và hợp đồng của nam, nữ chung sống với nhau như vợ chồng mà không đăng ký kết hôn

[Tài liệu 2] Văn bản: Luật Hôn nhân và Gia đình 2014 - Điều 14. Giải quyết hậu quả của việc nam, nữ chung sống với nhau như vợ chồng mà không đăng ký kết hôn

[Tài liệu 3] Văn bản: Luật Hôn nhân và Gia đình 2014 - Điều 9. Đăng ký kết hôn

---

**Nội dung quy định:**
1. Theo Điều 16 của Luật Hôn nhân và Gia đình 2014, quan hệ tài sản, nghĩa vụ và hợp đồng của nam, nữ chung sống với nhau như vợ chồng mà không đăng ký kết hôn được giải quyết theo thỏa thuận giữa các bên. Nếu không có thỏa thuận, thì sẽ được giải quyết theo quy định của Bộ luật dân sự và các quy định khác của pháp luật có liên quan.
2. Theo Điều 14 của Luật Hôn nhân và Gia đình 2014, nam, nữ có đủ điều kiện kết hôn theo quy định của Luật này chung sống với nhau như vợ chồng mà không đăng ký kết hôn thì không làm phát sinh quyền, nghĩa vụ giữa vợ và chồng. Quyền, nghĩa vụ đối với con, tài sản, nghĩa vụ và hợp đồng giữa các bên được giải quyết theo quy định tại Điều 15 và Điều 16 của Luật này.

---

**Phân tích & Hướng dẫn:**
Theo thông tin bạn cung cấp, bạn và bạn trai đã sống chung trong 5 năm mà không đăng ký kết hôn. Hiện tại, hai bạn muốn chính thức hóa mối quan hệ bằng cách đăng ký kết hôn. Để đảm bảo quyền lợi tài sản được bảo vệ, bạn nên thực hiện các bước sau:

1. **Thỏa thuận về tài sản chung:** Bạn và bạn trai cần ngồi lại thảo luận và thỏa thuận về tài sản chung. Điều này bao gồm cả tài sản cá nhân trước khi chung sống, tài sản mua sắm"
syn_17_1768627847,"Công ty tôi đã ký một số hợp đồng trước khi đăng ký doanh nghiệp. Khi đã được cấp Giấy chứng nhận, chúng tôi có cần thực hiện những quyền và nghĩa vụ trong các hợp đồng đó không?",Điều 18 - Luật Doanh nghiệp 2020,True,1.0,0.5725725725725725,"**Căn cứ pháp lý:** 
- Điều 18. Hợp đồng trước đăng ký doanh nghiệp - Luật Doanh nghiệp 2020

**Nội dung quy định:**
1. Người thành lập doanh nghiệp được ký hợp đồng phục vụ cho việc thành lập và hoạt động của doanh nghiệp trước và trong quá trình đăng ký doanh nghiệp.
2. Trường hợp được cấp Giấy chứng nhận đăng ký doanh nghiệp, doanh nghiệp phải tiếp tục thực hiện quyền và nghĩa vụ phát sinh từ hợp đồng đã ký kết quy định tại khoản 1 Điều này và các bên phải thực hiện việc chuyển giao quyền, nghĩa vụ theo hợp đồng theo quy định của Bộ luật Dân sự, trừ trường hợp trong hợp đồng có thỏa thuận khác.

**Phân tích & Hướng dẫn:**
Theo Căn cứ pháp lý trên, Công ty bạn đã ký các hợp đồng trước khi đăng ký doanh nghiệp. Khi đã được cấp Giấy chứng nhận đăng ký doanh nghiệp, doanh nghiệp (cụ thể là Công ty bạn) có nghĩa vụ tiếp tục thực hiện quyền và nghĩa vụ phát sinh từ các hợp đồng đó. 

Điều này cũng được giải thích rõ ràng qua nội dung quy định về việc ""tổng hợp các bên phải thực hiện việc chuyển giao quyền, nghĩa vụ theo hợp đồng theo quy định của Bộ luật Dân sự, trừ trường hợp trong hợp đồng có thỏa thuận khác"". 

Tuy nhiên, để đảm bảo quyền lợi cho tất cả các bên liên quan, cũng như tuân thủ quy định pháp luật, Công ty bạn nên thực hiện các bước sau:

1. **Xác định quyền và nghĩa vụ cụ thể**: Xem xét kỹ hợp đồng để nắm vững quyền và nghĩa vụ của từng bên, đặc biệt là về thời hạn thực hiện, giá trị hợp đồng, trách nhiệm bồi thường, v.v.

2. **Thực hiện giao dịch**: Thực hiện các quyền và nghĩa vụ theo hợp đồng đã ký kết, bao gồm cả việc thực hiện các nghĩa vụ tài chính và không tài chính.

3. **Ghi chép hồ sơ**: Ghi chép đầy đủ các giao dịch và thông tin liên quan đến các hợp đồng đã ký để minh bạch và có thể truy cứu khi cần thiết.

4. **Hợp tác chặt chẽ với các bên liên quan**: Nghiên cứu và thực hiện các thỏa"
syn_1404_1768641193_1,"Chồng tôi là một bác sĩ và đã bị phát hiện là sử dụng giấy tờ giả để đánh tráo một đứa bé dưới 1 tuổi tại bệnh viện nơi anh ấy làm việc. Nếu bị kết tội, mức án nào sẽ áp dụng cho chồng tôi?",Điều 152 - Bộ luật Hình sự (Văn bản hợp nhất 2017),True,1.0,0.5707762557077626,"**Căn cứ pháp lý:** [Tên điều luật] - [Tên văn bản luật]

**Nội dung quy định:**
Theo Điều 152 của Bộ luật Hình sự (Văn bản hợp nhất 2017), người nào đánh tráo người dưới 01 tuổi, thì bị phạt tù từ 02 năm đến 05 năm. Nếu phạm tội thuộc một trong các trường hợp cụ thể như có tổ chức, lợi dụng chức vụ, quyền hạn, nghề nghiệp, đối với người dưới 01 tuổi mà mình có trách nhiệm chăm sóc, nuôi dưỡng, phạm tội 02 lần trở lên, thì mức án tăng từ 03 năm đến 07 năm. Nếu phạm tội thuộc một trong các trường hợp đặc biệt như có tính chất chuyên nghiệp, tái phạm nguy hiểm, thì mức án tăng từ 07 năm đến 12 năm.

**Phân tích & Hướng dẫn:**
Trong trường hợp của chồng bạn, ông ta đã bị phát hiện sử dụng giấy tờ giả để đánh tráo một đứa trẻ dưới 1 tuổi tại bệnh viện nơi ông làm việc. Đây hoàn toàn là hành vi vi phạm Điều 152 Bộ luật Hình sự.

Đối chiếu với quy định, nếu chồng bạn đã sử dụng giấy tờ giả, thì đây có thể coi là hành vi đánh tráo người dưới 1 tuổi, do ông ta đã lợi dụng chức vụ, quyền hạn của một bác sĩ trong ngành y tế để thực hiện hành vi này. Theo điều khoản thứ 2 của Điều 152, nếu phạm tội thuộc một trong các trường hợp như lợi dụng chức vụ, quyền hạn, nghề nghiệp, thì mức án sẽ tăng từ 03 năm đến 07 năm tù.

Do đó, dựa trên thông tin cung cấp, mức án mà chồng bạn có thể phải đối mặt là từ 03 năm đến 07 năm tù."
syn_3_1768627734,"Tôi muốn mở một doanh nghiệp và không biết rõ về khái niệm doanh nghiệp nhà nước, liệu tôi có cần phải nắm giữ một phần vốn nào đó để có thể thành lập một công ty thuộc loại hình này không?",Điều 4 - Luật Doanh nghiệp 2020,False,1.0,0.2474498190194143,"**Căn cứ pháp lý:** 
Điều 88 và Điều 89 - Luật Doanh nghiệp 2020

**Nội dung quy định:**
Điều 88 của Luật Doanh nghiệp 2020 quy định về hình thức doanh nghiệp nhà nước, trong đó có điểm a khoản 1 quy định rằng ""Doanh nghiệp do Nhà nước nắm giữ 100% vốn điều lệ là công ty trách nhiệm hữu hạn một thành viên do Nhà nước nắm giữ 100% vốn điều lệ là công ty mẹ của tập đoàn kinh tế nhà nước, công ty mẹ của tổng công ty nhà nước, công ty mẹ trong nhóm công ty mẹ - công ty con."" Điều này chỉ rõ doanh nghiệp nhà nước có thể được tổ chức dưới hình thức công ty trách nhiệm hữu hạn một thành viên khi doanh nghiệp do Nhà nước nắm giữ 100% vốn điều lệ.

Điều 89 của Luật Doanh nghiệp 2020 quy định thêm về việc áp dụng quy định đối với doanh nghiệp nhà nước, trong đó quy định rằng ""Doanh nghiệp do Nhà nước nắm giữ 100% vốn điều lệ theo quy định tại điểm a khoản 1 Điều 88 của Luật này được tổ chức quản lý dưới hình thức công ty trách nhiệm hữu hạn một thành viên theo quy định tại Chương này và các quy định khác có liên quan của Luật này.""

**Phân tích & Hướng dẫn:**
Theo quy định của Luật Doanh nghiệp 2020, nếu bạn muốn thành lập một doanh nghiệp nhà nước, bạn không cần phải nắm giữ một phần vốn nào đó. Thay vào đó, bạn chỉ cần đảm bảo rằng doanh nghiệp mà bạn muốn thành lập do Nhà nước nắm giữ 100% vốn điều lệ. Theo đó, doanh nghiệp nhà nước có thể được tổ chức dưới hình thức công ty trách nhiệm hữu hạn một thành viên.

Trong trường hợp này, bạn chỉ cần xác minh với cơ quan đăng ký kinh doanh rằng doanh nghiệp bạn muốn thành lập sẽ do Nhà nước nắm giữ 100% vốn điều lệ. Sau đó, bạn có thể thực hiện các thủ tục để thành lập doanh nghiệp theo quy định của pháp luật.

Đặc biệt, cần lưu ý rằng theo Điều 17 của Luật Doanh nghiệp 2020, một số tổ chức,"
syn_512_1768631617,Tôi có một bất động sản chưa hoàn thiện nhưng dự kiến sẽ hoàn thành trong năm tới. Tôi có thể dùng nó làm tài sản bảo đảm cho khoản vay hiện tại không?,Điều 295 - Bộ luật Dân sự 2015,False,0.0,0.34782608695652173,"**CĂN CỨ PHÁP LUẬT THAM KHẢO:**
--- [Tài liệu 1] ---
Văn bản: Bộ luật Dân sự 2015
Nội dung: Điều 345. Hình thức, nội dung tín chấp Việc cho vay có bảo đảm bằng tín chấp phải được lập thành văn bản có xác nhận của tổ chức chính trị - xã hội bảo đảm bằng tín chấp về điều kiện, hoàn cảnh của bên vay vốn. Thỏa thuận bảo đảm bằng tín chấp phải cụ thể về số tiền, mục đích, thời hạn vay, lãi suất, quyền, nghĩa vụ và trách nhiệm của người vay, tổ chức tín dụng cho vay và tổ chức chính trị - xã hội bảo đảm bằng tín chấp. Tiểu mục 8. CẦM GIỮ TÀI SẢN

--- [Tài liệu 2] ---
Văn bản: Bộ luật Dân sự 2015
Nội dung: Điều 469. Thực hiện hợp đồng vay không kỳ hạn 1. Đối với hợp đồng vay không kỳ hạn và không có lãi thì bên cho vay có quyền đòi lại tài sản và bên vay cũng có quyền trả nợ vào bất cứ lúc nào, nhưng phải báo cho nhau biết trước một thời gian hợp lý, trừ trường hợp có thỏa thuận khác. 2. Đối với hợp đồng vay không kỳ hạn và có lãi thì bên cho vay có quyền đòi lại tài sản bất cứ lúc nào, nhưng phải báo trước cho bên vay một thời gian hợp lý và được trả lãi đến thời điểm nhận lại tài sản, còn bên vay cũng có quyền trả lại tài sản bất cứ lúc nào và chỉ phải trả lãi cho đến thời điểm trả nợ, nhưng cũng phải báo trước cho bên cho vay một thời gian hợp lý.

--- [Tài liệu 3] ---
Văn bản: Bộ luật Dân sự 2015
Nội dung: Điều 296. Một tài sản dùng để bảo đảm thực hiện nhiều nghĩa vụ 1. Một tài sản có thể được dùng để bảo đảm thực hiện nhiều nghĩa vụ, nếu có giá trị tại thời điểm xác lập giao dịch bảo đảm lớn hơn tổng giá trị các nghĩa vụ được bảo đảm, trừ trường hợp có thỏa thuận khác hoặc pháp luật có quy định khác. 2. Trường hợp một tài sản được bảo đảm thực hiện nhiều nghĩa vụ thì"
syn_88_1768628398,Nếu công ty tôi có Nhà nước nắm giữ 60% vốn thì tôi có thể tổ chức dưới hình thức nào?,Điều 89 - Luật Doanh nghiệp 2020,True,1.0,0.5428907168037603,"**Căn cứ pháp lý:**
- **[Tài liệu 1]** - Điều 89, Luật Doanh nghiệp 2020

**Nội dung quy định:**
Doanh nghiệp do Nhà nước nắm giữ trên 50% vốn điều lệ theo quy định tại điểm b khoản 1 Điều 88 của Luật này được tổ chức quản lý dưới hình thức công ty trách nhiệm hữu hạn hai thành viên trở lên theo các quy định tại Mục 1 Chương III hoặc công ty cổ phần theo các quy định tại Chương V của Luật này.

**Phân tích & Hướng dẫn:**
Theo quy định tại Điều 89, Luật Doanh nghiệp 2020, doanh nghiệp do Nhà nước nắm giữ trên 50% vốn điều lệ (trong trường hợp bạn đề cập đến là 60%) có thể được tổ chức dưới hình thức công ty trách nhiệm hữu hạn hai thành viên trở lên hoặc công ty cổ phần. 

Đối với trường hợp công ty cổ phần, cần lưu ý rằng quy định về tổ chức quản lý cũng như các quy định cụ thể về cổ đông, quyền biểu quyết và cấu trúc cổ đông đều được quy định trong Chương V của Luật này.

Vì vậy, nếu công ty bạn có 60% vốn điều lệ thuộc sở hữu Nhà nước, bạn có thể lựa chọn tổ chức dưới hình thức công ty trách nhiệm hữu hạn hai thành viên trở lên hoặc công ty cổ phần. Tuy nhiên, để đảm bảo tuân thủ đúng quy định của pháp luật, bạn nên tham khảo thêm thông tin cụ thể về cấu trúc tổ chức và quy định về cổ đông, quyền biểu quyết trong từng loại hình doanh nghiệp này.

Hãy liên hệ với một chuyên gia pháp luật để có thêm hướng dẫn chi tiết và hoàn thiện hơn, đặc biệt khi bạn đang muốn thành lập hay điều chỉnh cấu trúc doanh nghiệp."
syn_391_1768630765,"Gia đình tôi có một mảnh đất liền kề với một công trình đang được xây dựng, nếu công trình đó gây ô nhiễm hoặc ảnh hưởng đến không gian sống của chúng tôi thì tôi có quyền yêu cầu chủ đầu tư dừng xây dựng không?",Điều 174 - Bộ luật Dân sự 2015,False,1.0,0.3970276008492569,"**Căn cứ pháp lý:** 
Điều 177. Bảo đảm an toàn trong trường hợp cây cối, công trình có nguy cơ gây thiệt hại - Bộ Luật Dân sự 2015

**Nội dung quy định:**
1. Trường hợp cây cối, công trình xây dựng có nguy cơ sập đổ xuống bất động sản liền kề và xung quanh thì chủ sở hữu tài sản thực hiện ngay các biện pháp khắc phục, chặt cây, sửa chữa hoặc dỡ bỏ công trình xây dựng đó theo yêu cầu của chủ sở hữu bất động sản liền kề và xung quanh hoặc theo yêu cầu của cơ quan nhà nước có thẩm quyền; nếu không tự nguyện thực hiện thì chủ sở hữu bất động sản liền kề và xung quanh có quyền yêu cầu cơ quan nhà nước có thẩm quyền cho chặt cây, phá dỡ.
2. Khi đào giếng, đào ao hoặc xây dựng công trình dưới mặt đất, chủ sở hữu công trình phải đào, xây cách mốc giới một khoảng cách do pháp luật về xây dựng quy định. Khi xây dựng công trình vệ sinh, kho chứa chất độc hại và các công trình khác mà việc sử dụng có khả năng gây ô nhiễm môi trường thì chủ sở hữu tài sản đó phải xây cách mốc giới một khoảng cách và ở vị trí hợp lý, phải bảo đảm vệ sinh, an toàn và không làm ảnh hưởng đến chủ sở hữu bất động sản khác.
3. Trường hợp gây thiệt hại cho chủ sở hữu bất động sản liền kề và xung quanh quy định tại khoản 1 và khoản 2 Điều này thì chủ sở hữu cây cối, công trình phải bồi thường.

**Phân tích & Hướng dẫn:**
Theo quy định tại Điều 177 của Bộ Luật Dân sự 2015, nếu công trình đang được xây dựng gây ô nhiễm hoặc ảnh hưởng đến không gian sống của gia đình bạn, bạn có quyền yêu cầu chủ đầu tư dừng xây dựng. Điều này được quy định trong các điểm 2 và 3 của điều luật trên. Bạn cần gửi yêu cầu đến chủ đầu tư hoặc cơ quan nhà nước có thẩm quyền, yêu cầu họ thực hiện các biện pháp khắc phục như đào, xây cách mốc giới một khoảng cách phù hợp, hoặc nếu cần thiết, có thể yêu cầu cơ quan nhà nước cho dỡ bỏ công trình xây dựng."
syn_1171_1768639491_2,Công ty tôi vừa mới ký hợp đồng với một nhà thầu phụ để thực hiện một dự án lớn. Tôi cảm thấy lo ngại về việc nhà thầu này có thực hiện đúng các quy định về an toàn và vệ sinh lao động hay không. Tôi nên yêu cầu gì từ họ để đảm bảo rằng chúng tôi không vi phạm luật?,Điều 132 - Bộ luật Lao động 2019,False,1.0,0.36385255648038056,"**Căn cứ pháp lý:**
--- [Tài liệu 1] ---
Văn bản: Bộ luật Lao động 2019
Nội dung: Điều 134. Bảo đảm an toàn, vệ sinh lao động tại nơi làm việc 1. Người sử dụng lao động có trách nhiệm thực hiện đầy đủ các giải pháp nhằm bảo đảm an toàn, vệ sinh lao động tại nơi làm việc. 2. Người lao động có trách nhiệm chấp hành quy định, nội quy, quy trình, yêu cầu về an toàn, vệ sinh lao động; tuân thủ pháp luật và nắm vững kiến thức, kỹ năng về các biện pháp bảo đảm an toàn, vệ sinh lao động tại nơi làm việc.

**Nội dung quy định:**
Điều 134 của Bộ Luật Lao động 2019 quy định rõ trách nhiệm của người sử dụng lao động và người lao động liên quan đến việc bảo đảm an toàn, vệ sinh lao động tại nơi làm việc. Người sử dụng lao động phải thực hiện đầy đủ các giải pháp nhằm bảo đảm an toàn, vệ sinh lao động, trong khi người lao động cần tuân thủ các quy định và yêu cầu về an toàn, vệ sinh lao động.

**Phân tích & Hướng dẫn:**
Theo quy định của Bộ Luật Lao động 2019, bạn nên yêu cầu nhà thầu phụ cung cấp cho bạn danh sách và địa chỉ của tất cả những người lao động mà họ đang quản lý, cũng như danh sách và địa chỉ của các công trình xây dựng hoặc công việc mà họ đang thực hiện. Điều này giúp bạn có thể kiểm tra xem họ đã tuân thủ quy định về an toàn, vệ sinh lao động hay chưa. 

Ngoài ra, bạn cũng nên yêu cầu nhà thầu phụ cung cấp thông tin về việc họ đã thực hiện các biện pháp an toàn, vệ sinh lao động tại nơi làm việc của họ. Điều này bao gồm việc họ đã thực hiện các biện pháp phòng ngừa tai nạn lao động, vệ sinh môi trường, và các biện pháp khác để đảm bảo sức khỏe và an toàn cho người lao động.

Nếu phát hiện ra bất kỳ vi phạm nào, bạn có quyền yêu cầu nhà thầu phụ tuân thủ đúng quy định pháp luật. Nếu nhà thầu phụ không tuân thủ, bạn có thể yêu cầu"
syn_1153_1768639387_1,"Công ty tôi thành lập năm 2015 và tôi là nhân viên đầu tiên, đến nay đã được 8 năm. Tôi muốn hỏi, nếu tôi có 10 ngày nghỉ hằng năm, thì sau 8 năm tôi có được hưởng bao nhiêu ngày nghỉ không?",Điều 114 - Bộ luật Lao động 2019,True,1.0,0.3651226158038147,"**Căn cứ pháp lý:** 
- [Tài liệu 1] - Điều 113. Nghỉ hằng năm - Bộ luật Lao động 2019

**Nội dung quy định:**
1. 12 ngày làm việc đối với người làm công việc trong điều kiện bình thường;
2. 14 ngày làm việc đối với người lao động chưa thành niên, lao động là người khuyết tật, người làm nghề, công việc nặng nhọc, độc hại, nguy hiểm;
3. 16 ngày làm việc đối với người làm nghề, công việc đặc biệt nặng nhọc, độc hại, nguy hiểm.

**Phân tích & Hướng dẫn:**
Theo quy định tại Điều 113 Bộ Luật Lao động 2019, người lao động sẽ được hưởng số ngày nghỉ hằng năm tương ứng với thâm niên làm việc. Cụ thể, từ 5 đến 9 năm làm việc, người lao động được nghỉ 12 ngày, từ 10 đến 14 năm làm việc, người lao động được nghỉ 14 ngày, và từ 15 năm làm việc trở lên, người lao động được nghỉ 16 ngày.

Trong trường hợp của bạn, đã làm việc cho công ty 8 năm, nên bạn có quyền được nghỉ hằng năm 14 ngày (theo quy định tại điểm b) Điều 113 Bộ Luật Lao động 2019). Tuy nhiên, vì bạn đã làm việc đủ 8 năm, bạn không có quyền tăng thêm ngày nghỉ hằng năm như quy định tại Điều 114 của cùng văn bản luật.

Do đó, nếu bạn có 10 ngày nghỉ hằng năm, điều này vượt quá quy định của Bộ Luật Lao động 2019, cụ thể là 14 ngày theo thâm niên làm việc của bạn. Theo quy định tại Điều 113, bạn chỉ có thể được nghỉ 14 ngày, kể cả khi bạn có số ngày nghỉ hằng năm cao hơn.

Tóm lại, mặc dù bạn có 10 ngày nghỉ hằng năm, công ty bạn không có nghĩa vụ phải trả thêm tiền lương cho những ngày nghỉ hằng năm vượt quá 14 ngày theo quy định."
syn_392_1768630773,"Tôi đã sử dụng mảnh đất của mình trong suốt 20 năm mà không có tranh chấp về ranh giới, liệu tôi có quyền yêu cầu xác định ranh giới đất này theo quy định nào không?",Điều 175 - Bộ luật Dân sự 2015,True,0.0,0.7427466150870407,"**CĂN CỨ PHÁP LUẬT THAM KHẢO:**
--- [Tài liệu 1] ---
Văn bản: Bộ luật Dân sự 2015
Nội dung: Điều 175. Ranh giới giữa các bất động sản 1. Ranh giới giữa các bất động sản liền kề được xác định theo thỏa thuận hoặc theo quyết định của cơ quan nhà nước có thẩm quyền. Ranh giới cũng có thể được xác định theo tập quán hoặc theo ranh giới đã tồn tại từ 30 năm trở lên mà không có tranh chấp. Không được lấn, chiếm, thay đổi mốc giới ngăn cách, kể cả trường hợp ranh giới là kênh, mương, hào, rãnh, bờ ruộng. Mọi chủ thể có nghĩa vụ tôn trọng, duy trì ranh giới chung. 2. Người sử dụng đất được sử dụng không gian và lòng đất theo chiều thẳng đứng từ ranh giới của thửa đất phù hợp với quy định của pháp luật và không được làm ảnh hưởng đến việc sử dụng đất của người khác. Người sử dụng đất chỉ được trồng cây và làm các việc khác trong khuôn viên đất thuộc quyền sử dụng của mình và theo ranh giới đã được xác định; nếu rễ cây, cành cây vượt quá ranh giới thì phải xén rễ, cắt, tỉa cành phần vượt quá, trừ trường hợp có thỏa thuận khác.

--- [Tài liệu 2] ---
Văn bản: Bộ luật Dân sự 2015
Nội dung: Điều 176. Mốc giới ngăn cách các bất động sản 1. Chủ sở hữu bất động sản chỉ được dựng cột mốc, hàng rào, trồng cây, xây tường ngăn trên phần đất thuộc quyền sử dụng của mình. 2. Các chủ sở hữu bất động sản liền kề có thể thỏa thuận với nhau về việc dựng cột mốc, hàng rào, trồng cây, xây tường ngăn trên ranh giới để làm mốc giới ngăn cách giữa các bất động sản; những vật mốc giới này là sở hữu chung của các chủ thể đó. Trường hợp mốc giới ngăn cách chỉ do một bên tạo nên trên ranh giới và được chủ sở hữu bất động sản liền kề đồng ý thì mốc giới ngăn cách đó là sở hữu chung, chi phí"
syn_1430_1768641399_0,"Tôi đang sống cùng gia đình và gần đây, một người hàng xóm đã cố tình làm hỏng một số đồ dùng trong nhà tôi, ước tính thiệt hại khoảng 25 triệu đồng. Tôi nên làm gì để bảo vệ quyền lợi của mình?",Điều 178 - Bộ luật Hình sự (Văn bản hợp nhất 2017),True,0.0,0.793103448275862,"**CĂN CỨ PHÁP LUẬT THAM KHẢO:**
---
--- [Tài liệu 1] ---
Văn bản: Bộ luật Hình sự (Văn bản hợp nhất 2017)
Nội dung: Điều 178. Tội hủy hoại hoặc cố ý làm hư hỏng tài sản 1. Người nào hủy hoại hoặc cố ý làm hư hỏng tài sản của người khác trị giá từ 2.000.000 đồng đến dưới 50.000.000 đồng hoặc dưới 2.000.000 đồng nhưng thuộc một trong các trường hợp sau đây, thì bị phạt tiền từ 10.000.000 đồng đến 50.000.000 đồng, phạt cải tạo không giam giữ đến 03 năm hoặc phạt tù từ 06 tháng đến 03 năm: a) Đã bị xử phạt vi phạm hành chính về một trong các hành vi quy định tại Điều này mà còn vi phạm; b) Đã bị kết án về tội này, chưa được xóa án tích mà còn vi phạm; c) Gây ảnh hưởng xấu đến an ninh, trật tự, an toàn xã hội; d) Tài sản là phương tiện kiếm sống chính của người bị hại và gia đình họ; đ) Tài sản là di vật, cổ vật. 2. Phạm tội thuộc một trong các trường hợp sau đây, thì bị phạt tù từ 02 năm đến 07 năm: a) Có tổ chức; b) Gây thiệt hại cho tài sản trị giá từ 50.000.000 đồng đến dưới 200.000.000 đồng; c) Tài sản là bảo vật quốc gia; d) Dùng chất nguy hiểm về cháy, nổ hoặc thủ đoạn nguy hiểm khác; đ) Để che giấu tội phạm khác; e) Vì lý do công vụ của người bị hại; g) Tái phạm nguy hiểm. 3. Phạm tội gây thiệt hại cho tài sản trị giá từ 200.000.000 đồng đến dưới 500.000.000 đồng, thì bị phạt tù từ 05 năm đến 10 năm. 4. Phạm tội gây thiệt hại cho tài sản trị giá 500."
syn_901_1768634139,"Tôi đang sống tại Hà Nội nhưng muốn thực hiện một hành vi pháp lý đơn phương cho công ty tôi tại TP.HCM, vậy pháp luật nào sẽ được áp dụng?",Điều 684 - Bộ luật Dân sự 2015,True,1.0,0.5229793977812996,"**Căn cứ pháp lý:**
Điều 684. Hành vi pháp lý đơn phương - Bộ luật Dân sự 2015

**Nội dung quy định:**
Pháp luật áp dụng đối với hành vi pháp lý đơn phương là pháp luật của nước nơi cá nhân xác lập hành vi đó cư trú hoặc nơi pháp nhân xác lập hành vi đó được thành lập.

**Phân tích & Hướng dẫn:**
Theo điều 684 của Bộ luật Dân sự 2015, hành vi pháp lý đơn phương sẽ được áp dụng pháp luật của nước nơi cá nhân xác lập hành vi đó cư trú hoặc nơi pháp nhân xác lập hành vi đó được thành lập.

Trong trường hợp của bạn, bạn đang sống tại Hà Nội nhưng muốn thực hiện một hành vi pháp lý đơn phương cho công ty bạn tại TP.HCM. Theo quy định trên, hành vi pháp lý đơn phương của bạn sẽ được áp dụng pháp luật của nước nơi công ty bạn được thành lập (TP.HCM).

Tuy nhiên, cần lưu ý rằng nếu hành vi pháp lý đơn phương liên quan đến việc xác lập hoặc thay đổi quan hệ pháp lý với công ty tại TP.HCM, thì pháp luật của TP.HCM cũng có thể áp dụng tùy thuộc vào nội dung cụ thể của hành vi pháp lý đó.

Vì vậy, để chắc chắn và tránh rủi ro pháp lý, bạn nên tìm hiểu kỹ về quy định pháp luật cụ thể liên quan đến hành vi pháp lý đơn phương mà bạn muốn thực hiện và tham khảo ý kiến của một chuyên gia pháp lý."
syn_1541_1768642302_0,"Tôi là một lập trình viên và trong quá trình làm việc, tôi đã vô tình xâm nhập vào hệ thống máy tính của một công ty khác mà không có sự cho phép. Có khả năng nào tôi bị xử lý theo Điều 289 không?",Điều 289 - Bộ luật Hình sự (Văn bản hợp nhất 2017),True,0.6666666666666666,0.7880690737833596,"**Căn cứ pháp lý:**
Điều 289. Tội xâm nhập trái phép vào mạng máy tính, mạng viễn thông hoặc phương tiện điện tử của người khác - Bộ Luật Hình sự (Văn bản hợp nhất 2017)

**Nội dung quy định:**
1. Người nào cố ý vượt qua cảnh báo, mã truy cập, tường lửa, sử dụng quyền quản trị của người khác hoặc bằng phương thức khác xâm nhập trái phép vào mạng máy tính, mạng viễn thông hoặc phương tiện điện tử của người khác chiếm quyền điều khiển; can thiệp vào chức năng hoạt động của phương tiện điện tử; lấy cắp, thay đổi, hủy hoại, làm giả dữ liệu hoặc sử dụng trái phép các dịch vụ, thì bị phạt tiền từ 50.000.000 đồng đến 300.000.000 đồng hoặc phạt tù từ 01 năm đến 05 năm.
2. Phạm tội thuộc một trong các trường hợp sau đây, thì bị phạt tiền từ 300.000.000 đồng đến 1.000.000.000 đồng hoặc bị phạt tù từ 03 năm đến 07 năm: a) Có tổ chức; b) Lợi dụng chức vụ, quyền hạn; c) Thu lợi bất chính từ 200.000.000 đồng đến dưới 500.000.000 đồng; d) Gây thiệt hại từ 300.000.000 đồng đến dưới 1.000.000.000 đồng; đ) Đối với trạm trung chuyển internet quốc gia, hệ thống cơ sở dữ liệu tên miền và hệ thống máy chủ tên miền quốc gia; e) Tái phạm nguy hiểm.
3. Phạm tội thuộc một trong các trường hợp sau đây, thì bị phạt tù từ 07 năm đến 12 năm: a) Đối với hệ thống dữ liệu thuộc bí mật nhà nước; hệ thống thông tin phục vụ quốc phòng, an ninh; b) Đối với cơ sở hạ tầng thông tin quốc gia; hệ thống thông tin điều hành lưới điện quốc gia; hệ thống thông tin tài chính, ngân hàng; hệ thống thông tin điều khiển giao thông; c) Thu lợi bất chính 500.0"
syn_1569_1768642569_1,"Vợ tôi đã từng bị xử phạt vì gây rối trật tự công cộng cách đây 1 năm, và gần đây cô ấy lại tham gia vào một cuộc biểu tình gây rối. Tôi lo lắng về việc này. Liệu cô ấy có thể bị phạt tù hay phải chịu trách nhiệm hình sự không?",Điều 318 - Bộ luật Hình sự (Văn bản hợp nhất 2017),True,1.0,0.7155425219941349,"**Căn cứ pháp lý:**
- [Tài liệu 1] - Điều 318. Tội gây rối trật tự công cộng của Bộ luật Hình sự (Văn bản hợp nhất 2017).

**Nội dung quy định:**
1. Người nào gây rối trật tự công cộng gây ảnh hưởng xấu đến an ninh, trật tự, an toàn xã hội hoặc đã bị xử phạt vi phạm hành chính về hành vi này hoặc đã bị kết án về tội này, chưa được xóa án tích mà còn vi phạm, thì bị phạt tiền từ 5.000.000 đồng đến 50.000.000 đồng, phạt cải tạo không giam giữ đến 02 năm hoặc phạt tù từ 03 tháng đến 02 năm.
2. Phạm tội thuộc một trong các trường hợp sau đây, thì bị phạt tù từ 02 năm đến 07 năm: a) Có tổ chức; b) Dùng vũ khí, hung khí hoặc có hành vi phá phách; c) Gây cản trở giao thông nghiêm trọng hoặc gây đình trệ hoạt động công cộng; d) Xúi giục người khác gây rối; đ) Hành hung người can thiệp bảo vệ trật tự công cộng; e) Tái phạm nguy hiểm.

**Phân tích & Hướng dẫn:**
Theo quy định tại Điều 318 của Bộ luật Hình sự, vợ bạn đã từng bị xử phạt về tội gây rối trật tự công cộng cách đây 1 năm, nghĩa là cô ấy đã có án tích. Vì vậy, nếu cô ấy tham gia vào một cuộc biểu tình gây rối, dù không phải là lần đầu tiên, nhưng vẫn có thể bị xử lý hình sự.

Tuy nhiên, cần phân tích cụ thể về hành vi gây rối của vợ bạn trong cuộc biểu tình hiện tại để đưa ra quyết định xử lý phù hợp. Nếu hành vi gây rối của cô ấy không thuộc những trường hợp đặc biệt như có tổ chức, dùng vũ khí, gây cản trở giao thông nghiêm trọng, xúi giục người khác gây rối, hành hung người can thiệp bảo vệ trật tự công cộng, hành hung người khác, hoặc tái phạm nguy hiểm, thì cô ấy có thể chỉ bị phạt tiền hoặc phạt cải tạo không giam giữ. 

Nếu hành vi gây rối của cô ấy thuộc một trong những trường"
syn_1378_1768640977_1,"Chồng tôi đã phát hiện một kẻ lạ mặt đang cố gắng bắt cóc con tôi. Trong lúc giằng co, chồng tôi đã ra tay đánh người đó và gây ra cái chết cho hắn. Chúng tôi có thể bị xử lý như thế nào trong tình huống này?",Điều 126 - Bộ luật Hình sự (Văn bản hợp nhất 2017),False,1.0,0.3508379888268156,"**Căn cứ pháp lý:** [Tài liệu 1] - Luật Hôn nhân và Gia đình 2014

**Nội dung quy định:**
[Trích dẫn chính xác nội dung điều luật áp dụng]

**Nội dung quy định:**
1. Theo Điều 5 của Luật Hôn nhân và Gia đình 2014, mọi hành vi vi phạm pháp luật về hôn nhân và gia đình phải được xử lý nghiêm minh, đúng pháp luật.
2. Điều 169 của Bộ luật Hình sự 2015 quy định về tội bắt cóc nhằm chiếm đoạt tài sản.

**Phân tích & Hướng dẫn:**
Trong trường hợp này, chồng bạn đã ra tay bảo vệ con mình khi kẻ lạ mặt cố gắng bắt cóc, dẫn đến cái chết của đối tượng xấu. Đây có thể được coi là hành vi tự vệ hợp pháp theo quy định tại Điều 5 của Luật Hôn nhân và Gia đình 2014.

Đối với hành vi của chồng bạn, nếu xét về tội bắt cóc nhằm chiếm đoạt tài sản theo Điều 169 của Bộ luật Hình sự 2015, cần phân tích cụ thể:

- Hành vi của chồng bạn là hành vi tự vệ để bảo vệ con mình, không phải là hành vi bắt cóc với mục đích chiếm đoạt tài sản.
- Việc gây ra cái chết cho kẻ lạ mặt có thể được coi là hành vi tự vệ hợp pháp trong tình huống khẩn cấp để bảo vệ tính mạng của người khác.

Tuy nhiên, việc xử lý cụ thể vẫn phụ thuộc vào kết quả điều tra và thẩm định của cơ quan chức năng. Nếu xác định hành vi của chồng bạn là hành vi tự vệ hợp pháp, có thể không bị truy cứu trách nhiệm hình sự. 

Hơn nữa, hành vi của chồng bạn cũng có thể được coi là hành vi bảo vệ người thân và được pháp luật bảo vệ, nên không có dấu hiệu cấu thành tội bắt cóc nhằm chiếm đoạt tài sản.

Tuy nhiên, để đảm bảo tính pháp lý, chúng tôi khuyên hai bạn nên liên hệ với cơ quan chức năng để trình bày hoàn cảnh cụ thể và được hướng dẫn xử lý đúng pháp luật."
syn_561_1768631942,Tôi muốn biết điều kiện nào để tổ chức chính trị - xã hội có thể bảo đảm bằng tín chấp cho tôi vay tiền trong trường hợp gia đình tôi quá khó khăn?,Điều 344 - Bộ luật Dân sự 2015,True,1.0,0.46482412060301503,"**CĂN CỨ PHÁP LUẬT THAM KHẢO:**

--- [Tài liệu 1] ---
Văn bản: Bộ luật Dân sự 2015
Nội dung: Điều 344. Bảo đảm bằng tín chấp của tổ chức chính trị - xã hội

**Căn cứ pháp lý:**
Bộ luật Dân sự 2015 - Điều 344

**Nội dung quy định:**
Theo Điều 344 của Bộ luật Dân sự 2015, tổ chức chính trị - xã hội ở cơ sở có thể bảo đảm bằng tín chấp cho cá nhân, hộ gia đình nghèo vay một khoản tiền tại tổ chức tín dụng để sản xuất, kinh doanh, tiêu dùng theo quy định của pháp luật.

**Phân tích & Hướng dẫn:**

Để tổ chức chính trị - xã hội có thể bảo đảm bằng tín chấp cho bạn vay tiền trong trường hợp gia đình bạn quá khó khăn, cần tuân thủ các điều kiện sau:

1. **Thực hiện chức năng trợ giúp xã hội:** Theo Điều 120 của Luật Hôn nhân và Gia đình 2014, Nhà nước và xã hội khuyến khích tổ chức, cá nhân trợ giúp bằng tiền hoặc tài sản khác cho gia đình, cá nhân có hoàn cảnh đặc biệt khó khăn, túng thiếu. Điều này bao gồm việc tổ chức chính trị - xã hội ở cơ sở có thể hỗ trợ tài chính cho gia đình bạn trong trường hợp khó khăn.

2. **Hợp lệ về mặt pháp lý:** Bạn cần đảm bảo rằng gia đình bạn đang rơi vào tình trạng khó khăn thực sự, không chỉ đơn thuần là do thiếu tiền mặt. Có thể cần chứng minh bằng các giấy tờ, hồ sơ như bảng lương, hóa đơn chi tiêu hàng tháng, quyết định giảm thu nhập của công ty, hoặc bất kỳ thông tin liên quan đến khó khăn tài chính cụ thể nào khác.

3. **Quyền lợi của tổ chức chính trị - xã hội:** Theo Điều 345 của Bộ luật Dân sự 2015, việc cho vay có bảo đảm bằng tín chấp phải được lập thành văn bản và được tổ chức chính trị - xã hội bảo đảm bằng tín chấp xác nhận về điều kiện, hoàn cảnh của bên vay vốn. Do đó, bạn cần thỏa thuận cụ thể về số tiền, mục"
syn_1321_1768640480_0,"Tôi vừa mới ra tù sau 5 năm bị giam giữ do tội danh nhẹ, hiện tại tôi đang muốn tìm hiểu xem tôi có phải chấp hành bản án nào không hay đã hết thời hiệu thi hành chưa?",Điều 60 - Bộ luật Hình sự (Văn bản hợp nhất 2017),True,1.0,0.6410466067048242,"**Căn cứ pháp lý:** 
- Điều 60. Thời hiệu thi hành bản án hình sự - Bộ luật Hình sự (Văn bản hợp nhất 2017)

**Nội dung quy định:**
1. Thời hiệu thi hành bản án hình sự là thời hạn do Bộ luật này quy định mà khi hết thời hạn đó người bị kết án, pháp nhân thương mại bị kết án không phải chấp hành bản án đã tuyên.
2. Thời hiệu thi hành bản án hình sự đối với người bị kết án được quy định như sau: a) 05 năm đối với các trường hợp xử phạt tiền, cải tạo không giam giữ hoặc xử phạt tù từ 03 năm trở xuống; b) 10 năm đối với các trường hợp xử phạt tù từ trên 03 năm đến 15 năm; c) 15 năm đối với các trường hợp xử phạt tù từ trên 15 năm đến 30 năm; d) 20 năm đối với các trường hợp xử phạt tù chung thân hoặc tử hình.
3. Thời hiệu thi hành bản án hình sự đối với pháp nhân thương mại là 05 năm.

**Phân tích & Hướng dẫn:**
Theo thông tin bạn cung cấp, bạn vừa ra tù sau 5 năm vì một tội phạm nhẹ. Theo quy định tại Điều 60 của Bộ luật Hình sự, thời hiệu thi hành bản án hình sự đối với người bị kết án xử phạt tù từ 03 năm trở xuống là 05 năm. Vì vậy, nếu trong 05 năm kể từ ngày bản án có hiệu lực pháp luật, bạn không tái phạm các tội phạm khác, bạn sẽ không phải chấp hành bản án hình sự. 

Tuy nhiên, cần lưu ý rằng nếu trong thời gian 05 năm kể từ ngày bản án có hiệu lực pháp luật, bạn tái phạm các tội phạm khác, thời hiệu thi hành bản án hình sự sẽ được tính lại kể từ ngày tái phạm. Do đó, bạn cần tuân thủ nghiêm ngặt các quy định pháp luật và không tái phạm các tội phạm khác để đảm bảo thời hiệu thi hành bản án của bạn không được tính lại.

Nếu bạn có bất kỳ thắc mắc thêm về quy định pháp luật liên quan, hoặc cần được hỗ trợ cụ thể hơn, vui lòng liên hệ với cơ quan tư vấn pháp luật hoặc luật sư để được hỗ trợ chuyên sâu."
syn_641_1768632467,"Tôi đã giao cho một nhà thầu xây dựng một hợp đồng sửa chữa nhà, nhưng họ đã chậm trễ trong việc thực hiện nghĩa vụ trong 3 tháng. Tôi có thể hủy bỏ hợp đồng này không?",Điều 424 - Bộ luật Dân sự 2015,True,1.0,0.7015098722415796,"**Căn cứ pháp lý:**
---
Văn bản: Bộ luật Dân sự 2015
Nội dung: Điều 424. Hủy bỏ hợp đồng do chậm thực hiện nghĩa vụ

**Nội dung quy định:**
1. Trường hợp bên có nghĩa vụ không thực hiện đúng nghĩa vụ mà bên có quyền yêu cầu thực hiện nghĩa vụ trong một thời hạn hợp lý nhưng bên có nghĩa vụ không thực hiện thì bên có quyền có thể hủy bỏ hợp đồng.
2. Trường hợp do tính chất của hợp đồng hoặc do ý chí của các bên, hợp đồng sẽ không đạt được mục đích nếu không được thực hiện trong thời hạn nhất định mà hết thời hạn đó bên có nghĩa vụ không thực hiện đúng nghĩa vụ thì bên kia có quyền hủy bỏ hợp đồng mà không phải tuân theo quy định tại khoản 1 Điều này.

**Phân tích & Hướng dẫn:**
---
Theo Điều 424 của Bộ Luật Dân sự 2015, trường hợp bạn đã giao cho nhà thầu xây dựng một hợp đồng sửa chữa nhà và họ đã chậm trễ trong việc thực hiện nghĩa vụ trong 3 tháng, thì bạn hoàn toàn có quyền hủy bỏ hợp đồng. Đây là trường hợp phù hợp với điểm 1 của Điều 424, vì nhà thầu đã không thực hiện đúng nghĩa vụ mà bạn đã yêu cầu trong một thời hạn hợp lý (trong trường hợp này là 3 tháng).

Điều 424 quy định rõ rằng nếu vì lý do chậm trễ trong việc thực hiện nghĩa vụ, hợp đồng sẽ không thể đạt được mục đích ban đầu và bên có quyền hủy bỏ hợp đồng mà không cần tuân theo quy định về thời hạn thực hiện nghĩa vụ.

Do đó, căn cứ vào quy định trên, bạn hoàn toàn có quyền hủy bỏ hợp đồng với nhà thầu xây dựng và yêu cầu bồi thường thiệt hại nếu hợp đồng bị hủy bỏ do việc chậm trễ thực hiện nghĩa vụ."
syn_702_1768632837,"Gia đình tôi muốn thuê một kho để chứa hàng hóa trong thời gian nhất định, nhưng chúng tôi không biết cách xác định thời hạn thuê khoán, vậy có quy định cụ thể nào không?",Điều 485 - Bộ luật Dân sự 2015,True,1.0,0.5421487603305785,"**Căn cứ pháp lý:**
- Điều 485 của Bộ Luật Dân sự 2015

**Nội dung quy định:**
Thời hạn thuê khoán do các bên thỏa thuận. Trường hợp không có thỏa thuận hoặc có thỏa thuận nhưng không rõ ràng thì thời hạn thuê khoán được xác định theo chu kỳ sản xuất, kinh doanh phù hợp với tính chất của đối tượng thuê khoán.

**Phân tích & Hướng dẫn:**
Theo quy định tại Điều 485 của Bộ Luật Dân sự 2015, thời hạn thuê khoán được xác định dựa trên thỏa thuận giữa hai bên. Tuy nhiên, nếu không có thỏa thuận về thời hạn thuê khoán, thì thời hạn sẽ được xác định theo chu kỳ sản xuất, kinh doanh phù hợp với tính chất của đối tượng thuê khoán.

Trong trường hợp của gia đình bạn, để xác định thời hạn thuê khoán, bạn cần thỏa thuận với bên cho thuê về thời gian cụ thể mà bạn muốn thuê kho. Nếu hai bên không thỏa thuận được, thì thời hạn thuê khoán sẽ được xác định theo chu kỳ sản xuất, kinh doanh phù hợp với tính chất của kho mà bạn thuê.

Hãy chắc chắn rằng cả hai bên đều hiểu và đồng ý về thời hạn thuê khoán này. Việc này không chỉ giúp tránh hiểu lầm sau này mà còn đảm bảo quyền lợi cho cả hai bên trong hợp đồng thuê khoán."
syn_57_1768628160,Công ty tôi đã tổ chức cuộc họp Hội đồng thành viên lần thứ nhất nhưng không đủ điều kiện. Tôi muốn hỏi về cách triệu tập họp lần thứ hai.,Điều 58 - Luật Doanh nghiệp 2020,True,1.0,0.7319665907365224,"**Căn cứ pháp lý:**
Điều 58. Điều kiện và thể thức tiến hành họp Hội đồng thành viên - Luật Doanh nghiệp 2020

**Nội dung quy định:**
1. Cuộc họp Hội đồng thành viên được tiến hành khi có số thành viên dự họp sở hữu từ 65% vốn điều lệ trở lên; tỷ lệ cụ thể do Điều lệ công ty quy định.
2. Trường hợp cuộc họp Hội đồng thành viên lần thứ nhất không đủ điều kiện tiến hành theo quy định tại khoản 1 Điều này và Điều lệ công ty không có quy định khác thì việc triệu tập họp Hội đồng thành viên được thực hiện như sau: a) Thông báo mời họp lần thứ hai phải được gửi trong thời hạn 15 ngày kể từ ngày dự định họp lần thứ nhất. Cuộc họp Hội đồng thành viên lần thứ hai được tiến hành khi có số thành viên dự họp sở hữu từ 50% vốn điều lệ trở lên; b) Trường hợp cuộc họp Hội đồng thành viên lần thứ hai không đủ điều kiện tiến hành theo quy định tại điểm a khoản này, thông báo mời họp lần thứ ba phải được gửi trong thời hạn 10 ngày kể từ ngày dự định họp lần thứ hai. Cuộc họp Hội đồng thành viên lần thứ ba được tiến hành không phụ thuộc số thành viên dự họp và số vốn điều lệ được đại diện bởi số thành viên dự họp.

**Phân tích & Hướng dẫn:**
Theo quy định tại Điều 58 của Luật Doanh nghiệp 2020, bạn đã tổ chức cuộc họp Hội đồng thành viên lần thứ nhất nhưng không đủ điều kiện. Theo quy định, bạn cần triệu tập cuộc họp lần thứ hai trong thời hạn 15 ngày kể từ ngày dự định họp lần thứ nhất. 

Cuộc họp Hội đồng thành viên lần thứ hai cần phải được triệu tập thông qua việc gửi thông báo mời họp trong thời hạn 15 ngày kể từ ngày dự định họp lần thứ nhất. 

Cuộc họp Hội đồng thành viên lần thứ hai sẽ được tiến hành khi có số thành viên dự họp sở hữu từ 50% vốn điều lệ trở lên. 

Vì vậy, bạn cần thông báo mời họp lần thứ hai trong thời hạn 15 ngày kể từ ngày dự định họp lần thứ nhất, đảm bảo rằng thông báo này bao gồm đầy đủ thông tin về thời gian, địa điểm và nội dung cuộc họp. Sau đó, bạn cần tổ"
syn_284_1768630027,Tôi đã được ủy quyền quản lý tài sản của một người vắng mặt. Vậy tôi có được thanh toán các chi phí cần thiết trong việc quản lý tài sản đó không?,Điều 67 - Bộ luật Dân sự 2015,True,0.6666666666666666,0.5330188679245284,"**CĂN CỨ PHÁP LUẬT THAM KHẢO:**
---
[Văn bản] Bộ luật Dân sự 2015  
[Nội dung] Điều 67. Quyền của người quản lý tài sản của người vắng mặt tại nơi cư trú

**CÂU HỎI:**
Tôi đã được ủy quyền quản lý tài sản của một người vắng mặt. Vậy tôi có được thanh toán các chi phí cần thiết trong việc quản lý tài sản đó không?

**TRẢ LỜI:**
Theo Căn cứ pháp lý tham khảo từ Điều 67 của Bộ luật Dân sự 2015, người quản lý tài sản của người vắng mặt tại nơi cư trú được hưởng một số quyền nhất định, trong đó có quyền được thanh toán các chi phí cần thiết trong việc quản lý tài sản của người vắng mặt. 

**Căn cứ pháp lý:**
Điều 67. Quyền của người quản lý tài sản của người vắng mặt tại nơi cư trú  
- Quy định rằng: ""Quản lý tài sản của người vắng mặt. 2. Trích một phần tài sản của người vắng mặt để thực hiện nghĩa vụ cấp dưỡng, nghĩa vụ thanh toán nợ đến hạn, nghĩa vụ tài chính khác của người vắng mặt. 3. Được thanh toán các chi phí cần thiết trong việc quản lý tài sản của người vắng mặt.""

**Phân tích & Hướng dẫn:**
Theo quy định trên, bạn được phép thanh toán các chi phí cần thiết trong việc quản lý tài sản của người vắng mặt. Điều này bao gồm cả chi phí hoạt động hàng ngày trong quá trình quản lý tài sản, như chi phí vận hành tài sản, chi phí dịch vụ, và các chi phí khác liên quan. Tuy nhiên, tất cả các khoản chi phí này phải tuân thủ theo quy định của pháp luật, đặc biệt là về quản lý tài sản của người vắng mặt. Bạn cần đảm bảo rằng mọi hoạt động quản lý đều tuân thủ nguyên tắc và nghĩa vụ được quy định trong Điều 67 của Bộ luật Dân sự 2015, đồng thời cũng tuân thủ các quy định khác về quản lý tài sản và nghĩa vụ tài chính liên quan."
syn_827_1768633668,"Gia đình tôi có một ngôi nhà, nhưng tôi không có di chúc. Vậy tài sản của tôi sẽ được chia như thế nào giữa vợ và các con?",Điều 610 - Bộ luật Dân sự 2015,False,0.3333333333333333,0.29820051413881743,"**CĂN CỨ PHÁP LUẬT THAM KHẢO:**
- Văn bản: Luật Hôn nhân và Gia đình 2014
- Văn bản: Bộ luật Dân sự 2015

**Nội dung quy định:**

**Luật Hôn nhân và Gia đình 2014 (Điều 66):**
1. Khi một bên vợ, chồng chết hoặc bị Tòa án tuyên bố là đã chết thì bên còn sống quản lý tài sản chung của vợ chồng, trừ trường hợp trong di chúc có chỉ định người khác quản lý di sản hoặc những người thừa kế thỏa thuận cử người khác quản lý di sản.
2. Khi có yêu cầu về chia di sản thì tài sản chung của vợ chồng được chia đôi, trừ trường hợp vợ chồng có thỏa thuận về chế độ tài sản. Phần tài sản của vợ, chồng chết hoặc bị Tòa án tuyên bố là đã chết được chia theo quy định của pháp luật về thừa kế.
3. Trong trường hợp việc chia di sản ảnh hưởng nghiêm trọng đến đời sống của vợ hoặc chồng còn sống, gia đình thì vợ, chồng còn sống có quyền yêu cầu Tòa án hạn chế phân chia di sản theo quy định của Bộ luật dân sự.
4. Tài sản của vợ chồng trong kinh doanh được giải quyết theo quy định tại các khoản 1, 2 và 3 Điều này, trừ trường hợp pháp luật về kinh doanh có quy định khác.

**Bộ luật Dân sự 2015 (Điều 661):**
1. Trường hợp theo ý chí của người lập di chúc hoặc theo thỏa thuận của tất cả những người thừa kế, di sản chỉ được phân chia sau một thời hạn nhất định thì chỉ khi đã hết thời hạn đó di sản mới được đem chia.
2. Trường hợp yêu cầu chia di sản thừa kế mà việc chia di sản ảnh hưởng nghiêm trọng đến đời sống của bên vợ hoặc chồng còn sống và gia đình thì bên còn sống có quyền yêu cầu Tòa án xác định phần di sản mà những người thừa kế được hưởng nhưng chưa cho chia di sản trong một thời hạn nhất định. Thời hạn này không quá 03 năm, kể từ thời điểm mở thừa kế. Hết thời hạn 03 năm mà bên còn sống chứng minh được việc chia"
syn_445_1768631164,Tôi phát hiện một mảnh đất không có ai đứng tên chủ sở hữu trong khoảng thời gian 6 năm qua. Tôi cần làm gì để có thể sở hữu mảnh đất này?,Điều 228 - Bộ luật Dân sự 2015,True,1.0,0.606896551724138,"**Căn cứ pháp lý:** 
- Điều 228, Bộ luật Dân sự 2015 - Văn bản: Bộ luật Dân sự 2015

**Nội dung quy định:** 
- Điều 228 của Bộ luật Dân sự 2015 quy định về xác lập quyền sở hữu đối với tài sản vô chủ. Theo đó, tài sản vô chủ là tài sản mà chủ sở hữu đã từ bỏ quyền sở hữu đối với tài sản đó. Người phát hiện tài sản vô chủ có quyền sở hữu tài sản đó, trừ trường hợp luật có quy định khác.

**Phân tích & Hướng dẫn:**

Theo quy định tại Điều 228 của Bộ luật Dân sự 2015, nếu bạn là người phát hiện một mảnh đất không có ai đứng tên chủ sở hữu trong khoảng thời gian 6 năm qua, bạn có quyền sở hữu mảnh đất đó. 

Để đảm bảo quyền sở hữu, bạn cần thực hiện các bước sau:

1. **Thông báo hoặc Giao nộp Tài Sản:** Theo quy định tại Điều 228, nếu tài sản là bất động sản (trong trường hợp này là mảnh đất), bạn cần thông báo hoặc giao nộp tài sản cho Ủy ban nhân dân cấp xã hoặc Công an cấp xã nơi gần nhất để thông báo công khai cho chủ sở hữu biết mà nhận lại. Việc giao nộp phải được lập biên bản, trong đó ghi rõ họ, tên, địa chỉ của người giao nộp, người nhận, tình trạng, số lượng, khối lượng tài sản giao nộp.

2. **Tiếp tục theo dõi:** Sau khi giao nộp tài sản, bạn cần theo dõi tình hình thông báo công khai và xem xét kết quả. Nếu sau 5 năm kể từ ngày thông báo công khai mà vẫn không xác định được ai là chủ sở hữu mảnh đất, theo quy định tại Điều 228, mảnh đất đó sẽ thuộc về Nhà nước, nhưng bạn sẽ được hưởng một khoản tiền thưởng theo quy định của pháp luật.

3. **Thực hiện Quyền Sở Hữu:** Một khi thông báo công khai kết thúc và tài sản vô chủ được xác định, bạn sẽ trở thành chủ sở hữu mảnh đất đó. Tuy nhiên, bạn cần tuân thủ các quy định về việc xử lý tài sản theo quy định của pháp luật.

N"
syn_1385_1768641033_2,Công ty tôi đang gặp rắc rối với một đối tác kinh doanh đã đe dọa sẽ giết tôi và các nhân viên khác nếu chúng tôi không thực hiện một giao dịch mà họ yêu cầu. Tôi nên làm gì để bảo vệ bản thân và đồng nghiệp trong tình huống này?,Điều 133 - Bộ luật Hình sự (Văn bản hợp nhất 2017),False,1.0,0.33436532507739936,"**Căn cứ pháp lý:**
- [Tên điều luật]: Điều 127. Giao dịch dân sự vô hiệu do bị lừa dối, đe dọa, cưỡng ép - Bộ luật Dân sự 2015

**Nội dung quy định:**
Khi một bên tham gia giao dịch dân sự do bị lừa dối hoặc bị đe dọa, cưỡng ép, có quyền yêu cầu Tòa án tuyên bố giao dịch dân sự đó là vô hiệu. Đe dọa, cưỡng ép trong giao dịch dân sự là hành vi cố ý của một bên hoặc người thứ ba làm cho bên kia buộc phải thực hiện giao dịch dân sự nhằm tránh thiệt hại về tính mạng, sức khỏe, danh dự, uy tín, nhân phẩm, tài sản của mình hoặc của người thân thích của mình.

**Phân tích & Hướng dẫn:**
Trong trường hợp của bạn, đối tác kinh doanh đã đe dọa sẽ gây ra hậu quả nghiêm trọng như giết bạn và nhân viên khác nếu không thực hiện giao dịch yêu cầu của họ. Đây là hành vi đe dọa, cưỡng ép, gây nguy hiểm cho tính mạng và sức khỏe của bạn và đồng nghiệp. Theo quy định tại Điều 127 của Bộ luật Dân sự 2015, bạn có quyền yêu cầu Tòa án tuyên bố giao dịch dân sự đó là vô hiệu.

Hành động cụ thể bạn có thể thực hiện là:

1. **Kêu gọi sự giúp đỡ của cơ quan chức năng:** Bạn nên thông báo cho cảnh sát hoặc cơ quan chức năng địa phương về tình huống này để họ có thể can thiệp và bảo vệ an ninh cho bạn và đồng nghiệp.

2. **Đề nghị với Tòa án:** Bạn có thể yêu cầu Tòa án tuyên bố giao dịch dân sự vô hiệu. Việc này đòi hỏi bạn phải chứng minh được hành vi đe dọa, cưỡng ép của đối tác và việc giao dịch dân sự đó được thực hiện dưới áp lực từ phía họ.

3. **Liên hệ với luật sư:** Luật sư có thể hỗ trợ bạn trong việc chuẩn bị hồ sơ, tiến hành tố tụng và bảo vệ quyền lợi hợp pháp của bạn. 

4. **Bảo vệ bản thân và đồng nghiệp:** Nếu tình huống trở nên nghiêm trọng, bạn nên tìm"
syn_573_1768632025,Tôi đã không nhận được hàng hóa mà tôi đã trả tiền trước. Tôi có thể yêu cầu bồi thường thiệt hại không?,Điều 356 - Bộ luật Dân sự 2015,False,0.0,0.4058885383806519,"**CĂN CỨ PHÁP LUẬT THAM KHẢO:**
---
--- [Tài liệu 1] ---
Văn bản: Bộ luật Dân sự 2015
Nội dung: Điều 438. Trách nhiệm do giao vật không đồng bộ 1. Trường hợp vật được giao không đồng bộ làm cho mục đích sử dụng của vật không đạt được thì bên mua có một trong các quyền sau đây: a) Nhận và yêu cầu bên bán giao tiếp phần hoặc bộ phận còn thiếu, yêu cầu bồi thường thiệt hại và hoãn thanh toán phần hoặc bộ phận đã nhận cho đến khi vật được giao đồng bộ; b) Hủy bỏ hợp đồng và yêu cầu bồi thường thiệt hại. 2. Trường hợp bên mua đã trả tiền nhưng chưa nhận vật do giao không đồng bộ thì được trả lãi đối với số tiền đã trả theo lãi suất thỏa thuận giữa các bên nhưng không được vượt quá mức lãi suất được quy định tại khoản 1 Điều 468 của Bộ luật này; nếu không có thỏa thuận thì thực hiện theo quy định tại khoản 2 Điều 468 của Bộ luật này và yêu cầu bên bán bồi thường thiệt hại do giao vật không đồng bộ, kể từ thời điểm phải thực hiện hợp đồng cho đến khi vật được giao đồng bộ.

--- [Tài liệu 2] ---
Văn bản: Bộ luật Dân sự 2015
Nội dung: Điều 419. Thiệt hại được bồi thường do vi phạm hợp đồng 1. Thiệt hại được bồi thường do vi phạm nghĩa vụ theo hợp đồng được xác định theo quy định tại khoản 2 Điều này, Điều 13 và Điều 360 của Bộ luật này. 2. Người có quyền có thể yêu cầu bồi thường thiệt hại cho lợi ích mà lẽ ra mình sẽ được hưởng do hợp đồng mang lại. Người có quyền còn có thể yêu cầu người có nghĩa vụ chi trả chi phí phát sinh do không hoàn thành nghĩa vụ hợp đồng mà không trùng lặp với mức bồi thường thiệt hại cho lợi ích mà hợp đồng mang lại. 3. Theo yêu cầu của người có quyền, Tòa án có thể buộc người có nghĩa vụ bồi thường thiệt hại về tinh thần cho người có quyền. Mức bồi thường do Tòa án quyết định căn cứ vào nội dung"
syn_1125_1768639221_0,Công ty tôi vừa ký kết một thỏa ước lao động tập thể với các điều khoản có lợi cho nhân viên nhưng không rõ một số điều khoản có vi phạm pháp luật hay không. Tôi có thể làm gì để đảm bảo thỏa ước này không bị tuyên bố vô hiệu?,Điều 86 - Bộ luật Lao động 2019,True,0.0,0.5592185592185592,"**CĂN CỨ PHÁP LUẬT THAM KHẢO:**

- **[Tài liệu 1]** - [Tập hợp các tài liệu về Bộ luật Lao động 2019]
  - Nội dung: Điều 86. Thỏa ước lao động tập thể vô hiệu 1. Thỏa ước lao động tập thể vô hiệu từng phần khi một hoặc một số nội dung trong thỏa ước lao động tập thể vi phạm pháp luật. 2. Thỏa ước lao động tập thể vô hiệu toàn bộ thuộc một trong các trường hợp sau đây: a) Toàn bộ nội dung thỏa ước lao động tập thể vi phạm pháp luật; b) Người ký kết không đúng thẩm quyền; c) Không tuân thủ đúng quy trình thương lượng, ký kết thỏa ước lao động tập thể.

- **[Tài liệu 2]** - [Tập hợp các tài liệu về Bộ luật Lao động 2019]
  - Nội dung: Điều 51. Xử lý hợp đồng lao động vô hiệu 1. Khi hợp đồng lao động bị tuyên bố vô hiệu từng phần thì xử lý như sau: a) Quyền, nghĩa vụ và lợi ích của hai bên được giải quyết theo thỏa ước lao động tập thể đang áp dụng; trường hợp không có thỏa ước lao động tập thể thì thực hiện theo quy định của pháp luật; b) Hai bên tiến hành sửa đổi, bổ sung phần của hợp đồng lao động bị tuyên bố vô hiệu để phù hợp với thỏa ước lao động tập thể hoặc pháp luật về lao động. 2. Khi hợp đồng lao động bị tuyên bố vô hiệu toàn bộ thì quyền, nghĩa vụ và lợi ích của người lao động được giải quyết theo quy định của pháp luật; trường hợp do ký sai thẩm quyền thì hai bên ký lại. 3. Chính phủ quy định chi tiết Điều này. Mục 5. CHO THUÊ LẠI LAO ĐỘNG

- **[Tài liệu 3]** - [Tập hợp các tài liệu về Bộ luật Lao động 2019]
  - Nội dung: Điều 88. Xử lý thỏa ước lao động tập thể vô hiệu Khi thỏa ước lao động tập thể bị tuyên bố vô hiệu thì quyền, nghĩa vụ và"
syn_1497_1768641933_0,Công ty tôi vừa bị phát hiện đã gây thiệt hại đến hệ sinh thái trong khu bảo tồn thiên nhiên với diện tích khoảng 450 mét vuông. Chúng tôi có thể phải đối mặt với những hình phạt nào?,Điều 245 - Bộ luật Hình sự (Văn bản hợp nhất 2017),True,1.0,0.5894428152492669,"**Căn cứ pháp lý:** 
Điều 245. Tội vi phạm quy định về quản lý khu bảo tồn thiên nhiên - Bộ luật Hình sự (Văn bản hợp nhất 2017)

**Nội dung quy định:**
Theo Điều 245 của Bộ luật Hình sự, người nào vi phạm quy định về quản lý khu bảo tồn thiên nhiên thuộc một trong các trường hợp sau đây, sẽ bị phạt tiền từ 50.000.000 đồng đến 300.000.000 đồng, phạt cải tạo không giam giữ đến 03 năm hoặc phạt tù từ 06 tháng đến 03 năm:

- Gây thiệt hại về tài sản từ 50.000.000 đồng đến dưới 200.000.000 đồng;
- Gây thiệt hại đến cảnh quan, hệ sinh thái tự nhiên trong phân khu bảo vệ nghiêm ngặt của khu bảo tồn thiên nhiên có tổng diện tích từ 300 mét vuông (m2) đến dưới 500 mét vuông (m2);
- Đã bị xử phạt vi phạm hành chính về một trong những hành vi này mà còn vi phạm hoặc đã bị kết án về tội này, chưa được xóa án tích mà còn vi phạm.

**Phân tích & Hướng dẫn:**
Trong trường hợp của bạn, công ty đã gây thiệt hại đến cảnh quan, hệ sinh thái tự nhiên trong phân khu bảo vệ nghiêm ngặt của khu bảo tồn thiên nhiên với diện tích khoảng 450 mét vuông, vượt quá giới hạn tối thiểu quy định (300 mét vuông). Theo điều này, công ty của bạn có thể bị phạt tiền từ 50.000.000 đồng đến 300.000.000 đồng hoặc phạt cải tạo không giam giữ đến 03 năm hoặc phạt tù từ 06 tháng đến 03 năm.

Tuy nhiên, cần lưu ý rằng mức hình phạt cụ thể sẽ phụ thuộc vào nhiều yếu tố khác nhau, bao gồm nhưng không giới hạn ở:

1. Số lượng và giá trị tài sản bị thiệt hại.
2. Nguồn gốc của hành vi gây thiệt hại (ví dụ: có tổ chức, tái phạm nguy hiểm).
3. Mức độ nghiêm trọng của hành vi (ví dụ:"
syn_852_1768633815,Nếu tôi lập di chúc nhưng không công chứng thì di chúc đó có giá trị pháp lý không?,Điều 635 - Bộ luật Dân sự 2015,False,1.0,0.30967741935483867,"**Căn cứ pháp lý:**
- Điều 630, Bộ Luật Dân sự 2015

**Nội dung quy định:**
1. Di chúc hợp pháp phải có đủ các điều kiện sau đây: a) Người lập di chúc minh mẫn, sáng suốt trong khi lập di chúc; không bị lừa dối, đe doạ, cưỡng ép; b) Nội dung của di chúc không vi phạm điều cấm của luật, không trái đạo đức xã hội; hình thức di chúc không trái quy định của luật.
2. Di chúc của người từ đủ mười lăm tuổi đến chưa đủ mười tám tuổi phải được lập thành văn bản và phải được cha, mẹ hoặc người giám hộ đồng ý về việc lập di chúc.
3. Di chúc của người bị hạn chế về thể chất hoặc của người không biết chữ phải được người làm chứng lập thành văn bản và có công chứng hoặc chứng thực.
4. Di chúc bằng văn bản không có công chứng, chứng thực chỉ được coi là hợp pháp, nếu có đủ các điều kiện được quy định tại khoản 1 Điều này.
5. Di chúc miệng được coi là hợp pháp nếu người di chúc miệng thể hiện ý chí cuối cùng của mình trước mặt ít nhất hai người làm chứng và ngay sau khi người di chúc miệng thể hiện ý chí cuối cùng, người làm chứng ghi chép lại, cùng ký tên hoặc điểm chỉ. Trong thời hạn 05 ngày làm việc, kể từ ngày người di chúc miệng thể hiện ý chí cuối cùng thì di chúc phải được công chứng viên hoặc cơ quan có thẩm quyền chứng thực xác nhận chữ ký hoặc điểm chỉ của người làm chứng.

**Phân tích & Hướng dẫn:**
Theo Điều 630 của Bộ Luật Dân sự 2015, di chúc không được công chứng, chứng thực vẫn có giá trị pháp lý, nhưng chỉ khi di chúc được lập theo các điều kiện cụ thể. Điều kiện này bao gồm: người lập di chúc phải minh mẫn, sáng suốt; không bị lừa dối, đe doạ, cưỡng ép; nội dung di chúc không vi phạm điều cấm của luật, không trái đạo đức xã hội; hình thức di chúc không trái quy định của luật. Nếu di chúc không được lập theo những điều kiện này, dù"
syn_33_1768627987,Gia đình tôi dự định thành lập một công ty và muốn góp vốn bằng quyền sở hữu trí tuệ mà tôi đang sở hữu. Liệu điều này có hợp pháp không?,Điều 34 - Luật Doanh nghiệp 2020,True,0.3333333333333333,0.5423312883435583,"**CĂN CỨ PHÁP LUẬT THAM KHẢO:**
---
**[Tài liệu 1] --**
- Văn bản: Luật Doanh nghiệp 2020
- Nội dung: Điều 34. Tài sản góp vốn 1. Tài sản góp vốn là Đồng Việt Nam, ngoại tệ tự do chuyển đổi, vàng, quyền sử dụng đất, quyền sở hữu trí tuệ, công nghệ, bí quyết kỹ thuật, tài sản khác có thể định giá được bằng Đồng Việt Nam.

**[Tài liệu 2] --**
- Văn bản: Luật Doanh nghiệp 2020
- Nội dung: Điều 35. Chuyển quyền sở hữu tài sản góp vốn 1. Thành viên công ty trách nhiệm hữu hạn, công ty hợp danh và cổ đông công ty cổ phần phải chuyển quyền sở hữu tài sản góp vốn cho công ty theo quy định sau đây: a) Đối với tài sản có đăng ký quyền sở hữu hoặc quyền sử dụng đất thì người góp vốn phải làm thủ tục chuyển quyền sở hữu tài sản đó hoặc quyền sử dụng đất cho công ty theo quy định của pháp luật.

---

**CÂU HỎI:**
Gia đình tôi dự định thành lập một công ty và muốn góp vốn bằng quyền sở hữu trí tuệ mà tôi đang sở hữu. Liệu điều này có hợp pháp không?

**PHÂN TÍCH & HƯỚNG DẪN:**

Theo Căn cứ pháp lý tham khảo từ Luật Doanh nghiệp 2020 (số hiệu: 88/2020/QH15), quyền sở hữu trí tuệ là một trong những loại tài sản góp vốn được phép. Điều này được quy định rõ trong Điều 34 của Luật Doanh nghiệp 2020, cụ thể như sau:

1. **Điều 34. Tài sản góp vốn**:
   - **1. Tài sản góp vốn**: 
     - ""Tài sản góp vốn là Đồng Việt Nam, ngoại tệ tự do chuyển đổi, vàng, quyền sử dụng đất, quyền sở hữu trí tuệ, công nghệ, bí quyết kỹ thuật, tài sản khác có thể định giá được bằng Đồng Việt Nam.""

Quyền sở hữu trí tuệ nằm trong danh sách tài sản góp vốn được phép quy định tại Điều 34 của Luật Doanh nghiệp 2020. Điều này cho thấy rằng"
syn_120_1768628644,Tôi có một cổ phiếu của công ty XYZ nhưng bị mất. Tôi cần làm gì để được cấp lại cổ phiếu?,Điều 121 - Luật Doanh nghiệp 2020,True,1.0,0.7684647302904564,"**Căn cứ pháp lý:**
Điều 121. Cổ phiếu - Luật Doanh nghiệp 2020

**Nội dung quy định:**
Theo Điều 121 của Luật Doanh nghiệp 2020, cổ phiếu là chứng chỉ do công ty cổ phần phát hành, bút toán ghi sổ hoặc dữ liệu điện tử xác nhận quyền sở hữu một hoặc một số cổ phần của công ty đó. Cổ phiếu phải bao gồm các nội dung chủ yếu như tên, mã số doanh nghiệp, địa chỉ trụ sở chính của công ty; số lượng cổ phần và loại cổ phần; mệnh giá mỗi cổ phần và tổng mệnh giá số cổ phần ghi trên cổ phiếu; họ, tên, địa chỉ liên lạc, quốc tịch, số giấy tờ pháp lý của cá nhân đối với cổ đông là cá nhân; tên, mã số doanh nghiệp hoặc số giấy tờ pháp lý của tổ chức, địa chỉ trụ sở chính đối với cổ đông là tổ chức; chữ ký của người đại diện theo pháp luật của công ty; số đăng ký tại sổ đăng ký cổ đông của công ty và ngày phát hành cổ phiếu; nội dung khác theo quy định tại các điều 116, 117 và 118 của Luật này đối với cổ phiếu của cổ phần ưu đãi.

**Phân tích & Hướng dẫn:**

Để được cấp lại cổ phiếu khi bạn đã mất cổ phiếu của công ty XYZ, bạn cần tuân thủ các bước sau:

1. **Đề nghị cấp lại cổ phiếu:** Theo Điều 121 của Luật Doanh nghiệp 2020, nếu cổ phiếu bị mất, bị hư hỏng hoặc bị hủy hoại, cổ đông được công ty cấp lại cổ phiếu theo đề nghị của cổ đông đó. Đề nghị của cổ đông phải bao gồm các nội dung sau: thông tin về cổ phiếu đã bị mất, bị hư hỏng hoặc bị hủy hoại dưới hình thức khác; cam kết chịu trách nhiệm về những tranh chấp phát sinh từ việc cấp lại cổ phiếu mới.

2. **Gửi đề nghị cấp lại cổ phiếu:** Bạn cần viết một đề nghị chi tiết theo yêu cầu của điều luật và gửi nó đến công ty XYZ. Đảm bảo rằng đề nghị của bạn bao gồm đầy đủ thông tin về cổ phiếu đã mất, bao gồm thông tin về mã cổ phiếu, số lượng cổ phiếu, và bất kỳ thông"
syn_490_1768631477,"Tôi đang sử dụng một mảnh đất với quyền bề mặt đã hết hạn, tôi có cần phải trả lại mặt đất ngay lập tức không?",Điều 273 - Bộ luật Dân sự 2015,True,1.0,0.6778711484593838,"**Căn cứ pháp lý:**
- Điều 273 của Bộ luật Dân sự 2015 - Văn bản: Bộ luật Dân sự 2015

**Nội dung quy định:**
1. Khi quyền bề mặt chấm dứt, chủ thể quyền bề mặt phải trả lại mặt đất, mặt nước, khoảng không gian trên mặt đất, mặt nước và lòng đất cho chủ thể có quyền sử dụng đất theo thỏa thuận hoặc theo quy định của pháp luật.
2. Chủ thể quyền bề mặt phải xử lý tài sản thuộc sở hữu của mình trước khi quyền bề mặt chấm dứt, trừ trường hợp có thỏa thuận khác.
3. Trường hợp chủ thể quyền bề mặt không xử lý tài sản trước khi quyền bề mặt chấm dứt thì quyền sở hữu tài sản đó thuộc về chủ thể có quyền sử dụng đất kể từ thời điểm quyền bề mặt chấm dứt, trừ trường hợp chủ thể có quyền sử dụng đất không nhận tài sản đó. Trường hợp chủ thể có quyền sử dụng đất không nhận tài sản mà phải xử lý tài sản thì chủ thể có quyền bề mặt phải thanh toán chi phí xử lý tài sản.

**Phân tích & Hướng dẫn:**
Theo Điều 273 của Bộ luật Dân sự 2015, khi quyền bề mặt chấm dứt, chủ thể quyền bề mặt phải trả lại mặt đất, mặt nước, khoảng không gian trên mặt đất, mặt nước và lòng đất cho chủ thể có quyền sử dụng đất. Tuy nhiên, điều này không đồng nghĩa với việc họ phải trả lại ngay lập tức. 

Người dùng cần phải thực hiện các bước sau:
1. Kiểm tra thỏa thuận giữa hai bên về việc xử lý tài sản nếu có.
2. Nếu không có thỏa thuận, người dùng sẽ phải xử lý tài sản trước khi quyền bề mặt chấm dứt.
3. Nếu không thể xử lý tài sản trước thời điểm quyền bề mặt chấm dứt, họ cần phải liên hệ với chủ thể có quyền sử dụng đất để xem xét việc nhận lại tài sản hoặc việc thanh toán chi phí xử lý tài sản.

Như vậy, người dùng không cần phải trả lại mặt đất ngay lập tức, nhưng cần tuân thủ quy định về việc xử lý tài sản và liên hệ với chủ thể có quyền sử dụng đất để tránh vi phạm pháp luật."
syn_855_1768633834,Tôi là quân nhân đang phục vụ tại ngũ và không thể yêu cầu công chứng di chúc của mình. Tôi cần biết liệu di chúc của tôi có được công nhận không nếu có xác nhận của thủ trưởng đơn vị?,Điều 638 - Bộ luật Dân sự 2015,True,1.0,0.5028312570781427,"**Căn cứ pháp lý:**
---
[Văn bản] Bộ luật Dân sự 2015 - [Tên tài liệu]

**Nội dung quy định:**
---
Điều 638. Di chúc bằng văn bản có giá trị như di chúc được công chứng hoặc chứng thực

1. Di chúc của quân nhân tại ngũ có xác nhận của thủ trưởng đơn vị từ cấp đại đội trở lên, nếu quân nhân không thể yêu cầu công chứng hoặc chứng thực.

**Phân tích & Hướng dẫn:**
---
Theo Điều 638 của Bộ luật Dân sự 2015, trong trường hợp bạn là quân nhân tại ngũ và không thể yêu cầu công chứng hoặc chứng thực di chúc của mình, bạn vẫn có thể sử dụng di chúc bằng văn bản nếu có xác nhận của thủ trưởng đơn vị từ cấp đại đội trở lên. 

Trong trường hợp này, di chúc của bạn sẽ được coi là có giá trị như di chúc đã được công chứng hoặc chứng thực. Điều này đảm bảo rằng di chúc của bạn sẽ được thừa nhận và thực thi theo đúng ý muốn của bạn.

Như vậy, bạn cần chỉ rõ thủ trưởng đơn vị của mình từ cấp đại đội trở lên xác nhận rằng họ đã xem xét và đồng ý với nội dung của di chúc của bạn. Sau đó, bạn có thể sử dụng di chúc này như một phương án thay thế cho việc công chứng hoặc chứng thực, và nó sẽ được coi là hợp pháp và có hiệu lực theo quy định của pháp luật."
syn_102_1768628509,"Tôi đang xem xét bổ nhiệm một Kiểm soát viên cho công ty của mình, nhưng người đó có 4 năm kinh nghiệm làm việc. Liệu tôi có thể bổ nhiệm người đó không?",Điều 103 - Luật Doanh nghiệp 2020,True,1.0,0.4115702479338843,"**Căn cứ pháp lý:** 
- Điều 103, Điều 162, Điều 170, Điều 171, Điều 172, Điều 173, Điều 174, Điều 168, Điều 169, Điều 65, Điều 106, Điều 170, Điều 171, Điều 172, Điều 173 và Điều 174 của Luật Doanh nghiệp 2020

**Nội dung quy định:**
Theo các quy định trên, Ban kiểm soát và Kiểm soát viên cần đáp ứng các tiêu chuẩn về kinh nghiệm làm việc, trình độ chuyên môn và điều kiện khác. Trong đó, điều kiện về kinh nghiệm làm việc cho Kiểm soát viên không quá 5 năm, trong khi Trưởng Ban kiểm soát cần ít nhất 5 năm kinh nghiệm làm việc.

**Phân tích & Hướng dẫn:**
Người bạn muốn bổ nhiệm có 4 năm kinh nghiệm làm việc. Theo quy định tại Điều 103 của Luật Doanh nghiệp 2020, nếu Ban kiểm soát chỉ có 1 Kiểm soát viên thì Kiểm soát viên đó đồng thời là Trưởng Ban kiểm soát và phải đáp ứng tiêu chuẩn của Trưởng Ban kiểm soát. Như vậy, Kiểm soát viên này cần ít nhất 5 năm kinh nghiệm làm việc để đảm bảo đủ điều kiện.

Tuy nhiên, điều này cũng phụ thuộc vào việc liệu công ty của bạn có chỉ có 1 Kiểm soát viên hay không. Nếu công ty của bạn đã bổ nhiệm nhiều Kiểm soát viên, thì người này chỉ cần đáp ứng yêu cầu về kinh nghiệm làm việc là 4 năm, không cần phải là Trưởng Ban kiểm soát.

Do đó, để chắc chắn, bạn nên tham khảo thêm thông tin về cấu trúc Ban kiểm soát hiện tại của công ty và xem xét kỹ quy định cụ thể về số lượng và tiêu chuẩn của từng vị trí trong Ban kiểm soát. Đồng thời, bạn cũng nên cân nhắc kỹ về việc bổ nhiệm người này trong bối cảnh tổng thể của công ty để đảm bảo tuân thủ đầy đủ các quy định về Ban kiểm soát và Kiểm soát viên theo Luật Doanh nghiệp 2020."
syn_291_1768630089,Tôi muốn thành lập một công ty cổ phần nhưng không biết liệu công ty của tôi có được công nhận là pháp nhân không?,Điều 74 - Bộ luật Dân sự 2015,False,1.0,0.3910171730515192,"**Căn cứ pháp lý:**
Điều 111, Luật Doanh nghiệp 2020 - Văn bản: Luật Doanh nghiệp 2020

**Nội dung quy định:**
1. Công ty cổ phần là doanh nghiệp, trong đó: 
   - Vốn điều lệ được chia thành nhiều phần bằng nhau gọi là cổ phần;
   - Cổ đông có thể là tổ chức, cá nhân;
   - Số lượng cổ đông tối thiểu là 03 và không hạn chế số lượng tối đa;
   - Cổ đông chỉ chịu trách nhiệm về các khoản nợ và nghĩa vụ tài sản khác của doanh nghiệp trong phạm vi số vốn đã góp vào doanh nghiệp;
   - Cổ đông có quyền tự do chuyển nhượng cổ phần của mình cho người khác, trừ trường hợp quy định tại khoản 3 Điều 120 và khoản 1 Điều 127 của Luật này.
2. Công ty cổ phần có tư cách pháp nhân kể từ ngày được cấp Giấy chứng nhận đăng ký doanh nghiệp.

**Phân tích & Hướng dẫn:**
Theo Điều 111, Luật Doanh nghiệp 2020, công ty cổ phần được quy định là một loại hình doanh nghiệp có tư cách pháp nhân từ ngày được cấp Giấy chứng nhận đăng ký doanh nghiệp. Điều này rõ ràng khẳng định rằng, công ty cổ phần mà bạn muốn thành lập sẽ có tư cách pháp nhân ngay từ khi được cấp Giấy chứng nhận đăng ký doanh nghiệp, mà không cần đợi đến thời điểm nào đó sau này.

Vì vậy, câu hỏi của bạn về việc công ty của bạn có được công nhận là pháp nhân hay không đã được giải đáp rõ ràng: Có, công ty của bạn sẽ được công nhận là pháp nhân ngay từ khi được cấp Giấy chứng nhận đăng ký doanh nghiệp, dựa trên quy định của Điều 111, Luật Doanh nghiệp 2020."
syn_1162_1768639441_0,"Công ty tôi có một nhân viên đã vi phạm quy định của công ty về thái độ làm việc không đúng mực. Hành vi này xảy ra vào tháng 1 năm 2023, nhưng đến tháng 7 năm 2023, tôi mới biết và quyết định xử lý kỷ luật. Vậy tôi có còn thời gian để xử lý kỷ luật nhân viên này không?",Điều 123 - Bộ luật Lao động 2019,True,0.0,0.661122661122661,"**CĂN CỨ PHÁP LUẬT THAM KHẢO:**
---
--- [Tài liệu 1] ---
Văn bản: Bộ luật Lao động 2019
Nội dung: Điều 123. Thời hiệu xử lý kỷ luật lao động 1. Thời hiệu xử lý kỷ luật lao động là 06 tháng kể từ ngày xảy ra hành vi vi phạm; trường hợp hành vi vi phạm liên quan trực tiếp đến tài chính, tài sản, tiết lộ bí mật công nghệ, bí mật kinh doanh của người sử dụng lao động thì thời hiệu xử lý kỷ luật lao động là 12 tháng. 2. Khi hết thời gian quy định tại khoản 4 Điều 122 của Bộ luật này, nếu hết thời hiệu hoặc còn thời hiệu nhưng không đủ 60 ngày thì được kéo dài thời hiệu để xử lý kỷ luật lao động nhưng không quá 60 ngày kể từ ngày hết thời gian nêu trên. 3. Người sử dụng lao động phải ban hành quyết định xử lý kỷ luật lao động trong thời hạn quy định tại khoản 1 và khoản 2 Điều này.

--- [Tài liệu 2] ---
Văn bản: Bộ luật Lao động 2019
Nội dung: Điều 122. Nguyên tắc, trình tự, thủ tục xử lý kỷ luật lao động 1. Việc xử lý kỷ luật lao động được quy định như sau: a) Người sử dụng lao động phải chứng minh được lỗi của người lao động; b) Phải có sự tham gia của tổ chức đại diện người lao động tại cơ sở mà người lao động đang bị xử lý kỷ luật là thành viên; c) Người lao động phải có mặt và có quyền tự bào chữa, nhờ luật sư hoặc tổ chức đại diện người lao động bào chữa; trường hợp là người chưa đủ 15 tuổi thì phải có sự tham gia của người đại diện theo pháp luật; d) Việc xử lý kỷ luật lao động phải được ghi thành biên bản. 2. Không được áp dụng nhiều hình thức xử lý kỷ luật lao động đối với một hành vi vi phạm kỷ luật lao động. 3. Khi một người lao động đồng thời có nhiều hành vi vi phạm kỷ luật lao động thì chỉ áp dụng hình thức kỷ luật ca"
syn_978_1768634669,"Tôi có hai con nhỏ, nhưng tôi và vợ tôi thường xuyên cãi nhau và không có môi trường hòa thuận cho con cái. Vậy tôi cần làm gì để đảm bảo quyền lợi giáo dục của con?",Điều 72 - Luật Hôn nhân và Gia đình 2014,True,1.0,0.6150537634408602,"**Căn cứ pháp lý:**
---
[Văn bản] Luật Hôn nhân và Gia đình 2014
[Nội dung] Điều 72. Nghĩa vụ và quyền giáo dục con

**Nội dung quy định:**
1. Cha mẹ có nghĩa vụ và quyền giáo dục con, chăm lo và tạo điều kiện cho con học tập.
2. Cha mẹ tạo điều kiện cho con được sống trong môi trường gia đình đầm ấm, hòa thuận; làm gương tốt cho con về mọi mặt; phối hợp chặt chẽ với nhà trường, cơ quan, tổ chức trong việc giáo dục con.
3. Cha mẹ hướng dẫn con chọn nghề; tôn trọng quyền chọn nghề, quyền tham gia hoạt động chính trị, kinh tế, văn hóa, xã hội của con.
4. Cha mẹ có thể đề nghị cơ quan, tổ chức hữu quan giúp đỡ để thực hiện việc giáo dục con khi gặp khó khăn không thể tự giải quyết được.

**Phân tích & Hướng dẫn:**
Theo quy định tại Điều 72 của Luật Hôn nhân và Gia đình 2014, cha mẹ có nghĩa vụ và quyền giáo dục con, trong đó đặc biệt nhấn mạnh việc tạo điều kiện cho con được sống trong môi trường gia đình đầm ấm, hòa thuận. Để đảm bảo quyền lợi giáo dục của con, bạn cần thực hiện các bước sau:

1. **Tạo Môi Trường Hòa Thạnh:** Đảm bảo rằng cả hai bên đều tạo ra một môi trường sống hòa thuận, thân thiện cho con cái. Điều này bao gồm việc cố gắng giảm thiểu những cuộc cãi vã, tránh gây căng thẳng và tạo ra một không gian an toàn, hạnh phúc cho con.

2. **Góp Nhập Gương Dạy Dưỡng:** Cha mẹ cần làm gương tốt trong mọi hành vi, suy nghĩ và cách ứng xử. Điều này không chỉ ảnh hưởng đến cách con học hỏi từ cha mẹ mà còn tạo ra một môi trường học tập tích cực cho con.

3. **Hợp Tác Với Nhà Trường:** Cha mẹ nên phối hợp chặt chẽ với giáo viên và nhà trường để đảm bảo con được giáo dục đúng đắn. Nếu có nhu cầu, bạn cũng có thể đề nghị cơ quan, tổ chức hữu quan hỗ trợ thêm trong việc giáo dục con.

4. **Đề Xuất Cơ Quan Hữu Quan:** Nếu gặp khó"
syn_418_1768630964,"Tôi vừa được giao một tài sản thuộc sở hữu toàn dân để quản lý, nhưng tôi không biết phải làm gì nếu có ai đó yêu cầu kiểm tra tài sản đó?",Điều 201 - Bộ luật Dân sự 2015,True,1.0,0.5933806146572104,"**CĂN CỨ PHÁP LUẬT THAM KHẢO:**
--- [Tài liệu 1] ---
Văn bản: Bộ luật Dân sự 2015
Nội dung: Điều 201. Thực hiện quyền sở hữu toàn dân đối với tài sản được giao cho cơ quan nhà nước, đơn vị vũ trang nhân dân

**Căn cứ pháp lý:**
Điều 201 - Bộ Luật Dân sự 2015

**Nội dung quy định:**
1. Khi tài sản thuộc sở hữu toàn dân được giao cho cơ quan nhà nước, đơn vị vũ trang nhân dân thì Nhà nước thực hiện quyền kiểm tra, giám sát việc quản lý, sử dụng tài sản đó.
2. Cơ quan nhà nước, đơn vị vũ trang nhân dân thực hiện việc quản lý, sử dụng đúng mục đích, theo quy định của pháp luật đối với tài sản được Nhà nước giao.

**Phân tích & Hướng dẫn:**
Theo Điều 201 của Bộ Luật Dân sự 2015, khi tài sản thuộc sở hữu toàn dân được giao cho cơ quan nhà nước hoặc đơn vị vũ trang nhân dân, Nhà nước sẽ thực hiện quyền kiểm tra, giám sát việc quản lý, sử dụng tài sản đó. 

Trong trường hợp bạn vừa được giao một tài sản thuộc sở hữu toàn dân để quản lý, nếu có ai đó yêu cầu kiểm tra tài sản đó, bạn cần tuân thủ quy định này. Bạn nên thông báo cho cơ quan nhà nước hoặc đơn vị vũ trang nhân dân biết về yêu cầu kiểm tra này, và họ sẽ tiến hành kiểm tra theo đúng quy định của pháp luật.

Đồng thời, bạn cũng cần đảm bảo rằng việc quản lý, sử dụng tài sản đó tuân thủ đúng mục đích và theo quy định của pháp luật. Nếu có bất kỳ vấn đề nào liên quan đến việc kiểm tra tài sản hoặc việc quản lý, sử dụng tài sản, bạn nên liên hệ với cơ quan nhà nước hoặc đơn vị vũ trang nhân dân để giải quyết theo đúng quy định pháp luật.

Hy vọng phân tích trên sẽ giúp bạn hiểu rõ hơn về quy định pháp luật liên quan đến việc kiểm tra tài sản mà bạn đã được giao quản lý."
syn_302_1768630160,Tôi đang muốn thành lập một công ty và không biết ai có thể là người đại diện theo pháp luật cho công ty của tôi?,Điều 85 - Bộ luật Dân sự 2015,False,1.0,0.3287671232876712,"**Căn cứ pháp lý:**
Điều 12 và Điều 14 của Luật Doanh nghiệp 2020 - Văn bản: Luật Doanh nghiệp 2020

**Nội dung quy định:**
Theo Điều 12 của Luật Doanh nghiệp 2020, người đại diện theo pháp luật của doanh nghiệp là cá nhân đại diện cho doanh nghiệp thực hiện các quyền và nghĩa vụ phát sinh từ giao dịch của doanh nghiệp. Điều 14 quy định về người đại diện theo ủy quyền của chủ sở hữu, thành viên, cổ đông công ty, trong đó xác định rõ điều kiện và quy định về việc cử người đại diện theo ủy quyền.

**Phân tích & Hướng dẫn:**
Trong trường hợp bạn muốn thành lập một công ty, người đại diện theo pháp luật có thể là cá nhân nào phụ thuộc vào loại hình công ty bạn muốn thành lập và quy định cụ thể trong Điều lệ công ty. 

1. **Công ty trách nhiệm hữu hạn (công ty TNHH):**
   - Nếu công ty có một người đại diện theo pháp luật, người đại diện này có thể là bất kỳ cá nhân nào được cử trong Điều lệ công ty.
   - Nếu công ty có nhiều hơn một người đại diện theo pháp luật, quyền và nghĩa vụ của từng người đại diện được quy định cụ thể trong Điều lệ công ty. Nếu chưa được quy định rõ, mỗi người đại diện đều là đại diện đủ thẩm quyền của doanh nghiệp trước bên thứ ba và phải chịu trách nhiệm liên đới.

2. **Công ty cổ phần:**
   - Người đại diện theo pháp luật có thể là cá nhân được cử trong Điều lệ công ty, với quy định về số lượng, chức danh quản lý và quyền, nghĩa vụ của người đại diện theo pháp luật.
   - Người đại diện theo ủy quyền của chủ sở hữu, thành viên, cổ đông công ty cũng có thể là cá nhân được cử, nhưng có các quy định cụ thể về số lượng, tỷ lệ sở hữu cổ phần và điều kiện cử người đại diện theo ủy quyền.

Để đảm bảo tuân thủ pháp luật, bạn nên tham khảo Điều lệ mẫu của các công ty tương tự hoặc liên hệ với một chuyên gia tư vấn pháp luật để có được hướng dẫn cụ thể và đầy đủ. Bạn cũng cần lưu ý rằng việc cử người đại diện theo pháp"
syn_1524_1768642149_1,"Vợ tôi là một người điều khiển phương tiện giao thông đường thủy nhưng không có giấy phép, trong khi đang điều khiển thì gây ra tai nạn khiến 2 người bị thương tích nặng. Tôi muốn biết mức phạt nào có thể áp dụng cho vợ tôi?",Điều 272 - Bộ luật Hình sự (Văn bản hợp nhất 2017),True,0.6666666666666666,0.6857514638906962,"**Căn cứ pháp lý:** 
Điều 272. Tội vi phạm quy định về điều khiển phương tiện giao thông đường thủy - Bộ Luật Hình sự (Văn bản hợp nhất 2017)

**Nội dung quy định:**
1. Người nào điều khiển phương tiện giao thông đường thủy mà vi phạm quy định về an toàn giao thông đường thủy gây thiệt hại cho người khác thuộc một trong các trường hợp sau đây, thì bị phạt tiền từ 30.000.000 đồng đến 100.000.000 đồng, phạt cải tạo không giam giữ đến 03 năm hoặc phạt tù từ 01 năm đến 05 năm: a) Làm chết người; b) Gây thương tích hoặc gây tổn hại cho sức khỏe của 01 người mà tỷ lệ tổn thương cơ thể 61% trở lên; c) Gây thương tích hoặc gây tổn hại cho sức khỏe của 02 người trở lên mà tổng tỷ lệ tổn thương cơ thể của những người này từ 61% đến 121%; d) Gây thiệt hại về tài sản từ 100.000.000 đồng đến dưới 500.000.000 đồng.
2. Phạm tội thuộc một trong các trường hợp sau đây, thì bị phạt tù từ 03 năm đến 10 năm: a) Không có bằng, giấy chứng nhận khả năng chuyên môn hoặc chứng chỉ chuyên môn phù hợp với chức danh, loại phương tiện theo quy định; b) Trong tình trạng có sử dụng rượu, bia mà trong máu hoặc hơi thở có nồng độ cồn vượt quá mức quy định, có sử dụng chất ma túy hoặc chất kích thích mạnh khác; c) Bỏ chạy để trốn tránh trách nhiệm hoặc cố ý không cứu giúp người bị nạn; d) Không chấp hành hiệu lệnh của người chỉ huy hoặc người có thẩm quyền điều khiển, giữ gìn trật tự, an toàn giao thông đường thủy; đ) Làm chết 02 người; e) Gây thương tích hoặc gây tổn hại cho sức khỏe của 02 người trở lên mà tổng tỷ lệ tổn thương cơ thể của những người này từ 122% đến 200%; g) Gây thiệt hại về tài sản từ 500.0"
syn_612_1768632289,"Tôi là người đại diện cho một công ty và đã ký kết hợp đồng với một cá nhân. Tuy nhiên, sau khi ký xong, tôi biết rằng cá nhân này đã mất năng lực hành vi dân sự. Vậy hợp đồng đó có bị vô hiệu không?",Điều 395 - Bộ luật Dân sự 2015,False,0.6666666666666666,0.39148936170212767,"**Căn cứ pháp lý:**
--- [Tài liệu 1] ---
Văn bản: Bộ luật Dân sự 2015
Nội dung: Điều 125. Giao dịch dân sự vô hiệu do người chưa thành niên, người mất năng lực hành vi dân sự, người có khó khăn trong nhận thức, làm chủ hành vi, người bị hạn chế năng lực hành vi dân sự xác lập, thực hiện 1. Khi giao dịch dân sự do người chưa thành niên, người mất năng lực hành vi dân sự, người có khó khăn trong nhận thức, làm chủ hành vi hoặc người bị hạn chế năng lực hành vi dân sự xác lập, thực hiện thì theo yêu cầu của người đại diện của người đó, Tòa án tuyên bố giao dịch đó vô hiệu nếu theo quy định của pháp luật giao dịch này phải do người đại diện của họ xác lập, thực hiện hoặc đồng ý, trừ trường hợp quy định tại khoản 2 Điều này. 2. Giao dịch dân sự của người quy định tại khoản 1 Điều này không bị vô hiệu trong trường hợp sau đây: a) Giao dịch dân sự của người chưa đủ sáu tuổi, người mất năng lực hành vi dân sự nhằm đáp ứng nhu cầu thiết yếu hàng ngày của người đó; b) Giao dịch dân sự chỉ làm phát sinh quyền hoặc chỉ miễn trừ nghĩa vụ cho người chưa thành niên, người mất năng lực hành vi dân sự, người có khó khăn trong nhận thức, làm chủ hành vi, người bị hạn chế năng lực hành vi dân sự với người đã xác lập, thực hiện giao dịch với họ; c) Giao dịch dân sự được người xác lập giao dịch thừa nhận hiệu lực sau khi đã thành niên hoặc sau khi khôi phục năng lực hành vi dân sự.

---

**Phân tích & Hướng dẫn:**

Theo điều 125 Bộ Luật Dân sự 2015, giao dịch dân sự do người mất năng lực hành vi dân sự xác lập, thực hiện không bị vô hiệu trừ trường hợp giao dịch đó phải do người đại diện của họ xác lập, thực hiện hoặc đồng ý. 

Trong trường hợp này, bạn là người đại diện cho công ty, và người được đại diện (cụ thể là cá nhân mất năng lực hành vi dân sự) đã xác lập và thực hiện giao dịch với bên thứ ba. Theo điều 125, g"
syn_484_1768631434,"Tôi muốn xây dựng một ngôi nhà trên đất của người khác nhưng chưa có sự đồng ý của họ, điều này có vi phạm quyền bề mặt không?",Điều 267 - Bộ luật Dân sự 2015,True,0.0,0.3582474226804124,"**CĂN CỨ PHÁP LUẬT THAM KHẢO:**
--- [Tài liệu 1] ---
Văn bản: Bộ luật Dân sự 2015
Nội dung: Điều 271. Nội dung của quyền bề mặt 1. Chủ thể quyền bề mặt có quyền khai thác, sử dụng mặt đất, mặt nước, khoảng không gian trên mặt đất, mặt nước và lòng đất thuộc quyền sử dụng đất của người khác để xây dựng công trình, trồng cây, canh tác nhưng không được trái với quy định của Bộ luật này, pháp luật về đất đai, xây dựng, quy hoạch, tài nguyên, khoáng sản và quy định khác của pháp luật có liên quan. 2. Chủ thể quyền bề mặt có quyền sở hữu đối với tài sản được tạo lập theo quy định tại khoản 1 Điều này. 3. Trường hợp quyền bề mặt được chuyển giao một phần hoặc toàn bộ thì chủ thể nhận chuyển giao được kế thừa quyền bề mặt theo điều kiện và trong phạm vi tương ứng với phần quyền bề mặt được chuyển giao.

--- [Tài liệu 2] ---
Văn bản: Bộ luật Dân sự 2015
Nội dung: Điều 267. Quyền bề mặt Quyền bề mặt là quyền của một chủ thể đối với mặt đất, mặt nước, khoảng không gian trên mặt đất, mặt nước và lòng đất mà quyền sử dụng đất đó thuộc về chủ thể khác.

--- [Tài liệu 3] ---
Văn bản: Bộ luật Dân sự 2015
Nội dung: Điều 269. Hiệu lực của quyền bề mặt Quyền bề mặt có hiệu lực từ thời điểm chủ thể có quyền sử dụng đất chuyển giao mặt đất, mặt nước, khoảng không gian trên mặt đất, mặt nước và lòng đất cho chủ thể có quyền bề mặt, trừ trường hợp có thỏa thuận khác hoặc luật liên quan có quy định khác. Quyền bề mặt có hiệu lực đối với mọi cá nhân, pháp nhân, trừ trường hợp luật liên quan có quy định khác.

**CÔNG DỤNG CỦA CÂU HỎI:**
Câu hỏi đề cập đến trường hợp một người muốn xây dựng ngôi nhà trên đất của người khác mà chưa có sự đồng ý của người đó. Đây là một tình huống phức tạp liên"
syn_558_1768631924,"Tôi là một trong ba người bảo lãnh cho một khoản vay, nhưng một người trong chúng tôi đã được miễn nghĩa vụ. Vậy tôi có phải thực hiện nghĩa vụ bảo lãnh không?",Điều 341 - Bộ luật Dân sự 2015,True,1.0,0.7734204793028323,"**Căn cứ pháp lý:** 
- Điều 341. Miễn việc thực hiện nghĩa vụ bảo lãnh - Bộ luật Dân sự 2015

**Nội dung quy định:**
1. Trường hợp bên bảo lãnh phải thực hiện nghĩa vụ bảo lãnh mà bên nhận bảo lãnh miễn việc thực hiện nghĩa vụ cho bên bảo lãnh thì bên được bảo lãnh không phải thực hiện nghĩa vụ đối với bên nhận bảo lãnh, trừ trường hợp có thỏa thuận hoặc pháp luật có quy định khác.
2. Trường hợp chỉ một trong số nhiều người cùng bảo lãnh liên đới được miễn việc thực hiện phần nghĩa vụ bảo lãnh của mình thì những người khác vẫn phải thực hiện nghĩa vụ bảo lãnh của họ.
3. Trường hợp một trong số những người nhận bảo lãnh liên đới miễn cho bên bảo lãnh không phải thực hiện phần nghĩa vụ đối với mình thì bên bảo lãnh vẫn phải thực hiện phần nghĩa vụ còn lại đối với những người nhận bảo lãnh liên đới còn lại.

**Phân tích & Hướng dẫn:**
Theo quy định tại Điều 341 của Bộ luật Dân sự 2015, trong trường hợp một trong ba người bảo lãnh được miễn nghĩa vụ bảo lãnh, thì những người còn lại (trong trường hợp này là bạn và hai người khác) vẫn phải thực hiện nghĩa vụ bảo lãnh của mình. 

Do đó, bạn cần tiếp tục thực hiện nghĩa vụ bảo lãnh cho khoản vay đó, trừ trường hợp có thỏa thuận hoặc pháp luật có quy định khác. Nếu bạn không có bất kỳ thỏa thuận nào khác và pháp luật cũng không có quy định khác, bạn phải thực hiện nghĩa vụ bảo lãnh như đã cam kết."
syn_128_1768628697,"Nếu tôi muốn chuyển nhượng trái phiếu riêng lẻ cho một nhà đầu tư khác, liệu có cần điều kiện gì không?",Điều 129 - Luật Doanh nghiệp 2020,True,1.0,0.4687782805429865,"**Căn cứ pháp lý:**
- Điều 129 của Luật Doanh nghiệp 2020 - Văn bản: Luật Doanh nghiệp 2020

**Nội dung quy định:**
Điều 129 của Luật Doanh nghiệp 2020 quy định về trình tự, thủ tục chào bán và chuyển nhượng trái phiếu riêng lẻ. Theo đó, trái phiếu phát hành riêng lẻ được chuyển nhượng giữa các nhà đầu tư đáp ứng điều kiện về đối tượng mua trái phiếu riêng lẻ quy định tại khoản 2 Điều 128 của Luật này, trừ trường hợp thực hiện theo bản án, quyết định của Tòa án đã có hiệu lực pháp luật, phán quyết của Trọng tài có hiệu lực hoặc thừa kế theo quy định pháp luật.

**Phân tích & Hướng dẫn:**
Theo quy định tại Điều 129 của Luật Doanh nghiệp 2020, trái phiếu riêng lẻ được chuyển nhượng giữa các nhà đầu tư đáp ứng các điều kiện sau:

1. **Nhà đầu tư chiến lược:** Đối với trái phiếu chuyển đổi riêng lẻ và trái phiếu kèm theo chứng quyền riêng lẻ, nhà đầu tư chiến lược được phép mua trái phiếu riêng lẻ.
   
2. **Nhà đầu tư chứng khoán chuyên nghiệp:** Đối với trái phiếu chuyển đổi riêng lẻ, trái phiếu kèm theo chứng quyền riêng lẻ và loại trái phiếu riêng lẻ khác, nhà đầu tư chứng khoán chuyên nghiệp được phép mua trái phiếu riêng lẻ.

Ngoài ra, trái phiếu riêng lẻ cũng có thể được chuyển nhượng cho các chủ nợ là tổ chức tài chính được lựa chọn, nếu công ty đã thanh toán đủ cả gốc và lãi của trái phiếu đã chào bán và đã đến hạn thanh toán hoặc đã thanh toán đủ các khoản nợ đến hạn trong 03 năm liên tiếp trước đợt chào bán trái phiếu (trừ trường hợp chào bán trái phiếu cho các chủ nợ là tổ chức tài chính được lựa chọn).

**Kết luận:**
Để chuyển nhượng trái phiếu riêng lẻ, bạn cần đảm bảo rằng nhà đầu tư mua trái phiếu là một trong những đối tượng được phép mua theo quy định tại Điều 129 của Luật Doanh nghiệp 2020, cụ thể là nhà đầu tư chiến lược hoặc nhà đầu tư chứng khoán chuyên nghiệp,"
syn_895_1768634105,"Tôi có hàng hóa đang trên đường từ Hà Nội đến Đà Nẵng, nếu có sự cố xảy ra thì ai sẽ chịu trách nhiệm về hàng hóa này?",Điều 678 - Bộ luật Dân sự 2015,False,0.6666666666666666,0.34072022160664817,"**Căn cứ pháp lý:** [Tài liệu 1] --- Bộ luật Hình sự (Văn bản hợp nhất 2017)

**Nội dung quy định:**
[Trích dẫn chính xác nội dung điều luật áp dụng]
Điều 226. Tội xâm phạm quyền sở hữu công nghiệp 1. Người nào cố ý xâm phạm quyền sở hữu công nghiệp đối với nhãn hiệu hoặc chỉ dẫn địa lý đang được bảo hộ tại Việt Nam mà đối tượng là hàng hóa giả mạo nhãn hiệu hoặc chỉ dẫn địa lý với quy mô thương mại hoặc thu lợi bất chính từ 100.000.000 đồng đến dưới 300.000.000 đồng hoặc gây thiệt hại cho chủ sở hữu nhãn hiệu hoặc chỉ dẫn địa lý từ 200.000.000 đồng đến dưới 500.000.000 đồng hoặc hàng hóa vi phạm trị giá từ 200.000.000 đồng đến dưới 500.000.000 đồng, thì bị phạt tiền từ 50.000.000 đồng đến 500.000.000 đồng hoặc phạt cải tạo không giam giữ đến 03 năm. 2. Phạm tội thuộc một trong các trường hợp sau đây, thì bị phạt tiền từ 500.000.000 đồng đến 1.000.000.000 đồng hoặc phạt tù từ 06 tháng đến 03 năm: a) Có tổ chức; b) Phạm tội 02 lần trở lên; c) Thu lợi bất chính 300.000.000 đồng trở lên; d) Gây thiệt hại cho chủ sở hữu nhãn hiệu hoặc chỉ dẫn địa lý 500.000.000 đồng trở lên; đ) Hàng hóa vi phạm trị giá 500.000.000 đồng trở lên. 3. Người phạm tội còn có thể bị phạt tiền từ 20.000.000 đồng đến 200.000.000 đồng, cấm đảm nhiệm chức vụ, cấm hành nghề hoặc làm công việc nhất định từ 01 năm đến 05 năm. 4. Pháp"
syn_280_1768629996,Gia đình tôi có một người thân được giám hộ và hiện đã đủ năng lực hành vi dân sự. Tôi muốn biết trong bao lâu thì người giám hộ phải thanh toán tài sản cho người đó sau khi chấm dứt việc giám hộ?,Điều 63 - Bộ luật Dân sự 2015,True,0.3333333333333333,0.4957426679280984,"**CĂN CỨ PHÁP LUẬT THAM KHẢO:**
--- [Tài liệu 1] ---
Văn bản: Bộ luật Dân sự 2015
Nội dung: Điều 63. Hậu quả chấm dứt việc giám hộ 1. Trường hợp người được giám hộ đã có năng lực hành vi dân sự đầy đủ thì trong thời hạn 15 ngày, kể từ ngày chấm dứt việc giám hộ, người giám hộ thanh toán tài sản với người được giám hộ, chuyển giao quyền, nghĩa vụ phát sinh từ giao dịch dân sự vì lợi ích của người được giám hộ cho người được giám hộ.

---

**PHÂN TÍCH VÀ HƯỚNG DẪN:**

Theo Căn cứ pháp luật tham khảo, cụ thể tại Điều 63 của Bộ Luật Dân sự 2015, khi người được giám hộ đã đủ năng lực hành vi dân sự đầy đủ, người giám hộ phải thanh toán tài sản cho người được giám hộ trong thời hạn 15 ngày, kể từ ngày chấm dứt việc giám hộ.

Trong trường hợp bạn nêu, người thân của gia đình bạn đã đủ năng lực hành vi dân sự đầy đủ, do đó người giám hộ cần thanh toán tài sản cho người đó trong thời hạn 15 ngày kể từ ngày chấm dứt việc giám hộ.

Điều này bao gồm việc người giám hộ phải chuyển giao quyền và nghĩa vụ phát sinh từ giao dịch dân sự vì lợi ích của người được giám hộ cho người đó."
syn_75_1768628302,Tôi muốn biết liệu mình có thể quyết định thành lập công ty con hay không và quy trình thực hiện là gì?,Điều 76 - Luật Doanh nghiệp 2020,False,1.0,0.3956043956043956,"**Căn cứ pháp lý:**
---
- **[Tài liệu 1]** - **Luật Doanh nghiệp 2020**, Điều 195

**Nội dung quy định:**
---
1. Một công ty được coi là công ty mẹ của công ty khác nếu thuộc một trong các trường hợp sau đây: a) Sở hữu trên 50% vốn điều lệ hoặc tổng số cổ phần phổ thông của công ty đó; b) Có quyền trực tiếp hoặc gián tiếp quyết định bổ nhiệm đa số hoặc tất cả thành viên Hội đồng quản trị, Giám đốc hoặc Tổng giám đốc của công ty đó; c) Có quyền quyết định việc sửa đổi, bổ sung Điều lệ của công ty đó.

2. Công ty con không được đầu tư mua cổ phần, góp vốn vào công ty mẹ. Các công ty con của cùng một công ty mẹ không được đồng thời cùng góp vốn, mua cổ phần để sở hữu chéo lẫn nhau.

3. Chính phủ quy định chi tiết khoản 2 và khoản 3 Điều này.

---

**Phân tích & Hướng dẫn:**
---
Theo Điều 195 của Luật Doanh nghiệp 2020, để quyết định thành lập công ty con, bạn cần đảm bảo rằng công ty bạn hiện tại đã sở hữu trên 50% vốn điều lệ hoặc tổng số cổ phần phổ thông của công ty con tiềm năng hoặc có quyền quyết định việc bổ nhiệm đa số hoặc tất cả thành viên Hội đồng quản trị, Giám đốc hoặc Tổng giám đốc của công ty con. 

Tuy nhiên, cần lưu ý rằng quy định về sở hữu chéo và việc không được góp vốn hoặc mua cổ phần vào công ty mẹ cũng cần tuân thủ. Ngoài ra, Chính phủ sẽ quy định chi tiết về các trường hợp đặc biệt.

Quy trình thành lập công ty con sẽ bao gồm các bước cơ bản sau:

1. **Xác định Mục đích và Đánh Giá:** Xác định rõ mục tiêu và khả năng tài chính để thành lập công ty con.
2. **Thiết kế Tổ chức và Phân Biệt:** Thiết kế cấu trúc tổ chức phù hợp cho công ty con, bao gồm việc xác định các vị trí quản lý và chức năng.
3. **Xác định Quyền Quan Hệ:** Xác định các quyền và nghĩa vụ của công ty mẹ đối với công ty con theo Điều 196 của Luật Doanh"
syn_927_1768634315,"Vợ tôi đã bị một người bạn của tôi xúc phạm và tôi không có hành động bảo vệ cô ấy, liệu tôi có bị coi là vi phạm nghĩa vụ tôn trọng danh dự, nhân phẩm của vợ không?",Điều 21 - Luật Hôn nhân và Gia đình 2014,True,1.0,0.5322033898305085,"**Căn cứ pháp lý:**
--- [Tài liệu 1] ---
Văn bản: Luật Hôn nhân và Gia đình 2014
Nội dung: Điều 21. Tôn trọng danh dự, nhân phẩm, uy tín của vợ, chồng Vợ, chồng có nghĩa vụ tôn trọng, giữ gìn và bảo vệ danh dự, nhân phẩm, uy tín cho nhau.

---

**Nội dung quy định:**
Theo Điều 21 của Luật Hôn nhân và Gia đình 2014, vợ và chồng có nghĩa vụ tôn trọng, giữ gìn và bảo vệ danh dự, nhân phẩm, uy tín cho nhau.

---

**Phân tích & Hướng dẫn:**
Theo quy định trên, nếu vợ bạn bị xúc phạm danh dự, nhân phẩm hoặc uy tín bởi một người bạn của bạn, và bạn không có hành động bảo vệ vợ mình, thì có thể coi như bạn đã vi phạm nghĩa vụ tôn trọng danh dự, nhân phẩm của vợ. 

Điều này có thể dẫn đến hậu quả pháp lý, cụ thể là bạn có thể bị coi là vi phạm nghĩa vụ tôn trọng danh dự, nhân phẩm của vợ. Tuy nhiên, để có quyết định chính xác, cần xem xét thêm các yếu tố khác như thời điểm xúc phạm, hành vi xúc phạm, và mối quan hệ giữa bạn và vợ bạn.

Ngoài ra, bạn cũng nên tham khảo ý kiến của một chuyên gia pháp luật để đảm bảo rằng mọi hành động của bạn đều tuân thủ đầy đủ các quy định pháp luật, đồng thời bảo vệ quyền lợi hợp pháp của vợ mình."
syn_1492_1768641893_2,"Tôi đang chăm sóc cho một người bạn bị bệnh truyền nhiễm nhưng không tuân thủ các quy định phòng ngừa. Nếu bệnh của bạn tôi lây lan ra cộng đồng, tôi có thể chịu trách nhiệm pháp lý như thế nào?",Điều 240 - Bộ luật Hình sự (Văn bản hợp nhất 2017),True,1.0,0.6317539484621779,"**Căn cứ pháp lý:** 
Điều 240. Tội làm lây lan dịch bệnh truyền nhiễm nguy hiểm cho người - Văn bản: Bộ luật Hình sự (Văn bản hợp nhất 2017)

**Nội dung quy định:**
Điều 240. Tội làm lây lan dịch bệnh truyền nhiễm nguy hiểm cho người quy định rằng người nào thực hiện một trong các hành vi sau đây, làm lây lan dịch bệnh truyền nhiễm nguy hiểm cho người, thì bị phạt tiền từ 50.000.000 đồng đến 200.000.000 đồng hoặc phạt tù từ 01 năm đến 05 năm: a) Đưa ra hoặc cho phép đưa ra khỏi vùng có dịch bệnh động vật, thực vật, sản phẩm động vật, thực vật hoặc vật phẩm khác có khả năng lây truyền dịch bệnh nguy hiểm cho người, trừ trường hợp pháp luật có quy định khác; b) Đưa vào hoặc cho phép đưa vào lãnh thổ Việt Nam động vật, thực vật hoặc sản phẩm động vật, thực vật bị nhiễm bệnh hoặc mang mầm bệnh nguy hiểm có khả năng lây truyền cho người; c) Hành vi khác làm lây lan dịch bệnh nguy hiểm cho người. 

**Phân tích & Hướng dẫn:**
Theo Điều 240 của Bộ Luật Hình sự 2015, nếu bạn đã chăm sóc cho một người bạn bị bệnh truyền nhiễm mà không tuân thủ các quy định phòng ngừa, và bệnh của người bạn này đã lây lan ra cộng đồng, thì có thể bạn sẽ bị truy cứu trách nhiệm hình sự về tội ""làm lây lan dịch bệnh truyền nhiễm nguy hiểm cho người"". 

Để xác định mức hình phạt cụ thể, cần xem xét các yếu tố sau:
1. Tình trạng sức khỏe và khả năng gây lây nhiễm của người bệnh.
2. Cách thức mà bệnh của người bệnh đã lây lan ra cộng đồng.
3. Nguồn gốc và mức độ nghiêm trọng của việc lây nhiễm.

Nếu bệnh của người bạn bị nhiễm bệnh truyền nhiễm nguy hiểm và lây lan ra cộng đồng, có thể bạn sẽ bị phạt tiền từ 50.000.000 đồng đến 200.000.000 đồng hoặc phạt tù từ 01 năm đến 0"
syn_537_1768631786,"Tôi đã thế chấp một căn nhà cho ngân hàng, nhưng hiện tại tôi gặp khó khăn tài chính không thể trả nợ. Tôi có thể bán căn nhà đó không?",Điều 320 - Bộ luật Dân sự 2015,False,1.0,0.4218616567036721,"**Căn cứ pháp lý:**
---
[Văn bản] Bộ luật Dân sự 2015  
[Nội dung] Điều 321. Quyền của bên thế chấp

---

**Nội dung quy định:**
---
1. Khai thác công dụng, hưởng hoa lợi, lợi tức từ tài sản thế chấp, trừ trường hợp hoa lợi, lợi tức cũng là tài sản thế chấp theo thỏa thuận.
2. Đầu tư để làm tăng giá trị của tài sản thế chấp.
3. Nhận lại tài sản thế chấp do người thứ ba giữ và giấy tờ liên quan đến tài sản thế chấp do bên nhận thế chấp giữ khi nghĩa vụ được bảo đảm bằng thế chấp chấm dứt hoặc được thay thế bằng biện pháp bảo đảm khác.
4. Được bán, thay thế, trao đổi tài sản thế chấp, nếu tài sản đó là hàng hóa luân chuyển trong quá trình sản xuất, kinh doanh. Trong trường hợp này, quyền yêu cầu bên mua thanh toán tiền, số tiền thu được, tài sản hình thành từ số tiền thu được, tài sản được thay thế hoặc được trao đổi trở thành tài sản thế chấp. Trường hợp tài sản thế chấp là kho hàng thì bên thế chấp được quyền thay thế hàng hóa trong kho, nhưng phải bảo đảm giá trị của hàng hóa trong kho đúng như thỏa thuận.
5. Được bán, trao đổi, tặng cho tài sản thế chấp không phải là hàng hóa luân chuyển trong quá trình sản xuất, kinh doanh, nếu được bên nhận thế chấp đồng ý hoặc theo quy định của luật.
6. Được cho thuê, cho mượn tài sản thế chấp nhưng phải thông báo cho bên thuê, bên mượn biết về việc tài sản cho thuê, cho mượn đang được dùng để thế chấp và phải thông báo cho bên nhận thế chấp biết.

---

**Phân tích & Hướng dẫn:**
---
Theo quy định tại Điều 321 của Bộ Luật Dân sự 2015, bên thế chấp có quyền được bán, thay thế, trao đổi tài sản thế chấp, miễn là tài sản đó là hàng hóa luân chuyển trong quá trình sản xuất, kinh doanh. 

Trong trường hợp của bạn, bạn đã thế chấp một căn nhà cho ngân hàng. Nếu căn nhà đó là hàng hóa luân chuyển trong quá trình sản xuất, kinh doanh, bạn có"
syn_1590_1768642740_1,"Chồng tôi đã nhận được thông báo từ nhà tuyển dụng rằng họ đã phát hiện giấy tờ của anh ấy bị giả mạo và yêu cầu giải trình. Nếu chồng tôi không có ý định chiếm đoạt tài sản, liệu anh ấy có bị xử lý hình sự không?",Điều 339 - Bộ luật Hình sự (Văn bản hợp nhất 2017),False,1.0,0.3676148796498906,"**Căn cứ pháp lý:**
- Điều 359, Bộ luật Hình sự (Văn bản hợp nhất 2017)

**Nội dung quy định:**
Điều 359 quy định về tội giả mạo trong công tác. Theo điều này, người nào vì vụ lợi hoặc động cơ cá nhân khác mà lợi dụng chức vụ, quyền hạn thực hiện một trong các hành vi sau đây, sẽ bị phạt tù từ 01 năm đến 05 năm:
- Sửa chữa, làm sai lệch nội dung giấy tờ, tài liệu;
- Làm, cấp giấy tờ giả;
- Giả mạo chữ ký của người có chức vụ, quyền hạn.

**Phân tích & Hướng dẫn:**
Theo thông báo từ nhà tuyển dụng, chồng bạn đã nhận được giấy tờ bị giả mạo. Tuy nhiên, bạn đã khẳng định rằng chồng bạn không có ý định chiếm đoạt tài sản. 

Việc chồng bạn nhận được thông báo về giấy tờ bị giả mạo có thể được hiểu là hành vi làm sai lệch nội dung giấy tờ, tài liệu mà chồng bạn đang sử dụng. Điều này nằm trong phạm vi tội giả mạo trong công tác theo quy định tại Điều 359 Bộ luật Hình sự.

Dù chồng bạn không có ý định chiếm đoạt tài sản, nhưng hành vi giả mạo giấy tờ vẫn là hành vi vi phạm pháp luật. Việc chồng bạn bị xử lý hình sự sẽ phụ thuộc vào các yếu tố khác như mức độ nghiêm trọng của hành vi, có tổ chức hay không, số lượng giấy tờ giả, và nhiều yếu tố khác.

Để tránh rắc rối pháp lý, chồng bạn nên giải trình rõ ràng với nhà tuyển dụng về nguyên nhân và quá trình kiểm tra giấy tờ. Đồng thời, chồng bạn cũng cần tìm hiểu kỹ hơn về nguyên nhân gây ra tình trạng giấy tờ bị giả mạo, có biện pháp khắc phục và phòng ngừa tương lai.

Trong trường hợp chồng bạn không giải trình được hoặc không có biện pháp khắc phục phù hợp, nhà tuyển dụng có thể đưa ra yêu cầu tố cáo chồng bạn lên cơ quan chức năng. Mức độ xử lý hình sự sẽ phụ thuộc vào quyết định của cơ quan chức năng sau khi điều tra, xác minh.

Nếu chồng bạn không có ý định chiếm đoạt tài sản và chỉ đơn thuần là mắc phải lỗi trong quá trình làm việc, thì có thể có cơ hội được giảm"
syn_1587_1768642716_1,"Tôi đang cần làm thủ tục đăng ký hộ tịch cho con tôi, nhưng nghe nói có người đã dùng giấy tờ hộ tịch đã cấp trái pháp luật để thực hiện một số hành vi trái pháp luật khác. Tôi có cần lo lắng về tính hợp pháp của giấy tờ hộ tịch của con tôi không?",Điều 336 - Bộ luật Hình sự (Văn bản hợp nhất 2017),True,1.0,0.5984555984555985,"**Căn cứ pháp lý:** 
- Điều 336. Tội đăng ký hộ tịch trái pháp luật - Bộ luật Hình sự (Văn bản hợp nhất 2017)

**Nội dung quy định:**
1. Người nào có nhiệm vụ, quyền hạn mà thực hiện việc đăng ký, cấp giấy tờ về hộ tịch trái pháp luật, đã bị xử lý kỷ luật về hành vi này mà còn vi phạm, thì bị phạt cảnh cáo, phạt cải tạo không giam giữ đến 03 năm.
2. Phạm tội thuộc một trong các trường hợp sau đây, thì bị phạt tù từ 03 tháng đến 02 năm: a) Đăng ký, cấp giấy tờ về hộ tịch trái pháp luật cho 02 người trở lên; b) Giấy tờ về hộ tịch đã được cấp, đăng ký trái pháp luật được sử dụng để thực hiện hành vi trái pháp luật.

**Phân tích & Hướng dẫn:**
Theo quy định tại Điều 336 của Bộ luật Hình sự 2015, nếu người có nhiệm vụ, quyền hạn trong việc đăng ký, cấp giấy tờ về hộ tịch thực hiện hành vi trái pháp luật, và nếu đã bị xử lý kỷ luật về hành vi này nhưng vẫn tiếp tục vi phạm, họ sẽ bị phạt cảnh cáo hoặc cải tạo không giam giữ. Nếu hành vi này dẫn đến sử dụng giấy tờ hộ tịch trái pháp luật để thực hiện hành vi trái pháp luật, họ sẽ bị phạt tù từ 03 tháng đến 02 năm.

Trong trường hợp của bạn, nếu người khác đã sử dụng giấy tờ hộ tịch đã cấp trái pháp luật để thực hiện hành vi trái pháp luật, thì hành vi này có thể xâm phạm đến quyền lợi của bạn. Tuy nhiên, việc giấy tờ hộ tịch của con bạn đã được cấp bởi cơ quan đăng ký hộ tịch và đã được ghi chú theo quy định của pháp luật về hộ tịch, không tự động làm cho giấy tờ đó trở nên bất hợp pháp. 

Để đảm bảo tính hợp pháp của giấy tờ hộ tịch của con bạn, bạn nên liên hệ với cơ quan đăng ký hộ tịch để chắc chắn rằng mọi thông tin và thủ tục đều được thực hiện tuân thủ pháp luật. Đồng thời, nếu phát hiện ra hành vi sử dụng giấy tờ hộ tịch trái pháp luật, bạn nên báo cáo ngay cho cơ quan chức năng để được hỗ trợ.

Ngoài ra, việc liên hệ với"
syn_1481_1768641803_0,"Gia đình tôi đang có tranh chấp về việc chuyển nhượng quyền sử dụng đất nông nghiệp, nhưng không biết liệu việc chuyển nhượng này có vi phạm quy định nào của pháp luật không, vì diện tích đất là 15.000 mét vuông. Tôi lo lắng liệu chúng tôi có thể bị phạt hay không?",Điều 229 - Bộ luật Hình sự (Văn bản hợp nhất 2017),True,1.0,0.48823133826496296,"**Căn cứ pháp lý:** 
- Điều 229, Bộ luật Hình sự (Văn bản hợp nhất 2017)

**Nội dung quy định:**
Theo Điều 229, nếu người vi phạm lợi dụng hoặc lạm dụng chức vụ, quyền hạn giao đất, thu hồi, cho thuê, cho phép chuyển quyền sử dụng, cho phép chuyển mục đích sử dụng đất trái quy định của pháp luật, và nếu đất trồng lúa có diện tích từ 5.000 mét vuông (m2) đến dưới 30.000 mét vuông (m2), hoặc đất rừng đặc dụng, rừng phòng hộ, rừng sản xuất có diện tích từ 10.000 mét vuông (m2) đến dưới 50.000 mét vuông (m2), hoặc đất nông nghiệp khác và đất phi nông nghiệp có diện tích từ 10.000 mét vuông (m2) đến dưới 40.000 mét vuông (m2), thì sẽ bị phạt cải tạo không giam giữ đến 03 năm hoặc phạt tù từ 06 tháng đến 03 năm.

**Phân tích & Hướng dẫn:**
Trong trường hợp của gia đình bạn, diện tích đất nông nghiệp là 15.000 mét vuông (m2). Theo quy định tại Điều 229, đây nằm trong trường hợp được liệt kê ở điểm a, nghĩa là đất trồng lúa có diện tích từ 5.000 m2 đến dưới 30.000 m2. Do đó, nếu việc chuyển nhượng đất này không tuân thủ các quy định về quản lý đất đai, và nếu đã bị xử lý vi phạm hành chính hoặc kết án về tội này mà vẫn tiếp tục vi phạm, thì có thể bị phạt cải tạo không giam giữ đến 03 năm hoặc phạt tù từ 06 tháng đến 03 năm.

Tuy nhiên, cần lưu ý rằng quy định này chỉ áp dụng khi việc vi phạm được xác định là do lợi dụng hoặc lạm dụng chức vụ, quyền hạn. Nếu việc chuyển nhượng đất không liên quan đến chức vụ, quyền hạn hoặc không có dấu hiệu lợi dụng, lạm dụng, thì không chắc chắn sẽ bị xử lý hình sự.

Để đảm bảo quyền lợi hợp pháp và tránh vi phạm pháp luật, gia đình bạn"
syn_1674_1768643503_1,Gia đình tôi đã phải rời bỏ nhà cửa trong một cuộc chiến tranh và chứng kiến cảnh cướp bóc tài sản. Tôi muốn biết có thể yêu cầu bồi thường cho những thiệt hại mà gia đình tôi phải chịu không?,Điều 423 - Bộ luật Hình sự (Văn bản hợp nhất 2017),False,0.6666666666666666,0.36575875486381326,"**Căn cứ pháp lý:**
--- [Tài liệu 1] ---
Văn bản: Bộ luật Dân sự 2015
Nội dung: Điều 585. Nguyên tắc bồi thường thiệt hại 1. Thiệt hại thực tế phải được bồi thường toàn bộ và kịp thời. Các bên có thể thỏa thuận về mức bồi thường, hình thức bồi thường bằng tiền, bằng hiện vật hoặc thực hiện một công việc, phương thức bồi thường một lần hoặc nhiều lần, trừ trường hợp pháp luật có quy định khác. 2. Người chịu trách nhiệm bồi thường thiệt hại có thể được giảm mức bồi thường nếu không có lỗi hoặc có lỗi vô ý và thiệt hại quá lớn so với khả năng kinh tế của mình. 3. Khi mức bồi thường không còn phù hợp với thực tế thì bên bị thiệt hại hoặc bên gây thiệt hại có quyền yêu cầu Tòa án hoặc cơ quan nhà nước có thẩm quyền khác thay đổi mức bồi thường. 4. Khi bên bị thiệt hại có lỗi trong việc gây thiệt hại thì không được bồi thường phần thiệt hại do lỗi của mình gây ra. 5. Bên có quyền, lợi ích bị xâm phạm không được bồi thường nếu thiệt hại xảy ra do không áp dụng các biện pháp cần thiết, hợp lý để ngăn chặn, hạn chế thiệt hại cho chính mình.

--- [Tài liệu 2] ---
Văn bản: Bộ luật Dân sự 2015
Nội dung: Điều 170. Quyền yêu cầu bồi thường thiệt hại Chủ sở hữu, chủ thể có quyền khác đối với tài sản có quyền yêu cầu người có hành vi xâm phạm quyền sở hữu, quyền khác đối với tài sản bồi thường thiệt hại.

**Phân tích & Hướng dẫn:**

Theo các quy định của Bộ Luật Dân sự 2015, gia đình bạn có quyền yêu cầu bồi thường thiệt hại cho những thiệt hại mà gia đình bạn phải chịu do việc chứng kiến cảnh cướp bóc tài sản trong cuộc chiến tranh. Theo Điều 585 của Bộ Luật Dân sự, mọi thiệt hại thực tế phải được bồi thường toàn bộ và kịp thời, trừ trường hợp pháp luật có quy định khác. 

Trong trường hợp này, thiệt hại do cướp bóc tài sản là một thiệt hại thực tế, và theo quy định,"
syn_1079_1768638984_0,"Tôi làm việc tại một công ty từ năm 2020, nhưng gần đây tôi cảm thấy không còn phù hợp với môi trường làm việc và đã quyết định nghỉ việc mà không thông báo trước. Tôi muốn biết rằng nếu tôi rời công ty mà không báo trước, tôi có phải bồi thường cho công ty không và mức bồi thường sẽ là bao nhiêu?",Điều 40 - Bộ luật Lao động 2019,False,0.0,0.40864864864864864,"**CĂN CỨ PHÁP LUẬT THAM KHẢO:**
---
--- [Tài liệu 1] ---
Văn bản: Bộ luật Lao động 2019
Nội dung: Điều 41. Nghĩa vụ của người sử dụng lao động khi đơn phương chấm dứt hợp đồng lao động trái pháp luật 1. Phải nhận người lao động trở lại làm việc theo hợp đồng lao động đã giao kết; phải trả tiền lương, đóng bảo hiểm xã hội, bảo hiểm y tế, bảo hiểm thất nghiệp trong những ngày người lao động không được làm việc và phải trả thêm cho người lao động một khoản tiền ít nhất bằng 02 tháng tiền lương theo hợp đồng lao động. Sau khi được nhận lại làm việc, người lao động hoàn trả cho người sử dụng lao động các khoản tiền trợ cấp thôi việc, trợ cấp mất việc làm nếu đã nhận của người sử dụng lao động. Trường hợp không còn vị trí, công việc đã giao kết trong hợp đồng lao động mà người lao động vẫn muốn làm việc thì hai bên thỏa thuận để sửa đổi, bổ sung hợp đồng lao động. Trường hợp vi phạm quy định về thời hạn báo trước quy định tại khoản 2 Điều 36 của Bộ luật này thì phải trả một khoản tiền tương ứng với tiền lương theo hợp đồng lao động trong những ngày không báo trước. 2. Trường hợp người lao động không muốn tiếp tục làm việc thì ngoài khoản tiền phải trả quy định tại khoản 1 Điều này người sử dụng lao động phải trả trợ cấp thôi việc theo quy định tại Điều 46 của Bộ luật này để chấm dứt hợp đồng lao động. 3. Trường hợp người sử dụng lao động không muốn nhận lại người lao động và người lao động đồng ý thì ngoài khoản tiền người sử dụng lao động phải trả theo quy định tại khoản 1 Điều này và trợ cấp thôi việc theo quy định tại Điều 46 của Bộ luật này, hai bên thỏa thuận khoản tiền bồi thường thêm cho người lao động nhưng ít nhất bằng 02 tháng tiền lương theo hợp đồng lao động để chấm dứt hợp đồng lao động.
---
--- [Tài liệu 2] ---
Văn bản: Bộ luật Lao động 2019
Nội dung: Điều 3"
syn_1095_1768639064_2,"Vợ tôi là nhân viên của một công ty cho thuê lao động và vừa nhận được thông báo bị kỷ luật. Nếu công ty không thông báo cho tôi về lý do vi phạm của vợ tôi, họ có vi phạm nghĩa vụ nào không?",Điều 56 - Bộ luật Lao động 2019,True,1.0,0.45314109165808447,"**Căn cứ pháp lý:**
---
**Căn cứ pháp lý:**
- Văn bản: Bộ luật Lao động 2019  
- Nội dung: Điều 56 (Quyền và nghĩa vụ của doanh nghiệp cho thuê lại lao động)

**Nội dung quy định:**
Doanh nghiệp cho thuê lại lao động có trách nhiệm thông báo cho người lao động biết nội dung của hợp đồng cho thuê lại lao động. 

**Phân tích & Hướng dẫn:**
---
Theo Điều 56 của Bộ Luật Lao động 2019, doanh nghiệp cho thuê lại lao động phải thông báo cho người lao động biết nội dung của hợp đồng cho thuê lại lao động. Điều này bao gồm cả thông tin về lý do vi phạm hợp đồng lao động.

Trong trường hợp bạn đã là chủ sở hữu hợp đồng lao động của vợ bạn và công ty cho thuê lao động không thông báo cho bạn lý do vi phạm hợp đồng, thì công ty đó đã vi phạm nghĩa vụ của mình. Công ty cho thuê lao động cần phải thông báo cho bạn biết về lý do mà vợ bạn bị kỷ luật, nếu không công ty sẽ gặp rủi ro pháp lý.

Đối với vợ bạn, theo Điều 57 của Bộ Luật Lao động 2019, bên thuê lại lao động có nghĩa vụ thông báo cho người lao động thuê lại biết nội quy lao động và các quy chế khác của mình. Tuy nhiên, điều này không ảnh hưởng đến nghĩa vụ thông báo của doanh nghiệp cho thuê lại lao động.

Nếu công ty không thông báo cho bạn về lý do vi phạm hợp đồng lao động, bạn có thể yêu cầu công ty giải thích lý do và thực hiện các biện pháp khắc phục. Đồng thời, bạn cũng nên tìm kiếm sự hỗ trợ từ tổ chức bảo vệ quyền lợi cho người lao động hoặc cơ quan chức năng để bảo vệ quyền lợi hợp pháp của vợ bạn."
syn_536_1768631779,"Tôi muốn thế chấp một căn nhà cho ngân hàng, nhưng chưa kịp đăng ký hợp đồng thì bị người thứ ba tranh chấp. Vậy hợp đồng thế chấp của tôi có hiệu lực không?",Điều 319 - Bộ luật Dân sự 2015,True,1.0,0.4557260920897285,"**Căn cứ pháp lý:** 
--- [Tài liệu 1] ---
Văn bản: Bộ luật Dân sự 2015
Nội dung: Điều 319. Hiệu lực của thế chấp tài sản 1. Hợp đồng thế chấp tài sản có hiệu lực từ thời điểm giao kết, trừ trường hợp có thỏa thuận khác hoặc luật có quy định khác. 2. Thế chấp tài sản phát sinh hiệu lực đối kháng với người thứ ba kể từ thời điểm đăng ký.

---

**Nội dung quy định:**
Hợp đồng thế chấp tài sản có hiệu lực từ thời điểm giao kết, trừ trường hợp có thỏa thuận khác hoặc luật có quy định khác. Thế chấp tài sản phát sinh hiệu lực đối kháng với người thứ ba kể từ thời điểm đăng ký.

---

**Phân tích & Hướng dẫn:**
Theo điều 319 của Bộ Luật Dân sự 2015, hợp đồng thế chấp tài sản có hiệu lực từ thời điểm giao kết hợp đồng, tức là hợp đồng thế chấp của bạn đã có hiệu lực ngay từ khi bạn và ngân hàng đã thỏa thuận và giao kết hợp đồng thế chấp. Tuy nhiên, hiệu lực đối kháng với người thứ ba chỉ phát sinh từ thời điểm đăng ký hợp đồng thế chấp tại cơ quan nhà nước có thẩm quyền.

Trong trường hợp của bạn, hợp đồng thế chấp đã được giao kết nhưng chưa kịp đăng ký hợp đồng tại cơ quan nhà nước có thẩm quyền. Do đó, hợp đồng thế chấp của bạn không phát sinh hiệu lực đối kháng với người thứ ba theo quy định tại Điều 319, vì nó chưa được đăng ký.

Tuy nhiên, theo Điều 133 của Bộ Luật Dân sự 2015, trường hợp giao dịch dân sự vô hiệu nhưng tài sản đã được đăng ký tại cơ quan nhà nước có thẩm quyền, sau đó được chuyển giao bằng một giao dịch dân sự khác cho người thứ ba ngay tình và người này căn cứ vào việc đăng ký đó mà xác lập, thực hiện giao dịch thì giao dịch đó không bị vô hiệu. 

Trong trường hợp của bạn, nếu người thứ ba đã nhận tài sản mà bạn thế chấp thông qua một giao dịch dân sự khác và căn cứ vào việc đăng ký hợp đồng thế chấp mà xác lập, thực hiện giao dịch, thì hợp đồng thế chấp của bạn không"
syn_330_1768630363,"Tôi có một chiếc đồng hồ đặc biệt, có ký hiệu riêng, nhưng không biết liệu nó có được xem là vật đặc định không?",Điều 113 - Bộ luật Dân sự 2015,True,1.0,0.6286438529784538,"**Căn cứ pháp lý:**
---
[Tài liệu 1] Bộ luật Dân sự 2015 - Điều 113
---

**Nội dung quy định:**
---
Điều 113. Vật cùng loại và vật đặc định  
1. Vật cùng loại là những vật có cùng hình dáng, tính chất, tính năng sử dụng và xác định được bằng những đơn vị đo lường. Vật cùng loại có cùng chất lượng có thể thay thế cho nhau.  
2. Vật đặc định là vật phân biệt được với các vật khác bằng những đặc điểm riêng về ký hiệu, hình dáng, màu sắc, chất liệu, đặc tính, vị trí. Khi thực hiện nghĩa vụ chuyển giao vật đặc định thì phải giao đúng vật đó.
---

**Phân tích & Hướng dẫn:**
---
Theo Điều 113 của Bộ luật Dân sự 2015, một vật được coi là vật đặc định nếu nó có những đặc điểm riêng biệt, có thể phân biệt được với các vật khác thông qua các đặc điểm như ký hiệu, hình dáng, màu sắc, chất liệu, đặc tính, vị trí. 

Trong trường hợp của bạn, đồng hồ đặc biệt của bạn có ký hiệu riêng, điều này cho thấy đồng hồ của bạn có những đặc điểm riêng biệt so với các đồng hồ thông thường. Do đó, theo quy định của Điều 113, đồng hồ của bạn có thể được xem là vật đặc định.

Khi thực hiện nghĩa vụ chuyển giao vật đặc định, bạn cần phải giao đúng vật đó. Nếu bạn muốn thay thế vật đặc định, hoặc nếu không thể giao đúng vật đó, bạn cần phải thỏa thuận với bên nhận về việc thay thế bằng vật khác hoặc bồi thường thiệt hại theo quy định tại Điều 383 của Bộ luật Dân sự 2015.

Nếu bạn muốn chắc chắn hơn về việc phân loại đồng hồ của mình, bạn có thể liên hệ với một chuyên gia tư vấn pháp luật hoặc kiểm tra lại với cơ quan có thẩm quyền liên quan."
syn_508_1768631595,"Tôi đã ký hợp đồng với một vài người để cùng thực hiện một dự án, nhưng hiện tại có người không thể tiếp tục tham gia. Tôi cần biết liệu chúng tôi có thể thay thế người đó không?",Điều 291 - Bộ luật Dân sự 2015,False,0.3333333333333333,0.3529411764705882,"**CĂN CỨ PHÁP LUẬT THAM KHẢO:**
---
**[Tài liệu 1]**
- Văn bản: Bộ luật Dân sự 2015
- Nội dung: Điều 420. Thực hiện hợp đồng khi hoàn cảnh thay đổi cơ bản

**[Tài liệu 2]**
- Văn bản: Luật Doanh nghiệp 2020
- Nội dung: Điều 67. Hợp đồng, giao dịch phải được Hội đồng thành viên chấp thuận

---

**PHÂN TÍCH VÀ HƯỚNG DẪN:**

Theo Điều 420 của Bộ luật Dân sự 2015, trong trường hợp hoàn cảnh thay đổi cơ bản, bên có lợi ích bị ảnh hưởng có quyền yêu cầu bên kia đàm phán lại hợp đồng trong một thời hạn hợp lý. Điều này bao gồm trường hợp khi một bên không thể tiếp tục thực hiện hợp đồng do các biến đổi ngoài ý muốn (ví dụ như người tham gia dự án không thể tiếp tục).

Trong trường hợp của bạn, nếu một người tham gia dự án không thể tiếp tục vì các lý do khách quan và bạn muốn thay thế họ, bạn có thể thực hiện các bước sau:

1. **Đàm phán lại hợp đồng:** Bạn cần liên hệ với những người còn tham gia dự án và xem xét khả năng thay thế người không thể tiếp tục. Nếu mọi bên đều đồng ý, hợp đồng có thể được sửa đổi để bao gồm người mới tham gia.

2. **Thủ tục pháp lý:** Theo Điều 67 của Luật Doanh nghiệp 2020, tất cả các hợp đồng, giao dịch giữa công ty và đối tượng cụ thể phải được Hội đồng thành viên chấp thuận. Do đó, bạn cần thông báo cho Hội đồng thành viên về việc thay thế người tham gia dự án và họ có quyền phê duyệt hoặc từ chối việc thay thế.

3. **Quyền và nghĩa vụ của các bên:** Khi thay thế người tham gia dự án, đảm bảo rằng tất cả các bên đều hiểu và đồng ý về sự thay đổi này. Mọi thay đổi trong hợp đồng cần phải được ghi rõ ràng trong văn bản và tuân thủ quy định của pháp luật.

4. **Thực hiện hợp đồng:** Nếu hợp đồng"
syn_1473_1768641737_0,"Tôi là giám đốc một công ty nhỏ và gần đây tôi phát hiện kế toán của tôi đã giả mạo một số tài liệu để che giấu những sai sót trong báo cáo tài chính. Tôi không biết liệu tôi có thể bị truy cứu trách nhiệm hình sự hay không, vì tôi không trực tiếp tham gia vào việc giả mạo đó. Tôi nên làm gì để bảo vệ mình?",Điều 221 - Bộ luật Hình sự (Văn bản hợp nhất 2017),True,0.3333333333333333,0.5233160621761658,"**CĂN CỨ PHÁP LUẬT THAM KHẢO:**
---
--- [Tài liệu 1] ---
Văn bản: Bộ luật Hình sự (Văn bản hợp nhất 2017)
Nội dung: Điều 221. Tội vi phạm quy định về kế toán gây hậu quả nghiêm trọng

**CĂN CỨ PHÁP LUẬT THAM KHẢO:**
---
--- [Tài liệu 2] ---
Văn bản: Bộ luật Hình sự (Văn bản hợp nhất 2017)
Nội dung: Điều 359. Tội giả mạo trong công tác

**CĂN CỨ PHÁP LUẬT THAM KHẢO:**
---
--- [Tài liệu 3] ---
Văn bản: Bộ luật Hình sự (Văn bản hợp nhất 2017)
Nội dung: Điều 213. Tội gian lận trong kinh doanh bảo hiểm

**CĂN CỨ PHÁP LUẬT THAM KHẢO:**

---

**Nội dung quy định:**
---
**Điều 221. Tội vi phạm quy định về kế toán gây hậu quả nghiêm trọng**
1. Người nào lợi dụng chức vụ, quyền hạn thực hiện một trong những hành vi sau đây, gây thiệt hại từ 100.000.000 đồng đến dưới 300.000.000 đồng hoặc dưới 100.000.000 đồng nhưng đã bị xử lý kỷ luật hoặc xử phạt vi phạm hành chính về hành vi này mà còn vi phạm, thì bị phạt cải tạo không giam giữ đến 03 năm hoặc phạt tù từ 01 năm đến 05 năm:
   - a) Giả mạo, khai man, thỏa thuận hoặc ép buộc người khác giả mạo, khai man, tẩy xóa tài liệu kế toán;
   - b) Dụ dỗ, thỏa thuận hoặc ép buộc người khác cung cấp, xác nhận thông tin, số liệu kế toán sai sự thật;
   - c) Để ngoài sổ kế toán tài sản của đơn vị kế toán hoặc tài sản liên quan đến đơn vị kế toán;
   - d) Hủy bỏ hoặc cố ý làm hư hỏng tài liệu kế toán trước thời hạn lưu trữ theo quy định"
syn_92_1768628431,"Tôi muốn trở thành thành viên Hội đồng thành viên của công ty, nhưng tôi là anh trai của Giám đốc công ty. Liệu tôi có đủ điều kiện không?",Điều 93 - Luật Doanh nghiệp 2020,False,1.0,0.5130111524163569,"**CĂN CỨ PHÁP LUẬT THAM KHẢO:**
---
[Tài liệu 1] -- [Tài liệu 2] -- [Tài liệu 3]
---

**Câu hỏi:**
Tôi muốn trở thành thành viên Hội đồng thành viên của công ty, nhưng tôi là anh trai của Giám đốc công ty. Liệu tôi có đủ điều kiện không?

**Căn cứ pháp lý:**
---
[Tài liệu 1] -- [Tài liệu 2] -- [Tài liệu 3]
---

**Nội dung quy định:**
---
[Tài liệu 1] Điều 93. Tiêu chuẩn và điều kiện của thành viên Hội đồng thành viên quy định rằng thành viên Hội đồng thành viên không được là người có quan hệ gia đình của người đứng đầu, cấp phó của người đứng đầu cơ quan đại diện chủ sở hữu; thành viên Hội đồng thành viên; Giám đốc, Phó giám đốc hoặc Tổng giám đốc, Phó Tổng giám đốc và Kế toán trưởng của công ty; Kiểm soát viên công ty.
[Tài liệu 2] Điều 155. Cơ cấu tổ chức, tiêu chuẩn và điều kiện làm thành viên Hội đồng quản trị quy định tương tự về tiêu chuẩn và điều kiện của thành viên Hội đồng quản trị, bao gồm không được là người có quan hệ gia đình của Giám đốc, Tổng giám đốc và người quản lý khác của công ty.
[Tài liệu 3] Điều 101. Tiêu chuẩn, điều kiện của Giám đốc, Tổng giám đốc quy định tương tự về tiêu chuẩn và điều kiện của Giám đốc, Tổng giám đốc, bao gồm không được là người có quan hệ gia đình của người đứng đầu, cấp phó của người đứng đầu cơ quan đại diện chủ sở hữu; thành viên Hội đồng thành viên, Chủ tịch công ty; Phó Tổng giám đốc, Phó giám đốc và Kế toán trưởng của công ty; Kiểm soát viên công ty.
---

**Phân tích & Hướng dẫn:**
---
Theo các quy định pháp luật về tiêu chuẩn và điều kiện của thành viên Hội đồng thành viên, Hội đồng quản trị và Giám đốc, Tổng giám đốc được nêu trong tài liệu 1, 2 và 3, bạn cần tuân thủ các yêu cầu về không được là người có quan hệ gia đình của người đứng đầu, cấp phó của người đứng đầu cơ quan đại diện chủ sở hữu;"
syn_1213_1768639740_0,Tôi là nhân viên trong một công ty và tôi muốn thành lập tổ chức của người lao động tại doanh nghiệp. Tôi cần biết các bước và điều kiện cần thiết để gia nhập tổ chức này là gì?,Điều 174 - Bộ luật Lao động 2019,True,0.6666666666666666,0.8625664388762339,"**Căn cứ pháp lý:**
---
[Tài liệu 1] - [Bộ luật Lao động 2019]

**Nội dung quy định:**
---
Điều 174 của Bộ luật Lao động 2019 quy định rằng: ""Điều lệ tổ chức của người lao động tại doanh nghiệp phải có các nội dung chủ yếu sau đây: a) Tên, địa chỉ tổ chức; biểu tượng (nếu có); b) Tôn chỉ, mục đích và phạm vi hoạt động là bảo vệ quyền, lợi ích hợp pháp, chính đáng của thành viên tổ chức mình trong quan hệ lao động tại doanh nghiệp; cùng với người sử dụng lao động giải quyết các vấn đề liên quan đến quyền, nghĩa vụ và lợi ích của người lao động và người sử dụng lao động; xây dựng quan hệ lao động tiến bộ, hài hòa và ổn định; c) Điều kiện, thủ tục gia nhập và ra khỏi tổ chức của người lao động tại doanh nghiệp. Trong một tổ chức của người lao động tại doanh nghiệp không đồng thời có thành viên là người lao động thông thường và thành viên là người lao động trực tiếp tham gia vào quá trình ra quyết định liên quan đến điều kiện lao động, tuyển dụng lao động, kỷ luật lao động, chấm dứt hợp đồng lao động hoặc chuyển người lao động làm công việc khác; d) Cơ cấu tổ chức, nhiệm kỳ, người đại diện của tổ chức; đ) Nguyên tắc tổ chức, hoạt động; e) Thể thức thông qua quyết định của tổ chức. Những nội dung phải do thành viên quyết định theo đa số bao gồm thông qua, sửa đổi, bổ sung điều lệ của tổ chức; bầu cử, miễn nhiệm người đứng đầu và thành viên ban lãnh đạo của tổ chức; chia, tách, hợp nhất, sáp nhập, đổi tên, giải thể, liên kết tổ chức; gia nhập Công đoàn Việt Nam; g) Phí thành viên, nguồn tài sản, tài chính và việc quản lý, sử dụng tài sản, tài chính của tổ chức. Việc thu, chi tài chính của tổ chức của người lao động tại doanh nghiệp phải được theo dõi, lưu trữ và định kỳ hằng năm công khai cho thành viên của tổ chức; h) Kiến nghị và giải quyết kiến nghị của"
syn_468_1768631326,"Tôi muốn biết nếu nước thải từ nhà hàng của tôi thoát ra đường công cộng mà không có hệ thống thoát nước phù hợp, thì tôi phải làm gì?",Điều 251 - Bộ luật Dân sự 2015,True,0.6666666666666666,0.5435073627844712,"**CĂN CỨ PHÁP LUẬT THAM KHẢO:**
---
[Văn bản] Bộ luật Dân sự 2015
[Nội dung] Điều 251. Nghĩa vụ của chủ sở hữu trong việc thoát nước thải

**CĂN CỨ PHÁP LUẬT THAM KHẢO:**
---
[Văn bản] Bộ luật Dân sự 2015
[Nội dung] Điều 252. Quyền về cấp, thoát nước qua bất động sản liền kề

**CĂN CỨ PHÁP LUẬT THAM KHẢO:**
---
[Văn bản] Bộ luật Dân sự 2015
[Nội dung] Điều 250. Nghĩa vụ của chủ sở hữu trong việc thoát nước mưa

---

**Câu hỏi:**
Tôi muốn biết nếu nước thải từ nhà hàng của tôi thoát ra đường công cộng mà không có hệ thống thoát nước phù hợp, thì tôi phải làm gì?

**CĂN CỨ PHÁP LUẬT THAM KHẢO:**
---
Bộ luật Dân sự 2015
Nội dung: Điều 251. Nghĩa vụ của chủ sở hữu trong việc thoát nước thải

**Nội dung quy định:**
Chủ sở hữu nhà, công trình xây dựng khác phải làm cống ngầm hoặc rãnh thoát nước để đưa nước thải ra nơi quy định, sao cho nước thải không chảy tràn sang bất động sản của chủ sở hữu bất động sản liền kề, ra đường công cộng hoặc nơi sinh hoạt công cộng.

**PHÂN TÍCH VÀ HƯỚNG DẪN:**
Theo Điều 251 của Bộ luật Dân sự 2015, bạn, như chủ sở hữu nhà hàng, cần phải có hệ thống thoát nước thải phù hợp. Nếu nước thải từ nhà hàng của bạn đang thoát ra đường công cộng mà không có hệ thống thoát nước phù hợp, bạn cần phải cải thiện hệ thống thoát nước của mình.

Để đảm bảo tuân thủ quy định này, bạn nên:
1. **Xác định vị trí thích hợp:** Theo Điều 251, bạn phải tạo cống ngầm hoặc rãnh thoát nước để nước thải được đưa ra nơi quy định. Đảm bảo rằng nước thải"
syn_1134_1768639269_1,"Tôi là một nhân viên làm việc tại công ty xây dựng. Tháng trước, tôi đã làm thêm giờ rất nhiều nhưng trong bảng kê lương lại không thấy ghi rõ số tiền lương làm thêm. Tôi nên làm gì trong trường hợp này?",Điều 95 - Bộ luật Lao động 2019,False,1.0,0.40252897787144365,"**Căn cứ pháp lý:**
Bộ luật Lao động 2019 - Điều 98

**Nội dung quy định:**
1. Người lao động làm thêm giờ được trả lương tính theo đơn giá tiền lương hoặc tiền lương thực trả theo công việc đang làm như sau: a) Vào ngày thường, ít nhất bằng 150%; b) Vào ngày nghỉ hằng tuần, ít nhất bằng 200%; c) Vào ngày nghỉ lễ, tết, ngày nghỉ có hưởng lương, ít nhất bằng 300% chưa kể tiền lương ngày lễ, tết, ngày nghỉ có hưởng lương đối với người lao động hưởng lương ngày.
2. Người lao động làm việc vào ban đêm thì được trả thêm ít nhất bằng 30% tiền lương tính theo đơn giá tiền lương hoặc tiền lương thực trả theo công việc của ngày làm việc bình thường.
3. Người lao động làm thêm giờ vào ban đêm thì ngoài việc trả lương theo quy định tại khoản 1 và khoản 2 Điều này, người lao động còn được trả thêm 20% tiền lương tính theo đơn giá tiền lương hoặc tiền lương theo công việc làm vào ban ngày của ngày làm việc bình thường hoặc của ngày nghỉ hằng tuần hoặc của ngày nghỉ lễ, tết.
4. Chính phủ quy định chi tiết Điều này.

**Phân tích & Hướng dẫn:**

Theo Điều 98 của Bộ Luật Lao động 2019, người lao động có quyền được trả lương làm thêm giờ và làm việc vào ban đêm theo quy định cụ thể. Điều này bao gồm cả việc trả lương làm thêm giờ vào ban đêm, trong đó có thêm khoản tiền 20% tiền lương tính theo đơn giá tiền lương hoặc tiền lương thực trả theo công việc làm vào ban ngày của ngày làm việc bình thường hoặc của ngày nghỉ hằng tuần hoặc của ngày nghỉ lễ, tết.

Trong trường hợp của bạn, mặc dù đã làm thêm giờ nhưng bảng kê lương lại không ghi rõ số tiền lương làm thêm, bạn nên tiến hành các bước sau:

1. **Kiểm tra Hợp Đồng Lao Động:** Xem xét xem trong hợp đồng lao động có quy định rõ ràng về mức lương làm thêm giờ hay không. Nếu có, bạn có thể yêu cầu công ty trả lương làm thêm theo hợp đồng.

2."
syn_1579_1768642649_2,"Vợ tôi đang gặp rắc rối vì bị một người khác lôi kéo vào việc bán dâm. Nếu tôi muốn bảo vệ cô ấy và tố cáo người đó, liệu có điều gì tôi cần chú ý để không vướng vào trách nhiệm pháp lý?",Điều 328 - Bộ luật Hình sự (Văn bản hợp nhất 2017),False,0.3333333333333333,0.32938856015779094,"**Căn cứ pháp lý:**
--- [Tài liệu 1] ---
Văn bản: Luật Hôn nhân và Gia đình 2014
Nội dung: Điều 5. Bảo vệ chế độ hôn nhân và gia đình 1. Quan hệ hôn nhân và gia đình được xác lập, thực hiện theo quy định của Luật này được tôn trọng và được pháp luật bảo vệ. 2. Cấm các hành vi sau đây: a) ... b) ... c) Người đang có vợ, có chồng mà kết hôn hoặc chung sống như vợ chồng với người khác hoặc chưa có vợ, chưa có chồng mà kết hôn hoặc chung sống như vợ chồng với người đang có chồng, có vợ; d) ... e) Cưỡng ép ly hôn, lừa dối ly hôn, cản trở ly hôn; f) ... g) ... h) Lợi dụng việc thực hiện quyền về hôn nhân và gia đình để mua bán người, bóc lột sức lao động, xâm phạm tình dục hoặc có hành vi khác nhằm mục đích trục lợi. 3. Mọi hành vi vi phạm pháp luật về hôn nhân và gia đình phải được xử lý nghiêm minh, đúng pháp luật. Cơ quan, tổ chức, cá nhân có quyền yêu cầu Tòa án, cơ quan khác có thẩm quyền áp dụng biện pháp kịp thời ngăn chặn và xử lý người có hành vi vi phạm pháp luật về hôn nhân và gia đình. 4. Danh dự, nhân phẩm, uy tín, bí mật đời tư và các quyền riêng tư khác của các bên được tôn trọng, bảo vệ trong quá trình giải quyết vụ việc về hôn nhân và gia đình.

--- [Tài liệu 2] ---
Văn bản: Bộ luật Hình sự (Văn bản hợp nhất 2017)
Nội dung: Điều 19. Không tố giác tội phạm[8] 1. Người nào biết rõ tội phạm đang được chuẩn bị, đang được thực hiện hoặc đã được thực hiện mà không tố giác, thì phải chịu trách nhiệm hình sự về tội không tố giác tội phạm quy định tại Điều 390 của Bộ luật này. 2. Người không tố giác là ông, bà, cha, mẹ, con, cháu, anh chị em ruột, vợ hoặc chồng của người phạm tội không phải chịu trách nhiệm hình sự theo quy định tại khoản 1 Điều này, trừ trường hợp không tố giác"
syn_132_1768628730,"Công ty tôi muốn mua lại 15% cổ phần phổ thông đã bán, liệu điều này có được phép không và cần có quyết định của ai?",Điều 133 - Luật Doanh nghiệp 2020,True,1.0,0.46189376443418007,"**Căn cứ pháp lý:** 
Điều 133, Điều 120 và Điều 132 - Luật Doanh nghiệp 2020

**Nội dung quy định:**
- Theo Điều 133 của Luật Doanh nghiệp 2020, công ty có quyền mua lại không quá 30% tổng số cổ phần phổ thông đã bán, một phần hoặc toàn bộ cổ phần ưu đãi cổ tức đã bán.
- Điều 120 quy định về cổ phần phổ thông của cổ đông sáng lập, trong đó yêu cầu rằng các cổ đông sáng lập phải cùng nhau đăng ký mua ít nhất 20% tổng số cổ phần phổ thông được quyền chào bán khi đăng ký thành lập doanh nghiệp.
- Điều 132 quy định về việc công ty mua lại cổ phần theo yêu cầu của cổ đông, trong đó yêu cầu phải được gửi đến công ty trong thời hạn 10 ngày kể từ ngày Đại hội đồng cổ đông thông qua nghị quyết về các vấn đề quy định tại khoản này.

**Phân tích & Hướng dẫn:**
Theo Điều 133 của Luật Doanh nghiệp 2020, công ty có quyền mua lại không quá 30% tổng số cổ phần phổ thông đã bán. Vì công ty bạn muốn mua lại 15% cổ phần phổ thông đã bán, điều này nằm trong phạm vi cho phép. 

Tuy nhiên, để thực hiện việc mua lại, công ty cần có quyết định của Đại hội đồng cổ đông. Theo Điều 133, quyết định mua lại cổ phần phải được thông báo bằng phương thức để bảo đảm đến được tất cả cổ đông trong thời hạn 30 ngày kể từ ngày quyết định đó được thông qua. 

Việc mua lại cổ phần phổ thông được coi là mua lại cổ phần theo quyết định của công ty, vì vậy cần có sự phê duyệt của Đại hội đồng cổ đông. 

Do đó, công ty bạn cần thông báo về quyết định mua lại cổ phần phổ thông cho tất cả cổ đông trong thời hạn 30 ngày kể từ ngày quyết định đó được thông qua, và cần phải có sự phê duyệt của Đại hội đồng cổ đông để thực hiện việc mua lại 15% cổ phần phổ thông đã bán."
syn_1023_1768638702_1,"Chồng tôi và tôi đã ly thân được 6 tháng. Hiện tại, chúng tôi đang tranh cãi về việc cấp dưỡng cho con gái 8 tuổi của chúng tôi. Chồng tôi muốn tiếp tục cấp dưỡng hàng quý, trong khi tôi lại muốn cấp dưỡng hàng tháng. Nếu chúng tôi không thể thỏa thuận được, tôi có thể yêu cầu Tòa án giải quyết vấn đề này không?",Điều 117 - Luật Hôn nhân và Gia đình 2014,True,0.6666666666666666,0.49676025917926575,"**CĂN CỨ PHÁP LUẬT THAM KHẢO:**

- **[Tài liệu 1]**: Điều 117. Phương thức cấp dưỡng
- **[Tài liệu 2]**: Điều 116. Mức cấp dưỡng

**Nội dung quy định:**

- Theo Điều 117 của Luật Hôn nhân và Gia đình 2014, việc cấp dưỡng có thể được thực hiện định kỳ hàng tháng, hàng quý, nửa năm, hàng năm hoặc một lần.
- Theo Điều 116 của Luật Hôn nhân và Gia đình 2014, mức cấp dưỡng do người có nghĩa vụ cấp dưỡng và người được cấp dưỡng hoặc người giám hộ của người đó thỏa thuận căn cứ vào thu nhập, khả năng thực tế của người có nghĩa vụ cấp dưỡng và nhu cầu thiết yếu của người được cấp dưỡng; nếu không thỏa thuận được thì yêu cầu Tòa án giải quyết.

**Phân tích & Hướng dẫn:**

Theo quy định của Luật Hôn nhân và Gia đình 2014, việc cấp dưỡng có thể được thực hiện định kỳ hàng tháng, hàng quý, nửa năm, hàng năm hoặc một lần. Điều này cho thấy người có nghĩa vụ cấp dưỡng (chồng bạn) có quyền chọn cách thức cấp dưỡng phù hợp với khả năng tài chính và nhu cầu của con bạn.

Hiện tại, chồng bạn muốn tiếp tục cấp dưỡng hàng quý, trong khi bạn muốn cấp dưỡng hàng tháng. Nếu hai bên không thể thỏa thuận được về phương thức cấp dưỡng, theo quy định, bạn có quyền yêu cầu Tòa án giải quyết vấn đề này. Tòa án sẽ xem xét và quyết định phương thức cấp dưỡng phù hợp nhất dựa trên thu nhập, khả năng tài chính và nhu cầu của con bạn.

Lưu ý rằng, dù phương thức cấp dưỡng đã được thỏa thuận, nếu có lý do chính đáng, mức cấp dưỡng có thể thay đổi. Tuy nhiên, thay đổi mức cấp dưỡng cũng cần được yêu cầu và quyết định bởi Tòa án.

Tóm lại, bạn hoàn toàn có quyền yêu cầu Tòa án giải quyết vấn đề về phương thức cấp dưỡng cho con bạn nếu hai bên không thể thỏa thuận được."
syn_1609_1768642914_1,"Chồng tôi là một quan chức, một lần anh ấy đã nhận quà tặng từ một nhà thầu sau khi ký hợp đồng. Nếu bị phát hiện, anh ấy có thể bị xử lý ra sao?",Điều 358 - Bộ luật Hình sự (Văn bản hợp nhất 2017),False,1.0,0.4705882352941177,"**Căn cứ pháp lý:**
Điều 354. Tội nhận hối lộ - Văn bản: Bộ luật Hình sự (Văn bản hợp nhất 2017)

**Nội dung quy định:**
1. Người nào lợi dụng chức vụ, quyền hạn trực tiếp hoặc qua trung gian nhận hoặc sẽ nhận bất kỳ lợi ích nào sau đây cho chính bản thân người đó hoặc cho người hoặc tổ chức khác để làm hoặc không làm một việc vì lợi ích hoặc theo yêu cầu của người đưa hối lộ, thì bị phạt tù từ 02 năm đến 07 năm: a) Tiền, tài sản hoặc lợi ích vật chất khác trị giá từ 2.000.000 đồng đến dưới 100.000.000 đồng hoặc dưới 2.000.000 đồng nhưng đã bị xử lý kỷ luật về hành vi này mà còn vi phạm hoặc đã bị kết án về một trong các tội quy định tại Mục 1 Chương này, chưa được xóa án tích mà còn vi phạm; b) Lợi ích phi vật chất.

**Phân tích & Hướng dẫn:**
Theo quy định tại Điều 354 của Bộ luật Hình sự, nếu quan chức nhận quà tặng từ nhà thầu sau khi ký hợp đồng, và nếu giá trị quà tặng nằm trong khoảng từ 2.000.000 đồng đến dưới 100.000.000 đồng hoặc dưới 2.000.000 đồng nhưng đã bị xử lý kỷ luật về hành vi này mà còn vi phạm hoặc đã bị kết án về một trong các tội quy định tại Mục 1 Chương này, chưa được xóa án tích mà còn vi phạm, thì anh ta có thể bị phạt tù từ 2 năm đến 7 năm.

Tuy nhiên, cần lưu ý rằng, việc nhận quà tặng từ nhà thầu sau khi ký hợp đồng có thể không phải là hành vi phạm tội nếu không có dấu hiệu lợi dụng chức vụ, quyền hạn để nhận hối lộ. Để chắc chắn, cần xem xét đầy đủ các yếu tố liên quan, bao gồm nhưng không giới hạn ở việc xác định giá trị quà tặng, mục đích nhận quà, và việc quan chức có lợi dụng chức vụ, quyền hạn để nhận hối lộ hay không.

Nếu phát hiện hành vi này, cần báo"
syn_804_1768633511,"Tôi tham gia một sự kiện thể thao và vô tình làm hỏng xe của một người khác. Nếu có nhiều người khác cũng làm hỏng xe đó, tôi có phải bồi thường cùng với họ không?",Điều 587 - Bộ luật Dân sự 2015,False,1.0,0.360381861575179,"**Căn cứ pháp lý:** [Tài liệu 1] -- Bộ luật Hình sự (Văn bản hợp nhất 2017)

**Nội dung quy định:**
Theo Điều 265 của Bộ luật Hình sự, người tổ chức đua xe trái phép sẽ bị xử phạt tiền hoặc tù tùy thuộc vào mức độ nghiêm trọng của hành vi. Tuy nhiên, quy định cụ thể về trách nhiệm bồi thường thiệt hại trong trường hợp tổ chức đua xe trái phép không trực tiếp liên quan đến việc tổ chức đua xe.

**Phân tích & Hướng dẫn:**
Trong trường hợp này, bạn và những người khác tham gia sự kiện thể thao nhưng không rõ ràng là đã tổ chức đua xe trái phép. Do đó, quy định về trách nhiệm bồi thường thiệt hại từ Điều 265 không áp dụng cho tình huống này.

Theo [Tài liệu 2] - Bộ luật Dân sự 2015, trách nhiệm bồi thường thiệt hại trong trường hợp vận chuyển và thuê vận chuyển chỉ áp dụng khi có sự cố xảy ra trong quá trình vận chuyển. 

Trong trường hợp bạn và những người khác chỉ là khách tham dự sự kiện thể thao và không tổ chức đua xe trái phép, trách nhiệm bồi thường thiệt hại sẽ dựa trên các quy định về trách nhiệm dân sự và hợp đồng trong [Tài liệu 3] - Bộ luật Lao động 2019.

Đối với trường hợp bạn và những người khác gây thiệt hại tài sản của người khác, mỗi cá nhân có trách nhiệm bồi thường thiệt hại theo quy định của pháp luật. Tuy nhiên, nếu thiệt hại nhỏ và không vượt quá 10 tháng lương tối thiểu vùng, theo quy định tại khoản 1 Điều 102 Bộ luật Lao động, bạn và những người khác chỉ cần bồi thường tối đa 3 tháng lương.

Như vậy, bạn và những người khác chỉ chịu trách nhiệm bồi thường thiệt hại cho tài sản của người khác theo quy định về trách nhiệm dân sự và hợp đồng, chứ không phải chịu trách nhiệm hình sự như quy định tại Điều 265 Bộ luật Hình sự."
syn_581_1768632096,"Tôi đang lái xe và vô tình va chạm với xe khác, tôi có phải chịu trách nhiệm dân sự không?",Điều 364 - Bộ luật Dân sự 2015,True,0.6666666666666666,0.34575569358178054,"**Căn cứ pháp lý:** 
--- [Tài liệu 1] ---
Văn bản: Bộ luật Dân sự 2015
Nội dung: Điều 351. Trách nhiệm dân sự do vi phạm nghĩa vụ 1. Bên có nghĩa vụ mà vi phạm nghĩa vụ thì phải chịu trách nhiệm dân sự đối với bên có quyền. Vi phạm nghĩa vụ là việc bên có nghĩa vụ không thực hiện nghĩa vụ đúng thời hạn, thực hiện không đầy đủ nghĩa vụ hoặc thực hiện không đúng nội dung của nghĩa vụ. 2. Trường hợp bên có nghĩa vụ không thực hiện đúng nghĩa vụ do sự kiện bất khả kháng thì không phải chịu trách nhiệm dân sự, trừ trường hợp có thỏa thuận khác hoặc pháp luật có quy định khác. 3. Bên có nghĩa vụ không phải chịu trách nhiệm dân sự nếu chứng minh được nghĩa vụ không thực hiện được là hoàn toàn do lỗi của bên có quyền.

---

**Phân tích & Hướng dẫn:**
Theo Điều 351 của Bộ Luật Dân sự 2015, bên có nghĩa vụ mà không thực hiện nghĩa vụ đúng thời hạn, thực hiện không đầy đủ nghĩa vụ hoặc thực hiện không đúng nội dung của nghĩa vụ thì phải chịu trách nhiệm dân sự đối với bên có quyền. 

Trong trường hợp bạn là người lái xe và vô tình va chạm với xe khác, điều này có thể xem là vi phạm nghĩa vụ về an toàn giao thông. Tuy nhiên, cần phân tích thêm về nguyên nhân gây ra tai nạn.

1. **Việc bạn không vi phạm nghĩa vụ do sự kiện bất khả kháng:** Nếu tai nạn xảy ra do sự kiện bất khả kháng như trời mưa to, đường trơn trượt, đèn giao thông hỏng, hoặc do tai nạn không liên quan đến hành vi của bạn (như xe khác đột xuất phanh gấp), thì bạn có thể không phải chịu trách nhiệm dân sự theo Điều 351, Mục 3 của Bộ Luật Dân sự 2015.

2. **Lỗi trong trách nhiệm dân sự:** Theo Điều 364 của Bộ Luật Dân sự 2015, lỗi trong trách nhiệm dân sự bao gồm lỗi cố ý và lỗi vô ý. Nếu bạn không thể chứng minh rằng tai nạn hoàn toàn do lỗi của bên có quyền (ví dụ: xe khác đột nhiên phanh gấp), và nếu tai nạn không liên quan"
syn_179_1768629099,Tôi đang là thành viên hợp danh và muốn chuyển nhượng một phần vốn góp của mình cho người ngoài công ty mà không hỏi ý kiến các thành viên khác. Tôi có thể làm như vậy không?,Điều 180 - Luật Doanh nghiệp 2020,False,0.0,0.36525172754195456,"**CĂN CỨ PHÁP LUẬT THAM KHẢO:**
--- [Tài liệu 1] ---
Văn bản: Luật Doanh nghiệp 2020
Nội dung: Điều 52. Chuyển nhượng phần vốn góp 1. Trừ trường hợp quy định tại khoản 4 Điều 51, khoản 6 và khoản 7 Điều 53 của Luật này, thành viên công ty trách nhiệm hữu hạn hai thành viên trở lên có quyền chuyển nhượng một phần hoặc toàn bộ phần vốn góp của mình cho người khác theo quy định sau đây: a) Chào bán phần vốn góp đó cho các thành viên còn lại theo tỷ lệ tương ứng với phần vốn góp của họ trong công ty với cùng điều kiện chào bán; b) Chuyển nhượng với cùng điều kiện chào bán đối với các thành viên còn lại quy định tại điểm a khoản này cho người không phải là thành viên nếu các thành viên còn lại của công ty không mua hoặc không mua hết trong thời hạn 30 ngày kể từ ngày chào bán. 2. Thành viên chuyển nhượng vẫn có các quyền và nghĩa vụ đối với công ty tương ứng với phần vốn góp có liên quan cho đến khi thông tin về người mua quy định tại các điểm b, c và đ khoản 2 Điều 48 của Luật này được ghi đầy đủ vào sổ đăng ký thành viên. 3. Trường hợp chuyển nhượng hoặc thay đổi phần vốn góp của các thành viên dẫn đến chỉ còn một thành viên công ty thì công ty phải tổ chức quản lý theo loại hình công ty trách nhiệm hữu hạn một thành viên và thực hiện đăng ký thay đổi nội dung đăng ký doanh nghiệp trong thời hạn 15 ngày kể từ ngày hoàn thành việc chuyển nhượng.

--- [Tài liệu 2] ---
Văn bản: Luật Doanh nghiệp 2020
Nội dung: Điều 53. Xử lý phần vốn góp trong một số trường hợp đặc biệt 1. Trường hợp thành viên công ty là cá nhân chết thì người thừa kế theo di chúc hoặc theo pháp luật của thành viên đó là thành viên công ty. 2. Trường hợp thành viên là cá nhân bị Tòa án tuyên bố mất tích thì quyền và nghĩa vụ của thành viên được thực hiện thông qua người quản lý tài sản của thành viên đó theo quy định của pháp luật về dân sự"
syn_207_1768629330,Tôi đã thông qua nghị quyết giải thể công ty nhưng không biết thời hạn tôi phải gửi cho cơ quan đăng ký kinh doanh là bao lâu?,Điều 208 - Luật Doanh nghiệp 2020,False,1.0,0.34615384615384615,"**Căn cứ pháp lý:** 
Điều 209. Giải thể doanh nghiệp trong trường hợp bị thu hồi Giấy chứng nhận đăng ký doanh nghiệp hoặc theo quyết định của Tòa án - Luật Doanh nghiệp 2020

**Nội dung quy định:**
Theo Điều 209 của Luật Doanh nghiệp 2020, việc giải thể doanh nghiệp trong trường hợp bị thu hồi Giấy chứng nhận đăng ký doanh nghiệp hoặc theo quyết định của Tòa án được thực hiện theo trình tự, thủ tục sau đây: 

1. Cơ quan đăng ký kinh doanh phải thông báo tình trạng doanh nghiệp đang làm thủ tục giải thể trên Cổng thông tin quốc gia về đăng ký doanh nghiệp đồng thời với việc ra quyết định thu hồi Giấy chứng nhận đăng ký doanh nghiệp hoặc ngay sau khi nhận được quyết định giải thể của Tòa án đã có hiệu lực pháp luật.
2. Trong thời hạn 10 ngày kể từ ngày nhận được quyết định thu hồi Giấy chứng nhận đăng ký doanh nghiệp hoặc quyết định của Tòa án có hiệu lực pháp luật, doanh nghiệp phải triệu tập họp để quyết định giải thể. 

**Phân tích & Hướng dẫn:**
Theo quy định tại Điều 209, bạn phải gửi thông báo về việc đã thông qua nghị quyết giải thể doanh nghiệp cho Cơ quan đăng ký kinh doanh trong thời hạn 10 ngày kể từ ngày nhận được quyết định thu hồi Giấy chứng nhận đăng ký doanh nghiệp hoặc quyết định của Tòa án có hiệu lực pháp luật. 

Vì vậy, trong trường hợp này, bạn cần gửi thông báo về việc đã thông qua nghị quyết giải thể doanh nghiệp cho Cơ quan đăng ký kinh doanh trong thời hạn 10 ngày kể từ ngày nhận được quyết định của Tòa án có hiệu lực pháp luật."
syn_679_1768632692,"Tôi định tặng một mảnh đất cho bạn tôi với điều kiện bạn tôi phải giữ gìn đất đai theo đúng quy định của pháp luật. Nếu bạn tôi vi phạm quy định đó, tôi có thể lấy lại mảnh đất không?",Điều 462 - Bộ luật Dân sự 2015,False,1.0,0.35203520352035206,"**Căn cứ pháp lý:** 
Điều 228. Tội vi phạm các quy định về sử dụng đất đai - Bộ Luật Hình sự (Văn bản hợp nhất 2017)

**Nội dung quy định:**
Theo Điều 228, nếu một cá nhân đã từng bị xử phạt vi phạm hành chính hoặc kết án về tội vi phạm các quy định về sử dụng đất đai, chưa được xóa án tích và vẫn tiếp tục vi phạm, họ sẽ bị phạt tiền từ 50.000.000 đồng đến 500.000.000 đồng, cải tạo không giam giữ đến 03 năm hoặc phạt tù từ 06 tháng đến 03 năm. 

**Phân tích & Hướng dẫn:**
Theo quy định này, nếu bạn tôi đã từng vi phạm quy định về sử dụng đất đai và chưa được xóa án tích, thì dù bạn tôi đã nhận mảnh đất của tôi với điều kiện phải sử dụng đất đai theo đúng quy định của pháp luật, nhưng nếu bạn tôi tiếp tục vi phạm quy định này, tôi vẫn có quyền yêu cầu cơ quan có thẩm quyền xử lý vi phạm theo quy định của pháp luật. 

Tuy nhiên, cần lưu ý rằng, để yêu cầu cơ quan có thẩm quyền xử lý vi phạm, tôi phải chứng minh được rằng bạn tôi đã vi phạm các quy định về sử dụng đất đai, và đây là một hành vi được quy định trong Điều 228 của Bộ Luật Hình sự.

Nếu bạn tôi vi phạm theo các quy định khác như Điều 229 hoặc Điều 230 của Bộ Luật Hình sự, thì quy định cụ thể sẽ khác nhau. Cần tham khảo thêm các điều khoản liên quan để hiểu rõ hơn về trách nhiệm pháp lý của bạn tôi trong trường hợp này.

Kết luận, tôi có quyền yêu cầu cơ quan có thẩm quyền xử lý vi phạm nếu bạn tôi vi phạm các quy định về sử dụng đất đai sau khi đã bị xử phạt hoặc kết án trước đó. Tuy nhiên, cần xác định rõ hành vi vi phạm cụ thể để áp dụng chính xác quy định pháp luật."
syn_894_1768634099,"Tôi có một chiếc xe hơi đăng ký tại Đà Nẵng, liệu chiếc xe này có được phân loại là động sản không?",Điều 677 - Bộ luật Dân sự 2015,True,1.0,0.3450064850843061,"**Căn cứ pháp lý:**
---
- **Tài liệu 1:** Bộ luật Dân sự 2015 - Điều 106

**Nội dung quy định:**
1. Quyền sở hữu, quyền khác đối với tài sản là bất động sản được đăng ký theo quy định của Bộ luật này và pháp luật về đăng ký tài sản.
2. Quyền sở hữu, quyền khác đối với tài sản là động sản không phải đăng ký, trừ trường hợp pháp luật về đăng ký tài sản có quy định khác.
3. Việc đăng ký tài sản phải được công khán.

**Tài liệu 2:** Bộ luật Dân sự 2015 - Điều 677

**Nội dung quy định:**
Việc phân loại tài sản là động sản, bất động sản được xác định theo pháp luật của nước nơi có tài sản.

**Tài liệu 3:** Bộ luật Dân sự 2015 - Điều 167

**Nội dung quy định:**
Chủ sở hữu có quyền đòi lại động sản không phải đăng ký quyền sở hữu từ người chiếm hữu ngay tình trong trường hợp người chiếm hữu ngay tình có được động sản này thông qua hợp đồng không có đền bù với người không có quyền định đoạt tài sản.

---

**Phân tích & Hướng dẫn:**

Theo Điều 106 của Bộ luật Dân sự 2015, việc phân loại tài sản là động sản hay bất động sản được xác định dựa trên pháp luật của nước nơi có tài sản. Do đó, việc phân loại chiếc xe hơi của bạn tại Đà Nẵng sẽ phụ thuộc vào pháp luật Việt Nam.

Điều 677 cũng chỉ ra rằng việc phân loại tài sản là động sản hay bất động sản được xác định theo pháp luật của nước nơi có tài sản. Vì xe hơi là một loại tài sản di động, nên nó thường được coi là tài sản động sản.

Tuy nhiên, để có kết luận chính xác nhất, chúng ta cần xem xét thêm các quy định cụ thể về phân loại tài sản động sản và bất động sản tại Việt Nam. Theo thông tin hiện có, xe hơi thường được coi là tài sản động sản. Tuy nhiên, cần kiểm tra thêm các quy định chi tiết tại các văn bản pháp luật liên quan.

Như vậy, mặc dù không có quy định trực tiếp về"
syn_400_1768630831,"Tôi đang sử dụng một mảnh đất bỏ hoang trong khu vực gần nhà mà không có ai tranh chấp, nhưng không có giấy tờ chứng minh quyền sở hữu. Liệu việc tôi sử dụng mảnh đất này có được coi là chiếm hữu công khai không?",Điều 183 - Bộ luật Dân sự 2015,True,1.0,0.5620767494356659,"**Căn cứ pháp lý:** 
- Bộ luật Dân sự 2015 - Điều 182 và Điều 183

**Nội dung quy định:**
- **Điều 182 (1):** Chiếm hữu liên tục là việc chiếm hữu được thực hiện trong một khoảng thời gian mà không có tranh chấp về quyền đối với tài sản đó hoặc có tranh chấp nhưng chưa được giải quyết bằng một bản án, quyết định có hiệu lực pháp luật của Tòa án hoặc cơ quan nhà nước có thẩm quyền khác, kể cả khi tài sản được giao cho người khác chiếm hữu.
- **Điều 182 (2):** Việc chiếm hữu không liên tục không được coi là căn cứ để suy đoán về tình trạng và quyền của người chiếm hữu được quy định tại Điều 184 của Bộ luật này.
- **Điều 183 (1):** Chiếm hữu công khai là việc chiếm hữu được thực hiện một cách minh bạch, không giấu giếm; tài sản đang chiếm hữu được sử dụng theo tính năng, công dụng và được người chiếm hữu bảo quản, giữ gìn như tài sản của chính mình.
- **Điều 183 (2):** Việc chiếm hữu không công khai không được coi là căn cứ để suy đoán về tình trạng và quyền của người chiếm hữu được quy định tại Điều 184 của Bộ luật này.

**Phân tích & Hướng dẫn:**
Theo câu hỏi của bạn, bạn đang sử dụng một mảnh đất bỏ hoang gần nhà mà không có ai tranh chấp, nhưng không có giấy tờ chứng minh quyền sở hữu. Theo quy định tại Điều 182 (1) của Bộ Luật Dân sự 2015, việc bạn sử dụng mảnh đất này không có tranh chấp về quyền sở hữu và không cần giải quyết tranh chấp bằng bản án, quyết định có hiệu lực pháp luật của Tòa án hoặc cơ quan nhà nước có thẩm quyền khác. Điều này cho thấy, việc bạn sử dụng mảnh đất không phải là chiếm hữu liên tục, mà là chiếm hữu không liên tục.

Tuy nhiên, theo Điều 183 (1) của cùng bộ luật, chiếm hữu công khai là việc chiếm hữu được thực hiện một cách minh bạch, không giấu giếm. Mảnh"
syn_986_1768634719,"Tôi và vợ tôi sống chung với cha mẹ vợ, nhưng đôi khi tôi cảm thấy họ không tôn trọng ý kiến của tôi. Tôi nên làm gì để có thể cải thiện mối quan hệ này?",Điều 80 - Luật Hôn nhân và Gia đình 2014,True,0.6666666666666666,0.4595300261096606,"**CĂN CỨ PHÁP LUẬT THAM KHẢO:**
---
**[Tài liệu 1]**
- **Luật Hôn nhân và Gia đình 2014**, Điều 80.
**[Tài liệu 2]**
- **Luật Hôn nhân và Gia đình 2014**, Điều 5.
**[Tài liệu 3]**
- **Luật Hôn nhân và Gia đình 2014**, Điều 15.
---

**Nội dung quy định:**
Theo Điều 80 của Luật Hôn nhân và Gia đình 2014, trong trường hợp con dâu, con rể sống chung với cha mẹ vợ, cha mẹ chồng, giữa các bên có các quyền, nghĩa vụ tôn trọng, quan tâm, chăm sóc và giúp đỡ nhau theo quy định tại các điều 69, 70, 71 và 72 của Luật này.

Điều 5 của cùng văn bản quy định rằng quan hệ hôn nhân và gia đình được tôn trọng và bảo vệ. Trong đó, Điều 15 quy định về quyền, nghĩa vụ của cha mẹ và con trong trường hợp nam, nữ chung sống với nhau như vợ chồng mà không đăng ký kết hôn, giải quyết theo quy định của Luật này về quyền, nghĩa vụ của cha mẹ và con.

**Phân tích & Hướng dẫn:**
Trong tình huống bạn và vợ sống chung với cha mẹ vợ, nếu bạn cảm thấy họ không tôn trọng ý kiến của mình, đây là một vấn đề cần được giải quyết một cách hòa bình và tôn trọng lẫn nhau. Theo Điều 80 của Luật Hôn nhân và Gia đình 2014, giữa các thành viên trong gia đình có quyền, nghĩa vụ tôn trọng, quan tâm, chăm sóc và giúp đỡ nhau. 

Đầu tiên, bạn nên thảo luận thẳng thắn với cha mẹ vợ về những lo ngại và mong muốn của mình. Việc này cần được thực hiện một cách tế nhị và tôn trọng cảm xúc của họ. 

Nếu sau khi thảo luận không giải quyết được vấn đề, bạn có thể tham khảo ý kiến của các bên thứ ba như người thân, người bạn hoặc một chuyên gia tư vấn gia đình. Họ có thể đưa ra lời khuyên hữu ích và hỗ trợ giải quyết xung đột một"
syn_1465_1768641671_2,"Tôi đã có một hợp đồng bảo hiểm lớn cho tài sản của công ty. Nhưng gần đây, tôi nghe nói có người trong công ty mình đã thông đồng với người thụ hưởng để hưởng lợi từ bảo hiểm không hợp pháp. Tôi nên làm gì để bảo vệ công ty và tránh bị pháp luật xử lý?",Điều 213 - Bộ luật Hình sự (Văn bản hợp nhất 2017),True,0.3333333333333333,0.30759651307596514,"**CĂN CỨ PHÁP LUẬT THAM KHẢO:**
--- [Tài liệu 1] ---
Văn bản: Bộ luật Hình sự (Văn bản hợp nhất 2017)
Nội dung: Điều 213. Tội gian lận trong kinh doanh bảo hiểm

**CĂN CỨ PHÁP LUẬT THAM KHẢO:**
--- [Tài liệu 2] ---
Văn bản: Luật Doanh nghiệp 2020
Nội dung: Điều 167. Chấp thuận hợp đồng, giao dịch giữa công ty với người có liên quan

**CĂN CỨ PHÁP LUẬT THAM KHẢO:**
--- [Tài liệu 3] ---
Văn bản: Luật Doanh nghiệp 2020
Nội dung: Điều 67. Hợp đồng, giao dịch phải được Hội đồng thành viên chấp thuận

---

**Phân tích & Hướng dẫn:**

Theo câu hỏi của bạn, tình huống mà bạn đang gặp phải liên quan đến việc một thành viên trong công ty đã thông đồng với người thụ hưởng bảo hiểm để hưởng lợi từ bảo hiểm không hợp pháp. Đây là hành vi có thể vi phạm pháp luật hình sự về tội gian lận trong kinh doanh bảo hiểm.

Để bảo vệ công ty và tránh bị pháp luật xử lý, bạn có thể thực hiện các bước sau:

1. **Kiểm tra và Xác minh:** Đầu tiên, cần kiểm tra kỹ hợp đồng bảo hiểm để xác minh có dấu hiệu thông đồng không hợp pháp hay không. Nếu nghi ngờ, bạn nên yêu cầu kiểm tra hồ sơ bảo hiểm và thông tin liên quan.

2. **Thông báo cho Ban Giám đốc:** Bạn nên thông báo ngay cho Ban Giám đốc công ty về những lo ngại của mình. Họ có trách nhiệm đảm bảo rằng tất cả các giao dịch bảo hiểm đều tuân thủ quy định pháp luật và không có bất kỳ hành vi gian lận nào.

3. **Chấp thuận Hợp đồng Bảo hiểm:** Theo Điều 167 của Luật Doanh nghiệp 2020, các hợp đồng, giao dịch lớn giữa công ty với người có liên quan cần được chấp thuận bởi Hội đồng Quản trị hoặc Đại hội đồng Cổ đông, tùy thuộc vào quy định cụ thể của công"
syn_603_1768632229,"Tôi đã gửi đề nghị giao kết hợp đồng cho một công ty vào ngày 1 tháng 10 và yêu cầu họ phản hồi trong vòng 10 ngày. Nhưng trong khi chờ phản hồi, tôi đã ký hợp đồng với một công ty khác. Tôi có phải bồi thường cho công ty đầu tiên không?",Điều 386 - Bộ luật Dân sự 2015,True,0.6666666666666666,0.7004830917874395,"**Căn cứ pháp lý:**
--- [Tài liệu 1] ---
Văn bản: Bộ luật Dân sự 2015
Nội dung: Điều 386. Đề nghị giao kết hợp đồng 1. Đề nghị giao kết hợp đồng là việc thể hiện rõ ý định giao kết hợp đồng và chịu sự ràng buộc về đề nghị này của bên đề nghị đối với bên đã được xác định hoặc tới công chúng (sau đây gọi chung là bên được đề nghị). 2. Trường hợp đề nghị giao kết hợp đồng có nêu rõ thời hạn trả lời, nếu bên đề nghị lại giao kết hợp đồng với người thứ ba trong thời hạn chờ bên được đề nghị trả lời thì phải bồi thường thiệt hại cho bên được đề nghị mà không được giao kết hợp đồng nếu có thiệt hại phát sinh.

**Phân tích & Hướng dẫn:**
Theo Điều 386 của Bộ Luật Dân sự 2015, khi đề nghị giao kết hợp đồng có nêu rõ thời hạn trả lời, bên đề nghị phải chịu trách nhiệm bồi thường thiệt hại cho bên được đề nghị nếu trong thời hạn chờ phản hồi, bên đề nghị lại giao kết hợp đồng với người thứ ba. 

Trong trường hợp của bạn, đã gửi đề nghị giao kết hợp đồng cho công ty trong vòng 10 ngày và yêu cầu họ phản hồi trong vòng 10 ngày. Tuy nhiên, trong quá trình chờ phản hồi, bạn đã ký hợp đồng với một công ty khác. Đây là hành vi vi phạm đề nghị giao kết hợp đồng đã được nêu rõ thời hạn trả lời. Theo quy định trên, bạn cần phải bồi thường thiệt hại cho công ty đầu tiên nếu có thiệt hại phát sinh từ việc ký hợp đồng với công ty khác trước khi nhận được phản hồi từ họ.

Do đó, bạn cần phải bồi thường thiệt hại cho công ty đầu tiên nếu có thiệt hại phát sinh từ việc ký hợp đồng với công ty khác."
syn_819_1768633616,"Tôi đang sống gần một nhà máy sản xuất, và họ thải ra chất thải độc hại khiến nước trong khu vực bị ô nhiễm. Tôi có quyền yêu cầu họ bồi thường thiệt hại không?",Điều 602 - Bộ luật Dân sự 2015,True,1.0,0.3443037974683545,"**Căn cứ pháp lý:**
- Văn bản: Bộ luật Hình sự (Văn bản hợp nhất 2017)
- Nơi trích dẫn: Điều 235 - 201

**Nội dung quy định:**
Điều 235 của Bộ Luật Hình sự quy định về tội gây ô nhiễm môi trường. Theo điều này, nếu người nào thực hiện hành vi thải ra môi trường chất thải nguy hại trái pháp luật với lượng từ 1.000 kg đến dưới 3.000 kg hoặc có chứa chất phải loại trừ theo Phụ lục A Công ước Stockholm về các chất ô nhiễm hữu cơ khó phân hủy, thì bị phạt tiền từ 50.000.000 đồng đến 500.000.000 đồng hoặc phạt tù từ 3 tháng đến 2 năm. 

Hành vi thải ra môi trường chất thải nguy hại có thông số môi trường nguy hại vượt quy chuẩn kỹ thuật quốc gia về môi trường từ 5 lần trở lên cũng bị xử lý tương tự.

**Phân tích & Hướng dẫn:**
Theo Điều 235, nếu nhà máy bạn nêu trong câu hỏi đang thải ra chất thải độc hại trái phép, và lượng chất thải này vượt ngưỡng quy định, thì họ đã vi phạm pháp luật về gây ô nhiễm môi trường. Do đó, bạn có quyền yêu cầu họ bồi thường thiệt hại cho những tổn thất mà hành vi của họ gây ra.

Trong trường hợp này, bạn cần chứng minh rằng chất thải độc hại của nhà máy đã gây ra ô nhiễm môi trường, và đã ảnh hưởng đến cuộc sống, sức khỏe và tài sản của bạn. Bạn nên thu thập bằng chứng như hình ảnh, hồ sơ, hồ sơ y tế, và bất kỳ chứng cứ khác có thể chứng minh mối liên hệ giữa hành vi của nhà máy và thiệt hại của bạn.

Khi đã có đủ bằng chứng, bạn có thể yêu cầu bồi thường thiệt hại thông qua thủ tục tố tụng dân sự. Bạn có thể khởi kiện nhà máy đó ra Tòa án và yêu cầu bồi thường thiệt hại dựa trên nguyên tắc về trách nhiệm bồi thường của chủ sở hữu nguồn nguy hiểm cao độ theo Điều 601 và Điều 602 của Bộ luật Dân sự 2015.

T"
syn_1072_1768638951_0,"Tôi đang làm việc tại một công ty tư nhân và muốn yêu cầu sửa đổi hợp đồng lao động của mình để có thêm quyền lợi, nhưng sếp tôi không đồng ý. Tôi đã thông báo cho sếp về yêu cầu này nhưng không nhận được phản hồi. Tôi nên làm gì trong trường hợp này?",Điều 33 - Bộ luật Lao động 2019,False,1.0,0.3799126637554585,"**Căn cứ pháp lý:**
- [Tài liệu 1] - Điều 420. Thực hiện hợp đồng khi hoàn cảnh thay đổi cơ bản - Bộ Luật Dân sự 2015
- [Tài liệu 2] - Điều 36. Quyền đơn phương chấm dứt hợp đồng lao động của người sử dụng lao động - Bộ Luật Lao động 2019

**Nội dung quy định:**
Theo Điều 420 của Bộ Luật Dân sự 2015, bên có lợi ích bị ảnh hưởng có quyền yêu cầu bên kia đàm phán lại hợp đồng trong một thời hạn hợp lý khi hoàn cảnh thay đổi cơ bản. Nếu không đạt được thỏa thuận, bên có quyền yêu cầu Tòa án sửa đổi hoặc chấm dứt hợp đồng. 

Điều 36 của Bộ Luật Lao động 2019 cũng quy định về quyền đơn phương chấm dứt hợp đồng lao động, trong đó nêu rõ người sử dụng lao động có quyền chấm dứt hợp đồng nếu hoàn cảnh thay đổi cơ bản và đã báo trước cho người lao động. 

**Phân tích & Hướng dẫn:**
Trong trường hợp bạn đã yêu cầu sếp sửa đổi hợp đồng và không nhận được phản hồi, bạn có thể áp dụng các quy định trên để bảo vệ quyền lợi của mình. 

1. **Thủ tục khởi kiện:**
   - Bạn cần lập biên bản ghi nhận việc yêu cầu của mình và ghi rõ thời hạn mà sếp đã được thông báo.
   - Sau đó, bạn có thể yêu cầu sếp ký nhận biên bản đó.
   - Nếu không nhận được phản hồi hoặc sếp từ chối ký nhận, bạn có thể gửi đơn yêu cầu sửa đổi hợp đồng đến Tòa án theo quy định của Điều 420 Bộ Luật Dân sự 2015.

2. **Hướng dẫn cụ thể:**
   - **Bước 1:** Gửi đơn yêu cầu sửa đổi hợp đồng đến Tòa án địa phương. Đơn yêu cầu cần nêu rõ lý do bạn yêu cầu sửa đổi hợp đồng (ví dụ: hoàn cảnh thay đổi cơ bản), thời hạn đã báo trước cho sếp, và lý do không nhận được phản hồi.
   - **Bước 2:** Nếu sếp vẫn không chấp nhận,"
syn_951_1768634477,Tôi đã có một khoản nợ cá nhân trước khi kết hôn. Liệu khoản nợ này có phải là nghĩa vụ riêng của tôi hay không?,Điều 45 - Luật Hôn nhân và Gia đình 2014,True,1.0,0.6105499438832771,"**Căn cứ pháp lý:**
- [Tài liệu 1] - [Tài liệu 2] - [Tài liệu 3]  
- Luật Hôn nhân và Gia đình 2014  
- Bộ luật Dân sự 2015

**Nội dung quy định:**
Theo Điều 45 của Luật Hôn nhân và Gia đình 2014, nghĩa vụ riêng về tài sản của vợ, chồng bao gồm: ""1. Nghĩa vụ của mỗi bên vợ, chồng có trước khi kết hôn; 2. Nghĩa vụ phát sinh từ việc chiếm hữu, sử dụng, định đoạt tài sản riêng, trừ trường hợp nghĩa vụ phát sinh trong việc bảo quản, duy trì, tu sửa tài sản riêng của vợ, chồng theo quy định tại khoản 4 Điều 44 hoặc quy định tại khoản 4 Điều 37 của Luật này; 3. Nghĩa vụ phát sinh từ giao dịch do một bên xác lập, thực hiện không vì nhu cầu của gia đình; 4. Nghĩa vụ phát sinh từ hành vi vi phạm pháp luật của vợ, chồng.""

Điều 466 của Bộ luật Dân sự 2015 quy định về nghĩa vụ trả nợ của bên vay. Trong đó, Điều 466 nêu rõ: ""Bên vay tài sản là tiền thì phải trả đủ tiền khi đến hạn; nếu tài sản là vật thì phải trả vật cùng loại đúng số lượng, chất lượng, trừ trường hợp có thỏa thuận khác."" 

**Phân tích & Hướng dẫn:**
Khoản 1 của Điều 45 Luật Hôn nhân và Gia đình 2014 cho thấy khoản nợ cá nhân trước khi kết hôn sẽ được coi là nghĩa vụ riêng của vợ hoặc chồng. Điều này được xác định dựa trên nguyên tắc pháp lý rằng mỗi người có trách nhiệm đối với những nghĩa vụ cá nhân trước khi kết hôn, trừ khi có thỏa thuận khác.

Như vậy, khoản nợ cá nhân trước khi kết hôn của bạn sẽ là nghĩa vụ riêng của bạn, không thuộc về tài sản chung sau khi kết hôn. Tuy nhiên, nếu bạn và đối phương có thỏa thuận về việc chia sẻ hay giải quyết khoản nợ này, thì quy định đó sẽ có hiệu lực thay thế cho quy định pháp luật.

Ngoài ra, theo Điều 4"
syn_546_1768631853,"Tôi thuê một chiếc xe máy để phục vụ công việc và đã ký cược 5 triệu đồng. Tuy nhiên, tôi không thể trả lại xe đúng hạn vì lý do cá nhân. Vậy tôi có mất khoản tiền ký cược này không?",Điều 329 - Bộ luật Dân sự 2015,True,1.0,0.5374823196605375,"**Căn cứ pháp lý:** [Tên điều luật] - [Tên văn bản luật]

**Nội dung quy định:**
[Trích dẫn chính xác nội dung điều luật áp dụng]

**Phân tích & Hướng dẫn:**
Theo quy định tại Điều 329 của Bộ Luật Dân sự 2015, ký cược là hình thức giao dịch mà bên thuê tài sản (trong trường hợp này là xe máy) giao cho bên cho thuê một khoản tiền (tức là tài sản ký cược) trong một thời hạn để bảo đảm việc trả lại tài sản thuê. Nếu bên thuê không trả lại tài sản thuê đúng hạn, bên cho thuê có quyền đòi lại tài sản thuê. Trong trường hợp tài sản thuê không còn để trả lại, tài sản ký cược thuộc về bên cho thuê.

Đối với trường hợp của bạn, bạn đã ký cược 5 triệu đồng cho chiếc xe máy mà bạn thuê. Tuy nhiên, bạn không thể trả lại xe đúng hạn vì lý do cá nhân. Theo quy định của Bộ Luật Dân sự 2015, nếu bạn không trả lại tài sản thuê (xe máy), bên cho thuê có quyền đòi lại tài sản thuê. Do đó, nếu tài sản thuê (xe máy) không còn để trả lại, khoản tiền ký cược (5 triệu đồng) sẽ thuộc về bên cho thuê.

Tóm lại, bạn sẽ mất khoản tiền ký cược 5 triệu đồng nếu tài sản thuê (xe máy) không thể trả lại đúng hạn."
syn_1193_1768639621_2,"Công ty chúng tôi đang gặp một số sự cố kỹ thuật khó khăn mà không có chuyên gia nào ở Việt Nam có thể xử lý. Nếu chúng tôi mời một chuyên gia nước ngoài vào Việt Nam trong thời gian dưới 03 tháng để xử lý vấn đề, liệu họ có cần giấy phép lao động không?",Điều 154 - Bộ luật Lao động 2019,True,1.0,0.448045757864633,"**Căn cứ pháp lý:** 
Điều 154 - Bộ luật Lao động 2019

**Nội dung quy định:**
Điều 154 của Bộ luật Lao động 2019 quy định những trường hợp người lao động nước ngoài không thuộc diện phải cấp giấy phép lao động. Trong đó, một trong những trường hợp được nêu rõ là ""vào Việt Nam với thời hạn dưới 03 tháng để xử lý sự cố, tình huống kỹ thuật, công nghệ phức tạp nảy sinh làm ảnh hưởng hoặc có nguy cơ ảnh hưởng tới sản xuất, kinh doanh mà các chuyên gia Việt Nam và các chuyên gia nước ngoài hiện đang ở Việt Nam không xử lý được.""

**Phân tích & Hướng dẫn:**
Theo quy định trên, nếu Công ty bạn mời một chuyên gia nước ngoài vào Việt Nam trong thời hạn dưới 03 tháng để xử lý sự cố kỹ thuật phức tạp, mà không có chuyên gia nào ở Việt Nam có thể giải quyết vấn đề đó, thì chuyên gia nước ngoài đó sẽ không phải chịu trách nhiệm về việc cấp giấy phép lao động. Điều này đồng nghĩa với việc họ không cần giấy phép lao động để làm việc tại Việt Nam trong thời gian đó.

Tuy nhiên, công ty vẫn cần tuân thủ các quy định khác về việc sử dụng người lao động nước ngoài như quy định về thời hạn hợp đồng lao động, tuân thủ pháp luật lao động Việt Nam, và tuân thủ các điều ước quốc tế mà Việt Nam là thành viên. 

Chúng tôi khuyến nghị nên kiểm tra lại các điều khoản cụ thể trong hợp đồng lao động giữa Công ty bạn và chuyên gia nước ngoài để đảm bảo rằng cả hai bên đều hiểu rõ về trách nhiệm và quyền lợi của mỗi bên trong trường hợp này."
syn_943_1768634420,Tôi và vợ tôi đang có một khoản nợ chung từ việc mua nhà. Nếu vợ tôi không chịu trả nợ thì tôi có phải chịu trách nhiệm không?,Điều 37 - Luật Hôn nhân và Gia đình 2014,False,1.0,0.30753564154786156,"**Căn cứ pháp lý:** 
- Văn bản: Bộ luật Dân sự 2015
- Nội dung: Điều 466. Nghĩa vụ trả nợ của bên vay

**Nội dung quy định:**
1. Bên vay tài sản là tiền thì phải trả đủ tiền khi đến hạn; nếu tài sản là vật thì phải trả vật cùng loại đúng số lượng, chất lượng, trừ trường hợp có thỏa thuận khác.
2. Trường hợp bên vay không thể trả vật thì có thể trả bằng tiền theo trị giá của vật đã vay tại địa điểm và thời điểm trả nợ, nếu được bên cho vay đồng ý.
3. Địa điểm trả nợ là nơi cư trú hoặc nơi đặt trụ sở của bên cho vay, trừ trường hợp có thỏa thuận khác.
4. Trường hợp vay không có lãi mà khi đến hạn bên vay không trả nợ hoặc trả không đầy đủ thì bên cho vay có quyền yêu cầu trả tiền lãi với mức lãi suất theo quy định tại khoản 2 Điều 468 của Bộ luật này trên số tiền chậm trả tương ứng với thời gian chậm trả, trừ trường hợp có thỏa thuận khác hoặc luật có quy định khác.
5. Trường hợp vay có lãi mà khi đến hạn bên vay không trả hoặc trả không đầy đủ thì bên vay phải trả lãi như sau: a) Lãi trên nợ gốc theo lãi suất thỏa thuận trong hợp đồng tương ứng với thời hạn vay mà đến hạn chưa trả; trường hợp chậm trả thì còn phải trả lãi theo mức lãi suất quy định tại khoản 2 Điều 468 của Bộ luật này; b) Lãi trên nợ gốc quá hạn chưa trả bằng 150% lãi suất vay theo hợp đồng tương ứng với thời gian chậm trả, trừ trường hợp có thỏa thuận khác.

**Phân tích & Hướng dẫn:**
Theo quy định tại Điều 466 Bộ luật Dân sự 2015, khi vay nợ, bên vay (trong trường hợp này là bạn và vợ bạn) phải trả nợ cho bên cho vay (trong trường hợp này là người cho vay) theo thỏa thuận trong hợp đồng vay vốn. Nếu bên vay không thể trả vật mà chỉ có thể trả bằng tiền, họ có quyền yêu cầu trả tiền theo trị giá của vật đã vay tại địa điểm và thời điểm trả nợ, nếu được bên"
syn_477_1768631386,Tôi có một tài sản mà tôi muốn cho một người bạn hưởng dụng trong 20 năm. Tôi có cần phải lập hợp đồng gì không và thời hạn này có hợp lệ không?,Điều 260 - Bộ luật Dân sự 2015,True,1.0,0.5556780595369349,"**Căn cứ pháp lý:**
---
[Văn bản] Bộ luật Dân sự 2015  
[Nội dung] Điều 260. Thời hạn của quyền hưởng dụng

---

**Nội dung quy định:**
1. Thời hạn của quyền hưởng dụng do các bên thỏa thuận hoặc do luật quy định nhưng tối đa đến hết cuộc đời của người hưởng dụng đầu tiên nếu người hưởng dụng là cá nhân và đến khi pháp nhân chấm dứt tồn tại nhưng tối đa 30 năm nếu người hưởng dụng đầu tiên là pháp nhân.
2. Người hưởng dụng có quyền cho thuê quyền hưởng dụng trong thời hạn quy định tại khoản 1 Điều này.

---

**Phân tích & Hướng dẫn:**
Theo quy định tại Điều 260 Bộ Luật Dân sự 2015, thời hạn quyền hưởng dụng có thể thỏa thuận giữa các bên, hoặc được luật quy định tối đa đến khi người hưởng dụng đầu tiên mất hoặc pháp nhân chấm dứt tồn tại, nhưng tối đa không quá 30 năm nếu người hưởng dụng đầu tiên là pháp nhân. 

Trong trường hợp của bạn, bạn muốn cho người bạn hưởng dụng tài sản trong 20 năm. Đây là thời hạn nằm trong phạm vi cho phép theo quy định của pháp luật. Bạn không bắt buộc phải lập hợp đồng cho thuê cụ thể, mà chỉ cần thỏa thuận về thời hạn sử dụng với người bạn. Tuy nhiên, việc lập hợp đồng cho thuê sẽ giúp tránh các tranh chấp về sau và đảm bảo quyền lợi cho cả hai bên.

Bên cạnh đó, theo Điều 459 Bộ Luật Dân sự 2015, tặng cho bất động sản phải được lập thành văn bản có công chứng, chứng thực hoặc đăng ký, nếu bất động sản phải đăng ký quyền sở hữu theo quy định của luật. Do đó, nếu tài sản mà bạn muốn tặng cho là bất động sản, bạn cần phải đăng ký hoặc lập văn bản có công chứng/ứng thực.

Tóm lại, thời hạn 20 năm là hợp lệ theo quy định của pháp luật, nhưng bạn nên cân nhắc việc lập hợp đồng cho thuê hoặc tặng cho theo các yêu cầu pháp lý liên quan đến bất động sản để đảm bảo quyền lợi cho cả hai bên."
syn_706_1768632859,"Gia đình tôi đang thuê một ngôi nhà để ở, nhưng tôi muốn tổ chức một buổi tiệc lớn tại đó mà không báo trước cho chủ nhà. Điều này có hợp lệ không?",Điều 489 - Bộ luật Dân sự 2015,False,1.0,0.391304347826087,"**Căn cứ pháp lý:**
---
- **[Tài liệu 1]** - [Bộ luật Dân sự 2015] - Điều 472: Hợp đồng thuê tài sản là sự thỏa thuận giữa các bên, theo đó bên cho thuê giao tài sản cho bên thuê để sử dụng trong một thời hạn, bên thuê phải trả tiền thuê.
- **[Tài liệu 2]** - [Bộ luật Dân sự 2015] - Điều 474: Thời hạn thuê 1. Thời hạn thuê do các bên thỏa thuận; nếu không có thỏa thuận thì được xác định theo mục đích thuê. 2. Trường hợp các bên không thỏa thuận về thời hạn thuê và thời hạn thuê không thể xác định được theo mục đích thuê thì mỗi bên có quyền chấm dứt hợp đồng bất cứ lúc nào, nhưng phải thông báo cho bên kia trước một thời gian hợp lý.

**Nội dung quy định:**
Hợp đồng thuê tài sản được xác lập giữa các bên với thỏa thuận về thời hạn thuê. Nếu không có thỏa thuận về thời hạn thuê, mỗi bên có quyền chấm dứt hợp đồng bất cứ lúc nào, nhưng phải thông báo cho bên kia trước một thời gian hợp lý. 

**Phân tích & Hướng dẫn:**
---
Theo Điều 472 của Bộ Luật Dân sự 2015, hợp đồng thuê tài sản (trong trường hợp này là ngôi nhà) được xác lập dựa trên thỏa thuận về thời hạn thuê. Điều 474 quy định rằng nếu không có thỏa thuận về thời hạn thuê, mỗi bên có quyền chấm dứt hợp đồng bất cứ lúc nào, nhưng cần thông báo cho bên kia trước một thời gian hợp lý.

Trong trường hợp bạn muốn tổ chức một buổi tiệc lớn tại ngôi nhà thuê mà không báo trước cho chủ nhà, điều này có thể vi phạm quy định về thông báo trước. Theo quy định, bạn cần phải thông báo cho chủ nhà trước một thời gian hợp lý về kế hoạch tổ chức buổi tiệc. 

Tuy nhiên, việc thông báo trước có thể phụ thuộc vào các quy định cụ thể của hợp đồng thuê tài sản giữa bạn và chủ nhà. Nếu hợp đồng thuê không có quy định rõ ràng về thời gian thông báo, bạn nên liên hệ với chủ nhà để tìm hiểu thêm về yêu cầu thông báo thời gian"
syn_1522_1768642132_2,Tôi đã thấy một người bạn điều động một tài xế không đủ điều kiện điều khiển tàu và gây ra thiệt hại lớn về tài sản trong một vụ tai nạn. Đó có phải là một hành vi phạm tội không và người đó sẽ bị xử lý ra sao?,Điều 270 - Bộ luật Hình sự (Văn bản hợp nhất 2017),True,0.6666666666666666,0.3924692251991311,"**CĂN CỨ PHÁP LUẬT THAM KHẢO:**
---
**[Tài liệu 1]**: Bộ luật Hình sự (Văn bản hợp nhất 2017), Điều 270. Tội điều động người không đủ điều kiện điều khiển phương tiện giao thông đường sắt
**[Tài liệu 2]**: Bộ luật Hình sự (Văn bản hợp nhất 2017), Điều 271. Tội giao cho người không đủ điều kiện điều khiển phương tiện giao thông đường sắt
**[Tài liệu 3]**: Bộ luật Hình sự (Văn bản hợp nhất 2017), Điều 280. Tội điều động hoặc giao cho người không đủ điều kiện điều khiển tàu bay

---

**Nội dung quy định:**
Điều 270 và Điều 271 quy định về tội ""Tội điều động hoặc giao cho người không đủ điều kiện điều khiển phương tiện giao thông đường sắt"". Theo đó, người phạm tội là những ai điều động hoặc giao cho người không có giấy phép lái tàu hoặc không đủ các điều kiện khác theo quy định của pháp luật điều khiển phương tiện giao thông đường sắt gây thiệt hại cho người khác. 

Điều 280 cũng tương tự nhưng áp dụng cho tàu bay thay vì tàu đường sắt.

---

**Phân tích & Hướng dẫn:**
Theo quy định của Điều 270 và Điều 271, hành vi của người bạn đã điều động tài xế không đủ điều kiện điều khiển phương tiện giao thông đường sắt và gây thiệt hại về tài sản lớn trong một vụ tai nạn là một hành vi phạm tội. 

Trong trường hợp này, người bạn đã vi phạm Điều 270 Bộ Luật Hình sự như sau:

- **Người điều động**: Là người bạn đã điều động tài xế không đủ điều kiện.
- **Người không đủ điều kiện**: Là tài xế không có giấy phép lái tàu hoặc đang trong tình trạng sử dụng rượu, bia mà trong máu hoặc hơi thở có nồng độ cồn vượt quá mức quy định, sử dụng chất ma túy, chất kích thích mạnh khác hoặc không đủ các điều kiện khác theo quy định của pháp luật điều khiển phương tiện giao thông đường sắt.
- **Thừa hưởng hậu quả**: Người bạn đã gây thiệt hại"
syn_1312_1768640400_0,Tôi có một người bạn bị cáo buộc phạm tội nhưng anh ấy đã tự nguyện bồi thường cho nạn nhân. Liệu việc này có thể giúp giảm nhẹ hình phạt cho anh ấy không?,Điều 51 - Bộ luật Hình sự (Văn bản hợp nhất 2017),True,1.0,0.8435286542176432,"**Căn cứ pháp lý:** 
- Điều 51, Bộ Luật Hình sự (Văn bản hợp nhất 2017)

**Nội dung quy định:** 
1. Các tình tiết sau đây là tình tiết giảm nhẹ trách nhiệm hình sự: a) Người phạm tội đã ngăn chặn hoặc làm giảm bớt tác hại của tội phạm; b) Người phạm tội tự nguyện sửa chữa, bồi thường thiệt hại hoặc khắc phục hậu quả; c) Phạm tội trong trường hợp vượt quá giới hạn phòng vệ chính đáng; d) Phạm tội trong trường hợp vượt quá yêu cầu của tình thế cấp thiết; đ) Phạm tội trong trường hợp vượt quá mức cần thiết khi bắt giữ người phạm tội; e) Phạm tội trong trường hợp bị kích động về tinh thần do hành vi trái pháp luật của nạn nhân gây ra; g) Phạm tội vì hoàn cảnh đặc biệt khó khăn mà không phải do mình tự gây ra; h) Phạm tội nhưng chưa gây thiệt hại hoặc gây thiệt hại không lớn; i) Phạm tội lần đầu và thuộc trường hợp ít nghiêm trọng; k) Phạm tội vì bị người khác đe dọa hoặc cưỡng bức; l) Phạm tội trong trường hợp bị hạn chế khả năng nhận thức mà không phải do lỗi của mình gây ra; m) Phạm tội do lạc hậu; n) Người phạm tội là phụ nữ có thai; o) Người phạm tội là người đủ 70 tuổi trở lên; p) Người phạm tội là người khuyết tật nặng hoặc khuyết tật đặc biệt nặng; q) Người phạm tội là người có bệnh bị hạn chế khả năng nhận thức hoặc khả năng điều khiển hành vi của mình; r) Người phạm tội tự thú; s) Người phạm tội thành khẩn khai báo, ăn năn hối cải; t) Người phạm tội tích cực hợp tác với cơ quan có trách nhiệm trong việc phát hiện tội phạm hoặc trong quá trình giải quyết vụ án; u) Người phạm tội đã lập công chuộc tội; v) Người phạm tội là người có thành tích xuất sắc trong sản xuất, chiến đấu, học tập hoặc công tác; x) Người phạm tội là người có công với cách mạng hoặc là cha, mẹ, vợ, chồng, con của liệt sĩ.

**Phân tích & Hướng dẫn:**
Theo Điều 51 của Bộ Luật Hình sự (Văn bản hợp nhất 2017), việc tự nguyện bồi thường thiệt hại hoặc khắc phục hậu"
syn_140_1768628786,"Tôi là cổ đông của một tổ chức và muốn biết cách yêu cầu sửa đổi thông tin sai lệch trong danh sách cổ đông, tôi phải làm gì?",Điều 141 - Luật Doanh nghiệp 2020,True,0.0,0.864069264069264,"**CĂN CỨ PHÁP LUẬT THAM KHẢO:**
---
**[Tài liệu 1]** --- [Tài liệu 1] ---
Văn bản: Luật Doanh nghiệp 2020
Nội dung: Điều 141. Danh sách cổ đông có quyền dự họp Đại hội đồng cổ đông 1. Danh sách cổ đông có quyền dự họp Đại hội đồng cổ đông được lập dựa trên sổ đăng ký cổ đông của công ty. Danh sách cổ đông có quyền dự họp Đại hội đồng cổ đông được lập không quá 10 ngày trước ngày gửi giấy mời họp Đại hội đồng cổ đông nếu Điều lệ công ty không quy định thời hạn ngắn hơn. 2. Danh sách cổ đông có quyền dự họp Đại hội đồng cổ đông phải có họ, tên, địa chỉ liên lạc, quốc tịch, số giấy tờ pháp lý của cá nhân đối với cổ đông là cá nhân; tên, mã số doanh nghiệp hoặc số giấy tờ pháp lý của tổ chức, địa chỉ trụ sở chính đối với cổ đông là tổ chức; số lượng cổ phần từng loại, số và ngày đăng ký cổ đông của từng cổ đông. 3. Cổ đông có quyền kiểm tra, tra cứu, trích lục, sao chép tên và địa chỉ liên lạc của cổ đông trong danh sách cổ đông có quyền dự họp Đại hội đồng cổ đông; yêu cầu sửa đổi thông tin sai lệcht hoặc bổ sung thông tin cần thiết về mình trong danh sách cổ đông có quyền dự họp Đại hội đồng cổ đông. Người quản lý công ty phải cung cấp kịp thời thông tin trong sổ đăng ký cổ đông, sửa đổi, bổ sung thông tin sai lệch theo yêu cầu của cổ đông; chịu trách nhiệm bồi thường thiệt hại phát sinh do không cung cấp hoặc cung cấp không kịp thời, không chính xác thông tin sổ đăng ký cổ đông theo yêu cầu. Trình tự, thủ tục yêu cầu cung cấp thông tin trong sổ đăng ký cổ đông thực hiện theo quy định tại Điều lệ công ty.

---

**[Tài liệu 2]** --- [Tài liệu 2] ---
Văn bản: Luật Doanh nghiệp 2020
Nội dung: Điều 31. Thông báo thay đổi nội dung đăng ký doanh nghiệp 1. Doanh nghiệp phải thông báo với Cơ quan đăng ký kinh doanh khi thay đổi"
syn_1445_1768641521_0,"Tôi là chủ một cửa hàng thực phẩm, gần đây tôi phát hiện một nhân viên đã bán hàng giả mà tôi không hề biết. Tôi có thể bị xử lý như thế nào?",Điều 193 - Bộ luật Hình sự (Văn bản hợp nhất 2017),True,1.0,0.35287610619469034,"**Căn cứ pháp lý:** Điều 193. Tội sản xuất, buôn bán hàng giả là lương thực, thực phẩm, phụ gia thực phẩm - Bộ Luật Hình sự (Văn bản hợp nhất 2017)

**Nội dung quy định:**
Điều 193. Tội sản xuất, buôn bán hàng giả là lương thực, thực phẩm, phụ gia thực phẩm quy định rằng: ""Người nào sản xuất, buôn bán hàng giả là lương thực, thực phẩm, phụ gia thực phẩm, thì bị phạt tù từ 02 năm đến 05 năm."" 

Ngoài ra, nếu nhân viên bán hàng giả mà người chủ không biết, quy định trong điều 195. Tội sản xuất, buôn bán hàng giả là thức ăn dùng để chăn nuôi, phân bón, thuốc thú y, thuốc bảo vệ thực vật, giống cây trồng, giống vật nuôi cũng áp dụng. Theo đó, người chủ có thể bị phạt tiền từ 100.000.000 đồng đến 1.000.000.000 đồng hoặc phạt tù từ 01 năm đến 05 năm.

**Phân tích & Hướng dẫn:**
Theo quy định của Bộ Luật Hình sự, việc chủ cửa hàng thực phẩm phát hiện nhân viên bán hàng giả mà không biết sẽ chịu trách nhiệm hình sự nếu có đủ căn cứ cho thấy mình đã biết hoặc đã lơ là quản lý, dẫn đến việc bán hàng giả. Tuy nhiên, nếu người chủ đã tuân thủ các quy định về kiểm tra chất lượng hàng hóa và không có dấu hiệu lơ là quản lý, thì họ có thể không phải chịu trách nhiệm hình sự.

Một số biện pháp cụ thể mà người chủ có thể thực hiện bao gồm:
1. Thực hiện kiểm tra hàng hóa trước khi bán và lưu giữ chứng từ kiểm tra.
2. Đào tạo nhân viên về quy định pháp luật và trách nhiệm của họ.
3. Đảm bảo hệ thống kiểm soát chất lượng và quản lý hàng hóa.
4. Kiểm tra nguồn gốc và chất lượng của hàng hóa trước khi nhập kho và bán.

Nếu người chủ không có dấu hiệu lơ là quản lý và đã thực hiện đầy đủ các biện pháp kiểm soát chất lượng, họ có thể không phải chịu trách nhiệm hình sự. Tuy nhiên, nếu bị phát hiện và có đủ căn cứ cho thấy"
syn_685_1768632726,Công ty tôi đang cân nhắc vay 500 triệu đồng và muốn biết lãi suất tối đa mà chúng tôi có thể thỏa thuận là bao nhiêu?,Điều 468 - Bộ luật Dân sự 2015,True,1.0,0.5157526254375729,"**Căn cứ pháp lý:**
- [Tài liệu 1] - Điều 468 của Bộ luật Dân sự 2015

**Nội dung quy định:**
1. Lãi suất vay do các bên thỏa thuận. Trường hợp các bên có thỏa thuận về lãi suất thì lãi suất theo thỏa thuận không được vượt quá 20%/năm của khoản tiền vay.
2. Trường hợp lãi suất theo thỏa thuận vượt quá lãi suất giới hạn được quy định tại khoản 1 Điều này thì mức lãi suất vượt quá không có hiệu lực.
3. Trường hợp lãi suất theo thỏa thuận vượt quá 20%/năm, lãi suất theo thỏa thuận không có hiệu lực, và lãi suất tối đa được quy định là 20%/năm.

**Phân tích & Hướng dẫn:**
Theo Điều 468 của Bộ luật Dân sự 2015, lãi suất vay do các bên thỏa thuận, nhưng không được vượt quá 20%/năm của khoản tiền vay. Nếu có thỏa thuận về lãi suất vượt quá 20%/năm, mức lãi suất vượt quá không có hiệu lực. Do đó, lãi suất tối đa mà Công ty bạn có thể thỏa thuận là 20%/năm.

Đối với trường hợp vay 500 triệu đồng, lãi suất tối đa mà Công ty bạn có thể thỏa thuận là 20%/năm, tương đương với 10 triệu đồng mỗi tháng (500 triệu * 20% / 12 tháng).

Lưu ý rằng, mức lãi suất này chỉ áp dụng khi không có thỏa thuận khác hoặc quy định khác trong hợp đồng vay. Nếu có thỏa thuận về lãi suất cụ thể hơn, Công ty bạn cần cân nhắc kỹ để đảm bảo phù hợp với nhu cầu tài chính và khả năng trả nợ của mình."
syn_1625_1768643068_2,Tôi biết một người bạn đã bị bức cung và dẫn đến sai lệch kết quả điều tra. Họ đã làm cho bạn tôi phải nhận tội mà không có bằng chứng. Tôi muốn biết điều này có thể bị xử lý như thế nào theo luật pháp?,Điều 374 - Bộ luật Hình sự (Văn bản hợp nhất 2017),True,0.6666666666666666,0.8222940226171245,"**Căn cứ pháp lý:**
---
- **Tài liệu 2**: Bộ luật Hình sự (Văn bản hợp nhất 2017)
- **Điều 374**: Điều 374. Tội bức cung

**Nội dung quy định:**
---
1. Người nào trong hoạt động tố tụng mà sử dụng thủ đoạn trái pháp luật ép buộc người bị lấy lời khai, người bị hỏi cung phải khai ra thông tin liên quan đến vụ án, vụ việc, thì bị phạt tù từ 06 tháng đến 03 năm.
2. Phạm tội thuộc một trong những trường hợp sau đây, thì bị phạt tù từ 02 năm đến 07 năm:
   a) Phạm tội 02 lần trở lên;
   b) Đối với 02 người trở lên;
   c) Đối với người dưới 18 tuổi, phụ nữ mà biết là có thai, người già yếu, người khuyết tật nặng hoặc khuyết tật đặc biệt nặng;
   d) Dùng nhục hình hoặc đối xử tàn bạo, hạ nhục nhân phẩm người bị lấy lời khai, người bị hỏi cung;
   e) Dùng thủ đoạn tinh vi, xảo quyệt;
   f) Dẫn đến làm sai lệch kết quả khởi tố, điều tra, truy tố, xét xử;
   g) Ép buộc người bị lấy lời khai, người bị hỏi cung phải khai sai sự thật.
3. Phạm tội thuộc một trong các trường hợp sau đây, thì bị phạt tù từ 07 năm đến 12 năm:
   a) Làm người bị bức cung tự sát;
   b) Dẫn đến bỏ lọt tội phạm ít nghiêm trọng hoặc tội phạm nghiêm trọng;
   người thực hiện tội phạm ít nghiêm trọng hoặc tội phạm nghiêm trọng.
4. Phạm tội thuộc một trong các trường hợp sau đây, thì bị phạt tù từ 12 năm đến 20 năm hoặc tù chung thân:
   a) Làm người bị bức cung chết;
   b) Dẫn đến làm oan người vô tội;
   c) Dẫn đến bỏ lọt tội phạm rất nghiêm trọng hoặc tội phạm đặc biệt nghiêm trọng;
   người thực hiện tội phạm rất nghiêm trọng hoặc tội phạm đặc biệt nghiêm trọng.
5. Người phạm tội còn bị cấm đảm nhiệm chức vụ, cấm hành nghề từ 01"
syn_1106_1768639118_1,Chồng tôi làm việc ở một công ty xây dựng và họ thường xuyên làm thêm giờ mà không được bồi thường. Tôi đang lo lắng về sức khoẻ của anh ấy. Chúng tôi có thể yêu cầu thương lượng về điều gì để đảm bảo quyền lợi và sức khoẻ cho chồng tôi?,Điều 67 - Bộ luật Lao động 2019,False,0.0,0.3383991894630193,"**CĂN CỨ PHÁP LUẬT THAM KHẢO:**

--- [Tài liệu 1] ---
Văn bản: Bộ luật Lao động 2019
Nội dung: Điều 108. Làm thêm giờ trong trường hợp đặc biệt Người sử dụng lao động có quyền yêu cầu người lao động làm thêm giờ vào bất kỳ ngày nào mà không bị giới hạn về số giờ làm thêm theo quy định tại Điều 107 của Bộ luật này và người lao động không được từ chối trong trường hợp sau đây: 1. Thực hiện lệnh động viên, huy động bảo đảm nhiệm vụ quốc phòng, an ninh theo quy định của pháp luật; 2. Thực hiện các công việc nhằm bảo vệ tính mạng con người, tài sản của cơ quan, tổ chức, cá nhân trong phòng ngừa, khắc phục hậu quả thiên tai, hỏa hoạn, dịch bệnh nguy hiểm và thảm họa, trừ trường hợp có nguy cơ ảnh hưởng đến tính mạng, sức khỏe của người lao động theo quy định của pháp luật về an toàn, vệ sinh lao động.

--- [Tài liệu 2] ---
Văn bản: Bộ luật Lao động 2019
Nội dung: Điều 107. Làm thêm giờ 1. Thời gian làm thêm giờ là khoảng thời gian làm việc ngoài thời giờ làm việc bình thường theo quy định của pháp luật, thỏa ước lao động tập thể hoặc nội quy lao động. 2. Người sử dụng lao động được sử dụng người lao động làm thêm giờ khi đáp ứng đầy đủ các yêu cầu sau đây: a) Phải được sự đồng ý của người lao động; b) Bảo đảm số giờ làm thêm của người lao động không quá 50% số giờ làm việc bình thường trong 01 ngày; trường hợp áp dụng quy định thời giờ làm việc bình thường theo tuần thì tổng số giờ làm việc bình thường và số giờ làm thêm không quá 12 giờ trong 01 ngày; không quá 40 giờ trong 01 tháng; c) Bảo đảm số giờ làm thêm của người lao động không quá 200 giờ trong 01 năm, trừ trường hợp quy định tại khoản 3 Điều này. 3. Người sử dụng lao động được sử dụng người lao động làm thêm không"
syn_572_1768632018,Nếu tài sản tôi đã thực hiện nghĩa vụ có nguy cơ bị hư hỏng thì tôi có quyền bán tài sản đó không?,Điều 355 - Bộ luật Dân sự 2015,True,0.3333333333333333,0.7059980334316617,"**CĂN CỨ PHÁP LUẬT THAM KHẢO:**

--- [Tài liệu 1] ---
Văn bản: Bộ luật Dân sự 2015
Nội dung: Điều 355. Chậm tiếp nhận việc thực hiện nghĩa vụ

**Nội dung quy định:**
1. Chậm tiếp nhận việc thực hiện nghĩa vụ là khi đến thời hạn thực hiện nghĩa vụ mà bên có nghĩa vụ đã thực hiện nhưng bên có quyền không tiếp nhận việc thực hiện nghĩa vụ đó.
2. Trường hợp chậm tiếp nhận đối tượng của nghĩa vụ là tài sản thì bên có nghĩa vụ có thể gửi tài sản tại nơi nhận gửi giữ tài sản hoặc áp dụng biện pháp cần thiết khác để bảo quản tài sản và có quyền yêu cầu thanh toán chi phí hợp lý. Trường hợp tài sản được gửi giữ thì bên có nghĩa vụ phải thông báo ngay cho bên có quyền.
3. Đối với tài sản có nguy cơ bị hư hỏng thì bên có nghĩa vụ có quyền bán tài sản đó và phải thông báo ngay cho bên có quyền, trả cho bên có quyền khoản tiền thu được từ việc bán tài sản sau khi trừ chi phí hợp lý để bảo quản và bán tài sản đó.

--- [Tài liệu 2] ---
Văn bản: Bộ luật Dân sự 2015
Nội dung: Điều 332. Quyền đòi lại tài sản

**Nội dung quy định:**
1. Trường hợp bên mua không hoàn thành nghĩa vụ thanh toán cho bên bán theo thỏa thuận thì bên bán có quyền đòi lại tài sản.
2. Bên bán hoàn trả cho bên mua số tiền bên mua đã thanh toán sau khi trừ giá trị hao mòn tài sản do sử dụng.
3. Trường hợp bên mua làm mất, hư hỏng tài sản thì bên bán có quyền yêu cầu bồi thường thiệt hại.

--- [Tài liệu 3] ---
Văn bản: Bộ luật Dân sự 2015
Nội dung: Điều 426. Hủy bỏ hợp đồng trong trường hợp tài sản bị mất, bị hư hỏng

**Nội dung quy định:**
1. Trường hợp một bên làm mất, làm hư hỏng tài sản là đối tượng của hợp đồng mà không thể hoàn trả, đền bù bằng tài sản khác hoặc không thể sửa chữa, thay thế bằng tài sản cùng loại thì bên kia"
syn_1528_1768642186_0,"Tôi đang có ý định cho một người bạn không có bằng lái điều khiển thuyền của tôi trong một chuyến đi câu. Tôi lo lắng nếu như người bạn đó làm hỏng thuyền hoặc gây tai nạn, tôi có thể gặp rắc rối pháp lý nào không?",Điều 276 - Bộ luật Hình sự (Văn bản hợp nhất 2017),False,1.0,0.4177583697234353,"**Căn cứ pháp lý:**
- Điều 264. Tội giao cho người không đủ điều kiện điều khiển phương tiện tham gia giao thông đường bộ - Bộ Luật Hình sự (Văn bản hợp nhất 2017)

**Nội dung quy định:**
Điều này quy định về hình phạt đối với hành vi giao cho người không đủ điều kiện điều khiển phương tiện tham gia giao thông đường bộ gây thiệt hại cho người khác. Theo đó, người phạm tội sẽ bị phạt tiền từ 10.000.000 đồng đến 50.000.000 đồng hoặc phạt cải tạo không giam giữ đến 03 năm, tùy thuộc vào mức độ thiệt hại và hậu quả gây ra.

**Phân tích & Hướng dẫn:**
Theo quy định tại Điều 264, nếu bạn giao cho người bạn không có bằng lái điều khiển thuyền của bạn trong một chuyến đi câu và người này làm hỏng thuyền hoặc gây tai nạn, bạn có thể bị xử lý theo các trường hợp sau:

1. **Thân nhân hoặc người có trách nhiệm:**
   - Nếu người bạn không có bằng lái đã gây thiệt hại nghiêm trọng (ví dụ: làm chết người, gây thương tích hoặc tổn hại cho sức khỏe của nhiều người), bạn có thể bị phạt tiền từ 50.000.000 đồng đến 200.000.000 đồng hoặc bị phạt tù từ 06 tháng đến 03 năm.
   - Nếu người bạn không có bằng lái đã gây thiệt hại về tài sản từ 100.000.000 đồng đến dưới 500.000.000 đồng, bạn cũng có thể bị phạt tiền từ 50.000.000 đồng đến 200.000.000 đồng hoặc bị phạt tù từ 06 tháng đến 03 năm.

2. **Người có thẩm quyền điều khiển phương tiện:**
   - Nếu bạn là người có thẩm quyền điều khiển phương tiện và đã giao cho người không đủ điều kiện điều khiển, bạn cũng có thể bị xử lý theo quy định tại Điều 263 Bộ Luật Hình sự. Tùy theo mức độ thiệt hại và hậu quả gây ra, bạn có thể bị phạt tiền từ 2"
syn_290_1768630080,"Tôi là con của một người đã bị tuyên bố là chết cách đây 10 năm, nhưng gần đây tôi nhận được tin tức xác thực cho thấy ông ấy còn sống. Tôi phải làm gì để hủy bỏ quyết định tuyên bố chết của ông ấy?",Điều 73 - Bộ luật Dân sự 2015,True,0.6666666666666666,0.4352941176470589,"**CĂN CỨ PHÁP LUẬT THAM KHẢO:**
---
**[Tài liệu 1]** - [Bộ luật Dân sự 2015]
Nội dung: Điều 73. Hủy bỏ quyết định tuyên bố chết

**[Tài liệu 2]** - [Bộ luật Dân sự 2015]
Nội dung: Điều 71. Tuyên bố chết

**[Tài liệu 3]** - [Bộ luật Dân sự 2015]
Nội dung: Điều 70. Hủy bỏ quyết định tuyên bố mất tích

---

**PHÂN TÍCH VÀ HƯỚNG DẪN:**

Theo quy định tại Điều 73 của Bộ luật Dân sự 2015, khi một người bị tuyên bố là đã chết trở về hoặc có tin tức xác thực là người đó còn sống, Tòa án sẽ ra quyết định hủy bỏ quyết định tuyên bố người đó là đã chết. Điều này áp dụng cho bạn vì bạn là con của người đã bị tuyên bố là đã chết và mới nhận được tin tức xác thực cho thấy ông ấy còn sống.

**Nội dung quy định:**
1. Khi một người bị tuyên bố là đã chết trở về hoặc có tin tức xác thực là người đó còn sống, theo yêu cầu của người đó hoặc của người có quyền, lợi ích liên quan, Tòa án ra quyết định hủy bỏ quyết định tuyên bố người đó là đã chết.

**Phân tích & Hướng dẫn:**
Bạn cần thực hiện các bước sau để hủy bỏ quyết định tuyên bố chết của ông ấy:

1. **Hồ sơ yêu cầu:** Bạn nên lập hồ sơ yêu cầu hủy bỏ quyết định tuyên bố chết. Hồ sơ này cần có thông tin về việc ông ấy đã bị tuyên bố là đã chết, thời gian từ khi tuyên bố đến nay, và thông tin xác thực về việc ông ấy đang còn sống.

2. **Yêu cầu Tòa án:** Gửi đơn yêu cầu hủy bỏ quyết định tuyên bố chết tới Tòa án nơi ông ấy đã bị tuyên bố là đã chết. Bạn cũng cần cung cấp thông tin về việc ông ấy đã được xác thực là còn sống.

3. **Tòa án xử lý:** Nếu hồ sơ của bạn đầy đủ và hợp lệ, Tòa án sẽ ra quyết định hủy bỏ quyết định tuyên bố chết của ông"
syn_791_1768633415,"Tôi đã sửa chữa mái nhà cho bà cụ sống gần nhà mà bà không yêu cầu, liệu tôi có thể yêu cầu bà trả tiền cho tôi không?",Điều 574 - Bộ luật Dân sự 2015,False,0.6666666666666666,0.3381995133819951,"**CĂN CỨ PHÁP LUẬT THAM KHẢO:**
--- [Tài liệu 1] ---
Văn bản: Bộ luật Dân sự 2015
Nội dung: Điều 447. Quyền yêu cầu bảo hành

--- [Tài liệu 3] ---
Văn bản: Bộ luật Dân sự 2015
Nội dung: Điều 582. Quyền yêu cầu người thứ ba hoàn trả

**Nội dung quy định:**
Theo Điều 447 của Bộ luật Dân sự 2015, bên mua có quyền yêu cầu bên bán sửa chữa không phải trả tiền, giảm giá, đổi vật có khuyết tật lấy vật khác hoặc trả lại vật và lấy lại tiền trong thời hạn bảo hành. Tuy nhiên, đây chỉ áp dụng cho trường hợp mua bán hàng hóa và không liên quan đến việc sửa chữa công trình xây dựng.

Theo Điều 582 của Bộ luật Dân sự 2015, trường hợp người chiếm hữu, người sử dụng tài sản mà không có căn cứ pháp luật đã giao tài sản cho người thứ ba thì khi bị chủ sở hữu, chủ thể có quyền khác đối với tài sản yêu cầu hoàn trả, người thứ ba có nghĩa vụ hoàn trả tài sản đó, trừ trường hợp Bộ luật này có quy định khác.

**Phân tích & Hướng dẫn:**
Trong trường hợp của bạn, bạn đã sửa chữa mái nhà cho bà cụ sống gần nhà mà bà cụ không yêu cầu. Đây là một trường hợp sửa chữa công trình xây dựng, không phải mua bán hàng hóa như quy định tại Điều 447 Bộ luật Dân sự 2015.

Đối với trường hợp sửa chữa công trình xây dựng, nếu bạn đã hoàn thành công việc mà bà cụ không yêu cầu trả tiền, bạn có thể yêu cầu bà cụ trả tiền cho công việc đã làm. Tuy nhiên, cần lưu ý rằng việc này không được quy định trực tiếp trong văn bản pháp luật cụ thể như Điều 447 Bộ luật Dân sự 2015, mà thuộc về quy định chung về nghĩa vụ dân sự và tài sản.

Việc hoàn trả tiền cho công việc xây dựng có thể được giải quyết thông qua hòa giải, tố tụng dân sự hoặc các biện pháp khác phù hợp. Nếu bà cụ không đồng ý trả tiền, bạn"
syn_1232_1768639862_1,"Vợ chồng tôi đang làm việc tại cùng một công ty và có tranh chấp với ban lãnh đạo về điều kiện làm việc. Nếu chúng tôi yêu cầu Hội đồng trọng tài lao động giải quyết tranh chấp, chúng tôi có phải đợi đến khi Hội đồng ra quyết định không?",Điều 193 - Bộ luật Lao động 2019,True,1.0,0.5233124565066111,"**Căn cứ pháp lý:** 
Điều 189 và Điều 193 - Bộ Luật Lao động 2019

**Nội dung quy định:**
Theo Điều 189 của Bộ Luật Lao động 2019, khi một bên tranh chấp yêu cầu Hội đồng trọng tài lao động giải quyết tranh chấp, các bên không được đồng thời yêu cầu Tòa án giải quyết, trừ trường hợp quy định tại khoản 4 Điều này. Theo Điều 193, các bên tranh chấp có quyền yêu cầu Hội đồng trọng tài lao động giải quyết tranh chấp trong trường hợp hòa giải không thành hoặc hết thời hạn hòa giải quy định tại khoản 2 Điều 188 của Bộ Luật này mà hòa giải viên lao động không tiến hành hòa giải hoặc một trong các bên không thực hiện thỏa thuận trong biên bản hòa giải thành.

**Phân tích & Hướng dẫn:**
Theo quy định của Điều 189 và Điều 193, nếu bạn và vợ chồng yêu cầu Hội đồng trọng tài lao động giải quyết tranh chấp, các bên không được đồng thời yêu cầu Tòa án giải quyết tranh chấp. Điều này có nghĩa là, sau khi bạn và vợ chồng yêu cầu Hội đồng trọng tài lao động giải quyết tranh chấp, họ sẽ cần thời gian để thành lập Ban trọng tài lao động và sau đó ra quyết định về việc giải quyết tranh chấp.

Hội đồng trọng tài lao động sẽ cần ít nhất 30 ngày kể từ ngày được thành lập để ra quyết định giải quyết tranh chấp (theo Điều 189 và Điều 193). Vì vậy, bạn và vợ chồng nên chuẩn bị sẵn sàng chờ đợi kết quả từ Hội đồng trọng tài lao động trong thời gian này.

Nếu quá thời hạn 30 ngày mà Ban trọng tài lao động không ra quyết định giải quyết tranh chấp, bạn và vợ chồng có quyền yêu cầu Tòa án giải quyết tranh chấp. Tuy nhiên, trước đó, bạn và vợ chồng nên cố gắng thương lượng giải quyết tranh chấp thông qua Hội đồng trọng tài lao động.

Lưu ý rằng, trong quá trình chờ đợi, nếu một trong các bên không thi hành quyết định giải quyết tranh chấp của Hội đồng trọng tài lao động, bạn và vợ chồng có quyền yêu cầu Tòa án giải quyết."
syn_728_1768633003,Nếu một trong những thành viên không đồng ý cho tôi gia nhập hợp đồng hợp tác thì tôi có thể làm gì?,Điều 511 - Bộ luật Dân sự 2015,True,1.0,0.3917775090689238,"**Căn cứ pháp lý:**
---
[Văn bản] Bộ luật Dân sự 2015  
[Nội dung] Điều 511. Gia nhập hợp đồng hợp tác  
Điều 510. Rút khỏi hợp đồng hợp tác  
Điều 512. Chấm dứt hợp đồng hợp tác

---

**Nội dung quy định:**
---
**Điều 511 (Điều kiện gia nhập hợp đồng hợp tác):**
Hợp đồng hợp tác không quy định khác thì một cá nhân, pháp nhân trở thành thành viên mới của hợp đồng nếu được sự đồng ý của hơn một nửa tổng số thành viên hợp tác.

**Điều 510 (Rút khỏi hợp đồng hợp tác):**
1. Thành viên có quyền rút khỏi hợp đồng hợp tác trong trường hợp sau đây:
   - a) Theo điều kiện đã thỏa thuận trong hợp đồng hợp tác;
   - b) Có lý do chính đáng và được sự đồng ý của hơn một nửa tổng số thành viên hợp tác.
2. Thành viên rút khỏi hợp đồng hợp tác có quyền yêu cầu nhận lại tài sản đã đóng góp, được chia phần tài sản trong khối tài sản chung và phải thanh toán các nghĩa vụ theo thỏa thuận. Trường hợp việc phân chia tài sản bằng hiện vật làm ảnh hưởng đến hoạt động hợp tác thì tài sản được tính giá trị thành tiền để chia. Việc rút khỏi hợp đồng hợp tác không làm chấm dứt quyền, nghĩa vụ của người này được xác lập, thực hiện trước thời điểm rút khỏi hợp đồng hợp tác.
3. Việc rút khỏi hợp đồng hợp tác không thuộc trường hợp được quy định tại khoản 1 Điều này thì thành viên rút khỏi hợp đồng được xác định là bên vi phạm hợp đồng và phải thực hiện trách nhiệm dân sự theo quy định của Bộ luật này, luật khác có liên quan.

---

**Phân tích & Hướng dẫn:**
---
Theo quy định tại Điều 511 của Bộ Luật Dân sự 2015, bạn cần được sự đồng ý của hơn một nửa tổng số thành viên hợp tác để gia nhập hợp đồng hợp tác. Nếu một thành viên không đồng ý cho bạn gia nhập, bạn sẽ không thể gia nhập hợp đồng hợp tác đó.

Tuy nhiên, theo Điều 510 của cùng văn bản luật, bạn có quyền rút khỏi hợp đồng hợp tác nếu có lý do"
syn_1381_1768640998_0,"Tôi là một bác sĩ phẫu thuật, trong một ca phẫu thuật tôi đã vô ý làm một bệnh nhân tử vong vì một sai sót nhỏ. Tôi rất hoang mang không biết mình có thể bị phạt như thế nào và có khả năng nào tôi sẽ bị cấm hành nghề không?",Điều 129 - Bộ luật Hình sự (Văn bản hợp nhất 2017),True,1.0,0.5380249716231554,"**Căn cứ pháp lý:**
- Điều 129, Bộ luật Hình sự (Văn bản hợp nhất 2017)

**Nội dung quy định:**
1. Người nào vô ý làm chết người do vi phạm quy tắc nghề nghiệp hoặc quy tắc hành chính, thì bị phạt tù từ 01 năm đến 05 năm.
2. Phạm tội làm chết 02 người trở lên, thì bị phạt tù từ 05 năm đến 12 năm.
3. Người phạm tội còn có thể bị cấm đảm nhiệm chức vụ, cấm hành nghề hoặc làm công việc nhất định từ 01 năm đến 05 năm.

**Phân tích & Hướng dẫn:**
Theo quy định tại Điều 129, Bộ luật Hình sự, nếu bạn là một bác sĩ phẫu thuật và vô ý làm chết một bệnh nhân trong một ca phẫu thuật, bạn có thể bị phạt tù từ 1 năm đến 5 năm tùy theo mức độ nghiêm trọng của hậu quả. Trong trường hợp này, hậu quả là một bệnh nhân tử vong, nên mức phạt tối thiểu là 1 năm tù.

Bên cạnh đó, theo Mục 5 của Điều 129, nếu người phạm tội còn có thể bị cấm đảm nhiệm chức vụ, cấm hành nghề hoặc làm công việc nhất định từ 1 năm đến 5 năm. Tuy nhiên, điều kiện để áp dụng hình phạt này là cần chứng minh rằng hành vi của bạn đã làm chết 2 người trở lên. Trong trường hợp của bạn, chỉ có một bệnh nhân tử vong nên hình phạt cấm hành nghề không áp dụng.

Tuy nhiên, việc bị phạt tù có thể ảnh hưởng lớn đến tương lai nghề nghiệp của bạn. Bạn cần phải tuân thủ đúng quy trình và kỹ thuật phẫu thuật, và có thể cần tham gia các khóa đào tạo nâng cao về an toàn y tế. Đồng thời, việc này cũng có thể ảnh hưởng đến việc tiếp tục công việc của bạn trong lĩnh vực y tế.

Để có câu trả lời chính xác nhất, bạn nên liên hệ với cơ quan điều tra hoặc cơ quan tư pháp để được hỗ trợ và hướng dẫn cụ thể hơn."
syn_1446_1768641528_1,"Chồng tôi vừa bị công an bắt vì sản xuất thuốc giả. Nếu hàng hóa này có giá trị 600 triệu đồng, mức phạt tù mà chồng tôi có thể phải nhận là gì?",Điều 194 - Bộ luật Hình sự (Văn bản hợp nhất 2017),False,1.0,0.3526627218934911,"**Căn cứ pháp lý:**
- [Tên điều luật]: Điều 195. Tội sản xuất, buôn bán hàng giả là thức ăn dùng để chăn nuôi, phân bón, thuốc thú y, thuốc bảo vệ thực vật, giống cây trồng, giống vật nuôi - [Tên văn bản luật]: Bộ luật Hình sự (Văn bản hợp nhất 2017)

**Nội dung quy định:**
Người nào sản xuất, buôn bán hàng giả là thức ăn dùng để chăn nuôi, phân bón, thuốc thú y, thuốc bảo vệ thực vật, giống cây trồng, giống vật nuôi thuộc một trong các trường hợp sau đây, thì bị phạt tiền từ 100.000.000 đồng đến 1.000.000.000 đồng hoặc phạt tù từ 01 năm đến 05 năm:

a) Hàng giả tương đương với số lượng của hàng thật hoặc hàng hóa có cùng tính năng kỹ thuật, công dụng trị giá từ 30.000.000 đồng đến dưới 150.000.000 đồng hoặc dưới 30.000.000 đồng nhưng đã bị xử phạt vi phạm hành chính về một trong các hành vi quy định tại Điều này hoặc tại một trong các điều 188, 189, 190, 191, 192, 193, 194, 196 và 200 của Bộ luật này hoặc đã bị kết án về một trong các tội này, chưa được xóa án tích mà còn vi phạm;
b) Gây thiệt hại về tài sản từ 100.000.000 đồng đến dưới 500.000.000 đồng;
c) Thu lợi bất chính từ 50.000.000 đồng đến dưới 100.000.000 đồng.

**Phân tích & Hướng dẫn:**

Theo thông tin bạn cung cấp, hàng hóa của chồng bạn có giá trị 600 triệu đồng, nằm trong trường hợp a) của Điều 195 Bộ luật Hình sự. Theo đó, nếu hàng giả tương đương với số lượng của hàng thật hoặc hàng hóa có cùng tính năng kỹ thuật, công dụng trị giá từ 30.0"
syn_434_1768631080,"Gia đình tôi cùng sở hữu một căn nhà, nhưng hiện tại chúng tôi không thể thống nhất về việc cho thuê hay sử dụng căn nhà đó. Tôi có thể làm gì để đảm bảo quyền lợi của mình?",Điều 217 - Bộ luật Dân sự 2015,False,0.3333333333333333,0.3423848878394333,"**CĂN CỨ PHÁP LUẬT THAM KHẢO:**
--- [Tài liệu 1] ---
Văn bản: Luật Hôn nhân và Gia đình 2014
Nội dung: Điều 31. Giao dịch liên quan đến nhà là nơi ở duy nhất của vợ chồng
Trích dẫn: Việc xác lập, thực hiện, chấm dứt các giao dịch liên quan đến nhà là nơi ở duy nhất của vợ chồng phải có sự thỏa thuận của vợ chồng. Trong trường hợp nhà ở thuộc sở hữu riêng của vợ hoặc chồng thì chủ sở hữu có quyền xác lập, thực hiện, chấm dứt giao dịch liên quan đến tài sản đó nhưng phải bảo đảm chỗ ở cho vợ chồng.

--- [Tài liệu 2] ---
Văn bản: Luật Hôn nhân và Gia đình 2014
Nội dung: Điều 103. Quyền, nghĩa vụ giữa các thành viên khác của gia đình
Trích dẫn: Trong trường hợp sống chung thì các thành viên gia đình có nghĩa vụ tham gia công việc gia đình, lao động tạo thu nhập; đóng góp công sức, tiền hoặc tài sản khác để duy trì đời sống chung của gia đình phù hợp với khả năng thực tế của mình.

--- [Tài liệu 3] ---
Văn bản: Luật Hôn nhân và Gia đình 2014
Nội dung: Điều 44. Chiếm hữu, sử dụng, định đoạt tài sản riêng
Trích dẫn: 1. Vợ, chồng có quyền chiếm hữu, sử dụng, định đoạt tài sản riêng của mình; nhập hoặc không nhập tài sản riêng vào tài sản chung.
2. Trong trường hợp vợ hoặc chồng không thể tự mình quản lý tài sản riêng và cũng không ủy quyền cho người khác quản lý thì bên kia có quyền quản lý tài sản đó. Việc quản lý tài sản phải bảo đảm lợi ích của người có tài sản.

**PHÂN TÍCH & HƯỚNG DẪN:**

Theo quy định tại Điều 31 của Luật Hôn nhân và Gia đình 2014, việc xác lập, thực hiện, chấm dứt các giao dịch liên quan đến nhà là nơi ở duy nhất của vợ chồng phải có sự thỏa thuận của vợ chồng. Đây là trường hợp đặc biệt mà căn"
syn_4_1768627743,Doanh nghiệp của tôi gặp khó khăn tài chính và có thể cần trưng mua tài sản để đảm bảo hoạt động. Tôi có thể nhận được bồi thường như thế nào nếu Nhà nước trưng mua tài sản của tôi?,Điều 5 - Luật Doanh nghiệp 2020,True,0.6666666666666666,0.4529750479846449,"**CĂN CỨ PHÁP LUẬT THAM KHẢO:**

- **Tài liệu 1:** Văn bản: Luật Doanh nghiệp 2020
- **Tài liệu 2:** Văn bản: Bộ luật Dân sự 2015
- **Tài liệu 3:** Văn bản: Bộ luật Dân sự 2015

**Nội dung quy định:**

Theo Điều 5 của Luật Doanh nghiệp 2020, Nhà nước bảo đảm bình đẳng trước pháp luật của các doanh nghiệp không phân biệt hình thức sở hữu và thành phần kinh tế, đồng thời công nhận tính sinh lợi hợp pháp của hoạt động kinh doanh. Theo Điều 163 của Bộ luật Dân sự 2015, không ai có thể bị hạn chế, bị tước đoạt trái luật quyền sở hữu, quyền khác đối với tài sản. Điều 243 của Bộ luật Dân sự 2015 quy định rằng, nếu Nhà nước trưng mua tài sản theo quy định của luật, quyền sở hữu đối với tài sản của chủ sở hữu đó sẽ chấm dứt kể từ thời điểm quyết định của cơ quan nhà nước có thẩm quyền có hiệu lực pháp luật.

**Phân tích & Hướng dẫn:**

Trong trường hợp của doanh nghiệp bạn, nếu cần phải trưng mua tài sản để đảm bảo hoạt động, theo quy định của Luật Doanh nghiệp 2020 và Bộ luật Dân sự 2015, doanh nghiệp của bạn sẽ nhận được bồi thường theo giá thị trường. Điều này được quy định tại Điều 163 của Bộ luật Dân sự 2015, khẳng định rằng, trong trường hợp cần trưng mua tài sản vì lý do quốc phòng, an ninh hoặc vì lợi ích quốc gia, tình trạng khẩn cấp, phòng chống thiên tai, Nhà nước sẽ trưng mua tài sản có bồi thường theo giá thị trường.

Do đó, khi doanh nghiệp của bạn cần phải trưng mua tài sản, bạn nên tiến hành theo đúng quy định của pháp luật, bao gồm việc trưng mua tài sản dựa trên quyết định của cơ quan nhà nước có thẩm quyền và thực hiện việc bồi thường theo giá thị trường. Việc này cần được thực hiện một cách công bằng, minh bạch và tuân thủ"
syn_539_1768631798,"Tôi đã thế chấp một tài sản cho ngân hàng, nhưng giờ tôi muốn lấy lại giấy tờ sau khi đã thanh toán nợ. Tôi cần làm gì?",Điều 322 - Bộ luật Dân sự 2015,False,1.0,0.3887468030690537,"**Căn cứ pháp lý:**
---
Văn bản: Bộ luật Dân sự 2015
Nội dung: Điều 323. Quyền của bên nhận thế chấp 1. Giữ giấy tờ liên quan đến tài sản thế chấp trong trường hợp các bên có thỏa thuận, trừ trường hợp luật có quy định khác.
---

**Nội dung quy định:**
Theo Điều 323 của Bộ Luật Dân sự 2015, bên nhận thế chấp (trong trường hợp này là bạn) có quyền giữ giấy tờ liên quan đến tài sản thế chấp. Điều này bao gồm cả trường hợp mà bên nhận thế chấp và bên thế chấp đã thỏa thuận về việc giữ giấy tờ liên quan đến tài sản thế chấp.

**Phân tích & Hướng dẫn:**
---
Theo quy định trên, bạn có quyền giữ giấy tờ liên quan đến tài sản thế chấp, miễn là hai bên đã thỏa thuận về điều này. Tuy nhiên, điều quan trọng là bạn cần phải thực hiện đúng quy định của pháp luật khi giữ giấy tờ này. 

Bạn nên liên hệ với ngân hàng để xem xét lại thỏa thuận giữa hai bên về việc giữ giấy tờ liên quan đến tài sản thế chấp. Nếu thỏa thuận đó vẫn còn hiệu lực, bạn có quyền giữ giấy tờ này. 

Nếu thỏa thuận đó đã bị thay đổi hoặc không còn hiệu lực, bạn cần thông báo cho ngân hàng về sự thay đổi này và yêu cầu họ trả lại giấy tờ liên quan đến tài sản thế chấp cho bạn. 

Để đảm bảo quyền lợi của mình, bạn nên lưu trữ đầy đủ tất cả các giấy tờ liên quan đến tài sản thế chấp và ghi chú lại bất kỳ thỏa thuận nào liên quan đến việc giữ giấy tờ này. Việc này giúp bạn có thể chứng minh quyền của mình nếu cần thiết.

Cuối cùng, nếu bạn chưa chắc chắn về các quy định cụ thể, tốt nhất là nhờ sự tư vấn của một chuyên gia tư vấn pháp luật để đảm bảo rằng mọi hành động của bạn đều tuân thủ pháp luật."
syn_476_1768631381,Tôi có thỏa thuận với người cho tôi hưởng dụng một phần tài sản nhưng không ghi rõ thời gian. Liệu quyền hưởng dụng của tôi vẫn có hiệu lực không?,Điều 259 - Bộ luật Dân sự 2015,True,0.3333333333333333,0.41739130434782606,"**CĂN CỨ PHÁP LUẬT THAM KHẢO:**
---
[Tài liệu 1] -- Bộ luật Dân sự 2015
Nội dung: Điều 264. Quyền hưởng dụng

[Tài liệu 2] -- Bộ luật Dân sự 2015
Nội dung: Điều 259

[Tài liệu 3] -- Bộ luật Dân sự 2015
Nội dung: Điều 260

**CĂN CỨ PHÁP LUẬT THAM KHẢO:**

---

**CÂU HỎI:**
Tôi có thỏa thuận với người cho tôi hưởng dụng một phần tài sản nhưng không ghi rõ thời gian. Liệu quyền hưởng dụng của tôi vẫn có hiệu lực không?

**PHÂN TÍCH VÀ HƯỚNG DẪN:**

Theo Điều 259 của Bộ Luật Dân sự 2015, quyền hưởng dụng được xác lập từ thời điểm nhận chuyển giao tài sản, trừ trường hợp có thỏa thuận khác hoặc luật liên quan có quy định khác. 

Điều 264 cũng xác định rằng, người hưởng dụng có quyền sở hữu đối với hoa lợi, lợi tức thu được từ tài sản là đối tượng của quyền hưởng dụng trong thời gian quyền này có hiệu lực.

Theo Điều 260, thời hạn của quyền hưởng dụng được xác định bởi các bên thỏa thuận hoặc do luật quy định. Tuy nhiên, nếu không có thỏa thuận về thời hạn, thì theo quy định, thời hạn tối đa của quyền hưởng dụng là 30 năm nếu người hưởng dụng đầu tiên là pháp nhân, hoặc đến khi pháp nhân chấm dứt tồn tại. Đối với cá nhân, thời hạn tối đa là cuộc đời của người hưởng dụng đầu tiên.

Trong trường hợp không có thỏa thuận về thời hạn, quyền hưởng dụng sẽ có hiệu lực vĩnh viễn theo quy định của Điều 264, nghĩa là người hưởng dụng có quyền tiếp tục hưởng hoa lợi, lợi tức từ tài sản đó không giới hạn thời gian, miễn là không có sự chấm dứt hợp pháp của quyền hưởng dụng.

Tuy nhiên, cần lưu ý rằng, theo Điều 260, quyền hưởng dụng có thể được cho thuê trong thời hạn quy định (tối đa 30 năm), nên"
syn_1222_1768639801_1,"Tôi là người lao động đã làm việc tại một công ty từ năm 2020. Gần đây, tôi bị sa thải mà không có lý do rõ ràng. Tôi có thể yêu cầu cơ quan nào can thiệp để giải quyết tranh chấp lao động này không?",Điều 183 - Bộ luật Lao động 2019,False,1.0,0.3663594470046083,"**Căn cứ pháp lý:** 
- Điều 197, Bộ luật Lao động 2019

**Nội dung quy định:**
Điều 197 của Bộ Luật Lao động 2019 quy định rằng: ""Trong trường hợp hòa giải không thành hoặc hết thời hạn hòa giải quy định tại khoản 2 Điều 188 của Bộ luật này mà hòa giải viên lao động không tiến hành hòa giải hoặc một trong các bên không thực hiện thỏa thuận trong biên bản hòa giải thành, các bên tranh chấp có quyền yêu cầu Hội đồng trọng tài lao động giải quyết tranh chấp.""

**Phân tích & Hướng dẫn:**
Theo quy định trên, nếu bạn bị sa thải mà không có lý do rõ ràng, bạn có quyền yêu cầu Hội đồng trọng tài lao động giải quyết tranh chấp lao động. Đây là một trong những trường hợp mà bạn có thể yêu cầu giải quyết tranh chấp thông qua Hội đồng trọng tài lao động theo quy định tại Điều 197 của Bộ Luật Lao động 2019.

Trong trường hợp này, bạn cần tuân thủ các bước sau:

1. **Hòa Giải:** Trước khi yêu cầu Hội đồng trọng tài lao động giải quyết tranh chấp, bạn nên cố gắng hòa giải với người sử dụng lao động thông qua hòa giải viên lao động. Nếu hòa giải không thành công, bạn có quyền yêu cầu Hội đồng trọng tài lao động giải quyết.

2. **Yêu Cầu Hội Đồng Trọng Tài Lao Động:** Theo quy định tại khoản 1 Điều 197, trong thời hạn 07 ngày làm việc kể từ ngày nhận được yêu cầu giải quyết tranh chấp, Ban trọng tài lao động sẽ được thành lập để giải quyết tranh chấp.

3. **Thời Gian Giải Quyết:** Trong thời hạn 30 ngày kể từ ngày được thành lập, Ban trọng tài lao động sẽ ra quyết định về việc giải quyết tranh chấp và gửi cho cả hai bên.

Nếu trong quá trình này, người sử dụng lao động không thực hiện quyết định giải quyết tranh chấp của Ban trọng tài lao động, bạn có quyền yêu cầu Tòa án giải quyết tranh chấp theo quy định tại các Điều 200, 201 và 202 của Bộ Luật Lao động 201"
syn_834_1768633713,"Nếu tôi là người quản lý di sản nhưng không có sự đồng ý bằng văn bản của các thừa kế, tôi có thể định đoạt tài sản của di sản không?",Điều 617 - Bộ luật Dân sự 2015,True,0.3333333333333333,0.853356890459364,"**CĂN CỨ PHÁP LUẬT THAM KHẢO:**
--- [Tài liệu 1] ---
Văn bản: Bộ luật Dân sự 2015
Nội dung: Điều 617. Nghĩa vụ của người quản lý di sản 1. Người quản lý di sản quy định tại khoản 1 và khoản 3 Điều 616 của Bộ luật này có nghĩa vụ sau đây: a) Lập danh mục di sản; thu hồi tài sản thuộc di sản của người chết mà người khác đang chiếm hữu, trừ trường hợp pháp luật có quy định khác; b) Bảo quản di sản; không được bán, trao đổi, tặng cho, cầm cố, thế chấp hoặc định đoạt tài sản bằng hình thức khác, nếu không được những người thừa kế đồng ý bằng văn bản; c) Thông báo về tình trạng di sản cho những người thừa kế; d) Bồi thường thiệt hại nếu vi phạm nghĩa vụ của mình mà gây thiệt hại; đ) Giao lại di sản theo yêu cầu của người thừa kế. 2. Người đang chiếm hữu, sử dụng, quản lý di sản quy định tại khoản 2 Điều 616 của Bộ luật này có nghĩa vụ sau đây: a) Bảo quản di sản; không được bán, trao đổi, tặng cho, cầm cố, thế chấp hoặc định đoạt tài sản bằng hình thức khác; b) Thông báo về di sản cho những người thừa kế; c) Bồi thường thiệt hại nếu vi phạm nghĩa vụ của mình mà gây thiệt hại; d) Giao lại di sản theo thỏa thuận trong hợp đồng với người để lại di sản hoặc theo yêu cầu của người thừa kế.

---

**PHÂN TÍCH VÀ HƯỚNG DẪN:**

Theo Điều 617, Paragraph 2 của Bộ luật Dân sự 2015, người quản lý di sản có nghĩa vụ không được định đoạt tài sản bằng hình thức khác, nếu không được những người thừa kế đồng ý bằng văn bản. Đây là một trong những nghĩa vụ cụ thể mà người quản lý di sản phải tuân thủ.

Trong trường hợp bạn là người quản lý di sản nhưng không có sự đồng ý bằng văn bản của các thừa kế, theo quy định trên, bạn không được định đoạt tài sản của di sản. Việc định đoạt tài sản chỉ được phép khi có sự đồng ý"
syn_1410_1768641241_2,Công ty tôi đã thuê một văn phòng từ năm 2020. Gần đây có một đối thủ cạnh tranh đã cố gắng vào văn phòng của chúng tôi mà không có sự cho phép và tuyên bố rằng họ có quyền sử dụng không gian này. Tôi phải làm gì để bảo vệ quyền sử dụng hợp pháp của công ty mình?,Điều 158 - Bộ luật Hình sự (Văn bản hợp nhất 2017),False,0.6666666666666666,0.3186318631863186,"**Căn cứ pháp lý:**
---
**[Tài liệu 1]** - [Luật Doanh nghiệp 2020]
**Nội dung quy định:**
Điều 181. Quyền và nghĩa vụ của thành viên hợp danh
1. Thành viên hợp danh có quyền sau đây: a) Tham gia họp, thảo luận và biểu quyết về các vấn đề của công ty; mỗi thành viên hợp danh có một phiếu biểu quyết hoặc có số phiếu biểu quyết khác quy định tại Điều lệ công ty; b) Nhân danh công ty kinh doanh các ngành, nghề kinh doanh của công ty; đàm phán và ký kết hợp đồng, giao dịch hoặc giao ước với những điều kiện mà thành viên hợp danh đó cho là có lợi nhất cho công ty; c) Sử dụng tài sản của công ty để kinh doanh các ngành, nghề kinh doanh của công ty; trường hợp ứng trước tiền của mình để kinh doanh cho công ty thì có quyền yêu cầu công ty hoàn trả lại cả số tiền gốc và lãi theo lãi suất thị trường trên số tiền gốc đã ứng trước; d) Yêu cầu công ty bù đắp thiệt hại từ hoạt động kinh doanh trong phạm vi nhiệm vụ được phân công nếu thiệt hại đó xảy ra không phải do sai sót cá nhân của thành viên đó; đ) Yêu cầu công ty, thành viên hợp danh khác cung cấp thông tin về tình hình kinh doanh của công ty; kiểm tra tài sản, sổ kế toán và tài liệu khác của công ty khi thấy cần thiết; e) Được chia lợi nhuận tương ứng với tỷ lệ phần vốn góp hoặc theo thỏa thuận quy định tại Điều lệ công ty; g) Khi công ty giải thể hoặc phá sản, được chia giá trị tài sản còn lại tương ứng theo tỷ lệ phần vốn góp vào công ty nếu Điều lệ công ty không quy định một tỷ lệ khác; h) Trường hợp thành viên hợp danh chết thì người thừa kế của thành viên được hưởng phần giá trị tài sản tại công ty sau khi đã trừ đi phần nợ và nghĩa vụ tài sản khác thuộc trách nhiệm của thành viên đó. Người thừa kế có thể trở thành thành viên hợp danh nếu được Hội đồng thành viên chấp thuận; i) Quyền khác theo quy định của Luật này và Điều lệ công ty.
**Nội dung quy định:**
2. Thành"
syn_969_1768634610,"Tôi đã ly hôn và vợ cũ của tôi đã chuyển ra ngoài, nhưng tôi không có đủ tiền để thuê nhà mới. Tôi có thể yêu cầu quyền lưu cư trong căn nhà chung không?",Điều 63 - Luật Hôn nhân và Gia đình 2014,True,0.6666666666666666,0.5389527458492976,"**CĂN CỨ PHÁP LUẬT THAM KHẢO:**
---
[Văn bản] Luật Hôn nhân và Gia đình 2014  
[Nội dung] Điều 63. Quyền lưu cư của vợ hoặc chồng khi ly hôn

**Nội dung quy định:**
Nhà ở thuộc sở hữu riêng của vợ, chồng đã đưa vào sử dụng chung thì khi ly hôn vẫn thuộc sở hữu riêng của người đó; trường hợp vợ hoặc chồng có khó khăn về chỗ ở thì được quyền lưu cư trong thời hạn 06 tháng kể từ ngày quan hệ hôn nhân chấm dứt, trừ trường hợp các bên có thỏa thuận khác.

**Phân tích & Hướng dẫn:**
Theo quy định tại Điều 63 của Luật Hôn nhân và Gia đình 2014, bạn có thể yêu cầu quyền lưu cư trong căn nhà chung nếu bạn gặp khó khăn về chỗ ở và căn nhà đó thuộc sở hữu riêng của bạn. 

Tuy nhiên, cần lưu ý rằng quyền lưu cư này chỉ được áp dụng trong trường hợp bạn có khó khăn về chỗ ở và căn nhà chung thuộc sở hữu riêng của bạn. Nếu căn nhà đó thuộc sở hữu chung của hai vợ chồng hoặc bạn và vợ cũ có thỏa thuận khác về việc lưu trú, thì quy định này không áp dụng.

Trong trường hợp này, bạn cần chứng minh rõ ràng rằng bạn đang gặp khó khăn về chỗ ở và căn nhà chung thuộc sở hữu riêng của bạn. Bạn cũng nên xem xét việc liên lạc với vợ cũ để thảo luận về khả năng lưu trú tạm thời trong căn nhà chung, hoặc tìm kiếm sự hỗ trợ từ bên thứ ba nếu cần thiết.

Nếu không có thỏa thuận khác và bạn đủ điều kiện, bạn có thể yêu cầu Tòa án giải quyết việc lưu trú tạm thời trong thời hạn 06 tháng theo quy định. Nếu không thỏa thuận được, bạn sẽ cần phải yêu cầu Tòa án giải quyết theo quy định tại Điều 59 của Luật Hôn nhân và Gia đình 2014."
syn_1655_1768643344_0,"Tôi là một sĩ quan quân đội, trong quá trình làm nhiệm vụ, tôi đã vô tình tiết lộ một thông tin quan trọng về kế hoạch tác chiến cho một người bạn ngoài quân đội. Nếu bị phát hiện, tôi có thể bị phạt như thế nào?",Điều 404 - Bộ luật Hình sự (Văn bản hợp nhất 2017),False,0.3333333333333333,0.5890257558790595,"**CĂN CỨ PHÁP LUẬT THAM KHẢO:**
--- [Tài liệu 1] ---
Văn bản: Bộ luật Hình sự (Văn bản hợp nhất 2017)
Nội dung: Điều 406. Tội vô ý làm lộ bí mật công tác quân sự 1. Người nào vô ý làm lộ bí mật công tác quân sự, nếu không thuộc một trong các trường hợp quy định tại Điều 338 và Điều 362 của Bộ luật này, thì bị phạt cải tạo không giam giữ đến 02 năm hoặc phạt tù từ 03 tháng đến 02 năm. 2. Phạm tội thuộc một trong các trường hợp sau đây, thì bị phạt tù từ 01 năm đến 05 năm: a) Là chỉ huy hoặc sĩ quan; b) Trong khu vực có chiến sự; c) Trong chiến đấu; d) Gây hậu quả nghiêm trọng, rất nghiêm trọng hoặc đặc biệt nghiêm trọng.

---

**PHÂN TÍCH VÀ HƯỚNG DẪN:**

Theo Căn cứ pháp lý tham khảo từ Điều 406 của Bộ luật Hình sự, hành vi của bạn có thể bị coi là ""vô ý làm lộ bí mật công tác quân sự"". Điều này dựa trên việc bạn đã tiết lộ thông tin quan trọng về kế hoạch tác chiến cho một người bạn ngoài quân đội, nhưng không thuộc các trường hợp được quy định tại Điều 338 và Điều 362 của Bộ luật này.

Để xác định mức hình phạt cụ thể, cần xem xét các yếu tố sau:
1. **Hậu quả gây ra:** Bạn đã gây ra hậu quả gì khi tiết lộ thông tin? Nếu hậu quả gây ra nghiêm trọng, rất nghiêm trọng hoặc đặc biệt nghiêm trọng, mức phạt có thể tăng lên.
2. **Chức vụ và vị trí:** Bạn có phải là chỉ huy hoặc sĩ quan không? Nếu có, mức phạt có thể cao hơn so với người không có chức vụ này.

Vì vậy, nếu bạn không thuộc bất kỳ trường hợp cụ thể nào được quy định tại Điều 406, thì có thể bị phạt cải tạo không giam giữ từ 03 tháng đến 02 năm hoặc phạt tù từ 03 tháng đến 02 năm. Tuy nhiên, nếu hành vi gây ra hậu quả nghiêm"
syn_410_1768630907,"Gia đình tôi có một tài sản chung, và chúng tôi muốn bán nó. Nhưng chúng tôi không chắc chắn về trình tự và thủ tục để thực hiện việc này. Vậy chúng tôi cần làm gì để tuân theo quy định của pháp luật?",Điều 193 - Bộ luật Dân sự 2015,False,0.0,0.36033857315598544,"**CĂN CỨ PHÁP LUẬT THAM KHẢO:**
--- [Tài liệu 1] ---
Văn bản: Bộ luật Dân sự 2015
Nội dung: Điều 304. Bán tài sản cầm cố, thế chấp 1. Việc bán đấu giá tài sản cầm cố, thế chấp được thực hiện theo quy định của pháp luật về bán đấu giá tài sản. 2. Việc tự bán tài sản cầm cố, thế chấp của bên nhận bảo đảm được thực hiện theo quy định về bán tài sản trong Bộ luật này và quy định sau đây: a) Việc thanh toán số tiền có được từ việc xử lý tài sản được thực hiện theo quy định tại Điều 307 của Bộ luật này; b) Sau khi có kết quả bán tài sản thì chủ sở hữu tài sản và bên có quyền xử lý tài sản phải thực hiện các thủ tục theo quy định của pháp luật để chuyển quyền sở hữu tài sản cho bên mua tài sản.

--- [Tài liệu 3] ---
Văn bản: Bộ luật Dân sự 2015
Nội dung: Điều 451. Bán đấu giá tài sản Tài sản có thể được đem bán đấu giá theo ý chí của chủ sở hữu hoặc theo quy định của pháp luật. Tài sản thuộc sở hữu chung đem bán đấu giá phải có sự đồng ý của tất cả các chủ sở hữu chung, trừ trường hợp có thỏa thuận khác hoặc pháp luật có quy định khác. Việc bán đấu giá tài sản phải đảm bảo nguyên tắc khách quan, công khai, minh bạch, bảo đảm quyền, lợi ích hợp pháp của các bên tham gia và được thực hiện theo quy định của pháp luật về bán đấu giá tài sản.

**CÔNG LUẬT VÀ QUY ĐỊNH THỰC HIỆN:**

Để thực hiện việc bán tài sản chung của gia đình bạn tuân theo quy định của pháp luật, bạn cần thực hiện các bước sau:

1. **Thủ tục Thanh Niên:** Trước tiên, cần xác định tài sản đó thuộc sở hữu chung hay tài sản riêng. Nếu tài sản đó là tài sản chung, cần có sự đồng ý từ tất cả các chủ sở hữu chung. 

2. **Bán Đấu Giá:** Việc bán đấu giá tài sản chung được quy định tại Điều"
syn_641_1768632467,"Tôi ký hợp đồng thuê xe với một công ty, nhưng họ không giao xe đúng hẹn và đã hết thời hạn thỏa thuận. Tôi có quyền hủy hợp đồng không?",Điều 424 - Bộ luật Dân sự 2015,True,0.3333333333333333,0.557628979143798,"**CĂN CỨ PHÁP LUẬT THAM KHẢO:**
---
**[Tài liệu 1]**: Bộ luật Dân sự 2015, Điều 424

**[Tài liệu 2]**: Bộ luật Dân sự 2015, Điều 476

**[Tài liệu 3]**: Bộ luật Dân sự 2015, Điều 474

---

**CÂU HỎI:**
Tôi ký hợp đồng thuê xe với một công ty, nhưng họ không giao xe đúng hẹn và đã hết thời hạn thỏa thuận. Tôi có quyền hủy hợp đồng không?

---

**PHÂN TÍCH & HƯỚNG DẪN:**

Theo Điều 424 của Bộ Luật Dân sự 2015, trường hợp bên có nghĩa vụ (công ty cho thuê) không thực hiện đúng nghĩa vụ mà bên có quyền yêu cầu thực hiện trong một thời hạn hợp lý nhưng bên có nghĩa vụ (tôi) không thực hiện thì tôi có quyền hủy bỏ hợp đồng. Điều này cũng áp dụng cho trường hợp do tính chất của hợp đồng hoặc do ý chí của các bên mà hợp đồng không thể đạt được mục đích nếu không được thực hiện trong thời hạn nhất định, và khi hết thời hạn đó, bên có nghĩa vụ không thực hiện đúng nghĩa vụ thì bên kia có quyền hủy bỏ hợp đồng mà không cần tuân theo quy định tại khoản 1 Điều này.

Trong trường hợp của bạn, công ty cho thuê không giao xe đúng hẹn và đã hết thời hạn thỏa thuận. Đây có thể coi là vi phạm nghĩa vụ của họ, vì bạn đã có quyền yêu cầu giao xe trong thời hạn hợp lý. Theo Điều 476 của Bộ Luật Dân sự 2015, nếu bên cho thuê chậm giao tài sản, bên thuê có thể gia hạn giao tài sản hoặc hủy bỏ hợp đồng và yêu cầu bồi thường thiệt hại. Nếu tài sản thuê không đúng chất lượng như thỏa thuận, bên thuê cũng có quyền yêu cầu bên cho thuê sửa chữa, giảm giá thuê hoặc hủy bỏ hợp đồng và yêu cầu bồi thường thiệt hại.

Tuy nhiên, để có thể thực hiện quyền hủy hợp đồng, bạn cần đảm bảo rằng đã thông báo cho công ty về việc hủy hợp đồng trước một thời gian hợp lý (theo Điều 474 của Bộ"
syn_286_1768630044,Tôi là cha của một người bị tuyên bố mất tích và tôi muốn quản lý tài sản của con mình. Tôi cần làm gì để được Tòa án chỉ định quản lý?,Điều 69 - Bộ luật Dân sự 2015,True,1.0,0.5273311897106109,"**CĂN CỨ PHÁP LUẬT THAM KHẢO:**

--- [Tài liệu 1] ---
Văn bản: Bộ luật Dân sự 2015
Nội dung: Điều 69. Quản lý tài sản của người bị tuyên bố mất tích

--- [Tài liệu 2] ---
Văn bản: Bộ luật Dân sự 2015
Nội dung: Điều 70. Hủy bỏ quyết định tuyên bố mất tích

--- [Tài liệu 3] ---
Văn bản: Luật Hôn nhân và Gia đình 2014
Nội dung: Điều 76. Quản lý tài sản riêng của con

**Căn cứ pháp lý:**
Điều 69 của Bộ luật Dân sự 2015 và Điều 70 của Bộ luật Dân sự 2015.

**Nội dung quy định:**
Theo Điều 69 của Bộ luật Dân sự 2015, người đang quản lý tài sản của người vắng mặt tại nơi cư trú quy định tại Điều 65 của Bộ luật này tiếp tục quản lý tài sản của người đó khi người đó bị Tòa án tuyên bố mất tích và có các quyền, nghĩa vụ quy định tại Điều 66 và Điều 67 của Bộ luật này. 

Điều 70 của Bộ luật Dân sự 2015 quy định về việc hủy bỏ quyết định tuyên bố mất tích, trong đó nêu rõ: ""Khi người bị tuyên bố mất tích trở về hoặc có tin tức xác thực là người đó còn sống thì theo yêu cầu của người đó hoặc của người có quyền, lợi ích liên quan, Tòa án ra quyết định hủy bỏ quyết định tuyên bố mất tích đối với người đó.""

**Phân tích & Hướng dẫn:**
Theo quy định của pháp luật, bạn, như cha của người bị tuyên bố mất tích, có quyền quản lý tài sản của con mình nếu con bạn trở về hoặc có tin tức xác thực là còn sống. Để được Tòa án chỉ định quản lý tài sản, bạn cần thực hiện các bước sau:

1. **Thực hiện yêu cầu hủy bỏ quyết định tuyên bố mất tích**: Nếu con bạn trở về hoặc có tin tức xác thực là còn sống, bạn cần yêu cầu Tòa án ra quyết định hủy bỏ quyết định tuyên bố mất tích đối với"
syn_726_1768632991,"Gia đình tôi tham gia hợp tác xã và chúng tôi đã đóng góp 300 triệu. Nếu hợp tác xã gặp khó khăn tài chính và không đủ khả năng thanh toán nợ, tôi có thể mất toàn bộ số tiền đã đóng góp không?",Điều 509 - Bộ luật Dân sự 2015,True,0.3333333333333333,0.43301435406698563,"**CĂN CỨ PHÁP LUẬT THAM KHẢO:**
---
[Văn bản] Bộ luật Dân sự 2015
[Nội dung] Điều 512. Chấm dứt hợp đồng hợp tác 1. Hợp đồng hợp tác chấm dứt trong trường hợp sau đây: a) Theo thỏa thuận của các thành viên hợp tác; b) Hết thời hạn ghi trong hợp đồng hợp tác; c) Mục đích hợp tác đã đạt được; d) Theo quyết định của cơ quan nhà nước có thẩm quyền; đ) Trường hợp khác theo quy định của Bộ luật này, luật khác có liên quan. 2. Khi chấm dứt hợp đồng hợp tác, các khoản nợ phát sinh từ hợp đồng phải được thanh toán; nếu tài sản chung không đủ để trả nợ thì phải lấy tài sản riêng của các thành viên hợp tác để thanh toán theo quy định tại Điều 509 của Bộ luật này. Trường hợp các khoản nợ đã được thanh toán xong mà tài sản chung vẫn còn thì được chia cho các thành viên hợp tác theo tỷ lệ tương ứng với phần đóng góp của mỗi người, trừ trường hợp có thỏa thuận khác. Mục 9. HỢP ĐỒNG DỊCH VỤ

---

**PHÂN TÍCH & HƯỚNG DẪN:**

Theo Điều 512 của Bộ Luật Dân sự 2015, khi chấm dứt hợp đồng hợp tác, các khoản nợ phát sinh từ hợp đồng phải được thanh toán. Nếu tài sản chung không đủ để trả nợ, các thành viên hợp tác sẽ phải sử dụng tài sản riêng để thanh toán. 

Trong trường hợp của gia đình bạn, đã đóng góp 300 triệu đồng vào hợp tác xã. Nếu hợp tác xã gặp khó khăn tài chính và không đủ khả năng thanh toán nợ, theo quy định, bạn và các thành viên khác sẽ phải sử dụng tài sản riêng để thanh toán nợ. Tuy nhiên, tài sản riêng của bạn chỉ được sử dụng để thanh toán nợ đến mức tài sản chung không còn đủ để trả nợ.

Điều 509 của Bộ Luật Dân sự 2015 cũng xác định rằng, nếu tài sản chung không đủ để trả nợ, các thành viên hợp tác sẽ phải chịu trách nhiệm"
syn_635_1768632435,"Tôi ký hợp đồng với một đối tác nhưng họ vi phạm hợp đồng. Chúng tôi đã thỏa thuận mức phạt vi phạm là 10 triệu đồng. Tuy nhiên, tôi muốn biết liệu tôi có thể yêu cầu họ bồi thường thiệt hại thêm không?",Điều 418 - Bộ luật Dân sự 2015,True,0.0,0.6587064676616915,"**CĂN CỨ PHÁP LUẬT THAM KHẢO:**
--- [Tài liệu 1] ---
Văn bản: Bộ luật Dân sự 2015
Nội dung: Điều 418. Thỏa thuận phạt vi phạm 1. Phạt vi phạm là sự thỏa thuận giữa các bên trong hợp đồng, theo đó bên vi phạm nghĩa vụ phải nộp một khoản tiền cho bên bị vi phạm. 2. Mức phạt vi phạm do các bên thỏa thuận, trừ trường hợp luật liên quan có quy định khác. 3. Các bên có thể thỏa thuận về việc bên vi phạm nghĩa vụ chỉ phải chịu phạt vi phạm mà không phải bồi thường thiệt hại hoặc vừa phải chịu phạt vi phạm và vừa phải bồi thường thiệt hại. Trường hợp các bên có thỏa thuận về phạt vi phạm nhưng không thỏa thuận về việc vừa phải chịu phạt vi phạm và vừa phải bồi thường thiệt hại thì bên vi phạm nghĩa vụ chỉ phải chịu phạt vi phạm.

--- [Tài liệu 2] ---
Văn bản: Bộ luật Dân sự 2015
Nội dung: Điều 419. Thiệt hại được bồi thường do vi phạm hợp đồng 1. Thiệt hại được bồi thường do vi phạm nghĩa vụ theo hợp đồng được xác định theo quy định tại khoản 2 Điều này, Điều 13 và Điều 360 của Bộ luật này. 2. Người có quyền có thể yêu cầu bồi thường thiệt hại cho lợi ích mà lẽ ra mình sẽ được hưởng do hợp đồng mang lại. Người có quyền còn có thể yêu cầu người có nghĩa vụ chi trả chi phí phát sinh do không hoàn thành nghĩa vụ hợp đồng mà không trùng lặp với mức bồi thường thiệt hại cho lợi ích mà hợp đồng mang lại. 3. Theo yêu cầu của người có quyền, Tòa án có thể buộc người có nghĩa vụ bồi thường thiệt hại về tinh thần cho người có quyền. Mức bồi thường do Tòa án quyết định căn cứ vào nội dung vụ việc.

--- [Tài liệu 3] ---
Văn bản: Bộ luật Dân sự 2015
Nội dung: Điều 585. Nguyên tắc bồi thường thiệt hại 1. Thiệt hại thực tế phải được bồi thường toàn bộ và kịp thời. Các bên có thể thỏa thuận về mức bồi thường, hình"
syn_560_1768631936,"Tôi đã thực hiện nghĩa vụ bảo lãnh cho một khoản vay, nhưng giờ tôi muốn biết nếu tôi đã thực hiện xong nghĩa vụ này thì bảo lãnh có tự động chấm dứt không?",Điều 343 - Bộ luật Dân sự 2015,True,1.0,0.609981515711645,"**Căn cứ pháp lý:** 
Điều 343. Chấm dứt bảo lãnh - Bộ Luật Dân sự 2015

**Nội dung quy định:**
Bảo lãnh chấm dứt trong trường hợp sau đây: 1. Nghĩa vụ được bảo lãnh chấm dứt. 2. Việc bảo lãnh được hủy bỏ hoặc được thay thế bằng biện pháp bảo đảm khác. 3. Bên bảo lãnh đã thực hiện nghĩa vụ bảo lãnh. 4. Theo thỏa thuận của các bên. 

**Phân tích & Hướng dẫn:**
Theo Điều 343 của Bộ Luật Dân sự 2015, bảo lãnh sẽ chấm dứt khi bên bảo lãnh đã thực hiện nghĩa vụ bảo lãnh. Trong trường hợp của bạn, sau khi bạn đã hoàn thành nghĩa vụ bảo lãnh, bảo lãnh sẽ tự động chấm dứt. Điều này tuân thủ nguyên tắc về việc bảo lãnh chỉ còn hiệu lực khi bên bảo lãnh thực hiện nghĩa vụ của mình. Do đó, bạn không cần phải làm thêm bất kỳ hành động nào khác để bảo lãnh chấm dứt, vì nó sẽ tự động diễn ra khi nghĩa vụ bảo lãnh được thực hiện."
syn_1543_1768642325_2,"Công ty tôi đang gặp khó khăn tài chính và một người bạn đã đề nghị tôi tham gia vào một nhóm thu thập thông tin tài khoản ngân hàng để bán. Tôi đang rất phân vân không biết có nên tham gia không, và nếu tham gia thì tôi có thể bị xử lý như thế nào?",Điều 291 - Bộ luật Hình sự (Văn bản hợp nhất 2017),True,1.0,0.6350550381033023,"**Căn cứ pháp lý:**
Điều 291. Tội thu thập, tàng trữ, trao đổi, mua bán, công khai hóa trái phép thông tin về tài khoản ngân hàng - Bộ luật Hình sự (Văn bản hợp nhất 2017)

**Nội dung quy định:**
Theo điều này, người nào thu thập, tàng trữ, trao đổi, mua bán, công khai hóa trái phép thông tin về tài khoản ngân hàng của người khác với số lượng từ 20 tài khoản đến dưới 50 tài khoản hoặc thu lợi bất chính từ 20.000.000 đồng đến dưới 50.000.000 đồng, thì bị phạt tiền từ 20.000.000 đồng đến 100.000.000 đồng hoặc phạt cải tạo không giam giữ đến 03 năm. Nếu phạm tội thuộc một trong các trường hợp quy định tại khoản 2 Điều này, mức phạt sẽ tăng lên từ 100.000.000 đồng đến 200.000.000 đồng hoặc phạt tù từ 03 tháng đến 02 năm. Nếu phạm tội thuộc một trong các trường hợp quy định tại khoản 3 Điều này, mức phạt sẽ tăng lên từ 200.000.000 đồng đến 500.000.000 đồng hoặc phạt tù từ 02 năm đến 07 năm. Người phạm tội còn có thể bị phạt tiền từ 10.000.000 đồng đến 50.000.000 đồng, cấm đảm nhiệm chức vụ, cấm hành nghề hoặc làm công việc nhất định từ 01 năm đến 05 năm hoặc tịch thu một phần hoặc toàn bộ tài sản.

**Phân tích & Hướng dẫn:**
Trong trường hợp của bạn, việc thu thập, tàng trữ, trao đổi, mua bán hoặc công khai hóa thông tin về tài khoản ngân hàng của người khác, đặc biệt là với số lượng từ 20 tài khoản đến dưới 50 tài khoản, có thể bị coi là hành vi vi phạm pháp luật. Theo Điều 291 của Bộ luật Hình sự, nếu bạn thực hiện hành vi này với số lượng từ 2"
syn_1511_1768642038_0,"Tôi là một nhân viên quản lý tại một phòng thí nghiệm y tế. Gần đây, tôi phát hiện một đồng nghiệp của tôi đã thực hiện một số hành vi không đúng quy định liên quan đến việc sản xuất thuốc hướng thần. Nếu tôi báo cáo sự việc này, nhưng trước đó đồng nghiệp đó đã từng bị xử phạt về hành vi tương tự, thì tôi có thể chịu trách nhiệm pháp lý gì không?",Điều 259 - Bộ luật Hình sự (Văn bản hợp nhất 2017),True,1.0,0.44035346097201766,"**Căn cứ pháp lý:** Điều 259. Tội vi phạm quy định về quản lý chất ma túy, tiền chất, thuốc gây nghiện, thuốc hướng thần - Bộ luật Hình sự (Văn bản hợp nhất 2017)

**Nội dung quy định:**
Điều 259 quy định về tội vi phạm quy định về quản lý chất ma túy, tiền chất, thuốc gây nghiện, thuốc hướng thần. Theo đó, người có trách nhiệm trong quản lý chất ma túy, tiền chất, thuốc gây nghiện, thuốc hướng thần sẽ bị phạt tiền hoặc phạt tù nếu vi phạm một trong các quy định cụ thể, kể cả những người đã bị xử lý kỷ luật hoặc xử phạt vi phạm hành chính trước đó.

**Phân tích & Hướng dẫn:**
Theo thông tin bạn cung cấp, đồng nghiệp của bạn đã vi phạm quy định về sản xuất thuốc hướng thần, và đã từng bị xử phạt về hành vi tương tự. Theo Điều 259 của Bộ Luật Hình sự, nếu đồng nghiệp của bạn đã từng bị xử lý kỷ luật hoặc xử phạt vi phạm hành chính về hành vi vi phạm quy định về quản lý chất ma túy, tiền chất, thuốc gây nghiện, thuốc hướng thần, thì khi vi phạm lại, họ sẽ bị phạt tiền từ 10.000.000 đồng đến 100.000.000 đồng hoặc phạt tù từ 01 năm đến 05 năm.

Như vậy, nếu bạn báo cáo sự việc này, đồng nghiệp của bạn có thể bị phạt tiền hoặc phạt tù tùy thuộc vào mức độ nghiêm trọng của hành vi vi phạm và có lịch sử xử phạt trước đó. Bạn nên thông báo sự việc này đến cơ quan chức năng để họ có thể tiến hành điều tra và xử lý theo quy định pháp luật.

Đồng thời, việc báo cáo sự việc này cũng thể hiện trách nhiệm của bạn với quy định pháp luật và an toàn công cộng, góp phần đảm bảo môi trường làm việc an toàn và tuân thủ."
syn_140_1768628786,"Tôi là cổ đông của công ty ABC và đã không nhận được thông báo họp Đại hội đồng cổ đông, tôi có quyền kiểm tra danh sách cổ đông không?",Điều 141 - Luật Doanh nghiệp 2020,True,1.0,0.8678929765886287,"**Căn cứ pháp lý:**
Điều 141. Danh sách cổ đông có quyền dự họp Đại hội đồng cổ đông - Luật Doanh nghiệp 2020

**Nội dung quy định:**
Danh sách cổ đông có quyền dự họp Đại hội đồng cổ đông được lập dựa trên sổ đăng ký cổ đông của công ty. Danh sách cổ đông có quyền dự họp Đại hội đồng cổ đông được lập không quá 10 ngày trước ngày gửi giấy mời họp Đại hội đồng cổ đông nếu Điều lệ công ty không quy định thời hạn ngắn hơn. 

Danh sách cổ đông có quyền dự họp Đại hội đồng cổ đông phải có họ, tên, địa chỉ liên lạc, quốc tịch, số giấy tờ pháp lý của cá nhân đối với cổ đông là cá nhân; tên, mã số doanh nghiệp hoặc số giấy tờ pháp lý của tổ chức, địa chỉ trụ sở chính đối với cổ đông là tổ chức; số lượng cổ phần từng loại, số và ngày đăng ký cổ đông của từng cổ đông.

Cổ đông có quyền kiểm tra, tra cứu, trích lục, sao chép tên và địa chỉ liên lạc của cổ đông trong danh sách cổ đông có quyền dự họp Đại hội đồng cổ đông; yêu cầu sửa đổi thông tin sai lệch hoặc bổ sung thông tin cần thiết về mình trong danh sách cổ đông có quyền dự họp Đại hội đồng cổ đông. Người quản lý công ty phải cung cấp kịp thời thông tin trong sổ đăng ký cổ đông, sửa đổi, bổ sung thông tin sai lệch theo yêu cầu của cổ đông; chịu trách nhiệm bồi thường thiệt hại phát sinh do không cung cấp hoặc cung cấp không kịp thời, không chính xác thông tin sổ đăng ký cổ đông theo yêu cầu. Trình tự, thủ tục yêu cầu cung cấp thông tin trong sổ đăng ký cổ đông thực hiện theo quy định tại Điều lệ công ty.

**Phân tích & Hướng dẫn:**
Theo quy định tại Điều 141 của Luật Doanh nghiệp 2020, bạn, như một cổ đông của công ty ABC, có quyền kiểm tra danh sách cổ đông. Bạn có thể yêu cầu cung cấp thông tin về danh sách cổ đông dự họp Đại hội đồng cổ đông, bao gồm họ, tên, địa chỉ liên lạc, quốc tịch, số giấy tờ pháp lý, số lượng cổ phần từng loại, số và ngày đăng ký cổ đông của từng"
syn_1561_1768642492_1,"Chồng tôi là người phụ trách kho hóa chất tại một nhà máy, trong quá trình vận chuyển chất phóng xạ, đã xảy ra sự cố làm chết 2 công nhân. Tôi lo lắng về tương lai của gia đình mình và muốn biết chồng tôi có thể phải đối mặt với mức án nào trong trường hợp này?",Điều 310 - Bộ luật Hình sự (Văn bản hợp nhất 2017),True,1.0,0.5973451327433629,"**Căn cứ pháp lý:** 
- Điều 310. Tội vi phạm quy định về quản lý chất phóng xạ, vật liệu hạt nhân - Bộ luật Hình sự (Văn bản hợp nhất 2017)

**Nội dung quy định:**  
Người nào vi phạm quy định về quản lý việc sản xuất, trang bị, sử dụng, bảo quản, lưu giữ, vận chuyển, mua bán hoặc xử lý chất phóng xạ, vật liệu hạt nhân gây thiệt hại cho người khác thuộc một trong các trường hợp sau đây, thì bị phạt tù từ 03 năm đến 10 năm: a) Làm chết người; b) Gây thương tích hoặc gây tổn hại cho sức khỏe của 01 người mà tỷ lệ tổn thương cơ thể 61% trở lên; c) Gây thương tích hoặc gây tổn hại cho sức khỏe của 02 người trở lên mà tổng tỷ lệ tổn thương cơ thể của những người này từ 61% đến 121%; d) Gây thiệt hại về tài sản từ 100.000.000 đồng đến dưới 500.000.000 đồng.

**Phân tích & Hướng dẫn:**
Trong trường hợp của chồng bạn, đã xảy ra sự cố làm chết 2 công nhân trong quá trình vận chuyển chất phóng xạ. Theo Điều 310, nếu người phạm tội làm chết 02 người thì sẽ bị phạt tù từ 07 năm đến 15 năm.

Theo thông tin bạn cung cấp, chồng bạn đã vi phạm quy định về quản lý chất phóng xạ, gây thiệt hại nghiêm trọng cho 2 công nhân, do đó có thể bị truy cứu trách nhiệm hình sự với mức án từ 07 năm đến 15 năm tù. 

Đồng thời, chồng bạn còn có thể bị phạt tiền từ 50.000.000 đồng đến 200.000.000 đồng hoặc phạt cải tạo không giam giữ đến 02 năm hoặc phạt tù từ 03 tháng đến 02 năm, tùy theo mức độ nghiêm trọng của tội phạm.

Mặt khác, chồng bạn cũng có thể bị cấm đảm nhiệm chức vụ, cấm hành nghề hoặc làm công việc nhất định từ 01 năm đến 05 năm, tùy thuộc vào mức độ nghiêm"
syn_565_1768631971,"Tôi đang cầm giữ tài sản của một công ty khác, nhưng họ không thực hiện nghĩa vụ theo hợp đồng. Tôi có quyền yêu cầu họ thực hiện nghĩa vụ này không?",Điều 348 - Bộ luật Dân sự 2015,False,0.6666666666666666,0.417607223476298,"**Căn cứ pháp lý:**
---
**[Tài liệu 1]**
Bộ luật Dân sự 2015
Nội dung: Điều 412. Cầm giữ tài sản trong hợp đồng song vụ
Hướng dẫn: Trường hợp bên có nghĩa vụ không thực hiện đúng nghĩa vụ của mình thì bên có quyền xác lập quyền cầm giữ tài sản đối với tài sản của bên có nghĩa vụ theo quy định từ Điều 346 đến Điều 350 của Bộ luật này.
---

**Căn cứ pháp lý:**
---
**[Tài liệu 2]**
Bộ luật Dân sự 2015
Nội dung: Điều 288. Thực hiện nghĩa vụ liên đới
Hướng dẫn: Trường hợp một người đã thực hiện toàn bộ nghĩa vụ thì có quyền yêu cầu những người có nghĩa vụ liên đối khác phải thực hiện phần nghĩa vụ liên đối của họ đối với mình.
---

**Căn cứ pháp lý:**
---
**[Tài liệu 3]**
Bộ luật Dân sự 2015
Nội dung: Điều 346. Cầm giữ tài sản
Hướng dẫn: Cầm giữ tài sản là việc bên có quyền (sau đây gọi là bên cầm giữ) đang nắm giữ hợp pháp tài sản là đối tượng của hợp đồng song vụ được chiếm giữ tài sản trong trường hợp bên có nghĩa vụ không thực hiện hoặc thực hiện không đúng nghĩa vụ.
---

**Phân tích & Hướng dẫn:**
---
Theo quy định tại Điều 412 của Bộ luật Dân sự 2015, bạn có quyền xác lập quyền cầm giữ tài sản đối với tài sản của công ty mà bạn đang cầm giữ nếu công ty không thực hiện đúng nghĩa vụ theo hợp đồng. Điều này nghĩa là bạn có thể thực hiện hành động cầm giữ tài sản khi công ty vi phạm nghĩa vụ của mình.

Trong trường hợp bạn đã cầm giữ tài sản của công ty và công ty không thực hiện nghĩa vụ theo hợp đồng, bạn có quyền yêu cầu công ty thực hiện nghĩa vụ đó. Điều này dựa trên quy định về việc cầm giữ tài sản như trong Điều 346 của Bộ luật Dân sự 2015, nơi quy định rằng bên có quyền (trong trường hợp này là bạn) có thể cầm giữ tài sản khi bên có nghĩa vụ không thực hiện hoặc thực hiện không đúng"
syn_638_1768632451,"Tôi và đối tác đã ký hợp đồng xây dựng, nhưng giờ chúng tôi muốn thay đổi một số điều khoản trong hợp đồng. Liệu chúng tôi có thể sửa đổi hợp đồng đó không?",Điều 421 - Bộ luật Dân sự 2015,False,1.0,0.3333333333333333,"**Căn cứ pháp lý:**
Điều 420 Bộ Luật Dân sự 2015 - [Bộ luật Dân sự 2015]

**Nội dung quy định:**
1. Hoàn cảnh thay đổi cơ bản khi có đủ các điều kiện sau đây: a) Sự thay đổi hoàn cảnh do nguyên nhân khách quan xảy ra sau khi giao kết hợp đồng; b) Tại thời điểm giao kết hợp đồng, các bên không thể lường trước được về sự thay đổi hoàn cảnh; c) Hoàn cảnh thay đổi lớn đến mức nếu như các bên biết trước thì hợp đồng đã không được giao kết hoặc được giao kết nhưng với nội dung hoàn toàn khác; d) Việc tiếp tục thực hiện hợp đồng mà không có sự thay đổi nội dung hợp đồng sẽ gây thiệt hại nghiêm trọng cho một bên; đ) Bên có lợi ích bị ảnh hưởng đã áp dụng mọi biện pháp cần thiết trong khả năng cho phép, phù hợp với tính chất của hợp đồng mà không thể ngăn chặn, giảm thiểu mức độ ảnh hưởng đến lợi ích.
2. Trong trường hợp hoàn cảnh thay đổi cơ bản, bên có lợi ích bị ảnh hưởng có quyền yêu cầu bên kia đàm phán lại hợp đồng trong một thời hạn hợp lý.
3. Trường hợp các bên không thể thỏa thuận được về việc sửa đổi hợp đồng trong một thời hạn hợp lý, một trong các bên có thể yêu cầu Tòa án: a) Chấm dứt hợp đồng tại một thời điểm xác định; b) Sửa đổi hợp đồng để cân bằng quyền và lợi ích hợp pháp của các bên do hoàn cảnh thay đổi cơ bản. Tòa án chỉ được quyết định việc sửa đổi hợp đồng trong trường hợp việc chấm dứt hợp đồng sẽ gây thiệt hại lớn hơn so với các chi phí để thực hiện hợp đồng nếu được sửa đổi.
4. Trong quá trình đàm phán sửa đổi, chấm dứt hợp đồng, Tòa án giải quyết vụ việc, các bên vẫn phải tiếp tục thực hiện nghĩa vụ của mình theo hợp đồng, trừ trường hợp có thỏa thuận khác. Tiểu mục 3. SỬA ĐỔI, CHẤM DỨT HỢP ĐỒNG

**Phân tích & Hướng dẫn:**

Theo Điều 420 của Bộ Luật Dân sự 2015, nếu bạn và đối tác đã ký"
syn_1611_1768642933_1,"Chồng tôi là tài xế xe tải và đã gây ra tai nạn giao thông, làm bị thương 3 người với tỷ lệ tổn thương cơ thể là 70%. Chúng tôi đang lo lắng về hình phạt mà anh ấy có thể phải đối mặt. Xin cho biết luật quy định về hành vi này?",Điều 360 - Bộ luật Hình sự (Văn bản hợp nhất 2017),False,1.0,0.42782608695652175,"**Căn cứ pháp lý:**
- Điều 260. Tội vi phạm quy định về tham gia giao thông đường bộ - Bộ luật Hình sự (Văn bản hợp nhất 2017)

**Nội dung quy định:**
Điều 260 quy định về hình phạt đối với người tham gia giao thông đường bộ mà vi phạm quy định về an toàn giao thông đường bộ gây thiệt hại cho người khác. Cụ thể, nếu hành vi gây thương tích hoặc tổn hại cho sức khỏe của 01 người mà tỷ lệ tổn thương cơ thể từ 61% trở lên, thì bị phạt tiền từ 30.000.000 đồng đến 100.000.000 đồng, phạt cải tạo không giam giữ đến 03 năm hoặc phạt tù từ 01 năm đến 05 năm.

**Phân tích & Hướng dẫn:**
Theo điều 260 Bộ luật Hình sự, hành vi của chồng bạn gây thương tích hoặc tổn hại cho sức khỏe của 03 người với tỷ lệ tổn thương cơ thể từ 61% trở lên sẽ bị phạt tù từ 01 năm đến 05 năm. 

Trong trường hợp của chồng bạn, tỷ lệ tổn thương cơ thể là 70%, vượt quá giới hạn quy định trong điều 260. Do đó, chồng bạn có thể phải chịu hình phạt từ 01 năm đến 05 năm tù.

Ngoài ra, cần lưu ý rằng chồng bạn cũng có thể bị phạt tiền từ 30.000.000 đồng đến 100.000.000 đồng, phạt cải tạo không giam giữ đến 03 năm hoặc phạt tù từ 01 năm đến 05 năm nếu hành vi gây thiệt hại về tài sản từ 100.000.000 đồng đến dưới 500.000.000 đồng.

Để chắc chắn hơn về hình phạt cụ thể, chồng bạn nên liên hệ với cơ quan điều tra để được tư vấn chính xác về tình hình vụ án."
syn_781_1768633346,Tôi được ủy quyền để quản lý một tài sản nhưng giờ tôi cần ủy quyền lại cho một người khác thì tôi phải làm thế nào?,Điều 564 - Bộ luật Dân sự 2015,True,0.0,0.5589622641509434,"**CĂN CỨ PHÁP LUẬT THAM KHẢO:**
---
**[Tài liệu 1]** --- [Bộ luật Dân sự 2015]
**Nội dung:** Điều 564. Ủy quyền lại 1. Bên được ủy quyền được ủy quyền lại cho người khác trong trường hợp sau đây: a) Có sự đồng ý của bên ủy quyền; b) Do sự kiện bất khả kháng nếu không áp dụng ủy quyền lại thì mục đích xác lập, thực hiện giao dịch dân sự vì lợi ích của người ủy quyền không thể thực hiện được. 2. Việc ủy quyền lại không được vượt quá phạm vi ủy quyền ban đầu. 3. Hình thức hợp đồng ủy quyền lại phải phù hợp với hình thức ủy quyền ban đầu.

**[Tài liệu 2]** --- [Bộ luật Dân sự 2015]
**Nội dung:** Điều 187. Quyền chiếm hữu của người được chủ sở hữu ủy quyền quản lý tài sản 1. Người được chủ sở hữu ủy quyền quản lý tài sản thực hiện việc chiếm hữu tài sản đó trong phạm vi, theo cách thức, thời hạn do chủ sở hữu xác định. 2. Người được chủ sở hữu ủy quyền quản lý tài sản không thể trở thành chủ sở hữu đối với tài sản được giao theo quy định tại Điều 236 của Bộ luật này.

**[Tài liệu 3]** --- [Bộ luật Dân sự 2015]
**Nội dung:** Điều 565. Nghĩa vụ của bên được ủy quyền 1. Thực hiện công việc theo ủy quyền và báo cho bên ủy quyền về việc thực hiện công việc đó. 2. Báo cho người thứ ba trong quan hệ thực hiện ủy quyền về thời hạn, phạm vi ủy quyền và việc sửa đổi, bổ sung phạm vi ủy quyền. 3. Bảo quản, giữ gìn tài liệu và phương tiện được giao để thực hiện việc ủy quyền. 4. Giữ bí mật thông tin mà mình biết được trong khi thực hiện việc ủy quyền. 5. Giao lại cho bên ủy quyền tài sản đã nhận và những lợi ích thu được trong khi thực hiện việc ủy quyền theo thỏa thuận hoặc theo quy định của pháp luật. 6. Bồi thường thiệt hại do vi phạm nghĩa vụ quy định tại Điều này.

---

**CÂU"
syn_1269_1768640084_2,"Công ty chúng tôi đang bị điều tra về một hành vi phạm tội mà luật đã có sự thay đổi, cụ thể là quy định một tình tiết giảm nhẹ mới. Liệu công ty tôi có thể được hưởng lợi từ điều luật mới không?",Điều 7 - Bộ luật Hình sự (Văn bản hợp nhất 2017),True,0.6666666666666666,0.38190954773869346,"**CĂN CỨ PHÁP LUẬT THAM KHẢO:**
---
--- [Tài liệu 1] ---
Văn bản: Bộ luật Hình sự (Văn bản hợp nhất 2017)
Nội dung: Điều 84. Các tình tiết giảm nhẹ trách nhiệm hình sự áp dụng đối với pháp nhân thương mại

--- [Tài liệu 2] ---
Văn bản: Bộ luật Hình sự (Văn bản hợp nhất 2017)
Nội dung: Điều 51. Các tình tiết giảm nhẹ trách nhiệm hình sự

--- [Tài liệu 3] ---
Văn bản: Bộ luật Hình sự (Văn bản hợp nhất 2017)
Nội dung: Điều 7. Hiệu lực của Bộ luật Hình sự về thời gian
---

**Căn cứ pháp lý:**
Điều 84 và Điều 51 Bộ luật Hình sự (Văn bản hợp nhất 2017)

**Nội dung quy định:**
- Theo Điều 84, tình tiết giảm nhẹ trách nhiệm hình sự bao gồm: đã ngăn chặn hoặc làm giảm bớt tác hại của tội phạm; tự nguyện sửa chữa, bồi thường thiệt hại hoặc khắc phục hậu quả; phạm tội nhưng chưa gây thiệt hại hoặc gây thiệt hại không lớn; tích cực hợp tác với cơ quan có trách nhiệm trong việc phát hiện tội phạm hoặc trong quá trình giải quyết vụ án.
- Theo Điều 51, cũng có các tình tiết giảm nhẹ trách nhiệm hình sự như: người phạm tội đã ngăn chặn hoặc làm giảm bớt tác hại của tội phạm; người phạm tội tự nguyện sửa chữa, bồi thường thiệt hại hoặc khắc phục hậu quả; phạm tội trong trường hợp vượt quá giới hạn phòng vệ chính đáng; phạm tội trong trường hợp vượt quá yêu cầu của tình thế cấp thiết; phạm tội trong trường hợp vượt quá mức cần thiết khi bắt giữ người phạm tội; phạm tội vì hoàn cảnh đặc biệt khó khăn mà không phải do mình tự gây ra; phạm tội nhưng chưa gây thiệt hại hoặc gây thiệt hại không lớn; phạm tội lần đầu và thuộc trường hợp ít nghiêm trọng; phạm tội vì bị người khác đe dọa hoặc cưỡng bức; phạm tội trong trường hợp bị hạn chế khả năng nhận thức mà không phải do lỗi của mình gây ra; phạm tội do lạc hậu; người phạm tội là phụ nữ có thai; người phạm tội là người đủ"
syn_398_1768630814,Tôi đã mua một chiếc xe cũ từ một người bán mà sau đó tôi phát hiện xe này đã bị đánh cắp. Tôi có thể bị coi là chiếm hữu không ngay tình không?,Điều 181 - Bộ luật Dân sự 2015,True,0.6666666666666666,0.42857142857142855,"**CĂN CỨ PHÁP LUẬT THAM KHẢO:**
--- [Tài liệu 3] ---
Văn bản: Bộ luật Dân sự 2015
Nội dung: Điều 181. Chiếm hữu không ngay tình Chiếm hữu không ngay tình là việc chiếm hữu mà người chiếm hữu biết hoặc phải biết rằng mình không có quyền đối với tài sản đang chiếm hữu.

---

**Nội dung quy định:**
Theo Điều 181 của Bộ luật Dân sự 2015, chiếm hữu không ngay tình là việc chiếm hữu mà người chiếm hữu biết hoặc phải biết rằng mình không có quyền đối với tài sản đang chiếm hữu.

---

**Phân tích & Hướng dẫn:**
Trong tình huống này, bạn đã mua chiếc xe cũ từ một người bán, nhưng sau đó phát hiện ra rằng xe đã bị đánh cắp. Theo quy định tại Điều 181 của Bộ luật Dân sự 2015, nếu bạn biết hoặc phải biết rằng mình không có quyền đối với tài sản (xe) đang chiếm hữu, thì bạn có thể bị coi là chiếm hữu không ngay tình.

Tuy nhiên, cần lưu ý rằng để chứng minh bạn không có quyền đối với tài sản, người bán xe phải chứng minh rõ ràng rằng họ không có quyền sở hữu hoặc quyền định đoạt đối với chiếc xe. Nếu không thể chứng minh được điều này, thì khả năng bạn sẽ không bị coi là chiếm hữu không ngay tình.

Bên cạnh đó, bạn cũng nên lưu ý đến các quy định về quyền đòi lại động sản từ người chiếm hữu ngay tình (Điều 167 của Bộ luật Dân sự 2015), đặc biệt khi động sản được chiếm hữu thông qua hợp đồng không có đền bù và bị mất do nguyên nhân ngoài ý chí của chủ sở hữu. 

Như vậy, để có câu trả lời chính xác nhất, bạn nên tìm kiếm thêm thông tin về giao dịch mua bán và các bằng chứng liên quan đến việc bạn có thể đã biết hoặc nên biết rằng mình không có quyền đối với chiếc xe trước khi mua nó."
syn_794_1768633438,"Tôi là một nhân viên trong công ty, và tôi đã thực hiện một hợp đồng mà không có sự ủy quyền của giám đốc. Tuy nhiên, trong quá trình thực hiện, tôi đã gây thiệt hại cho bên thứ ba. Tôi có phải bồi thường thiệt hại không?",Điều 577 - Bộ luật Dân sự 2015,True,1.0,0.39565217391304347,"**Căn cứ pháp lý:**
- Bộ luật Dân sự 2015 - [Tài liệu 1]

**Nội dung quy định:**
1. Điều 541. Trách nhiệm bồi thường thiệt hại quy định rằng bên thuê vận chuyển phải bồi thường thiệt hại cho bên vận chuyển và người thứ ba về thiệt hại do tài sản vận chuyển có tính chất nguy hiểm, độc hại mà không có biện pháp đóng gói, bảo đảm an toàn trong quá trình vận chuyển.
2. Mục 11. Hợp đồng gia công quy định về trách nhiệm bồi thường thiệt hại khi người thực hiện công việc không có ủy quyền cố ý gây thiệt hại trong quá trình thực hiện công việc.

**Phân tích & Hướng dẫn:**
Theo Điều 541 của Bộ Luật Dân sự 2015, bên thuê vận chuyển (trong trường hợp này là bạn) có nghĩa vụ bồi thường thiệt hại cho bên vận chuyển và người thứ ba nếu gây thiệt hại cho tài sản vận chuyển do tính chất nguy hiểm, độc hại mà không có biện pháp bảo đảm an toàn. Tuy nhiên, quy định này chỉ áp dụng khi bạn đã thuê vận chuyển tài sản.

Trong trường hợp của bạn, mặc dù bạn đã thực hiện một hợp đồng mà không có sự ủy quyền của giám đốc, nhưng nếu bạn không đã thuê vận chuyển tài sản, quy định này không áp dụng cho bạn. Theo Điều 541, trách nhiệm bồi thường chỉ phát sinh khi tài sản được thuê vận chuyển và gây thiệt hại.

Tuy nhiên, theo Điều 577 của Bộ Luật Dân sự 2015, nếu người thực hiện công việc không có ủy quyền do vô ý gây thiệt hại trong quá trình thực hiện công việc, người đó có thể được giảm mức bồi thường dựa trên hoàn cảnh đảm nhận công việc.

Vì vậy, bạn cần phân tích xem có tài sản nào đã được thuê vận chuyển hay không. Nếu có, bạn sẽ phải bồi thường theo quy định của Điều 541. Nếu không, bạn có thể được giảm mức bồi thường theo Điều 577.

Để có quyết định chính xác, bạn nên liên hệ với pháp lý để có sự tư vấn cụ thể và đầy đủ hơn dựa trên các thông tin cụ thể về hợp đồng và thiệt hại đã xảy ra."
syn_902_1768634148,"Tôi đã thuê một căn nhà và đã sinh sống tại đó hơn một năm mà không có hợp đồng chính thức. Giờ chủ nhà đòi tôi phải trả tiền thuê, nhưng tôi không có chứng cứ gì. Tôi nên làm gì?",Điều 685 - Bộ luật Dân sự 2015,False,1.0,0.34684684684684686,"**Căn cứ pháp lý:**
--- [Tài liệu 1] ---
Văn bản: Bộ luật Dân sự 2015
Nội dung: Điều 472. Hợp đồng thuê tài sản Hợp đồng thuê tài sản là sự thỏa thuận giữa các bên, theo đó bên cho thuê giao tài sản cho bên thuê để sử dụng trong một thời hạn, bên thuê phải trả tiền thuê. Hợp đồng thuê nhà ở, hợp đồng thuê nhà để sử dụng vào mục đích khác được thực hiện theo quy định của Bộ luật này, Luật nhà ở và quy định khác của pháp luật có liên quan.

**Nội dung quy định:**
Hợp đồng thuê tài sản bao gồm sự thỏa thuận giữa bên cho thuê và bên thuê về việc cho thuê tài sản, trong đó bên cho thuê giao tài sản cho bên thuê sử dụng trong một thời hạn và bên thuê phải trả tiền thuê.

**Phân tích & Hướng dẫn:**
Theo quy định tại Điều 472 của Bộ Luật Dân sự 2015, hợp đồng thuê tài sản bao gồm việc bên cho thuê giao tài sản cho bên thuê sử dụng trong một thời hạn và bên thuê phải trả tiền thuê. Tuy nhiên, điều này không nghĩa là bất kỳ hợp đồng thuê nào cũng phải có hình thức hợp đồng chính thức. 

Trong trường hợp bạn đã thuê căn nhà hơn một năm mà không có hợp đồng chính thức, vẫn có cơ sở pháp lý để xác định hợp đồng thuê. Điều 472 nêu rõ rằng hợp đồng thuê tài sản bao gồm việc bên cho thuê giao tài sản cho bên thuê sử dụng trong một thời hạn và bên thuê phải trả tiền thuê. Đây là cơ sở pháp lý cho việc xác định hợp đồng thuê, mặc dù không có văn bản viết tắt.

Tuy nhiên, việc không có hợp đồng chính thức có thể gây khó khăn trong việc xác định thời hạn thuê và các điều khoản cụ thể. Để đảm bảo quyền lợi của mình, bạn nên thực hiện các bước sau:

1. **Đánh giá tình hình:** Đánh giá kỹ về tình hình sử dụng tài sản trong suốt thời gian thuê. Nếu bạn đã sử dụng tài sản trong thời gian dài mà không có bất kỳ vấn đề gì, có thể bạn có thể tự thấy mình thuộc nhóm người thuê tốt.
   
2. **Tìm kiếm bằng chứng:** Tìm kiếm bằng chứng về việc bạn"
syn_0_1768627714,"Tôi có một công ty cổ phần và đang muốn tổ chức lại doanh nghiệp, tôi cần chú ý điều gì trong quy định của pháp luật?",Điều 1 - Luật Doanh nghiệp 2020,True,1.0,0.32360742705570295,"**Căn cứ pháp lý:**
Điều 132 và Điều 133 của Luật Doanh nghiệp 2020 - Văn bản: Luật Doanh nghiệp 2020

**Nội dung quy định:**
Theo Điều 132 của Luật Doanh nghiệp 2020, nếu một cổ đông đã biểu quyết không thông qua nghị quyết về việc tổ chức lại công ty hoặc thay đổi quyền, nghĩa vụ của cổ đông quy định tại Điều lệ công ty, thì cổ đông đó có quyền yêu cầu công ty mua lại cổ phần của mình. Điều 133 quy định về việc công ty có quyền mua lại cổ phần, cụ thể là không quá 30% tổng số cổ phần đã bán, một phần hoặc toàn bộ cổ phần ưu đãi cổ tức.

**Phân tích & Hướng dẫn:**
Theo quy định của Luật Doanh nghiệp 2020, khi bạn muốn tổ chức lại doanh nghiệp, cần chú ý một số điểm:

1. **Quyền Mua lại Cổ phần của Cổ đông:**
   - Theo Điều 132, nếu một cổ đông đã biểu quyết không thông qua nghị quyết về việc tổ chức lại công ty hoặc thay đổi quyền, nghĩa vụ của cổ đông quy định tại Điều lệ công ty, thì họ có quyền yêu cầu công ty mua lại cổ phần của mình. Điều này yêu cầu công ty phải mua lại cổ phần theo yêu cầu của cổ đông với giá thị trường hoặc giá được tính theo nguyên tắc quy định tại Điều lệ công ty.
   
2. **Quyền Mua lại Cổ phần của Công ty:**
   - Theo Điều 133, công ty có quyền mua lại không quá 30% tổng số cổ phần đã bán, một phần hoặc toàn bộ cổ phần ưu đãi cổ tức. Điều này có thể bao gồm việc mua lại cổ phần phổ thông và cổ phần ưu đãi cổ tức.

3. **Quy trình Mua lại Cổ phần:**
   - Quy trình mua lại cổ phần phải tuân theo các bước như thông báo bằng phương thức bảo đảm đến cổ đông, nhận được sự đồng ý từ cổ đông, xác định giá mua lại, thực hiện thanh toán và hoàn tất thủ tục.

4. **Giá Mua lại Cổ phần:**
   - Giá mua lại cổ phần phổ"
syn_1255_1768640007_0,"Tôi là quản lý của một công ty xây dựng nhỏ. Gần đây, có một số công nhân phản ánh về điều kiện làm việc không an toàn, thậm chí có trường hợp bị thương do tai nạn lao động. Tôi lo lắng rằng thanh tra lao động có thể đến kiểm tra mà không báo trước. Vậy trong trường hợp này, tôi nên làm gì để bảo vệ quyền lợi của công ty mình?",Điều 216 - Bộ luật Lao động 2019,True,1.0,0.5368663594470046,"**Căn cứ pháp lý:**
--- [Tài liệu 1] ---
Văn bản: Bộ luật Lao động 2019
Nội dung: Điều 216. Quyền của thanh tra lao động Thanh tra lao động có quyền thanh tra, điều tra nơi thuộc đối tượng, phạm vi thanh tra được giao theo quyết định thanh tra. Khi thanh tra đột xuất theo quyết định của người có thẩm quyền trong trường hợp khẩn cấp có nguy cơ đe dọa an toàn, tính mạng, sức khỏe, danh dự, nhân phẩm của người lao động tại nơi làm việc thì không cần báo trước.

**Nội dung quy định:**
Theo điều 216 Bộ Luật Lao động 2019, nếu thanh tra lao động thực hiện thanh tra đột xuất trong trường hợp khẩn cấp, có nguy cơ đe dọa an toàn, tính mạng, sức khỏe, danh dự, nhân phẩm của người lao động tại nơi làm việc, thì thanh tra lao động không cần báo trước.

**Phân tích & Hướng dẫn:**
Trong trường hợp bạn, quản lý một công ty xây dựng nhỏ, phát hiện ra các dấu hiệu về điều kiện làm việc không an toàn và tai nạn lao động, bạn cần đảm bảo rằng các quy định về an toàn lao động được tuân thủ nghiêm ngặt. Tuy nhiên, theo quy định trên, nếu thanh tra lao động tiến hành thanh tra đột xuất trong trường hợp khẩn cấp có nguy cơ đe dọa an toàn, tính mạng, sức khỏe, danh dự, nhân phẩm của người lao động, họ không cần báo trước.

Để bảo vệ quyền lợi của công ty, bạn nên:

1. **Kiểm tra và cải thiện an toàn lao động:** Đảm bảo rằng các biện pháp an toàn lao động được thực hiện đầy đủ và hiệu quả. Nếu có bất kỳ sự cố nào xảy ra, hãy báo cáo ngay lập tức cho cơ quan chức năng và tiến hành các biện pháp khắc phục.

2. **Hỗ trợ cho thanh tra lao động:** Nếu thanh tra lao động thực hiện thanh tra đột xuất trong trường hợp khẩn cấp, hãy sẵn sàng cung cấp thông tin và hỗ trợ cần thiết cho họ. Điều này sẽ giúp"
syn_374_1768630657,Gia đình tôi đã hòa giải với hàng xóm về một tranh chấp tài sản. Vậy thời hiệu khởi kiện có bắt đầu lại từ ngày nào?,Điều 157 - Bộ luật Dân sự 2015,True,1.0,0.693877551020408,"**Căn cứ pháp lý:**
---
[Tài liệu 1] Bộ luật Dân sự 2015 - Điều 157. Bắt đầu lại thời hiệu khởi kiện vụ án dân sự

**Nội dung quy định:**
---
1. Thời hiệu khởi kiện vụ án dân sự bắt đầu lại trong trường hợp sau đây: a) Bên có nghĩa vụ đã thừa nhận một phần hoặc toàn bộ nghĩa vụ của mình đối với người khởi kiện; b) Bên có nghĩa vụ thừa nhận hoặc thực hiện xong một phần nghĩa vụ của mình đối với người khởi kiện; c) Các bên đã tự hòa giải với nhau.
2. Thời hiệu khởi kiện vụ án dân sự bắt đầu lại kể từ ngày tiếp theo sau ngày xảy ra sự kiện quy định tại khoản 1 Điều này.

**Phân tích & Hướng dẫn:**
---
Theo quy định tại Điều 157, Khoản 1 Điều 157 Bộ Luật Dân sự 2015, thời hiệu khởi kiện vụ án dân sự bắt đầu lại khi các bên đã tự hòa giải với nhau. 

Trong trường hợp của gia đình bạn, sau khi đã hòa giải với hàng xóm về tranh chấp tài sản, điều kiện để bắt đầu lại thời hiệu khởi kiện là đã có sự hòa giải giữa hai bên. Theo đó, thời hiệu khởi kiện sẽ bắt đầu lại kể từ ngày tiếp theo sau ngày xảy ra sự kiện hòa giải.

Do vậy, thời hiệu khởi kiện về tranh chấp tài sản của gia đình bạn bắt đầu lại kể từ ngày tiếp theo sau ngày hai bên đã thỏa thuận hòa giải thành công."
syn_1503_1768641976_0,"Tôi có một người bạn tên là Minh, năm nay 30 tuổi, đã bị bắt vì tội mua bán ma túy khi anh ấy đang vận chuyển 300 gam Methamphetamine. Anh ấy có thể bị phạt tù bao lâu nếu tòa án xác định đây là lần đầu tiên anh ấy phạm tội?",Điều 251 - Bộ luật Hình sự (Văn bản hợp nhất 2017),True,0.6666666666666666,0.5179153094462541,"**Căn cứ pháp lý:** 
- Điều 251. Tội mua bán trái phép chất ma túy - Bộ luật Hình sự (Văn bản hợp nhất 2017)

**Nội dung quy định:**
Người nào mua bán trái phép chất ma túy, thì bị phạt tù từ 02 năm đến 07 năm. Phạm tội thuộc một trong các trường hợp sau đây, thì bị phạt tù từ 07 năm đến 15 năm: a) Có tổ chức; b) Phạm tội 02 lần trở lên; c) Đối với 02 người trở lên; d) Lợi dụng chức vụ, quyền hạn; e) Lợi dụng danh nghĩa cơ quan, tổ chức; f) Sử dụng người dưới 16 tuổi vào việc phạm tội hoặc bán ma túy cho người dưới 16 tuổi; g) Qua biên giới; h) Nhựa thuốc phiện, nhựa cần sa hoặc cao côca có khối lượng từ 500 gam đến dưới 01 kilôgam; i) Heroine, Cocaine, Methamphetamine, Amphetamine, MDMA hoặc XLR-11 có khối lượng từ 05 gam đến dưới 30 gam; k) Lá cây côca; lá khát (lá cây Catha edulis); lá, rễ, thân, cành, hoa, quả của cây cần sa hoặc bộ phận của cây khác có chứa chất ma túy do Chính phủ quy định có khối lượng từ 10 kilôgam đến dưới 25 kilôgam; l) Quả thuốc phiện khô có khối lượng từ 50 kilôgam đến dưới 200 kilôgam; m) Quả thuốc phiện tươi có khối lượng từ 10 kilôgam đến dưới 50 kilôgam; n) Các chất ma túy khác ở thể rắn có khối lượng từ 20 gam đến dưới 100 gam; o) Các chất ma túy khác ở thể lỏng có thể tích từ 100 mililít đến dưới 250 mililít; p) Có 02 chất ma túy trở lên mà tổng khối lượng hoặc thể tích của các chất đó tương đương với khối lượng hoặc thể tích chất ma túy quy định tại một trong các điểm từ điểm h đến điểm o khoản này; q) Tái phạm nguy hiểm."
syn_222_1768629465,"Trong quá trình hợp tác kinh doanh với một đối tác không quen biết, chúng tôi không có văn bản thỏa thuận. Liệu tôi có thể dựa vào tập quán trong ngành để xác định quyền lợi của mình không?",Điều 5 - Bộ luật Dân sự 2015,True,1.0,0.651776649746193,"**Căn cứ pháp lý:**
---
[Tài liệu 1] Văn bản: Bộ luật Dân sự 2015  
Nội dung: Điều 5. Áp dụng tập quán 1. Tập quán là quy tắc xử sự có nội dung rõ ràng để xác định quyền, nghĩa vụ của cá nhân, pháp nhân trong quan hệ dân sự cụ thể, được hình thành và lặp đi lặp lại nhiều lần trong một thời gian dài, được thừa nhận và áp dụng rộng rãi trong một vùng, miền, dân tộc, cộng đồng dân cư hoặc trong một lĩnh vực dân sự. 2. Trường hợp các bên không có thỏa thuận và pháp luật không quy định thì có thể áp dụng tập quán nhưng tập quán áp dụng không được trái với các nguyên tắc cơ bản của pháp luật dân sự quy định tại Điều 3 của Bộ luật này.

**Nội dung quy định:**
---
Theo Điều 5 của Bộ luật Dân sự 2015, nếu hai bên không có thỏa thuận và pháp luật không quy định, họ có thể áp dụng tập quán để xác định quyền, nghĩa vụ trong quan hệ dân sự. Tuy nhiên, tập quán áp dụng không được trái với các nguyên tắc cơ bản của pháp luật dân sự, như quy định tại Điều 3 của Bộ luật này.

**Phân tích & Hướng dẫn:**
---
Trong tình huống bạn hợp tác kinh doanh với một đối tác không quen biết và không có văn bản thỏa thuận, bạn có thể dựa vào tập quán trong ngành để xác định quyền lợi của mình. Tuy nhiên, cần lưu ý rằng tập quán áp dụng không được trái với các nguyên tắc cơ bản của pháp luật dân sự. 

Để đảm bảo tuân thủ pháp luật, bạn nên tìm hiểu về tập quán trong ngành nghề của mình. Nếu không có tập quán rõ ràng, bạn có thể xem xét áp dụng quy định của pháp luật về việc xác định quyền lợi trong quan hệ dân sự, đặc biệt là Điều 101 của Bộ luật Dân sự 2015.

Đặc biệt, theo Điều 101 của Bộ luật Dân sự 2015, nếu các thành viên của hộ gia đình, tổ hợp tác, tổ chức khác không có tư cách pháp nhân tham gia quan hệ dân sự, họ sẽ trở thành chủ thể của quan hệ dân sự do mình xác lập, thực hiện."
syn_56_1768628151,"Công ty tôi có quy định riêng trong Điều lệ, nhưng Chủ tịch Hội đồng không triệu tập họp khi có yêu cầu của tôi, tôi cần làm gì để bảo vệ quyền lợi của mình?",Điều 57 - Luật Doanh nghiệp 2020,True,0.6666666666666666,0.4580852038479157,"**CĂN CỨ PHÁP LUẬT THAM KHẢO:**
---
[Văn bản] Luật Doanh nghiệp 2020 - [Tên văn bản luật]

**Nội dung quy định:**
---
1. **Điều 57 (của Văn bản):**
   - Hội đồng thành viên được triệu tập họp theo yêu cầu của Chủ tịch Hội đồng thành viên hoặc theo yêu cầu của thành viên hoặc nhóm thành viên quy định tại khoản 2 và khoản 3 Điều 49 của Luật này.
   - Trường hợp Chủ tịch Hội đồng thành viên không triệu tập họp Hội đồng thành viên theo yêu cầu của thành viên, nhóm thành viên trong thời hạn 15 ngày kể từ ngày nhận được yêu cầu thì thành viên, nhóm thành viên đó triệu tập họp Hội đồng thành viên.
   - Chi phí hợp lý cho việc triệu tập và tiến hành họp Hội đồng thành viên sẽ được công ty hoàn lại.

2. **Điều 183 (của Văn bản):**
   - Chủ tịch Hội đồng thành viên có thể triệu tập họp Hội đồng thành viên khi xét thấy cần thiết hoặc theo yêu cầu của thành viên hợp danh.
   - Trường hợp Chủ tịch Hội đồng thành viên không triệu tập họp theo yêu cầu của thành viên hợp danh thì thành viên đó triệu tập họp Hội đồng thành viên.
   
**Phân tích & Hướng dẫn:**

Theo Điều 57 và Điều 183 của Luật Doanh nghiệp 2020, Chủ tịch Hội đồng thành viên có nghĩa vụ triệu tập họp Hội đồng thành viên theo yêu cầu của thành viên hoặc nhóm thành viên. Nếu Chủ tịch Hội đồng thành viên không thực hiện trách nhiệm này, thành viên có quyền triệu tập họp Hội đồng thành viên.

Trong trường hợp bạn là thành viên của Hội đồng thành viên và Chủ tịch Hội đồng thành viên không triệu tập họp theo yêu cầu của bạn, bạn có thể thực hiện các bước sau để bảo vệ quyền lợi của mình:

1. **Triệu tập họp Hội đồng thành viên:** 
   - Bạn có quyền triệu tập họp Hội đồng thành viên theo quy định tại Điều 57 và Điều 183 của Luật Doanh nghiệp 2020. 
   - Theo Điều 57, bạn có thể triệu tập họp Hội đồng thành viên nếu Chủ tịch Hội đồng thành viên không triệu tập trong thời hạn 15 ngày kể từ ngày nhận được yêu"
syn_1146_1768639344_1,"Chồng tôi làm việc trong ngành dệt may và công ty yêu cầu anh ấy làm thêm giờ trong mùa cao điểm. Tôi lo lắng rằng nếu anh ấy làm thêm quá nhiều giờ, sức khỏe của anh ấy sẽ bị ảnh hưởng. Có quy định nào để bảo vệ người lao động trong trường hợp này không?",Điều 107 - Bộ luật Lao động 2019,True,1.0,0.3663793103448276,"**Căn cứ pháp lý:**
---
Văn bản: Bộ luật Lao động 2019
Nội dung: Điều 108. Làm thêm giờ trong trường hợp đặc biệt

**Nội dung quy định:**
---
Người sử dụng lao động có quyền yêu cầu người lao động làm thêm giờ vào bất kỳ ngày nào mà không bị giới hạn về số giờ làm thêm theo quy định tại Điều 107 của Bộ luật này và người lao động không được từ chối trong trường hợp sau đây: 1. Thực hiện lệnh động viên, huy động bảo đảm nhiệm vụ quốc phòng, an ninh theo quy định của pháp luật; 2. Thực hiện các công việc nhằm bảo vệ tính mạng con người, tài sản của cơ quan, tổ chức, cá nhân trong phòng ngừa, khắc phục hậu quả thiên tai, hỏa hoạn, dịch bệnh nguy hiểm và thảm họa, trừ trường hợp có nguy cơ ảnh hưởng đến tính mạng, sức khỏe của người lao động theo quy định của pháp luật về an toàn, vệ sinh lao động.

**Phân tích & Hướng dẫn:**
---
Theo Điều 108 của Bộ Luật Lao động 2019, nếu chồng bạn làm việc trong ngành dệt may và công ty yêu cầu anh ấy làm thêm giờ trong mùa cao điểm, thì điều này nằm trong trường hợp ""thực hiện các công việc nhằm bảo vệ tính mạng con người, tài sản của cơ quan, tổ chức, cá nhân trong phòng ngừa, khắc phục hậu quả thiên tai, hỏa hoạn, dịch bệnh nguy hiểm và thảm họa"". 

Điều này cho phép người sử dụng lao động yêu cầu người lao động làm thêm giờ mà không bị giới hạn số giờ làm thêm. Tuy nhiên, cần lưu ý rằng việc làm thêm giờ không chỉ giới hạn ở việc bảo vệ tính mạng và tài sản mà còn phải đảm bảo rằng số giờ làm thêm không vượt quá giới hạn quy định (không quá 50% số giờ làm việc bình thường trong 1 ngày và không quá 200 giờ trong 1 năm).

Trong trường hợp chồng bạn làm việc trong ngành dệt may, nếu công ty yêu cầu anh ấy làm thêm giờ, công ty phải tuân thủ các quy định về thời giờ làm việc bình thường và số giờ làm thêm, cũng như thông báo bằng"
syn_1562_1768642500_0,Vợ tôi vừa mua một số lượng lớn chất cháy để sử dụng trong công việc của mình mà không biết rằng việc này là trái phép. Tôi nên làm gì khi biết được việc này?,Điều 311 - Bộ luật Hình sự (Văn bản hợp nhất 2017),True,1.0,0.6045112781954888,"**Căn cứ pháp lý:** Điều 311. Tội sản xuất, tàng trữ, vận chuyển, sử dụng hoặc mua bán trái phép chất cháy, chất độc - Bộ Luật Hình sự (Văn bản hợp nhất 2017)

**Nội dung quy định:**
Điều 311 quy định về hình phạt đối với người sản xuất, tàng trữ, vận chuyển, sử dụng hoặc mua bán trái phép chất cháy, chất độc. Theo đó, nếu người nào sản xuất, tàng trữ, vận chuyển, sử dụng hoặc mua bán trái phép chất cháy, chất độc, thì bị phạt tù từ 01 năm đến 05 năm. Phạm tội thuộc một trong các trường hợp sau sẽ bị phạt tù từ 03 năm đến 10 năm:

- Có tổ chức;
- Vật phạm pháp có số lượng lớn;
- Làm chết người;
- Gây thương tích hoặc gây tổn hại cho sức khỏe của người khác mà tỷ lệ tổn thương cơ thể 61% trở lên;
- Gây thương tích hoặc gây tổn hại cho sức khỏe của 02 người trở lên mà tổng tỷ lệ tổn thương cơ thể của những người này từ 61% đến 121%;
- Gây thiệt hại về tài sản từ 100.000.000 đồng đến dưới 500.000.000 đồng;
- Vận chuyển, mua bán qua biên giới;
- Tái phạm nguy hiểm.

**Phân tích & Hướng dẫn:**

Theo quy định trên, việc sản xuất, tàng trữ, vận chuyển, sử dụng hoặc mua bán chất cháy, chất độc mà không tuân thủ các quy định pháp luật sẽ dẫn đến hình phạt tù từ 01 năm đến 05 năm. Tuy nhiên, vợ bạn chỉ mua số lượng lớn chất cháy mà không biết rằng việc này là trái phép, không có thông tin về việc sử dụng chúng như thế nào. 

Trong trường hợp này, bạn cần xác minh rõ ràng mục đích sử dụng của chất cháy mà vợ bạn mua. Nếu mục đích sử dụng hợp pháp và tuân thủ các quy định pháp luật về an toàn thực phẩm và phòng cháy chữa cháy, thì việc mua bán và sử dụng chất cháy không phải là hành vi vi phạm pháp luật. Tuy nhiên, nếu mục đích sử dụng không phù hợp hoặc"
syn_763_1768633212,"Tôi đã hoàn thành hợp đồng gia công, nhưng vẫn còn một số nguyên vật liệu dư. Tôi có cần phải trả lại cho bên đặt gia công không?",Điều 546 - Bộ luật Dân sự 2015,True,0.6666666666666666,0.5869776482021382,"**Căn cứ pháp lý:**
---
**[Tài liệu 1] Văn bản: Bộ luật Dân sự 2015**
**Nội dung:**
Điều 553. Thanh lý nguyên vật liệu
Khi hợp đồng gia công chấm dứt, bên nhận gia công phải hoàn trả nguyên vật liệu còn lại cho bên đặt gia công, trừ trường hợp có thỏa thuận khác.
---
**[Tài liệu 2] Văn bản: Bộ luật Dân sự 2015**
**Nội dung:**
Điều 546. Nghĩa vụ của bên nhận gia công
1. Bảo quản nguyên vật liệu do bên đặt gia công cung cấp.
2. Báo cho bên đặt gia công biết để đổi nguyên vật liệu khác, nếu nguyên vật liệu không bảo đảm chất lượng; từ chối thực hiện gia công, nếu biết hoặc phải biết việc sử dụng nguyên vật liệu có thể tạo ra sản phẩm nguy hại cho xã hội.
---
**[Tài liệu 3] Văn bản: Bộ luật Dân sự 2015**
**Nội dung:**
Điều 552. Trả tiền công
1. Bên đặt gia công phải trả đủ tiền công vào thời điểm nhận sản phẩm, trừ trường hợp có thỏa thuận khác.
2. Trường hợp không có thỏa thuận về mức tiền công thì áp dụng mức tiền công trung bình đối với việc tạo ra sản phẩm cùng loại tại địa điểm gia công và vào thời điểm trả tiền.
3. Bên đặt gia công không có quyền giảm tiền công, nếu sản phẩm không bảo đảm chất lượng do nguyên vật liệu mà mình đã cung cấp hoặc do sự chỉ dẫn không hợp lý của mình.

**Phân tích & Hướng dẫn:**
Theo quy định tại Điều 553 của Bộ Luật Dân sự 2015, khi hợp đồng gia công chấm dứt, bên nhận gia công (bạn) có nghĩa vụ hoàn trả nguyên vật liệu còn lại cho bên đặt gia công, trừ trường hợp có thỏa thuận khác giữa hai bên. 

Trong trường hợp này, bạn đã hoàn thành hợp đồng gia công, nhưng vẫn còn một số nguyên vật liệu dư. Theo quy định trên, bạn cần phải hoàn trả nguyên vật liệu còn lại cho bên đặt gia công, trừ trường hợp có thỏa thuận khác.

Do đó, nếu bên đặt gia công chưa có bất kỳ thỏa thuận nào khác về việc xử"
syn_156_1768628911,"Tôi đã gửi phiếu biểu quyết cho cuộc họp Hội đồng quản trị qua thư, nhưng không chắc liệu phiếu của tôi có được tính không, tôi cần làm gì để đảm bảo?",Điều 157 - Luật Doanh nghiệp 2020,False,1.0,0.2889699179580675,"**Căn cứ pháp lý:** 
- Điều 149. Thẩm quyền và thể thức lấy ý kiến cổ đông bằng văn bản để thông qua nghị quyết Đại hội đồng cổ đông - Luật Doanh nghiệp 2020

**Nội dung quy định:**
- Điều 149 của Luật Doanh nghiệp 2020 quy định về thẩm quyền và thể thức lấy ý kiến cổ đông bằng văn bản để thông qua nghị quyết Đại hội đồng cổ đông. Điều này cho biết Hội đồng quản trị có quyền lấy ý kiến cổ đông bằng văn bản để thông qua nghị quyết Đại hội đồng cổ đông khi xét thấy cần thiết vì lợi ích của công ty, trừ trường hợp quy định tại khoản 2 Điều 147 của Luật này.

**Phân tích & Hướng dẫn:**

Theo quy định tại Điều 149 của Luật Doanh nghiệp 2020, việc gửi phiếu lấy ý kiến phải đảm bảo đầy đủ các yếu tố như:

1. Phiếu lấy ý kiến phải bao gồm các nội dung như tên, địa chỉ trụ sở chính, mã số doanh nghiệp; mục đích lấy ý kiến; họ, tên, địa chỉ liên lạc, quốc tịch, số giấy tờ pháp lý của cá nhân đối với cổ đông là cá nhân hoặc tên, mã số doanh nghiệp hoặc số giấy tờ pháp lý của tổ chức đối với cổ đông là tổ chức; số lượng cổ phần của từng loại và số phiếu biểu quyết của cổ đông; vấn đề cần lấy ý kiến để thông qua; phương án biểu quyết bao gồm tán thành, không tán thành và không có ý kiến; thời hạn phải gửi về công ty phiếu lấy ý kiến đã được trả lời; và chữ ký của Chủ tịch Hội đồng quản trị.

2. Phiếu lấy ý kiến phải được gửi đến công ty trong thời hạn quy định, cụ thể là chậm nhất là 10 ngày trước thời hạn phải gửi phiếu lấy ý kiến. Nếu Điều lệ công ty không quy định thời hạn khác dài hơn, phiếu lấy ý kiến phải được gửi đến công ty chậm nhất là 10 ngày trước thời hạn phải gửi phiếu lấy ý kiến.

3. Đối với phiếu lấy ý kiến gửi bằng thư, cần có chữ ký của cổ đông là cá nhân, của người đại diện theo ủy quyền hoặc người đại diện theo pháp luật của cổ đông là tổ chức. Phiếu lấy ý kiến gửi về công ty phải được đựng trong phong bì dán kín và"
syn_92_1768628431,Tôi có 5 năm kinh nghiệm làm việc trong lĩnh vực tài chính và muốn tham gia Hội đồng thành viên. Liệu tôi có đủ tiêu chuẩn không?,Điều 93 - Luật Doanh nghiệp 2020,True,1.0,0.5602901178603809,"**Căn cứ pháp lý:** Điều 93 của Luật Doanh nghiệp 2020 - Văn bản: Luật Doanh nghiệp 2020

**Nội dung quy định:**
Điều 93 của Luật Doanh nghiệp 2020 quy định về tiêu chuẩn và điều kiện của thành viên Hội đồng thành viên. Theo điều này, thành viên Hội đồng thành viên phải có trình độ chuyên môn, kinh nghiệm trong quản trị kinh doanh hoặc trong lĩnh vực, ngành, nghề hoạt động của doanh nghiệp. 

**Phân tích & Hướng dẫn:**
Theo quy định trên, bạn cần phải có trình độ chuyên môn, kinh nghiệm trong lĩnh vực tài chính để đảm bảo đáp ứng tiêu chuẩn của thành viên Hội đồng thành viên. Bạn có 5 năm kinh nghiệm làm việc trong lĩnh vực tài chính, do đó điều kiện này được đáp ứng.

Tuy nhiên, bạn cần lưu ý một số điểm khác:
1. **Không thuộc đối tượng quy định tại khoản 2 Điều 17 của Luật này**: Điều này yêu cầu bạn không phải là người có quan hệ gia đình của người đứng đầu, cấp phó của người đứng đầu cơ quan đại diện chủ sở hữu; thành viên Hội đồng thành viên; Giám đốc, Phó giám đốc hoặc Tổng giám đốc, Phó Tổng giám đốc và Kế toán trưởng của công ty; Kiểm soát viên công ty. Bạn cần xác minh rằng không có bất kỳ mối quan hệ nào như vậy.
   
2. **Không phải là người quản lý doanh nghiệp thành viên**: Đây cũng là điều kiện cần thiết mà bạn cần đảm bảo.

3. **Chưa từng bị cách chức Chủ tịch Hội đồng thành viên, thành viên Hội đồng thành viên hoặc Chủ tịch công ty, Giám đốc, Phó giám đốc hoặc Tổng giám đốc, Phó Tổng giám đốc của doanh nghiệp nhà nước**: Điều này cũng được đảm bảo bởi vì bạn chưa từng đảm nhận vị trí này.

Như vậy, dựa trên căn cứ pháp lý và phân tích trên, bạn có đủ tiêu chuẩn để tham gia Hội đồng thành viên, miễn là không có bất kỳ mối quan hệ gia đình hay quan hệ khác gây ra rủi ro theo quy định của Luật Doanh nghiệp 2020. Bạn nên kiểm tra kỹ càng tất cả các tiêu chuẩn này để đảm bảo rằng mình không vi phạm bất kỳ quy định nào."
syn_14_1768627826,"Tôi là chủ sở hữu một công ty và đã ủy quyền cho một thành viên trong công ty thực hiện quyền lợi của tôi. Nếu giữa tôi và người đại diện có sự không đồng thuận về cách thực hiện quyền lợi, tôi có quyền hạn chế quyền của họ không?",Điều 15 - Luật Doanh nghiệp 2020,True,1.0,0.5728476821192053,"**Căn cứ pháp lý:** 
Điều 15, Điều 14, Điều 12, Điều 17, Điều 88 Luật Doanh nghiệp 2020

**Nội dung quy định:**
Theo Điều 15 của Luật Doanh nghiệp 2020, người đại diện theo ủy quyền nhân danh chủ sở hữu, thành viên, cổ đông công ty thực hiện quyền và nghĩa vụ của chủ sở hữu, thành viên, cổ đông tại Hội đồng thành viên, Đại hội đồng cổ đông theo quy định của Luật này. Mọi hạn chế của chủ sở hữu, thành viên, cổ đông đối với người đại diện theo ủy quyền trong việc thực hiện quyền, nghĩa vụ của chủ sở hữu, thành viên, cổ đông công ty tương ứng tại Hội đồng thành viên, Đại hội đồng cổ đông đều không có hiệu lực đối với bên thứ ba. 

Điều 14 cũng quy định rằng người đại diện theo ủy quyền của chủ sở hữu, thành viên, cổ đông công ty là tổ chức phải là cá nhân được ủy quyền bằng văn bản nhân danh chủ sở hữu, thành viên, cổ đông đó thực hiện quyền và nghĩa vụ theo quy định của Luật này.

**Phân tích & Hướng dẫn:**
Theo phân tích trên, quyền hạn chế của chủ sở hữu, thành viên, cổ đông đối với người đại diện theo ủy quyền không có hiệu lực đối với bên thứ ba, bao gồm cả bạn - chủ sở hữu. Điều này đồng nghĩa với việc bạn không thể hạn chế hoàn toàn hoặc hạn chế bất kỳ quyền nào của người đại diện theo ủy quyền trong quá trình thực hiện quyền và nghĩa vụ của bạn tại Hội đồng thành viên hoặc Đại hội đồng cổ đông.

Tuy nhiên, bạn có quyền yêu cầu người đại diện theo ủy quyền thực hiện quyền và nghĩa vụ của bạn một cách trung thực, cẩn trọng và tốt nhất, bảo vệ lợi ích hợp pháp của mình. Nếu có sự không đồng thuận, bạn nên sử dụng các kênh tố tụng hợp pháp để giải quyết, thay vì hạn chế quyền của người đại diện theo ủy quyền.

Nếu bạn cảm thấy người đại diện theo ủy quyền không tuân thủ trách nhiệm hoặc vi phạm các quy định, bạn có thể đưa ra yêu cầu tố tụng hoặc yêu cầu các bên liên quan như Hội đồng thành viên, Hội đồng quản trị hoặc cơ quan có thẩm quyền khác can"
syn_1615_1768642975_0,"Tôi là một doanh nhân và đã có lần đưa một khoản tiền 80 triệu đồng cho một công chức để giúp tôi thông qua một thủ tục hành chính. Hiện tại, tôi nghe nói rằng hành động này có thể bị xử lý hình sự. Vậy tôi có thể bị phạt như thế nào?",Điều 364 - Bộ luật Hình sự (Văn bản hợp nhất 2017),True,1.0,0.4846715328467153,"**Căn cứ pháp lý:**
Điều 364. Tội đưa hối lộ - Bộ Luật Hình sự (Văn bản hợp nhất 2017)

**Nội dung quy định:**
Theo Điều 364 của Bộ Luật Hình sự, người nào trực tiếp hay qua trung gian đã đưa hoặc sẽ đưa cho người có chức vụ, quyền hạn hoặc người khác hoặc tổ chức khác bất kỳ lợi ích nào để người có chức vụ, quyền hạn làm hoặc không làm một việc vì lợi ích hoặc theo yêu cầu của người đưa hối lộ, thì bị phạt tiền từ 20.000.000 đồng đến 200.000.000 đồng, phạt cải tạo không giam giữ đến 03 năm hoặc phạt tù từ 06 tháng đến 03 năm.

**Phân tích & Hướng dẫn:**

Trong trường hợp của bạn, bạn đã đưa 80 triệu đồng cho một công chức với mục đích giúp bạn thông qua một thủ tục hành chính. Theo Điều 364, nếu lợi ích mà bạn đưa vượt quá 2.000.000 đồng đến dưới 100.000.000 đồng, thì mức phạt tiền sẽ rơi vào khoảng từ 20.000.000 đồng đến 200.000.000 đồng, và có thể bị phạt cải tạo không giam giữ đến 03 năm hoặc phạt tù từ 06 tháng đến 03 năm.

Tuy nhiên, cần lưu ý rằng mức phạt cụ thể còn phụ thuộc vào các yếu tố khác như có tổ chức, có sử dụng thủ đoạn xảo quyệt, lợi dụng chức vụ, quyền hạn, phạm tội 2 lần trở lên, hay lợi dụng tài sản của Nhà nước để đưa hối lộ. Nếu bạn có thêm thông tin về các yếu tố này, chúng tôi có thể phân tích thêm.

Bên cạnh đó, theo Điều 159 của Bộ Luật Hình sự, hành vi xâm phạm bí mật hoặc an toàn thư tín, điện thoại, điện tín hoặc hình thức trao đổi thông tin riêng tư khác của người khác cũng có thể bị xử lý hình sự. Tuy nhiên, hành vi của bạn không phải là hành vi xâm phạm bí mật hoặc an toàn thư tín, điện thoại, điện tín hoặc hình thức trao đổi thông tin"
syn_1019_1768638681_0,"Tôi có một đứa cháu 10 tuổi và cha mẹ của cháu đã ly hôn. Tôi là ông ngoại và hiện tại không sống cùng cháu. Tôi muốn biết liệu tôi có nghĩa vụ cấp dưỡng cho cháu không, vì tôi đang gặp khó khăn tài chính.",Điều 113 - Luật Hôn nhân và Gia đình 2014,True,0.3333333333333333,0.6963906581740976,"**CĂN CỨ PHÁP LUẬT THAM KHẢO:**
--- [Tài liệu 1] ---
Văn bản: Luật Hôn nhân và Gia đình 2014
Nội dung: Điều 113. Nghĩa vụ cấp dưỡng giữa ông bà nội, ông bà ngoại và cháu 1. Ông bà nội, ông bà ngoại không sống chung với cháu có nghĩa vụ cấp dưỡng cho cháu trong trường hợp cháu chưa thành niên hoặc cháu đã thành niên không có khả năng lao động, không có tài sản để tự nuôi mình và không có người cấp dưỡng theo quy định tại Điều 112 của Luật này. 2. Cháu đã thành niên không sống chung với ông bà nội, ông bà ngoại có nghĩa vụ cấp dưỡng cho ông bà nội, ông bà ngoại trong trường hợp ông bà không có khả năng lao động, không có tài sản để tự nuôi mình và không có người khác cấp dưỡng theo quy định của Luật này.

--- [Tài liệu 2] ---
Văn bản: Luật Hôn nhân và Gia đình 2014
Nội dung: Điều 114. Nghĩa vụ cấp dưỡng giữa cô, dì, chú, cậu, bác ruột và cháu ruột 1. Cô, dì, chú, cậu, bác ruột không sống chung với cháu ruột có nghĩa vụ cấp dưỡng cho cháu trong trường hợp cháu chưa thành niên hoặc cháu đã thành niên không có khả năng lao động và không có tài sản để tự nuôi mình mà không có người khác cấp dưỡng theo quy định của Luật này. 2. Cháu đã thành niên không sống chung với cô, dì, chú, cậu, bác ruột có nghĩa vụ cấp dưỡng cho cô, dì, chú, cậu, bác ruột trong trường hợp người cần được cấp dưỡng không có khả năng lao động và không có tài sản để tự nuôi mình mà không có người khác cấp dưỡng theo quy định của Luật này.

---

**CÂU HỎI:**
Tôi có một đứa cháu 10 tuổi và cha mẹ của cháu đã ly hôn. Tôi là ông ngoại và hiện tại không sống cùng cháu. Tôi muốn biết liệu tôi có nghĩa vụ cấp dưỡng cho cháu không, vì tôi đang gặp khó khăn tài chính.

**PHÂN TÍCH VÀ HƯỚNG DẪN:**
Theo Điều"
syn_387_1768630736,Công ty tôi phát hiện một đối thủ cạnh tranh đã sử dụng trái phép thương hiệu của chúng tôi. Tôi có thể yêu cầu bồi thường thiệt hại do hành vi xâm phạm này không?,Điều 170 - Bộ luật Dân sự 2015,False,0.3333333333333333,0.35075493612078973,"**CĂN CỨ PHÁP LUẬT THAM KHẢO:**

--- [Tài liệu 1] ---
Văn bản: Bộ luật Dân sự 2015
Nội dung: Điều 419. Thiệt hại được bồi thường do vi phạm hợp đồng 1. Thiệt hại được bồi thường do vi phạm nghĩa vụ theo hợp đồng được xác định theo quy định tại khoản 2 Điều này, Điều 13 và Điều 360 của Bộ luật này. 2. Người có quyền có thể yêu cầu bồi thường thiệt hại cho lợi ích mà lẽ ra mình sẽ được hưởng do hợp đồng mang lại. Người có quyền còn có thể yêu cầu người có nghĩa vụ chi trả chi phí phát sinh do không hoàn thành nghĩa vụ hợp đồng mà không trùng lặp với mức bồi thường thiệt hại cho lợi ích mà hợp đồng mang lại. 3. Theo yêu cầu của người có quyền, Tòa án có thể buộc người có nghĩa vụ bồi thường thiệt hại về tinh thần cho người có quyền. Mức bồi thường do Tòa án quyết định căn cứ vào nội dung vụ việc.

--- [Tài liệu 3] ---
Văn bản: Bộ luật Dân sự 2015
Nội dung: Điều 584. Căn cứ phát sinh trách nhiệm bồi thường thiệt hại 1. Người nào có hành vi xâm phạm tính mạng, sức khỏe, danh dự, nhân phẩm, uy tín, tài sản, quyền, lợi ích hợp pháp khác của người khác mà gây thiệt hại thì phải bồi thường, trừ trường hợp Bộ luật này, luật khác có liên quan quy định khác. 2. Người gây thiệt hại không phải chịu trách nhiệm bồi thường thiệt hại trong trường hợp thiệt hại phát sinh là do sự kiện bất khả kháng hoặc hoàn toàn do lỗi của bên bị thiệt hại, trừ trường hợp có thỏa thuận khác hoặc luật có quy định khác. 3. Trường hợp tài sản gây thiệt hại thì chủ sở hữu, người chiếm hữu tài sản phải chịu trách nhiệm bồi thường thiệt hại, trừ trường hợp thiệt hại phát sinh theo quy định tại khoản 2 Điều này.

**Nội dung quy định:**
Theo Điều 419 của Bộ Luật Dân sự 2015, người có quyền có thể yêu cầu bồi thường thiệt hại cho lợi ích mà lẽ ra họ sẽ được hưởng do hợp"
syn_640_1768632461,"Tôi có một hợp đồng thuê nhà, chủ nhà không thực hiện nghĩa vụ bảo trì nhà theo thỏa thuận trong hợp đồng. Tôi có thể hủy bỏ hợp đồng thuê này không?",Điều 423 - Bộ luật Dân sự 2015,False,1.0,0.35244161358811044,"**Căn cứ pháp lý:**
---
[Văn bản] Bộ luật Dân sự 2015 - [Tên văn bản luật]

**Nội dung quy định:**
---
1. **Điều 472. Hợp đồng thuê tài sản**: ""Hợp đồng thuê tài sản là sự thỏa thuận giữa các bên, theo đó bên cho thuê giao tài sản cho bên thuê để sử dụng trong một thời hạn, bên thuê phải trả tiền thuê.""
2. **Điều 477. Nghĩa vụ bảo đảm giá trị sử dụng của tài sản thuê**: ""1. Bên cho thuê phải bảo đảm tài sản thuê trong tình trạng như đã thỏa thuận, phù hợp với mục đích thuê trong suốt thời gian cho thuê; phải sửa chữa những hư hỏng, khuyết tật của tài sản thuê, trừ hư hỏng nhỏ mà theo tập quán bên thuê phải tự sửa chữa.""

**Phân tích & Hướng dẫn:**
---
Theo quy định tại Điều 477 của Bộ Luật Dân sự 2015, bên cho thuê (trong trường hợp này là chủ nhà) phải bảo đảm tài sản thuê (nhà ở) trong tình trạng như đã thỏa thuận, phù hợp với mục đích thuê trong suốt thời gian cho thuê. Trong trường hợp tài sản thuê bị giảm sút giá trị sử dụng do lỗi của bên cho thuê (chủ nhà), bên thuê (người thuê nhà) có quyền yêu cầu bên cho thuê thực hiện một hoặc một số biện pháp như sửa chữa tài sản, giảm giá thuê, đổi tài sản khác hoặc đơn phương chấm dứt thực hiện hợp đồng và yêu cầu bồi thường thiệt hại.

Trong trường hợp người thuê (bạn) đã thông báo cho chủ nhà về việc nhà bị giảm sút giá trị sử dụng và chủ nhà vẫn không sửa chữa hoặc sửa chữa không kịp thời, người thuê có quyền tự sửa chữa tài sản thuê với chi phí hợp lý, nhưng phải báo cho chủ nhà và có quyền yêu cầu chủ nhà thanh toán chi phí sửa chữa.

Theo Điều 424 của Bộ Luật Dân sự 2015, trường hợp bên có nghĩa vụ không thực hiện đúng nghĩa vụ mà bên có quyền yêu cầu thực hiện nghĩa vụ trong một thời hạn hợp lý nhưng bên có nghĩa vụ không thực hiện thì bên có quyền có thể hủy bỏ hợp đồng. Nếu chủ nhà không thực hiện nghĩa vụ bảo trì nhà theo"
syn_1103_1768639101_1,Công ty của tôi vừa trải qua một đợt cắt giảm nhân sự và tôi muốn thảo luận về tình hình kinh doanh của công ty cũng như yêu cầu của chúng tôi đối với người sử dụng lao động. Liệu tôi có thể yêu cầu nội dung này trong cuộc đối thoại không?,Điều 64 - Bộ luật Lao động 2019,True,1.0,0.5554465161923454,"**Căn cứ pháp lý:**
Bộ luật Lao động 2019 - [Tài liệu 1]

**Nội dung quy định:**
1. Theo Điều 64 của Bộ luật Lao động 2019, nội dung đối thoại tại nơi làm việc bao gồm: ""Tình hình sản xuất, kinh doanh của người sử dụng lao động; Việc thực hiện hợp đồng lao động, thỏa ước lao động tập thể, nội quy lao động, quy chế và cam kết, thỏa thuận khác tại nơi làm việc; Điều kiện làm việc; Yêu cầu của người lao động, tổ chức đại diện người lao động đối với người sử dụng lao động; Yêu cầu của người sử dụng lao động đối với người lao động, tổ chức đại diện người lao động; Nội dung khác mà một hoặc các bên quan tâm.""

2. Theo Điều 63, đối thoại tại nơi làm việc là ""việc chia sẻ thông tin, tham khảo, thảo luận, trao đổi ý kiến giữa người sử dụng lao động với người lao động hoặc tổ chức đại diện người lao động về những vấn đề liên quan đến quyền, lợi ích và mối quan tâm của các bên tại nơi làm việc nhằm tăng cường sự hiểu biết, hợp tác, cùng nỗ lực hướng tới giải pháp các bên cùng có lợi.""

3. Theo Điều 68, khi có yêu cầu thương lượng tập thể, bên nhận được yêu cầu không được từ chối việc thương lượng.

**Phân tích & Hướng dẫn:**
Theo quy định của Bộ luật Lao động 2019, bạn có thể yêu cầu nội dung về tình hình kinh doanh của công ty và yêu cầu của công ty đối với người sử dụng lao động trong cuộc đối thoại tại nơi làm việc. 

Điều 64 quy định rằng nội dung đối thoại bao gồm cả việc thảo luận về tình hình sản xuất, kinh doanh của người sử dụng lao động. Do đó, việc thảo luận về tình hình kinh doanh của công ty nằm trong phạm vi nội dung được phép thảo luận trong cuộc đối thoại tại nơi làm việc.

Đồng thời, theo Điều 63, đối thoại tại nơi làm việc là cơ hội để người sử dụng lao động và người lao động hoặc tổ chức đại diện người lao động trao đổi ý"
syn_538_1768631792,Tôi đang thế chấp một mảnh đất để vay ngân hàng. Tôi có thể cho thuê mảnh đất đó không?,Điều 321 - Bộ luật Dân sự 2015,True,0.0,0.8643919510061242,"**CĂN CỨ PHÁP LUẬT THAM KHẢO:**
--- [Tài liệu 1] ---
Văn bản: Bộ luật Dân sự 2015
Nội dung: Điều 321. Quyền của bên thế chấp 1. Khai thác công dụng, hưởng hoa lợi, lợi tức từ tài sản thế chấp, trừ trường hợp hoa lợi, lợi tức cũng là tài sản thế chấp theo thỏa thuận. 2. Đầu tư để làm tăng giá trị của tài sản thế chấp. 3. Nhận lại tài sản thế chấp do người thứ ba giữ và giấy tờ liên quan đến tài sản thế chấp do bên nhận thế chấp giữ khi nghĩa vụ được bảo đảm bằng thế chấp chấm dứt hoặc được thay thế bằng biện pháp bảo đảm khác. 4. Được bán, thay thế, trao đổi tài sản thế chấp, nếu tài sản đó là hàng hóa luân chuyển trong quá trình sản xuất, kinh doanh. Trong trường hợp này, quyền yêu cầu bên mua thanh toán tiền, số tiền thu được, tài sản hình thành từ số tiền thu được, tài sản được thay thế hoặc được trao đổi trở thành tài sản thế chấp. Trường hợp tài sản thế chấp là kho hàng thì bên thế chấp được quyền thay thế hàng hóa trong kho, nhưng phải bảo đảm giá trị của hàng hóa trong kho đúng như thỏa thuận. 5. Được bán, trao đổi, tặng cho tài sản thế chấp không phải là hàng hóa luân chuyển trong quá trình sản xuất, kinh doanh, nếu được bên nhận thế chấp đồng ý hoặc theo quy định của luật. 6. Được cho thuê, cho mượn tài sản thế chấp nhưng phải thông báo cho bên thuê, bên mượn biết về việc tài sản cho thuê, cho mượn đang được dùng để thế chấp và phải thông báo cho bên nhận thế chấp biết.

--- [Tài liệu 2] ---
Văn bản: Bộ luật Dân sự 2015
Nội dung: Điều 318. Tài sản thế chấp 1. Trường hợp thế chấp toàn bộ bất động sản, động sản có vật phụ thì vật phụ của bất động sản, động sản đó cũng thuộc tài sản thế chấp, trừ trường hợp có thỏa thuận khác. 2. Trường hợp thế chấp một phần bất động sản, động sản có vật phụ thì vật phụ"
syn_451_1768631208,"Tôi vừa nhận được thông tin rằng tôi là người thừa kế duy nhất của mẹ tôi, bà ấy đã mất cách đây một tháng, vậy tôi cần làm gì để xác lập quyền sở hữu tài sản thừa kế?",Điều 234 - Bộ luật Dân sự 2015,True,0.0,0.3894039735099338,"**CĂN CỨ PHÁP LUẬT THAM KHẢO:**
---
[Văn bản 1]: Bộ luật Dân sự 2015
[Nội dung]: Điều 234. Xác lập quyền sở hữu do được thừa kế Người thừa kế được xác lập quyền sở hữu đối với tài sản thừa kế theo quy định tại Phần thứ tư của Bộ luật này.

[Văn bản 2]: Bộ luật Dân sự 2015
[Nội dung]: Điều 651. Người thừa kế theo pháp luật 1. Những người thừa kế theo pháp luật được quy định theo thứ tự sau đây: a) Hàng thừa kế thứ nhất gồm: vợ, chồng, cha đẻ, mẹ đẻ, cha nuôi, mẹ nuôi, con đẻ, con nuôi của người chết; b) Hàng thừa kế thứ hai gồm: ông nội, bà nội, ông ngoại, bà ngoại, anh ruột, chị ruột, em ruột của người chết; cháu ruột của người chết mà người chết là ông nội, bà nội, ông ngoại, bà ngoại; c) Hàng thừa kế thứ ba gồm: cụ nội, cụ ngoại của người chết; bác ruột, chú ruột, cậu ruột, cô ruột, dì ruột của người chết; cháu ruột của người chết mà người chết là bác ruột, chú ruột, cậu ruột, cô ruột, dì ruột; chắt ruột của người chết mà người chết là cụ nội, cụ ngoại. 2. Những người thừa kế cùng hàng được hưởng phần di sản bằng nhau. 3. Những người ở hàng thừa kế sau chỉ được hưởng thừa kế, nếu không còn ai ở hàng thừa kế trước do đã chết, không có quyền hưởng di sản, bị truất quyền hưởng di sản hoặc từ chối nhận di sản.

[Văn bản 3]: Bộ luật Dân sự 2015
[Nội dung]: Điều 680. Thừa kế 1. Thừa kế được xác định theo pháp luật của nước mà người để lại di sản thừa kế có quốc tịch ngay trước khi chết. 2. Việc thực hiện quyền thừa kế đối với bất động sản được xác định theo pháp luật của nước nơi có bất động sản đó.

---

**CÂU HỎI:**
Tôi vừa nhận được thông tin rằng tôi là người thừa kế duy nhất"
syn_1443_1768641507_2,Vợ tôi đã từng bị xử phạt hành chính về tội tàng trữ pháo nổ. Nếu vợ tôi bị phát hiện tàng trữ 30 kilôgam pháo nổ thì hậu quả pháp lý cho vợ tôi sẽ ra sao?,Điều 191 - Bộ luật Hình sự (Văn bản hợp nhất 2017),True,1.0,0.3070624360286592,"**Căn cứ pháp lý:** Điều 191. Tội tàng trữ, vận chuyển hàng cấm - Bộ luật Hình sự (Văn bản hợp nhất 2017)

**Nội dung quy định:**
Theo Điều 191 của Bộ luật Hình sự, nếu cá nhân hoặc pháp nhân thương mại tàng trữ, vận chuyển hàng cấm mà không thuộc các trường hợp được miễn trách nhiệm hình sự (như việc tàng trữ, vận chuyển thuốc lá điếu nhập lậu), thì sẽ bị phạt tiền hoặc phạt tù tùy theo mức độ vi phạm. 

Điều 191 quy định rõ về mức phạt tiền và tù đối với hành vi tàng trữ, vận chuyển hàng cấm. Trong đó, nếu tàng trữ, vận chuyển hàng cấm thuộc trường hợp quy định tại các điểm a, b, c, d và đ, với số lượng từ 50 kilôgam đến dưới 100 kilôgam hoặc từ 50 lít đến dưới 100 lít, sẽ bị phạt tiền từ 50.000.000 đồng đến 300.000.000 đồng hoặc phạt tù từ 06 tháng đến 03 năm.

**Phân tích & Hướng dẫn:**

Trong trường hợp của bạn, vợ bạn đã từng bị xử phạt hành chính về tội tàng trữ pháo nổ. Nếu vợ bạn bị phát hiện tàng trữ 30 kilôgam pháo nổ, cần phân tích cụ thể theo quy định của Điều 191 Bộ luật Hình sự:

1. **Mức độ vi phạm**: 30 kilôgam pháo nổ nằm trong phạm vi quy định tại điểm a của Điều 191, tức là từ 50 kilôgam đến dưới 100 kilôgam. Do đó, đây là trường hợp thuộc điểm a của Điều 191.

2. **Hậu quả pháp lý**: Theo Điều 191, nếu tàng trữ, vận chuyển hàng cấm thuộc trường hợp quy định tại điểm a, sẽ bị phạt tiền từ 50.000.000 đồng đến 300.000.000 đồng hoặc phạt tù từ 06 tháng đến 03 năm.

3. **Quyền lợi và nghĩa vụ của vợ bạn**: 
   - **"
syn_1320_1768640473_1,"Chồng tôi bị kết án 6 tháng tù treo vì tham gia vào một vụ đánh nhau. Gần đây, anh ấy đã có những hành động tích cực như tham gia các hoạt động tình nguyện. Chúng tôi đang thắc mắc liệu anh ấy có thể xin miễn hình phạt không?",Điều 59 - Bộ luật Hình sự (Văn bản hợp nhất 2017),False,0.3333333333333333,0.4453227931488801,"**CĂN CỨ PHÁP LUẬT THAM KHẢO:**
---
**Tài liệu 1:** Bộ luật Hình sự (Văn bản hợp nhất 2017)
**Nội dung:** Điều 62. Miễn chấp hành hình phạt

**Tài liệu 2:** Bộ luật Hình sự (Văn bản hợp nhất 2017)
**Nội dung:** Điều 65. Án treo

**Tài liệu 3:** Bộ luật Hình sự (Văn bản hợp nhất 2017)
**Nội dung:** Điều 69. Xóa án tích

---

**CÂU HỎI:**
Chồng tôi bị kết án 6 tháng tù treo vì tham gia vào một vụ đánh nhau. Gần đây, anh ấy đã có những hành động tích cực như tham gia các hoạt động tình nguyện. Chúng tôi đang thắc mắc liệu anh ấy có thể xin miễn hình phạt không?

**CĂN CỨ PHÁP LUẬT THAM KHẢO:**
---
**Tài liệu 1:** Bộ luật Hình sự (Văn bản hợp nhất 2017)
**Nội dung:** Điều 62. Miễn chấp hành hình phạt

**Tài liệu 2:** Bộ luật Hình sự (Văn bản hợp nhất 2017)
**Nội dung:** Điều 65. Án treo

**Tài liệu 3:** Bộ luật Hình sự (Văn bản hợp nhất 2017)
**Nội dung:** Điều 69. Xóa án tích

---

**PHÂN TÍCH VÀ HƯỚNG DẪN:**

Theo quy định tại Điều 65 của Bộ luật Hình sự (Văn bản hợp nhất 2017), nếu Tòa án cho hưởng án treo và ấn định thời gian thử thách, thì người được hưởng án treo có thể được miễn chấp hành hình phạt nếu đã lập công lớn hoặc mắc bệnh hiểm nghèo và không còn nguy hiểm cho xã hội nữa. 

Trong trường hợp của chồng bạn, anh ấy đã bị kết án 6 tháng tù treo. Nếu anh ấy đã tham gia các hoạt động tình nguyện và có những hành động tích cực như vậy, có thể anh ấy có thể xin miễn hình phạt theo quy định tại Điều"
syn_1206_1768639693_0,Tôi là một bà mẹ đơn thân và tôi muốn nhận công việc về làm tại nhà để có thể chăm sóc cho con nhỏ. Tôi có thể thỏa thuận như thế nào với công ty của mình về việc này?,Điều 167 - Bộ luật Lao động 2019,False,1.0,0.32727272727272727,"**Căn cứ pháp lý:**
---
[Văn bản: Bộ luật Lao động 2019]
[Nội dung: Điều 115. Nghỉ việc riêng, nghỉ không hưởng lương]

**Nội dung quy định:**
---
1. Người lao động được nghỉ việc riêng mà vẫn hưởng nguyên lương và phải thông báo với người sử dụng lao động trong trường hợp sau đây: a) Kết hôn: nghỉ 03 ngày; b) Con đẻ, con nuôi kết hôn: nghỉ 01 ngày; c) Cha đẻ, mẹ đẻ, cha nuôi, mẹ nuôi; cha đẻ, mẹ đẻ, cha nuôi, mẹ nuôi của vợ hoặc chồng; vợ hoặc chồng; con đẻ, con nuôi chết: nghỉ 03 ngày.
2. Người lao động được nghỉ không hưởng lương 01 ngày và phải thông báo với người sử dụng lao động khi ông nội, bà nội, ông ngoại, bà ngoại, anh, chị, em ruột chết; cha hoặc mẹ kết hôn; anh, chị, em ruột kết hôn.
3. Ngoài quy định tại khoản 1 và khoản 2 Điều này, người lao động có thể thỏa thuận với người sử dụng lao động để nghỉ không hưởng lương.

**Phân tích & Hướng dẫn:**
---
Theo quy định tại Điều 115 của Bộ luật Lao động 2019, bà mẹ đơn thân có quyền thỏa thuận với công ty của mình về việc nghỉ việc riêng và nghỉ không hưởng lương. Trong trường hợp của bà mẹ đơn thân, việc chăm sóc con nhỏ có thể coi là một yếu tố cần thiết để bảo vệ quyền lợi của người lao động.

Bà mẹ đơn thân có thể thỏa thuận với công ty về việc nghỉ việc riêng để chăm sóc con nhỏ. Theo quy định, bà có thể nghỉ không hưởng lương 01 ngày (theo khoản 2 Điều 115) vì ""cha hoặc mẹ kết hôn"" (nghĩa là bà mẹ kết hôn). 

Tuy nhiên, để đảm bảo rằng việc này tuân thủ đúng quy định pháp luật và không gây thiệt hại cho công ty, bà nên thông báo đầy đủ với công ty về quyết định này. Bà cũng nên thảo luận với lãnh đạo công ty về việc này, xem xét việc có thể chia sẻ trách nhiệm chăm sóc con giữa nhiều người hoặc tìm kiếm sự hỗ trợ từ bên ngoài nếu"
syn_75_1768628302,Tôi là chủ sở hữu một công ty TNHH và đang muốn sửa đổi Điều lệ công ty. Tôi cần thực hiện những bước gì để đảm bảo quyền quyết định của mình được thực hiện đúng theo quy định?,Điều 76 - Luật Doanh nghiệp 2020,False,1.0,0.3941176470588235,"**Căn cứ pháp lý:** 
Điều 87. Tăng, giảm vốn điều lệ - Luật Doanh nghiệp 2020

**Nội dung quy định:** 
1. Công ty trách nhiệm hữu hạn một thành viên tăng vốn điều lệ thông qua việc chủ sở hữu công ty góp thêm vốn hoặc huy động thêm vốn góp của người khác. Chủ sở hữu công ty quyết định hình thức tăng và mức tăng vốn điều lệ.
2. Trường hợp tăng vốn điều lệ bằng việc huy động thêm phần vốn góp của người khác, công ty phải tổ chức quản lý theo loại hình công ty trách nhiệm hữu hạn hai thành viên trở lên hoặc công ty cổ phần. Việc tổ chức quản lý công ty được thực hiện như sau: a) Trường hợp tổ chức quản lý theo loại hình công ty trách nhiệm hữu hạn hai thành viên trở lên thì công ty phải thông báo thay đổi nội dung đăng ký doanh nghiệp trong thời hạn 10 ngày kể từ ngày hoàn thành việc thay đổi vốn điều lệ; b) Trường hợp chuyển đổi thành công ty cổ phần thì công ty thực hiện theo quy định tại Điều 202 của Luật này.
3. Công ty trách nhiệm hữu hạn một thành viên giảm vốn điều lệ trong trường hợp sau đây: a) Hoàn trả một phần vốn góp cho chủ sở hữu công ty nếu công ty đã hoạt động kinh doanh liên tục từ 02 năm trở lên kể từ ngày đăng ký thành lập doanh nghiệp và bảo đảm thanh toán đủ các khoản nợ và nghĩa vụ tài sản khác sau khi đã hoàn trả phần vốn góp cho chủ sở hữu công ty; b) Vốn điều lệ không được chủ sở hữu công ty thanh toán đầy đủ và đúng hạn theo quy định tại Điều 75 của Luật này. 

**Phân tích & Hướng dẫn:**
Để đảm bảo quyền quyết định của bạn về việc sửa đổi Điều lệ công ty, bạn cần tuân thủ các bước sau:

1. **Xác định Mục đích Sửa Đổi:** Trước tiên, bạn cần xác định rõ mục đích cụ thể của việc sửa đổi Điều lệ. Điều này có thể liên quan đến việc thay đổi số vốn điều lệ, nội dung cơ cấu tổ chức quản lý, hoặc các quyền và nghĩa vụ của thành viên/cổ đông.

2. **Thực Hiện Đóng Góp Vốn:** Nếu việc sửa đổi liên quan đến việc tăng vốn điều lệ"
syn_621_1768632344,Gia đình tôi đang tranh chấp về một hợp đồng thuê nhà mà có một điều khoản khó hiểu. Tôi có thể giải thích điều khoản này theo cách nào để bảo vệ quyền lợi của chúng tôi?,Điều 404 - Bộ luật Dân sự 2015,True,0.6666666666666666,0.7803099361896081,"**Căn cứ pháp lý:**
--- [Tài liệu 1] ---
Văn bản: Bộ luật Dân sự 2015
Nội dung: Điều 404. Giải thích hợp đồng 1. Khi hợp đồng có điều khoản không rõ ràng thì việc giải thích điều khoản đó không chỉ dựa vào ngôn từ của hợp đồng mà còn phải căn cứ vào ý chí của các bên được thể hiện trong toàn bộ quá trình trước, tại thời điểm xác lập, thực hiện hợp đồng. 2. Khi hợp đồng có điều khoản hoặc ngôn từ có thể hiểu theo nhiều nghĩa khác nhau thì phải giải thích theo nghĩa phù hợp nhất với mục đích, tính chất của hợp đồng. 3. Khi hợp đồng có điều khoản hoặc ngôn từ khó hiểu thì phải được giải thích theo tập quán tại địa điểm giao kết hợp đồng. 4. Các điều khoản trong hợp đồng phải được giải thích trong mối liên hệ với nhau, sao cho ý nghĩa của các điều khoản đó phù hợp với toàn bộ nội dung hợp đồng. 5. Trường hợp có sự mâu thuẫn giữa ý chí chung của các bên với ngôn từ sử dụng trong hợp đồng thì ý chí chung của các bên được dùng để giải thích hợp đồng. 6. Trường hợp bên soạn thảo đưa vào hợp đồng nội dung bất lợi cho bên kia thì khi giải thích hợp đồng phải theo hướng có lợi cho bên kia.

--- [Tài liệu 2] ---
Văn bản: Bộ luật Dân sự 2015
Nội dung: Điều 121. Giải thích giao dịch dân sự 1. Giao dịch dân sự có nội dung không rõ ràng, khó hiểu, được hiểu theo nhiều nghĩa khác nhau và không thuộc quy định tại khoản 2 Điều này thì việc giải thích giao dịch dân sự đó được thực hiện theo thứ tự sau đây: a) Theo ý chí đích thực của các bên khi xác lập giao dịch; b) Theo nghĩa phù hợp với mục đích của giao dịch; c) Theo tập quán nơi giao dịch được xác lập. 2. Việc giải thích hợp đồng được thực hiện theo quy định tại Điều 404 của Bộ luật này; việc giải thích nội dung di chúc được thực hiện theo quy định tại Điều 648 của Bộ luật này.

**Phân tích & Hướng dẫn:**

Trong"
syn_723_1768632971,Công ty tôi có một tài sản là nhà xưởng và một thành viên muốn bán tài sản này. Vậy tôi có cần sự đồng ý của tất cả các thành viên trước khi thực hiện việc bán không?,Điều 506 - Bộ luật Dân sự 2015,True,0.6666666666666666,0.520417853751187,"**CĂN CỨ PHÁP LUẬT THAM KHẢO:**
--- [Tài liệu 1] ---
Văn bản: Bộ luật Dân sự 2015
Nội dung: Điều 506. Tài sản chung của các thành viên hợp tác

--- [Tài liệu 2] ---
Văn bản: Bộ luật Dân sự 2015
Nội dung: Điều 451. Bán đấu giá tài sản

**CÂU HỎI:**
Công ty tôi có một tài sản là nhà xưởng và một thành viên muốn bán tài sản này. Vậy tôi có cần sự đồng ý của tất cả các thành viên trước khi thực hiện việc bán không?

**TRẢ LỜI:**
Theo Căn cứ pháp lý là Điều 506 và Điều 451 của Bộ luật Dân sự 2015, chúng ta có thể phân tích và đưa ra hướng dẫn như sau:

**CĂN CỨ PHÁP LUẬT THAM KHẢO:**
--- [Tài liệu 1] ---
Văn bản: Bộ luật Dân sự 2015
Nội dung: Điều 506. Tài sản chung của các thành viên hợp tác

**Nội dung quy định:**
1. Tài sản do các thành viên đóng góp, cùng tạo lập và tài sản khác theo quy định của pháp luật là tài sản chung theo phần của các thành viên hợp tác.
2. Việc định đoạt tài sản là quyền sử dụng đất, nhà, xưởng sản xuất, tư liệu sản xuất khác phải có thỏa thuận bằng văn bản của tất cả các thành viên; việc định đoạt tài sản khác do đại diện của các thành viên quyết định, trừ trường hợp có thỏa thuận khác.

**PHÂN TÍCH VÀ HƯỚNG DẪN:**
Đối với trường hợp bạn đang đề cập, tài sản là nhà xưởng, một tài sản chung của các thành viên hợp tác. Theo Điều 506 của Bộ luật Dân sự 2015, việc định đoạt tài sản chung (trong trường hợp này là nhà xưởng) yêu cầu phải có thỏa thuận bằng văn bản của tất cả các thành viên hợp tác. 

Do đó, để thực hiện việc bán đấu giá tài sản là nhà xưởng, bạn cần phải có sự đồng"
syn_405_1768630868,"Tôi đang quản lý một tài sản của công ty, liệu tôi có quyền sở hữu tài sản này nếu hết thời hạn hợp đồng?",Điều 188 - Bộ luật Dân sự 2015,False,1.0,0.3366533864541833,"**Căn cứ pháp lý:**
Văn bản: Luật Doanh nghiệp 2020  
Nội dung: Điều 78. Thực hiện quyền của chủ sở hữu công ty trong một số trường hợp đặc biệt

**Nội dung quy định:**
1. Trường hợp chủ sở hữu công ty là cá nhân bị tạm giam, đang chấp hành hình phạt tù, đang chấp hành biện pháp xử lý hành chính tại cơ sở cai nghiện bắt buộc, cơ sở giáo dục bắt buộc thì ủy quyền cho người khác thực hiện một số hoặc tất cả quyền và nghĩa vụ của chủ sở hữu công ty.
2. Trường hợp chủ sở hữu công ty là cá nhân chết thì người thừa kế theo di chúc hoặc theo pháp luật là chủ sở hữu công ty hoặc thành viên công ty. Công ty phải tổ chức quản lý theo loại hình doanh nghiệp tương ứng và đăng ký thay đổi nội dung đăng ký doanh nghiệp trong thời hạn 10 ngày kể từ ngày kết thúc việc giải quyết thừa kế.
3. Trường hợp chủ sở hữu công ty là cá nhân mất tích thì phần vốn góp của chủ sở hữu được giải quyết theo quy định của pháp luật về dân sự.
4. Trường hợp chủ sở hữu công ty là cá nhân mà bị hạn chế hoặc mất năng lực hành vi dân sự, có khó khăn trong nhận thức, làm chủ hành vi thì quyền và nghĩa vụ của chủ sở hữu công ty được thực hiện thông qua người đại diện.

**Phân tích & Hướng dẫn:**

Trong trường hợp của bạn, nếu hết thời hạn hợp đồng mà bạn vẫn đang quản lý tài sản của công ty, thì quyền sở hữu tài sản đó sẽ phụ thuộc vào quy định về chủ sở hữu công ty trong trường hợp cụ thể của công ty bạn.

Theo Điều 78 của Luật Doanh nghiệp 2020, nếu chủ sở hữu công ty là cá nhân (trong trường hợp của bạn), và nếu họ bị tạm giam, đang chấp hành hình phạt tù, đang chấp hành biện pháp xử lý hành chính tại cơ sở cai nghiện bắt buộc, cơ sở giáo dục bắt buộc, thì họ có thể ủy quyền cho người khác thực hiện quyền và nghĩa vụ của mình. 

Đối với trường hợp chủ sở hữu công ty là cá nhân chết, theo Điều 78, người thừa kế theo di chúc hoặc theo pháp luật sẽ trở thành chủ sở hữu công ty hoặc thành viên công ty"
syn_1165_1768639456_1,"Chồng tôi bị xử lý kỷ luật kéo dài thời hạn nâng lương vào tháng 8 năm 2022. Nếu anh ấy đã chấp hành được một nửa thời hạn và đã có những tiến bộ trong công việc, liệu công ty có thể giảm thời hạn kỷ luật cho anh ấy không?",Điều 126 - Bộ luật Lao động 2019,True,1.0,0.6908267270668177,"**Căn cứ pháp lý:**
---
[Văn bản] Bộ luật Lao động 2019
[Nội dung] Điều 126. Xóa kỷ luật, giảm thời hạn chấp hành kỷ luật lao động

**Nội dung quy định:**
---
1. Người lao động bị khiển trách sau 03 tháng hoặc bị xử lý kỷ luật kéo dài thời hạn nâng lương sau 06 tháng hoặc bị xử lý kỷ luật cách chức sau 03 năm kể từ ngày bị xử lý, nếu không tiếp tục vi phạm kỷ luật lao động thì đương nhiên được xóa kỷ luật.
2. Người lao động bị xử lý kỷ luật kéo dài thời hạn nâng lương sau khi chấp hành được một nửa thời hạn nếu sửa chữa tiến bộ thì có thể được người sử dụng lao động xét giảm thời hạn.

**Phân tích & Hướng dẫn:**
---
Theo quy định tại Điều 126 của Bộ Luật Lao động 2019, chồng bạn đã bị xử lý kỷ luật kéo dài thời hạn nâng lương từ tháng 8 năm 2022. Hiện tại, anh ấy đã chấp hành được một nửa thời hạn kỷ luật. Theo đó, nếu anh ấy đã có những tiến bộ trong công việc, công ty có thể xem xét giảm thời hạn kỷ luật cho anh ấy.

Tuy nhiên, để áp dụng quy định này, cần đảm bảo rằng anh ấy đã thực sự sửa chữa và tiến bộ trong công việc. Công ty cần phải chứng minh rõ ràng rằng anh ấy đã thay đổi thái độ và hành vi, và đang thực hiện tốt hơn so với trước đây.

Để đảm bảo rằng công ty có thể xem xét giảm thời hạn kỷ luật, họ nên lập hồ sơ ghi chép những cải tiến và tiến bộ cụ thể của anh ấy. Đây sẽ là căn cứ quan trọng để công ty có thể đưa ra quyết định giảm thời hạn kỷ luật.

Nếu công ty có thể chứng minh được những cải tiến này, họ có thể tiến hành cuộc thảo luận với anh ấy về việc xem xét giảm thời hạn kỷ luật, dựa trên các tiêu chí và quy định cụ thể tại Điều 126 của Bộ Luật Lao động 2019."
syn_45_1768628067,"Tôi đang có ý định chuyển nhượng phần vốn góp trong công ty TNHH của mình, nhưng không rõ quy trình thực hiện như thế nào?",Điều 46 - Luật Doanh nghiệp 2020,False,1.0,0.3939662821650399,"**Căn cứ pháp lý:**
- Điều 52 và Điều 53 của Luật Doanh nghiệp 2020

**Nội dung quy định:**
- Theo Điều 52 của Luật Doanh nghiệp 2020, thành viên công ty trách nhiệm hữu hạn hai thành viên trở lên có quyền chuyển nhượng phần vốn góp của mình theo quy định cụ thể.
- Theo Điều 53 của Luật Doanh nghiệp 2020, quy định về xử lý phần vốn góp trong các trường hợp đặc biệt, trong đó có trường hợp chuyển nhượng phần vốn góp.

**Phân tích & Hướng dẫn:**

Để chuyển nhượng phần vốn góp trong công ty trách nhiệm hữu hạn hai thành viên trở lên, bạn cần tuân thủ các bước sau:

1. **Chào bán cho các thành viên còn lại:** Trước hết, bạn cần chào bán phần vốn góp đó cho các thành viên còn lại theo tỷ lệ tương ứng với phần vốn góp của họ trong công ty. Điều này đảm bảo rằng các thành viên hiện tại tiếp tục giữ quyền kiểm soát và quyền lợi của mình.

2. **Chuyển nhượng với người ngoài công ty:** Nếu các thành viên còn lại không mua hết phần vốn góp đó trong thời hạn 30 ngày kể từ ngày chào bán, bạn có thể chuyển nhượng cho người ngoài công ty. Điều này phải được thực hiện theo cùng điều kiện chào bán đã thỏa thuận.

3. **Thông báo và cập nhật sổ đăng ký thành viên:** Sau khi chuyển nhượng, thông tin về người mới sở hữu phần vốn góp đó cần được ghi đầy đủ vào sổ đăng ký thành viên của công ty trong thời hạn 30 ngày kể từ ngày hoàn thành việc chuyển nhượng.

4. **Hỗ trợ từ Hội đồng thành viên:** Trong một số trường hợp đặc biệt, như chuyển nhượng hoặc thay đổi phần vốn góp dẫn đến chỉ còn một thành viên công ty, công ty sẽ phải tổ chức quản lý theo loại hình công ty trách nhiệm hữu hạn một thành viên và thực hiện đăng ký thay đổi nội dung đăng ký doanh nghiệp trong thời hạn 15 ngày kể từ ngày hoàn thành việc chuyển nhượng.

Nhớ rằng, quy trình chuyển nhượng này cũng phải tuân thủ Điều lệ công ty, nếu có quy định riêng về việc chuyển nhượng phần vốn góp. Nếu có bất kỳ thắc mắc hay khó khăn nào trong quá trình chuyển nh"
syn_60_1768628182,"Tôi là Chủ tịch Hội đồng thành viên của một công ty, nhưng một thành viên không gửi phiếu lấy ý kiến đúng hạn. Vậy, nghị quyết của chúng tôi có hợp lệ không?",Điều 61 - Luật Doanh nghiệp 2020,True,0.6666666666666666,0.5326152004787552,"**Căn cứ pháp lý:** 
- Điều 61, Điều 149 và Điều 59 của Luật Doanh nghiệp 2020

**Nội dung quy định:**
- Theo Điều 61 của Luật Doanh nghiệp 2020, khi điều lệ công ty không có quy định khác, thẩm quyền và thể thức lấy ý kiến bằng văn bản để thông qua nghị quyết, quyết định được thực hiện như sau:
  - Chủ tịch Hội đồng thành viên quyết định việc lấy ý kiến thành viên Hội đồng thành viên bằng văn bản.
  - Chủ tịch Hội đồng thành viên có trách nhiệm soạn thảo, gửi các báo cáo, tờ trình về nội dung cần quyết định, dự thảo nghị quyết, quyết định và phiếu lấy ý kiến đến các thành viên Hội đồng thành viên.
  - Phiếu lấy ý kiến phải bao gồm các nội dung như tên, mã số doanh nghiệp, địa chỉ trụ sở chính, họ, tên, địa chỉ liên lạc, quốc tịch, số giấy tờ pháp lý của cá nhân, tỷ lệ phần vốn góp của thành viên Hội đồng thành viên, vấn đề cần lấy ý kiến và ý kiến trả lời tương ứng, thời hạn cuối cùng phải gửi phiếu lấy ý kiến về công ty, và chữ ký của Chủ tịch Hội đồng thành viên.
- Theo Điều 149 của Luật Doanh nghiệp 2020, khi điều lệ công ty không có quy định khác, thẩm quyền và thể thức lấy ý kiến cổ đông bằng văn bản để thông qua nghị quyết Đại hội đồng cổ đông cũng được thực hiện như sau:
  - Hội đồng quản trị có quyền lấy ý kiến cổ đông bằng văn bản để thông qua nghị quyết Đại hội đồng cổ đông khi xét thấy cần thiết vì lợi ích của công ty.
  - Hội đồng quản trị chuẩn bị phiếu lấy ý kiến, dự thảo nghị quyết Đại hội đồng cổ đông, các tài liệu giải trình dự thảo nghị quyết và gửi đến tất cả cổ đông có quyền biểu quyết chậm nhất là 10 ngày trước thời hạn phải gửi lại phiếu lấy ý kiến.
  - Phiếu lấy ý kiến phải bao gồm các nội dung như tên, địa chỉ trụ sở chính, mã số doanh nghiệp, mục đích lấy ý kiến, họ, tên, địa chỉ liên lạc, quốc tịch, số giấy tờ pháp lý của cá nhân đối với cổ đông là cá nhân, tên, mã số doanh nghiệp hoặc số giấy tờ pháp lý của tổ chức, địa chỉ"
syn_120_1768628644,Công ty tôi phát hành cổ phiếu nhưng có một số sai sót trong thông tin trên cổ phiếu. Quyền lợi của tôi có bị ảnh hưởng không?,Điều 121 - Luật Doanh nghiệp 2020,True,1.0,0.9086460032626428,"**Căn cứ pháp lý:**
Điều 121 - Điều 121 - Luật Doanh nghiệp 2020

**Nội dung quy định:**
1. Cổ phiếu là chứng chỉ do công ty cổ phần phát hành, bút toán ghi sổ hoặc dữ liệu điện tử xác nhận quyền sở hữu một hoặc một số cổ phần của công ty đó. Cổ phiếu phải bao gồm các nội dung chủ yếu sau đây: a) Tên, mã số doanh nghiệp, địa chỉ trụ sở chính của công ty; b) Số lượng cổ phần và loại cổ phần; c) Mệnh giá mỗi cổ phần và tổng mệnh giá số cổ phần ghi trên cổ phiếu; d) Họ, tên, địa chỉ liên lạc, quốc tịch, số giấy tờ pháp lý của cá nhân đối với cổ đông là cá nhân; tên, mã số doanh nghiệp hoặc số giấy tờ pháp lý của tổ chức, địa chỉ trụ sở chính đối với cổ đông là tổ chức; đ) Chữ ký của người đại diện theo pháp luật của công ty; e) Số đăng ký tại sổ đăng ký cổ đông của công ty và ngày phát hành cổ phiếu; g) Nội dung khác theo quy định tại các điều 116, 117 và 118 của Luật này đối với cổ phiếu của cổ phần ưu đãi.
2. Trường hợp có sai sót trong nội dung và hình thức cổ phiếu do công ty phát hành thì quyền và lợi ích của người sở hữu cổ phiếu đó không bị ảnh hưởng. Người đại diện theo pháp luật của công ty chịu trách nhiệm về thiệt hại do những sai sót đó gây ra.
3. Trường hợp cổ phiếu bị mất, bị hư hỏng hoặc bị hủy hoại dưới hình thức khác thì cổ đông được công ty cấp lại cổ phiếu theo đề nghị của cổ đông đó. Đề nghị của cổ đông phải bao gồm các nội dung sau đây: a) Thông tin về cổ phiếu đã bị mất, bị hư hỏng hoặc bị hủy hoại dưới hình thức khác; b) Cam kết chịu trách nhiệm về những tranh chấp phát sinh từ việc cấp lại cổ phiếu mới.

**Phân tích & Hướng dẫn:**
Theo quy định tại Điều 121, Luật Doanh nghiệp 2020, nếu có sai sót trong nội dung và hình thức cổ phiếu do công ty phát hành, quyền và lợi ích của người sở hữu cổ phiếu đó"
syn_1272_1768640104_0,"Tôi có một người bạn, trong lúc say rượu đã lái xe và gây tai nạn. Anh ấy không mong muốn gây tai nạn nhưng vẫn lái xe. Vậy anh ấy có bị xem là cố ý phạm tội không?",Điều 10 - Bộ luật Hình sự (Văn bản hợp nhất 2017),True,1.0,0.5835240274599542,"**Căn cứ pháp lý:** 
- Văn bản: Bộ luật Hình sự (Văn bản hợp nhất 2017)
- Nội dung: Điều 10. Cố ý phạm tội

**Nội dung quy định:**
Điều 10. Cố ý phạm tội Cố ý phạm tội là phạm tội trong những trường hợp sau đây: 1. Người phạm tội nhận thức rõ hành vi của mình là nguy hiểm cho xã hội, thấy trước hậu quả của hành vi đó và mong muốn hậu quả xảy ra; 2. Người phạm tội nhận thức rõ hành vi của mình là nguy hiểm cho xã hội, thấy trước hậu quả của hành vi đó có thể xảy ra, tuy không mong muốn nhưng vẫn có ý thức để mặc cho hậu quả xảy ra.

**Phân tích & Hướng dẫn:**
Theo quy định tại Điều 10 Bộ luật Hình sự, phạm tội được coi là cố ý khi người phạm tội nhận thức rõ hành vi của mình là nguy hiểm cho xã hội, thấy trước hậu quả của hành vi đó và mong muốn hậu quả xảy ra, hoặc nếu họ thấy trước hậu quả có thể xảy ra, mặc dù không mong muốn nhưng vẫn có ý thức để mặc cho hậu quả xảy ra.

Trong trường hợp của người bạn bạn nói, anh ấy đã lái xe trong tình trạng say rượu và gây tai nạn. Theo quy định, anh ấy đã nhận thức rõ hành vi lái xe trong tình trạng say rượu là nguy hiểm cho xã hội, và hành vi này có thể gây ra hậu quả nghiêm trọng như tai nạn. Tuy nhiên, anh ấy không mong muốn tai nạn xảy ra và không có ý định mong muốn hậu quả đó.

Điểm quan trọng là, mặc dù không mong muốn tai nạn, anh ấy vẫn đã lái xe, điều này cho thấy anh ấy đã có ý thức để mặc cho hậu quả xảy ra. Điều này phù hợp với điểm 2 của Điều 10, nghĩa là anh ấy đã thấy trước hậu quả có thể xảy ra và mặc cho hậu quả đó.

Vì vậy, căn cứ vào quy định pháp luật, anh ấy có thể bị xem là cố ý phạm tội. Tuy nhiên, việc cụ thể bị xử lý hình sự còn phụ thuộc vào mức độ thiệt hại gây ra và các yếu tố khác liên quan."
syn_613_1768632296,"Tôi đã đồng ý cho một người bạn mượn tiền và sau đó tôi bị mất trí nhớ, không nhớ gì về hợp đồng này. Vậy hợp đồng mượn tiền có còn giá trị không?",Điều 396 - Bộ luật Dân sự 2015,False,0.6666666666666666,0.36074270557029176,"**CĂN CỨ PHÁP LUẬT THAM KHẢO:**
---
[Tài liệu 1] Văn bản: Bộ luật Dân sự 2015
Nội dung: Điều 494. Hợp đồng mượn tài sản

**CĂN CỨ PHÁP LUẬT THAM KHẢO:**
---
[Tài liệu 2] Văn bản: Bộ luật Dân sự 2015
Nội dung: Điều 496. Nghĩa vụ của bên mượn tài sản

**CĂN CỨ PHÁP LUẬT THAM KHẢO:**
---
[Tài liệu 3] Văn bản: Bộ luật Dân sự 2015
Nội dung: Mục 7. Hợp đồng về quyền sử dụng đất

**CÂU HỎI:**
Tôi đã đồng ý cho một người bạn mượn tiền và sau đó tôi bị mất trí nhớ, không nhớ gì về hợp đồng này. Vậy hợp đồng mượn tiền có còn giá trị không?

**CĂN CỨ PHÁP LUẬT THAM KHẢO:**
---
[Tài liệu 1] Văn bản: Bộ luật Dân sự 2015
Nội dung: Điều 494. Hợp đồng mượn tài sản

**Nội dung quy định:**
Hợp đồng mượn tài sản là sự thỏa thuận giữa các bên, theo đó bên cho mượn giao tài sản cho bên mượn để sử dụng trong một thời hạn mà không phải trả tiền, bên mượn phải trả lại tài sản đó khi hết thời hạn mượn hoặc mục đích mượn đã đạt được.

**PHÂN TÍCH & HƯỚNG DẪN:**
Theo Điều 494 của Bộ Luật Dân sự 2015, hợp đồng mượn tài sản chỉ có hiệu lực khi cả hai bên đều đồng ý và thực hiện thỏa thuận. Nếu người mượn không trả lại tài sản đúng thời hạn hoặc không tuân thủ nghĩa vụ như bảo quản tài sản, thì hợp đồng có thể bị coi là không hợp lệ.

Trong trường hợp bạn bị mất trí nhớ và không nhớ gì về hợp đồng mượn tiền, điều này có thể ảnh hưởng đến việc xác định hợp đồng có còn hiệu lực hay không."
syn_690_1768632757,"Tôi đang có dự định thuê một mặt bằng thương mại để kinh doanh, nhưng bên cho thuê không rõ ràng về giá. Vậy tôi có thể xác định giá thuê như thế nào?",Điều 473 - Bộ luật Dân sự 2015,True,0.3333333333333333,0.4572127139364303,"**CĂN CỨ PHÁP LUẬT THAM KHẢO:**

--- [Tài liệu 1] ---
Văn bản: Bộ luật Dân sự 2015
Nội dung: Điều 473. Giá thuê 1. Giá thuê do các bên thỏa thuận hoặc do người thứ ba xác định theo yêu cầu của các bên, trừ trường hợp luật có quy định khác. 2. Trường hợp không có thỏa thuận hoặc thỏa thuận không rõ ràng thì giá thuê được xác định theo giá thị trường tại địa điểm và thời điểm giao kết hợp đồng thuê.

--- [Tài liệu 2] ---
Văn bản: Bộ luật Dân sự 2015
Nội dung: Điều 485. Thời hạn thuê khoán Thời hạn thuê khoán do các bên thỏa thuận. Trường hợp không có thỏa thuận hoặc có thỏa thuận nhưng không rõ ràng thì thời hạn thuê khoán được xác định theo chu kỳ sản xuất, kinh doanh phù hợp với tính chất của đối tượng thuê khoán.

---

**PHÂN TÍCH & HƯỚNG DẪN:**

Theo quy định tại Điều 473 của Bộ Luật Dân sự 2015, giá thuê được xác định theo một trong hai cách: 
1. Do các bên thỏa thuận.
2. Hay do người thứ ba xác định theo yêu cầu của các bên, ngoại trừ trường hợp luật có quy định khác (trong trường hợp này, giá thuê được xác định theo giá thị trường).

Trong trường hợp bạn đang tìm hiểu về giá thuê, nhưng bên cho thuê không đưa ra giá cụ thể, bạn có thể xác định giá thuê dựa trên giá thị trường tại địa điểm và thời điểm giao kết hợp đồng thuê. Điều này đồng nghĩa với việc bạn cần tìm hiểu về giá thuê trung bình hiện tại tại địa điểm mà bạn muốn thuê, và sử dụng mức giá đó làm tham chiếu cho giá thuê của mình.

Đối với trường hợp giá thuê chưa được thỏa thuận, bạn cũng có thể căn cứ vào giá thị trường để đề xuất mức giá thuê phù hợp. 

Nếu giá thuê vẫn chưa được xác định rõ ràng, bạn nên thảo luận với bên cho thuê về giá thuê, đặc biệt là nếu bạn có ý định thuê lâu dài. Việc này giúp tránh xung đột về sau và đảm bảo rằng cả hai bên đều hiểu rõ về giá trị tài sản"
syn_145_1768628827,Chủ tọa cuộc họp của công ty tôi muốn hoãn cuộc họp vì không đủ chỗ ngồi cho tất cả cổ đông. Điều này có phù hợp với quy định hay không?,Điều 146 - Luật Doanh nghiệp 2020,False,1.0,0.3367816091954023,"**Căn cứ pháp lý:** 
Điều 148. Hoãn cuộc họp Đại hội đồng cổ đông - Luật Doanh nghiệp 2020

**Nội dung quy định:**
Trong trường hợp cuộc họp Đại hội đồng cổ đông không thể tiến hành do không có đủ chỗ ngồi thuận tiện cho tất cả cổ đông dự họp, chủ tọa cuộc họp có quyền hoãn cuộc họp. 

**Phân tích & Hướng dẫn:**
Theo Điều 148 của Luật Doanh nghiệp 2020, trường hợp chủ tọa cuộc họp Đại hội đồng cổ đông muốn hoãn cuộc họp do không có đủ chỗ ngồi thuận tiện cho tất cả cổ đông dự họp, thì đây hoàn toàn là phù hợp với quy định của pháp luật. 

Điều này được quy định rõ ràng tại điểm a khoản 8 Điều 148, cụ thể: ""Chủ tọa có quyền hoãn cuộc họp Đại hội đồng cổ đông đã có đủ số người đăng ký dự họp tối đa không quá 03 ngày làm việc kể từ ngày cuộc họp dự định khai mạc và chỉ được hoãn cuộc họp hoặc thay đổi địa điểm họp trong trường hợp sau đây: a) Địa điểm họp không có đủ chỗ ngồi thuận tiện cho tất cả người dự họp.""

Như vậy, Chủ tọa cuộc họp của công ty bạn hoàn toàn có quyền hoãn cuộc họp nếu gặp phải tình huống không có đủ chỗ ngồi cho tất cả cổ đông dự họp, và cần tuân thủ thời hạn 03 ngày làm việc quy định tại điểm a khoản 8 Điều 148."
syn_839_1768633745,"Tôi và anh trai tôi không muốn nhận di sản từ bố mẹ để lại vì lý do cá nhân, vậy tài sản đó sẽ thuộc về ai nếu không có ai khác nhận?",Điều 622 - Bộ luật Dân sự 2015,False,1.0,0.3142857142857143,"**Căn cứ pháp lý:**
---
[Văn bản] Bộ luật Dân sự 2015  
[Nội dung] Điều 651. Người thừa kế theo pháp luật

**Nội dung quy định:**
---
1. Những người thừa kế theo pháp luật được quy định theo thứ tự sau đây: a) Hàng thừa kế thứ nhất gồm: vợ, chồng, cha đẻ, mẹ đẻ, cha nuôi, mẹ nuôi, con đẻ, con nuôi của người chết; b) Hàng thừa kế thứ hai gồm: ông nội, bà nội, ông ngoại, bà ngoại, anh ruột, chị ruột, em ruột của người chết; cháu ruột của người chết mà người chết là ông nội, bà nội, ông ngoại, bà ngoại; c) Hàng thừa kế thứ ba gồm: cụ nội, cụ ngoại của người chết; bác ruột, chú ruột, cậu ruột, cô ruột, dì ruột của người chết; cháu ruột của người chết mà người chết là bác ruột, chú ruột, cậu ruột, cô ruột, dì ruột; chắt ruột của người chết mà người chết là cụ nội, cụ ngoại. 2. Những người thừa kế cùng hàng được hưởng phần di sản bằng nhau. 3. Những người ở hàng thừa kế sau chỉ được hưởng thừa kế, nếu không còn ai ở hàng thừa kế trước do đã chết, không có quyền hưởng di sản, bị truất quyền hưởng di sản hoặc từ chối nhận di sản.

**Phân tích & Hướng dẫn:**
---
Theo quy định tại Điều 651 của Bộ luật Dân sự 2015, khi không có ai ở hàng thừa kế trước (trong trường hợp này là bạn và anh trai bạn) nhận di sản, di sản sẽ thuộc về hàng thừa kế tiếp theo. Theo thứ tự ưu tiên, hàng thừa kế thứ nhất bao gồm vợ, chồng, cha đẻ, mẹ đẻ, cha nuôi, mẹ nuôi, con đẻ, con nuôi của người chết. Nếu bạn và anh trai bạn đều từ chối nhận di sản, di sản sẽ thuộc về hàng thừa kế tiếp theo là hàng thừa kế thứ hai, gồm ông nội, bà nội, ông ngoại, bà ngoại, anh ruột, chị ruột, em ruột của người chết. 

Điều này cũng đồng nghĩa"
syn_1068_1768638928_1,"Chồng tôi bị chuyển sang làm công việc khác với mức lương thấp hơn do công ty gặp khó khăn. Anh ấy đã làm việc ở vị trí cũ trong hơn một năm, nhưng giờ đây lương công việc mới chỉ bằng 70% lương cũ. Công ty có vi phạm luật không?",Điều 29 - Bộ luật Lao động 2019,True,1.0,0.8526690391459075,"**Căn cứ pháp lý:**
---
[Văn bản] Bộ luật Lao động 2019
[Nội dung] Điều 29. Chuyển người lao động làm công việc khác so với hợp đồng lao động

---

**Nội dung quy định:**
---
1. Khi gặp khó khăn đột xuất do thiên tai, hỏa hoạn, dịch bệnh nguy hiểm, áp dụng biện pháp ngăn ngừa, khắc phục tai nạn lao động, bệnh nghề nghiệp, sự cố điện, nước hoặc do nhu cầu sản xuất, kinh doanh thì người sử dụng lao động được quyền tạm thời chuyển người lao động làm công việc khác so với hợp đồng lao động nhưng không được quá 60 ngày làm việc cộng dồn trong 01 năm; trường hợp chuyển người lao động làm công việc khác so với hợp đồng lao động quá 60 ngày làm việc cộng dồn trong 01 năm thì chỉ được thực hiện khi người lao động đồng ý bằng văn bản. 

2. Khi tạm thời chuyển người lao động làm công việc khác so với hợp đồng lao động quy định tại khoản 1 Điều này, người sử dụng lao động phải báo cho người lao động biết trước ít nhất 03 ngày làm việc, thông báo rõ thời hạn làm tạm thời và bố trí công việc phù hợp với sức khỏe, giới tính của người lao động.

3. Người lao động chuyển sang làm công việc khác so với hợp đồng lao động được trả lương theo công việc mới. Nếu tiền lương của công việc mới thấp hơn tiền lương của công việc cũ thì được giữ nguyên tiền lương của công việc cũ trong thời hạn 30 ngày làm việc. Tiền lương theo công việc mới ít nhất phải bằng 85% tiền lương của công việc cũ nhưng không thấp hơn mức lương tối thiểu.

4. Người lao động không đồng ý tạm thời làm công việc khác so với hợp đồng lao động quá 60 ngày làm việc cộng dồn trong 01 năm mà phải ngừng việc thì người sử dụng lao động phải trả lương ngừng việc theo quy định tại Điều 99 của Bộ luật này.

---

**Phân tích & Hướng dẫn:**
---
Theo Điều 29 của Bộ Luật Lao động 2019, nếu công ty chuyển bạn chồng sang làm công việc mới với mức lương thấp hơn lương cũ, công ty cần tuân"
syn_806_1768633526,"Gia đình tôi có một mảnh đất bị hàng xóm xâm phạm và làm giảm giá trị, tôi có thể yêu cầu bồi thường cho thiệt hại gắn liền với việc sử dụng đất không?",Điều 589 - Bộ luật Dân sự 2015,True,0.0,0.36447166921898927,"**CĂN CỨ PHÁP LUẬT THAM KHẢO:**
---
--- [Tài liệu 1] ---
Văn bản: Bộ luật Dân sự 2015
Nội dung: Điều 177. Bảo đảm an toàn trong trường hợp cây cối, công trình có nguy cơ gây thiệt hại

--- [Tài liệu 2] ---
Văn bản: Bộ luật Dân sự 2015
Nội dung: Điều 589. Thiệt hại do tài sản bị xâm phạm

--- [Tài liệu 3] ---
Văn bản: Bộ luật Dân sự 2015
Nội dung: Điều 253. Quyền về tưới nước, tiêu nước trong canh tác

**CĂN CỨ PHÁP LUẬT THAM KHẢO:**
---
---

**CĂN CỨ PHÁP LUẬT THAM KHẢO:**
---
--- [Tài liệu 1] ---
Văn bản: Bộ luật Dân sự 2015
Nội dung: Điều 177. Bảo đảm an toàn trong trường hợp cây cối, công trình có nguy cơ gây thiệt hại

--- [Tài liệu 2] ---
Văn bản: Bộ luật Dân sự 2015
Nội dung: Điều 589. Thiệt hại do tài sản bị xâm phạm

--- [Tài liệu 3] ---
Văn bản: Bộ luật Dân sự 2015
Nội dung: Điều 253. Quyền về tưới nước, tiêu nước trong canh tác

**CĂN CỨ PHÁP LUẬT THAM KHẢO:**
---
---

**CĂN CỨ PHÁP LUẬT THAM KHẢO:**
---
--- [Tài liệu 1] ---
Văn bản: Bộ luật Dân sự 2015
Nội dung: Điều 177. Bảo đảm an toàn trong trường hợp cây cối, công trình có nguy cơ gây thiệt hại

--- [Tài liệu 2] ---
Văn bản: Bộ luật Dân sự 2015
Nội dung: Điều 589. Thiệt hại do tài sản bị xâm phạm

--- [Tài liệu 3] ---
Văn bản"
syn_1676_1768643520_0,"Tôi là một cựu quân nhân và đã từng tham gia một tổ chức quân sự ở nước ngoài. Gần đây, tôi nhận được lời mời tham gia một đội quân đánh thuê để làm việc tại một khu vực xung đột. Tôi lo lắng không biết nếu tôi tham gia thì có bị coi là làm lính đánh thuê theo quy định của pháp luật Việt Nam không?",Điều 425 - Bộ luật Hình sự (Văn bản hợp nhất 2017),True,0.3333333333333333,0.4885679903730445,"**CĂN CỨ PHÁP LUẬT THAM KHẢO:**
---
[Văn bản] Bộ luật Hình sự (Văn bản hợp nhất 2017)  
[Nội dung] Điều 425. Tội làm lính đánh thuê Người nào làm lính đánh thuê nhằm chống một quốc gia hoặc một vùng lãnh thổ độc lập, có chủ quyền, thì bị phạt tù từ 05 năm đến 15 năm. Phần thứ ba ĐIỀU KHOẢN THI HÀNH [407]

[Văn bản] Bộ luật Dân sự 2015  
[Nội dung] Điều 663. Phạm vi áp dụng 1. Phần này quy định về pháp luật áp dụng đối với quan hệ dân sự có yếu tố nước ngoài. Trường hợp luật khác có quy định về pháp luật áp dụng đối với quan hệ dân sự có yếu tố nước ngoài không trái với quy định từ Điều 664 đến Điều 671 của Bộ luật này thì luật đó được áp dụng, nếu trái thì quy định có liên quan của Phần thứ năm của Bộ luật này được áp dụng.

[Văn bản] Bộ luật Lao động 2019  
[Nội dung] Điều 150. Người lao động Việt Nam đi làm việc ở nước ngoài, lao động cho các tổ chức, cá nhân nước ngoài tại Việt Nam

---

**PHÂN TÍCH VÀ HƯỚNG DẪN:**

Theo Căn cứ pháp lý tham khảo, chúng ta cần phân tích xem việc bạn tham gia một đội quân đánh thuê để làm việc tại một khu vực xung đột có thể coi là hành vi ""làm lính đánh thuê"" theo quy định của pháp luật Việt Nam hay không.

Điều 425 của Bộ luật Hình sự quy định tội ""làm lính đánh thuê"" khi người đó làm lính đánh thuê nhằm chống lại một quốc gia hoặc vùng lãnh thổ độc lập, có chủ quyền. Điều này yêu cầu hành vi của cá nhân phải có mục đích chống lại một quốc gia hoặc vùng lãnh thổ có chủ quyền.

Trong trường hợp của bạn, nếu bạn nhận lời tham gia một đội quân đánh thuê nhằm chống lại một quốc gia hoặc vùng lãnh thổ độc lập, có chủ quyền, thì có thể coi bạn đang phạm tội ""làm lính đánh thuê"". Tuy nhiên"
syn_543_1768631834,"Tôi có một ngôi nhà trên đất, nhưng tôi không phải là người sử dụng đất. Tôi muốn thế chấp ngôi nhà để vay tiền, liệu người cho vay có quyền sử dụng đất không?",Điều 326 - Bộ luật Dân sự 2015,False,1.0,0.5000000000000001,"**Căn cứ pháp lý:**
- [Tài liệu 1] - [Tài liệu 3] - Bộ luật Dân sự 2015

**Nội dung quy định:**
- Theo Điều 325 của Bộ Luật Dân sự 2015, trường hợp thế chấp quyền sử dụng đất mà không thế chấp tài sản gắn liền với đất và người sử dụng đất (trong trường hợp này là tôi) không đồng thời là chủ sở hữu tài sản gắn liền với đất (ngôi nhà), thì khi xử lý quyền sử dụng đất, chủ sở hữu tài sản gắn liền với đất (ngôi nhà) được tiếp tục sử dụng đất trong phạm vi quyền, nghĩa vụ của mình; quyền và nghĩa vụ của bên thế chấp trong mối quan hệ với chủ sở hữu tài sản gắn liền với đất được chuyển giao cho người nhận chuyển quyền sử dụng đất, trừ trường hợp có thỏa thuận khác.
- Theo Điều 318 của Bộ Luật Dân sự 2015, trường hợp thế chấp quyền sử dụng đất mà tài sản gắn liền với đất (ngôi nhà) thuộc quyền sở hữu của bên thế chấp (người cho vay), thì tài sản gắn liền với đất (ngôi nhà) cũng thuộc tài sản thế chấp, trừ trường hợp có thỏa thuận khác.

**Phân tích & Hướng dẫn:**
Trong tình huống của bạn, ngôi nhà là tài sản gắn liền với đất mà bạn không phải là người sử dụng đất. Bạn muốn thế chấp ngôi nhà để vay tiền từ người cho vay. Theo quy định tại Điều 325 và Điều 318 của Bộ Luật Dân sự 2015, người cho vay (bên thế chấp) sẽ không có quyền sử dụng đất, vì bạn (người sử dụng đất) không đồng thời là chủ sở hữu tài sản gắn liền với đất (ngôi nhà).

Người cho vay sẽ chỉ có quyền thế chấp ngôi nhà mà không có quyền sử dụng đất. Khi bạn (người sử dụng đất) thế chấp ngôi nhà, chủ sở hữu tài sản gắn liền với đất (ngôi nhà) vẫn sẽ tiếp tục sử dụng đất trong phạm vi quyền, nghĩa vụ của mình. Quyền và nghĩa vụ của người cho vay trong mối quan hệ với chủ sở hữu tài sản gắn liền với đất (ngôi nhà) sẽ được chuyển giao cho người nhận chuyển quyền sử dụng đất"
syn_969_1768634610,Tôi và vợ tôi đang trong quá trình ly hôn và tôi muốn biết liệu vợ tôi có quyền ở lại căn nhà mà chúng tôi đã sống chung trong 6 tháng sau khi ly hôn không?,Điều 63 - Luật Hôn nhân và Gia đình 2014,True,0.0,0.5047619047619049,"**CĂN CỨ PHÁP LUẬT THAM KHẢO:**
---
**[Tài liệu 1]**
- Văn bản: Luật Hôn nhân và Gia đình 2014
- Nội dung: Điều 63. Quyền lưu cư của vợ hoặc chồng khi ly hôn
  - Nhà ở thuộc sở hữu riêng của vợ, chồng đã đưa vào sử dụng chung thì khi ly hôn vẫn thuộc sở hữu riêng của người đó.
  - Trường hợp vợ hoặc chồng có khó khăn về chỗ ở thì được quyền lưu cư trong thời hạn 06 tháng kể từ ngày quan hệ hôn nhân chấm dứt, trừ trường hợp các bên có thỏa thuận khác.

---

**[Tài liệu 2]**
- Văn bản: Luật Hôn nhân và Gia đình 2014
- Nội dung: Điều 62. Chia quyền sử dụng đất của vợ chồng khi ly hôn
  - Đối với đất nông nghiệp trồng cây hàng năm, nuôi trồng thủy sản, nếu cả hai bên đều có nhu cầu và có điều kiện trực tiếp sử dụng đất thì được chia theo thỏa thuận của hai bên.
  - Trong trường hợp vợ chồng có quyền sử dụng đất nông nghiệp trồng cây hàng năm, nuôi trồng thủy sản chung với hộ gia đình thì khi ly hôn phần quyền sử dụng đất của vợ chồng được tách ra và chia theo quy định tại điểm a khoản này.

---

**[Tài liệu 3]**
- Văn bản: Luật Hôn nhân và Gia đình 2014
- Nội dung: Điều 61. Chia tài sản trong trường hợp vợ chồng sống chung với gia đình
  - Trong trường hợp vợ chồng sống chung với gia đình mà ly hôn, nếu tài sản của vợ chồng trong khối tài sản chung của gia đình không xác định được thì vợ hoặc chồng được chia một phần trong khối tài sản chung của gia đình căn cứ vào công sức đóng góp của vợ chồng vào việc tạo lập, duy trì, phát triển khối tài sản chung cũng như vào đời sống chung của gia đình.
  - Việc chia một phần trong khối tài sản chung do vợ chồng thỏa thuận với gia đình; nếu không thỏa thuận được thì yêu cầu Tòa án giải quyết.

---

**CÂU HỎI:**
Tôi và vợ tôi đang trong quá trình ly hôn và tôi muốn biết liệu vợ tôi có"
syn_314_1768630244,"Tôi muốn biết khi nào Nhà nước có thể bị kiện trong các quan hệ dân sự, vì tôi đang gặp khó khăn với cơ quan nhà nước về hợp đồng.",Điều 97 - Bộ luật Dân sự 2015,False,0.6666666666666666,0.40440165061898214,"**CĂN CỨ PHÁP LUẬT THAM KHẢO:**
---
--- [Tài liệu 1] ---
Văn bản: Bộ luật Dân sự 2015
Nội dung: Điều 156. Thời gian không tính vào thời hiệu khởi kiện vụ án dân sự, thời hiệu yêu cầu giải quyết việc dân sự

--- [Tài liệu 2] ---
Văn bản: Bộ luật Dân sự 2015
Nội dung: Điều 429. Thời hiệu khởi kiện về hợp đồng

--- [Tài liệu 3] ---
Văn bản: Bộ luật Dân sự 2015
Nội dung: Điều 100. Trách nhiệm về nghĩa vụ dân sự của Nhà nước Cộng hòa xã hội chủ nghĩa Việt Nam, cơ quan nhà nước ở Trung ương, ở địa phương trong quan hệ dân sự với một bên là nhà nước, pháp nhân, cá nhân nước ngoài

**CĂN CỨ PHÁP LUẬT THAM KHẢO:**
---

**Câu hỏi:**
Tôi muốn biết khi nào Nhà nước có thể bị kiện trong các quan hệ dân sự, vì tôi đang gặp khó khăn với cơ quan nhà nước về hợp đồng.

**Căn cứ pháp lý:**
---
--- [Tài liệu 1] ---
Văn bản: Bộ luật Dân sự 2015
Nội dung: Điều 156. Thời gian không tính vào thời hiệu khởi kiện vụ án dân sự, thời hiệu yêu cầu giải quyết việc dân sự

--- [Tài liệu 2] ---
Văn bản: Bộ luật Dân sự 2015
Nội dung: Điều 429. Thời hiệu khởi kiện về hợp đồng

--- [Tài liệu 3] ---
Văn bản: Bộ luật Dân sự 2015
Nội dung: Điều 100. Trách nhiệm về nghĩa vụ dân sự của Nhà nước Cộng hòa xã hội chủ nghĩa Việt Nam, cơ quan nhà nước ở Trung ương, ở địa phương trong quan hệ dân sự với một bên là nhà nước, pháp nhân, cá nhân nước ngoài

**Nội dung quy định:**
---
--- [Tài liệu 1] ---
1. Sự kiện bất khả kháng hoặc trở ngại khách quan làm cho chủ thể có quyền khởi kiện, quyền yêu"
syn_1226_1768639823_2,"Gia đình tôi có một người em làm việc tại một nhà hàng, vừa qua đã xảy ra tranh chấp về tiền lương và điều kiện làm việc. Gia đình tôi nên tìm đến cơ quan nào để được hỗ trợ giải quyết?",Điều 187 - Bộ luật Lao động 2019,False,1.0,0.3312883435582822,"**Căn cứ pháp lý:**
- Bộ luật Lao động 2019 - [Tài liệu 1] và [Tài liệu 2]

**Nội dung quy định:**
- Theo Điều 181 của Bộ luật Lao động 2019, cơ quan quản lý nhà nước về lao động có trách nhiệm phối hợp với tổ chức đại diện người lao động, tổ chức đại diện người sử dụng lao động hướng dẫn, hỗ trợ và giúp đỡ các bên trong giải quyết tranh chấp lao động.
- Điều 197 của Bộ luật Lao động 2019 quy định về giải quyết tranh chấp lao động tập thể, trong đó nêu rõ khi có yêu cầu giải quyết tranh chấp lao động, cơ quan tiếp nhận yêu cầu sẽ chuyển yêu cầu đến hòa giải viên lao động nếu cần (trường hợp bắt buộc phải qua thủ tục hòa giải).

**Phân tích & Hướng dẫn:**
Để giải quyết tranh chấp về tiền lương và điều kiện làm việc giữa gia đình bạn và người em làm việc tại nhà hàng, bạn nên tìm đến cơ quan quản lý nhà nước về lao động để được hỗ trợ. Theo quy định, cơ quan quản lý nhà nước về lao động có trách nhiệm phối hợp với tổ chức đại diện người lao động và người sử dụng lao động để hướng dẫn, hỗ trợ và giúp đỡ trong quá trình giải quyết tranh chấp lao động.

Trong trường hợp tranh chấp không thể được giải quyết thông qua hòa giải, gia đình bạn có thể tiếp tục yêu cầu giải quyết tranh chấp thông qua Hội đồng trọng tài lao động như quy định tại Điều 197 của Bộ luật Lao động 2019. 

Bước đầu tiên là liên hệ với cơ quan quản lý nhà nước về lao động tại địa phương để trình bày yêu cầu giải quyết tranh chấp. Cơ quan này sẽ hướng dẫn, hỗ trợ và có thể chuyển yêu cầu sang hòa giải viên lao động nếu cần thiết. Nếu hòa giải không thành hoặc quá thời hạn hòa giải quy định, bạn có thể tiếp tục yêu cầu giải quyết tranh chấp thông qua Hội đồng trọng tài lao động.

Điều quan trọng là đảm bảo rằng bạn tuân thủ đúng quy trình và thời hạn quy định để đảm bảo quyền lợi hợp pháp của mình. Nếu cần, bạn có thể tìm đến"
syn_1399_1768641152_1,"Chồng tôi, 35 tuổi, đã bị bắt vì dụ dỗ một bé gái 15 tuổi tham gia vào việc trình diễn khiêu dâm với lý do 'để kiếm tiền nhanh'. Tôi đang rất hoang mang về tình hình này và không biết liệu anh ấy có thể nhận mức án nào nếu bị kết án?",Điều 147 - Bộ luật Hình sự (Văn bản hợp nhất 2017),True,1.0,0.6102003642987249,"**Căn cứ pháp lý:** 
Điều 147. Tội sử dụng người dưới 16 tuổi vào mục đích khiêu dâm - Bộ Luật Hình sự (Văn bản hợp nhất 2017)

**Nội dung quy định:**
Theo Điều 147, Bộ Luật Hình sự, người đủ 18 tuổi trở lên mà lôi kéo, dụ dỗ, ép buộc người dưới 16 tuổi trình diễn khiêu dâm hoặc trực tiếp chứng kiến việc trình diễn khiêu dâm dưới mọi hình thức sẽ bị phạt tù từ 06 tháng đến 03 năm. 

Trong trường hợp phạm tội có tổ chức, phạm tội 02 lần trở lên, đối với 02 người trở lên, đối với người mà người phạm tội có trách nhiệm chăm sóc, giáo dục, chữa bệnh, có mục đích thương mại, gây rối loạn tâm thần và hành vi của nạn nhân mà tỷ lệ tổn thương cơ thể từ 31% đến 60%, hoặc tái phạm nguy hiểm, mức phạt tù có thể tăng từ 03 năm đến 07 năm, 07 năm đến 12 năm, 07 năm đến 15 năm, 10 năm đến 15 năm, 15 năm đến 20 năm hoặc tù chung thân. 

Đối với những hành vi gây chết người hoặc gây bệnh nguy hiểm cho 02 người trở lên, mức án cũng tăng từ 15 năm đến 20 năm hoặc tù chung thân.

**Phân tích & Hướng dẫn:**
Theo thông tin bạn cung cấp, chồng bạn, 35 tuổi, đã dụ dỗ một bé gái 15 tuổi tham gia vào việc trình diễn khiêu dâm. Theo Điều 147 của Bộ Luật Hình sự, đây hoàn toàn là hành vi phạm tội vì người phạm tội (chồng bạn) đủ 18 tuổi trở lên và đã dụ dỗ một người dưới 16 tuổi tham gia vào việc trình diễn khiêu dâm. 

Vì vậy, chồng bạn có thể bị kết án từ 06 tháng đến 03 năm tù, tùy thuộc vào các yếu tố bổ sung như có tổ chức, phạm tội nhiều lần, đối với nhiều người, có mục đích thương mại, gây rối loạn tâm thần và tỷ lệ tổn thương cơ thể từ 31% đến 6"
syn_351_1768630507,"Tôi là một người đại diện cho một công ty, nhưng không biết mình có đủ năng lực pháp lý để ký kết hợp đồng hay không, tôi phải làm sao?",Điều 134 - Bộ luật Dân sự 2015,False,1.0,0.4331606217616581,"**Căn cứ pháp lý:**
--- [Tài liệu 1] ---
Văn bản: Bộ luật Dân sự 2015
Nội dung: Điều 141. Phạm vi đại diện 1. Người đại diện chỉ được xác lập, thực hiện giao dịch dân sự trong phạm vi đại diện theo căn cứ sau đây: a) Quyết định của cơ quan có thẩm quyền; b) Điều lệ của pháp nhân; c) Nội dung ủy quyền; d) Quy định khác của pháp luật. 2. Trường hợp không xác định được cụ thể phạm vi đại diện theo quy định tại khoản 1 Điều này thì người đại diện theo pháp luật có quyền xác lập, thực hiện mọi giao dịch dân sự vì lợi ích của người được đại diện, trừ trường hợp pháp luật có quy định khác. 3. Một cá nhân, pháp nhân có thể đại diện cho nhiều cá nhân hoặc pháp nhân khác nhau nhưng không được nhân danh người được đại diện để xác lập, thực hiện giao dịch dân sự với chính mình hoặc với bên thứ ba mà mình cũng là người đại diện của người đó, trừ trường hợp pháp luật có quy định khác. 4. Người đại diện phải thông báo cho bên giao dịch biết về phạm vi đại diện của mình.

**Nội dung quy định:**
Điều 141 của Bộ Luật Dân sự 2015 quy định về phạm vi đại diện của người đại diện. Theo đó, người đại diện chỉ được xác lập và thực hiện giao dịch dân sự trong phạm vi được quy định cụ thể hoặc thông qua người đại diện theo pháp luật. Nếu không xác định được cụ thể phạm vi đại diện, người đại diện theo pháp luật có quyền xác lập và thực hiện mọi giao dịch dân sự vì lợi ích của người được đại diện, trừ trường hợp pháp luật có quy định khác.

**Phân tích & Hướng dẫn:**
Theo Điều 141 của Bộ Luật Dân sự 2015, bạn là người đại diện cho một công ty nên bạn có quyền xác lập và thực hiện mọi giao dịch dân sự vì lợi ích của công ty, trừ trường hợp pháp luật có quy định khác. Tuy nhiên, bạn cần đảm bảo rằng tất cả các giao dịch mà công ty tham gia đều nằm trong phạm vi đại diện được quy định cụ thể hoặc thông qua người đại diện theo pháp"
syn_912_1768634214,Gia đình tôi có một số vấn đề liên quan đến quyền nuôi con sau khi ly hôn nhưng không thấy quy định rõ ràng trong luật. Vậy tôi có thể tham khảo Bộ luật dân sự để giải quyết vấn đề này không?,Điều 6 - Luật Hôn nhân và Gia đình 2014,False,1.0,0.35357624831309037,"**Căn cứ pháp lý:** 
Điều 81, Điều 84 - Luật Hôn nhân và Gia đình 2014

**Nội dung quy định:**
- Theo Điều 81, sau khi ly hôn, cha mẹ vẫn có quyền và nghĩa vụ nuôi dưỡng và giáo dục con. Trường hợp không thỏa thuận được, Tòa án sẽ quyết định người trực tiếp nuôi con dựa trên quyền lợi của con.
- Theo Điều 84, Tòa án có thể quyết định thay đổi người trực tiếp nuôi con nếu có thỏa thuận hoặc nếu người trực tiếp nuôi con không còn đủ điều kiện để nuôi con.

**Phân tích & Hướng dẫn:**
Theo quy định của Luật Hôn nhân và Gia đình 2014, bạn có thể tham khảo Bộ luật Dân sự 2015 để hiểu rõ hơn về quyền và nghĩa vụ của cha mẹ đối với con sau khi ly hôn. Tuy nhiên, quy định cụ thể về việc thay đổi người trực tiếp nuôi con chủ yếu được quy định trong Luật Hôn nhân và Gia đình 2014.

Trong trường hợp của gia đình bạn, nếu muốn thay đổi người trực tiếp nuôi con, bạn cần phải có thỏa thuận giữa hai bên hoặc chứng minh rằng người trực tiếp nuôi con không còn đủ điều kiện để nuôi con. Nếu có thỏa thuận, bạn nên thông báo cho Tòa án để Tòa án có thể xem xét và quyết định việc thay đổi. Nếu không có thỏa thuận và không đủ điều kiện cho người trực tiếp nuôi con, Tòa án cũng có thẩm quyền để quyết định người trực tiếp nuôi con dựa trên quyền lợi của con.

Hãy đảm bảo rằng mọi quyết định liên quan đến việc nuôi con đều tuân thủ các quy định của pháp luật và phù hợp với lợi ích của con. Nếu cần, bạn có thể nhờ sự hỗ trợ của một chuyên gia tư vấn pháp luật để có được hướng dẫn cụ thể hơn."
syn_71_1768628273,"Tôi là thành viên của công ty, nhưng Chủ tịch Hội đồng thành viên vi phạm quy định trong Điều lệ công ty. Tôi có thể khởi kiện ông ấy không?",Điều 72 - Luật Doanh nghiệp 2020,True,1.0,0.4842300556586271,"**Căn cứ pháp lý:** 
- Điều 72, Điều 166, Điều 93 Luật Doanh nghiệp 2020

**Nội dung quy định:**
1. Theo Điều 72 của Luật Doanh nghiệp 2020, thành viên công ty có quyền khởi kiện Chủ tịch Hội đồng thành viên, Giám đốc hoặc Tổng giám đốc, người đại diện theo pháp luật và người quản lý khác do vi phạm quyền, nghĩa vụ và trách nhiệm của người quản lý.
   
2. Điều 166 của cùng luật cũng quy định rằng cổ đông, nhóm cổ đông có quyền khởi kiện các thành viên Hội đồng quản trị, Giám đốc hoặc Tổng giám đốc nếu họ vi phạm quy định về trách nhiệm của người quản lý, không thực hiện nhiệm vụ theo quy định, lạm dụng quyền lực hoặc lợi ích của công ty, và trường hợp khác theo pháp luật và Điều lệ công ty.

3. Điều 93 của Luật Doanh nghiệp 2020 quy định tiêu chuẩn và điều kiện của thành viên Hội đồng thành viên, trong đó không yêu cầu thành viên không được là người quản lý doanh nghiệp thành viên, và không cấm Chủ tịch Hội đồng thành viên cũng như thành viên khác của Hội đồng thành viên có thể kiêm Giám đốc, Tổng giám đốc công ty đó hoặc công ty khác.

**Phân tích & Hướng dẫn:**
Theo quy định trên, bạn là thành viên của công ty và có quyền khởi kiện Chủ tịch Hội đồng thành viên nếu ông ta vi phạm quy định trong Điều lệ công ty. Điều 72 và Điều 166 đều cho phép thành viên công ty khởi kiện những người quản lý khác nếu họ vi phạm quyền, nghĩa vụ và trách nhiệm của người quản lý. 

Điều 93 không cấm Chủ tịch Hội đồng thành viên hoặc thành viên khác của Hội đồng thành viên có thể kiêm nhiệm vị trí Giám đốc hoặc Tổng giám đốc. Do đó, nếu Chủ tịch Hội đồng thành viên vi phạm quy định trong Điều lệ công ty, bạn hoàn toàn có quyền khởi kiện ông ấy theo quy định tại Điều 72 của Luật Doanh nghiệp 2020. 

Trong quá trình khởi kiện, bạn cần tuân thủ quy định về tố tụng dân sự và chi phí khởi kiện sẽ được tính vào chi phí của công ty, trừ trường hợp bị bác yêu cầu khởi kiện."
syn_1636_1768643180_1,"Vợ tôi là người giữ tài sản bị kê biên trong một vụ án hình sự. Nếu cô ấy chuyển nhượng tài sản đó mà không có sự cho phép, thì hậu quả pháp lý sẽ như thế nào cho cả cô ấy và tôi?",Điều 385 - Bộ luật Hình sự (Văn bản hợp nhất 2017),True,1.0,0.7066666666666667,"**Căn cứ pháp lý:** 
- Điều 385. Tội vi phạm việc niêm phong, kê biên tài sản, phong tỏa tài khoản - Bộ Luật Hình sự (Văn bản hợp nhất 2017)

**Nội dung quy định:**
1. Người nào được giao giữ, quản lý tài sản bị kê biên, bị niêm phong hoặc vật chứng bị niêm phong, tài khoản bị phong tỏa mà thực hiện một trong các hành vi sau đây, thì bị phạt cải tạo không giam giữ đến 02 năm hoặc phạt tù từ 03 tháng đến 02 năm:
   a) Phá hủy niêm phong, giải tỏa việc phong tỏa tài khoản mà không có quyết định của người có thẩm quyền;
   b) Tiêu dùng, chuyển nhượng, đánh tráo, cất giấu hoặc hủy hoại tài sản bị kê biên.
2. Phạm tội thuộc một trong các trường hợp sau đây, thì bị phạt tù từ 02 năm đến 07 năm:
   a) Dẫn đến việc giải quyết vụ án, vụ việc bị sai lệch;
   b) Dẫn đến bị can, bị cáo, người bị kết án, người phải thi hành án, người có nghĩa vụ thi hành án tẩu tán tài sản và không thi hành được nghĩa vụ thi hành án với số tiền 100.000.000 đồng trở lên.

**Phân tích & Hướng dẫn:**
Theo Điều 385 của Bộ Luật Hình sự, nếu vợ bạn (người giữ tài sản bị kê biên) chuyển nhượng tài sản đó mà không có sự cho phép, thì cả cô ấy và bạn đều có thể bị xử phạt theo quy định. 

1. Đối với vợ bạn: Theo quy định của Điều 385, cô ấy sẽ bị phạt cải tạo không giam giữ từ 03 tháng đến 02 năm hoặc phạt tù từ 03 tháng đến 02 năm nếu hành vi của cô ấy gây ra hậu quả theo các trường hợp quy định tại điểm a) và b). 

2. Đối với bạn: Bạn cũng có thể bị phạt cải tạo không giam giữ từ 03 tháng đến 02 năm hoặc phạt tù từ 03 tháng đến 02 năm nếu hành vi của vợ bạn gây hậu quả theo các trường hợp quy định tại điểm b"
syn_413_1768630928,"Gia đình tôi đang muốn bán một tài sản mà theo tôi biết có một số cá nhân có quyền ưu tiên mua, tôi cần làm gì để đảm bảo quyền lợi của mình?",Điều 196 - Bộ luật Dân sự 2015,True,1.0,0.5294117647058824,"**Căn cứ pháp lý:**
---
Văn bản: Bộ luật Dân sự 2015
Nội dung: Điều 196. Hạn chế quyền định đoạt

**Nội dung quy định:**
1. Quyền định đoạt chỉ bị hạn chế trong trường hợp do luật quy định.
2. Khi tài sản đem bán là tài sản thuộc di tích lịch sử - văn hóa theo quy định của Luật di sản văn hóa thì Nhà nước có quyền ưu tiên mua. Trường hợp cá nhân, pháp nhân có quyền ưu tiên mua đối với tài sản nhất định theo quy định của pháp luật thì khi bán tài sản, chủ sở hữu phải dành quyền ưu tiên mua cho các chủ thể đó.

**Phân tích & Hướng dẫn:**
---
Theo quy định tại Điều 196 của Bộ luật Dân sự 2015, khi bạn muốn bán tài sản mà theo bạn biết có một số cá nhân có quyền ưu tiên mua, bạn cần thực hiện các bước sau:

1. **Đánh giá và xác định quyền ưu tiên mua:** Đầu tiên, bạn cần xác định danh sách những cá nhân có quyền ưu tiên mua tài sản của bạn. Điều này bao gồm cả cá nhân và pháp nhân (như công ty, tổ chức) mà pháp luật quy định có quyền ưu tiên mua tài sản khi nó được bán.

2. **Tách biệt quyền sở hữu:** Bạn nên tách biệt quyền sở hữu của mình với quyền ưu tiên mua của các cá nhân khác. Điều này giúp đảm bảo rằng bạn vẫn giữ được quyền định đoạt tài sản của mình theo đúng quy định pháp luật.

3. **Dành quyền ưu tiên mua cho các cá nhân:** Theo quy định, khi bán tài sản, chủ sở hữu phải dành quyền ưu tiên mua cho các chủ thể có quyền ưu tiên mua. Do đó, khi quyết định bán tài sản, bạn cần thông báo rõ ràng về việc bán tài sản này cho tất cả các cá nhân có quyền ưu tiên mua. Thông báo này cần được thể hiện bằng văn bản và phải giống như thông báo khi bán cho người không phải là chủ sở hữu chung.

4. **Thực hiện theo quy định về thời gian ưu tiên mua:** Theo Điều 196, nếu không có chủ sở hữu chung nào mua trong thời hạn 03 tháng đối với tài sản ch"
syn_1476_1768641759_1,"Công ty tôi đã quyết định đầu tư xây dựng một tòa nhà mới. Tuy nhiên, tôi nghe nói rằng có một số sai phạm trong quá trình phê duyệt thiết kế và dự toán. Nếu công ty tôi bị phát hiện, tôi sẽ phải chịu trách nhiệm gì và có thể bị phạt như thế nào?",Điều 224 - Bộ luật Hình sự (Văn bản hợp nhất 2017),True,0.0,0.37653736991485337,"**CĂN CỨ PHÁP LUẬT THAM KHẢO:**
---
--- [Tài liệu 1] ---
Văn bản: Bộ luật Hình sự (Văn bản hợp nhất 2017)
Nội dung: Điều 224. Tội vi phạm quy định về đầu tư công trình xây dựng gây hậu quả nghiêm trọng

--- [Tài liệu 2] ---
Văn bản: Bộ luật Hình sự (Văn bản hợp nhất 2017)
Nội dung: Điều 298. Tội vi phạm quy định về xây dựng gây hậu quả nghiêm trọng

--- [Tài liệu 3] ---
Văn bản: Luật Doanh nghiệp 2020
Nội dung: Điều 138. Quyền và nghĩa vụ của Đại hội đồng cổ đông

---

**CĂN CỨ PHÁP LUẬT THAM KHẢO:**

---

**CĂN CỨ PHÁP LUẬT THAM KHẢO:**
---
--- [Tài liệu 1] ---
Văn bản: Bộ luật Hình sự (Văn bản hợp nhất 2017)
Nội dung: Điều 224. Tội vi phạm quy định về đầu tư công trình xây dựng gây hậu quả nghiêm trọng

--- [Tài liệu 2] ---
Văn bản: Bộ luật Hình sự (Văn bản hợp nhất 2017)
Nội dung: Điều 298. Tội vi phạm quy định về xây dựng gây hậu quả nghiêm trọng

--- [Tài liệu 3] ---
Văn bản: Luật Doanh nghiệp 2020
Nội dung: Điều 138. Quyền và nghĩa vụ của Đại hội đồng cổ đông

---

**CĂN CỨ PHÁP LUẬT THAM KHẢO:**

---

**CĂN CỨ PHÁP LUẬT THAM KHẢO:**
---
--- [Tài liệu 1] ---
Văn bản: Bộ luật Hình sự (Văn bản hợp nhất 2017)
Nội dung: Điều 224. Tội vi phạm quy định về đầu tư công trình xây dựng gây hậu quả nghiêm trọng

--- [Tài liệu 2] ---
Văn bản: Bộ luật Hình sự (Văn bản hợp nhất 2017)
Nội dung: Điều 2"
syn_64_1768628215,"Tôi đã làm Kiểm soát viên được 5 năm và muốn tiếp tục công việc này, liệu tôi có thể được bổ nhiệm lại không?",Điều 65 - Luật Doanh nghiệp 2020,True,0.3333333333333333,0.5422943221320973,"**CĂN CỨ PHÁP LUẬT THAM KHẢO:**

- **Tài liệu 1**: Luật Doanh nghiệp 2020, Điều 65.
- **Tài liệu 2**: Luật Doanh nghiệp 2020, Điều 103.
- **Tài liệu 3**: Luật Doanh nghiệp 2020, Điều 168.

**Nội dung quy định:**

- **Tài liệu 1** (Luật Doanh nghiệp 2020, Điều 65): 
  - Ban kiểm soát có từ 01 đến 05 Kiểm soát viên. Nhiệm kỳ Kiểm soát viên không quá 05 năm và có thể được bổ nhiệm lại với số nhiệm kỳ không hạn chế.
  - Trường hợp Ban kiểm soát chỉ có 01 Kiểm soát viên thì Kiểm soát viên đó đồng thời là Trưởng Ban kiểm soát và phải đáp ứng tiêu chuẩn của Trưởng Ban kiểm soát.
  - Chính phủ quy định chi tiết Điều này.

- **Tài liệu 2** (Luật Doanh nghiệp 2020, Điều 103):
  - Căn cứ quy mô của công ty, cơ quan đại diện chủ sở hữu quyết định thành lập Ban kiểm soát có từ 01 đến 05 Kiểm soát viên, trong đó có Trưởng Ban kiểm soát. Nhiệm kỳ Kiểm soát viên không quá 05 năm và có thể được bổ nhiệm lại nhưng không quá 02 nhiệm kỳ liên tục tại công ty đó.
  - Một cá nhân có thể đồng thời được bổ nhiệm làm Trưởng Ban kiểm soát, Kiểm soát viên của không quá 04 doanh nghiệp nhà nước.
  - Trưởng Ban kiểm soát, Kiểm soát viên phải có tiêu chuẩn và điều kiện tương ứng quy định tại khoản 2 Điều 168 và Điều 169 của Luật này.
  - Chính phủ quy định chi tiết Điều này.

- **Tài liệu 3** (Luật Doanh nghiệp 2020, Điều 168):
  - Ban kiểm soát có từ 03 đến 05 Kiểm soát viên. Nhiệm kỳ của Kiểm soát viên không quá 05 năm và có thể được bầu lại với số nhiệm kỳ không hạn chế.
  - Trưởng Ban kiểm soát do Ban kiểm soát bầu trong số các Ki"
syn_528_1768631730,"Tôi đã cầm cố một chiếc xe máy cho ngân hàng, nhưng hiện tại tôi không có khả năng thanh toán chi phí bảo quản cho chiếc xe đó. Tôi cần phải làm gì?",Điều 311 - Bộ luật Dân sự 2015,True,0.0,0.47535596933187296,"**CĂN CỨ PHÁP LUẬT THAM KHẢO:**
---
--- [Tài liệu 1] ---
Văn bản: Bộ luật Dân sự 2015
Nội dung: Điều 307. Thanh toán số tiền có được từ việc xử lý tài sản cầm cố, thế chấp 1. Số tiền có được từ việc xử lý tài sản cầm cố, thế chấp sau khi thanh toán chi phí bảo quản, thu giữ và xử lý tài sản cầm cố, thế chấp được thanh toán theo thứ tự ưu tiên quy định tại Điều 308 của Bộ luật này. 2. Trường hợp số tiền có được từ việc xử lý tài sản cầm cố, thế chấp sau khi thanh toán chi phí bảo quản, thu giữ và xử lý tài sản cầm cố, thế chấp lớn hơn giá trị nghĩa vụ được bảo đảm thì số tiền chênh lệch phải được trả cho bên bảo đảm. 3. Trường hợp số tiền có được từ việc xử lý tài sản cầm cố, thế chấp sau khi thanh toán chi phí bảo quản, thu giữ và xử lý tài sản cầm cố, thế chấp nhỏ hơn giá trị nghĩa vụ được bảo đảm thì phần nghĩa vụ chưa được thanh toán được xác định là nghĩa vụ không có bảo đảm, trừ trường hợp các bên có thỏa thuận bổ sung tài sản bảo đảm. Bên nhận bảo đảm có quyền yêu cầu bên có nghĩa vụ được bảo đảm phải thực hiện phần nghĩa vụ chưa được thanh toán.

--- [Tài liệu 2] ---
Văn bản: Bộ luật Dân sự 2015
Nội dung: Điều 311. Nghĩa vụ của bên cầm cố 1. Giao tài sản cầm cố cho bên nhận cầm cố theo đúng thỏa thuận. 2. Báo cho bên nhận cầm cố về quyền của người thứ ba đối với tài sản cầm cố, nếu có; trường hợp không thông báo thì bên nhận cầm cố có quyền hủy hợp đồng cầm cố tài sản và yêu cầu bồi thường thiệt hại hoặc duy trì hợp đồng và chấp nhận quyền của người thứ ba đối với tài sản cầm cố. 3. Thanh toán cho bên nhận cầm cố chi phí hợp lý để bảo quản tài sản cầm cố, trừ trường hợp có thỏa thuận khác.

--- [Tài liệu 3] ---
Văn bản: Bộ luật Dân sự 2015
Nội dung: Điều 31"
syn_1211_1768639728_0,"Tôi là một nhân viên trong công ty và công ty tôi đang muốn thành lập tổ chức của người lao động. Tuy nhiên, tôi không rõ quy trình đăng ký tổ chức này như thế nào. Tôi nên bắt đầu từ đâu và cần những giấy tờ gì?",Điều 172 - Bộ luật Lao động 2019,False,0.6666666666666666,0.36429215509467994,"**Căn cứ pháp lý:**
---
[Văn bản] Luật Doanh nghiệp 2020  
[Nội dung] Điều 22. Hồ sơ đăng ký công ty cổ phần

**CÂU HỎI:**
---
Tôi là một nhân viên trong công ty và công ty tôi đang muốn thành lập tổ chức của người lao động. Tuy nhiên, tôi không rõ quy trình đăng ký tổ chức này như thế nào. Tôi nên bắt đầu từ đâu và cần những giấy tờ gì?

**PHÂN TÍCH & HƯỚNG DẪN:**
---
Theo quy định tại Điều 22 của Luật Doanh nghiệp 2020, để thành lập tổ chức của người lao động (trong trường hợp này, tổ chức của người lao động có thể hiểu là công ty cổ phần), bạn cần tuân thủ các bước sau:

1. **Đăng ký hồ sơ:** Trước tiên, bạn cần chuẩn bị hồ sơ đăng ký công ty cổ phần, bao gồm:
   - Giấy đề nghị đăng ký doanh nghiệp.
   - Điều lệ công ty.
   - Danh sách cổ đông sáng lập; danh sách cổ đông là nhà đầu tư nước ngoài.
   - Bản sao các giấy tờ sau đây:
     a) Giấy tờ pháp lý của cá nhân đối với cổ đông sáng lập và cổ đông là nhà đầu tư nước ngoài là cá nhân, người đại diện theo pháp luật.
     b) Giấy tờ pháp lý của tổ chức đối với cổ đông là tổ chức và văn bản cử người đại diện theo ủy quyền; giấy tờ pháp lý của cá nhân đối với người đại diện theo ủy quyền của cổ đông sáng lập và cổ đông là nhà đầu tư nước ngoài là tổ chức.
     c) Giấy chứng nhận đăng ký đầu tư đối với nhà đầu tư nước ngoài theo quy định của Luật Đầu tư.

2. **Lập Sổ Đăng Ký Thành Viên:** Sau khi được cấp Giấy chứng nhận đăng ký doanh nghiệp, công ty cần lập Sổ đăng ký thành viên theo quy định tại Điều 48 của Luật Doanh nghiệp 2020. Sổ đăng ký thành viên sẽ bao gồm thông tin về phần vốn góp, tỷ lệ phần vốn góp, thời điểm góp vốn, loại tài sản góp vốn, số lượng, giá trị của từng loại tài sản góp vốn của từng thành viên.

3. **Cập Nhật Sổ Đăng Ký Thành Viên"
syn_767_1768633243,Tôi đặt gia công một sản phẩm nhưng bên nhận gia công đã chậm giao hàng quá thời hạn. Tôi nên làm gì trong trường hợp này?,Điều 550 - Bộ luật Dân sự 2015,True,1.0,0.5508735868448099,"**Căn cứ pháp lý:**
--- [Tài liệu 1] ---
Văn bản: Bộ luật Dân sự 2015
Nội dung: Điều 550. Chậm giao, chậm nhận sản phẩm gia công

**Nội dung quy định:**
1. Trường hợp bên nhận gia công chậm giao sản phẩm thì bên đặt gia công có thể gia hạn; nếu hết thời hạn đó mà bên nhận gia công vẫn chưa hoàn thành công việc thì bên đặt gia công có quyền đơn phương chấm dứt thực hiện hợp đồng và yêu cầu bồi thường thiệt hại.
2. Nghĩa vụ giao sản phẩm hoàn thành khi đáp ứng được các điều kiện đã thỏa thuận và bên đặt gia công đã được thông báo. Bên đặt gia công phải chịu mọi chi phí phát sinh từ việc gửi giữ.

**Phân tích & Hướng dẫn:**
Trong trường hợp bạn đặt gia công một sản phẩm và bên nhận gia công đã chậm giao hàng quá thời hạn quy định, bạn có thể áp dụng quy định tại Điều 550 Bộ Luật Dân sự 2015 như sau:

1. **Gia hạn:** Theo quy định, bạn có quyền gia hạn thời gian giao hàng cho bên nhận gia công. Tuy nhiên, cần lưu ý rằng gia hạn chỉ có hiệu lực nếu bên nhận gia công chấp nhận và tuân thủ.

2. **Chấm dứt hợp đồng:** Nếu sau thời gian gia hạn, bên nhận gia công vẫn không giao hàng, bạn có quyền đơn phương chấm dứt hợp đồng. Đây là quyền của bên đặt gia công khi bên nhận gia công không thể hoàn thành nghĩa vụ theo thỏa thuận.

3. **Yêu cầu bồi thường thiệt hại:** Sau khi chấm dứt hợp đồng, bạn có quyền yêu cầu bồi thường thiệt hại do chậm giao hàng gây ra. Thiệt hại bao gồm cả những tổn thất về vật chất và tinh thần mà bạn phải chịu vì việc không nhận được sản phẩm đúng hẹn.

4. **Trách nhiệm của bên nhận gia công:** Theo Điều 549 của Bộ Luật Dân sự 2015, bên nhận gia công có trách nhiệm giao sản phẩm theo đúng thời hạn và địa điểm đã thỏa thuận. Do đó, nếu chậm giao hàng, bên nhận gia công cũng sẽ chịu trách nhiệm về những hậu quả phát sinh.

5. **Thỏa thuận riêng"
syn_1613_1768642955_0,"Tôi là nhân viên tại một cơ quan nhà nước và trong một lần sơ suất, tôi đã để lộ tài liệu mật liên quan đến dự án mà tôi đang phụ trách. Dù tôi không cố ý nhưng điều này đã gây ra một số rắc rối cho cơ quan của tôi. Liệu tôi có thể bị xử phạt theo điều luật này không?",Điều 362 - Bộ luật Hình sự (Văn bản hợp nhất 2017),False,0.6666666666666666,0.515235457063712,"**Căn cứ pháp lý:**
--- [Tài liệu 1] ---
Văn bản: Bộ luật Hình sự (Văn bản hợp nhất 2017)
Nội dung: Điều 337. Tội cố ý làm lộ bí mật nhà nước; tội chiếm đoạt, mua bán hoặc tiêu hủy vật hoặc tài liệu bí mật nhà nước [342] 1.[343] Người nào cố ý làm lộ bí mật nhà nước, chiếm đoạt, mua bán hoặc tiêu hủy vật hoặc tài liệu bí mật nhà nước, nếu không thuộc trường hợp quy định tại Điều 110 của Bộ luật này, thì bị phạt tù từ 02 năm đến 07 năm. 2.[344] Phạm tội thuộc một trong các trường hợp sau đây, thì bị phạt tù từ 05 năm đến 10 năm: a) Bí mật nhà nước thuộc độ tối mật; b) Lợi dụng chức vụ, quyền hạn; c) Gây tổn hại về quốc phòng, an ninh, đối ngoại, kinh tế, văn hóa. 3.[345] Phạm tội thuộc một trong các trường hợp sau đây, thì bị phạt tù từ 10 năm đến 15 năm: a) Có tổ chức; b) Bí mật nhà nước thuộc độ tuyệt mật; c) Phạm tội 02 lần trở lên; d) Gây tổn hại về chế độ chính trị, độc lập, chủ quyền, thống nhất và toàn vẹn lãnh thổ. 4. Người phạm tội còn có thể bị phạt tiền từ 10.000.000 đồng đến 100.000.000 đồng, cấm đảm nhiệm chức vụ, cấm hành nghề hoặc làm công việc nhất định từ 01 năm đến 05 năm.

---

**Phân tích & Hướng dẫn:**
Theo Điều 337 của Bộ luật Hình sự (Văn bản hợp nhất 2017), tội cố ý làm lộ bí mật nhà nước, chiếm đoạt, mua bán hoặc tiêu hủy vật hoặc tài liệu bí mật nhà nước được quy định rõ ràng. Tuy nhiên, cần phân tích cụ thể về trường hợp của bạn.

Bạn là nhân viên tại một cơ quan nhà nước và đã để lộ tài liệu mật liên quan đến dự án mà bạn đang phụ trách. Bạn khẳng định rằng hành vi của mình không"
syn_503_1768631560,Công ty tôi không thể giao hàng đúng hạn theo hợp đồng đã ký. Tôi có thể đề xuất một nghĩa vụ khác để thay thế nghĩa vụ giao hàng không?,Điều 286 - Bộ luật Dân sự 2015,False,0.3333333333333333,0.3434065934065934,"**CĂN CỨ PHÁP LUẬT THAM KHẢO:**
--- [Tài liệu 1] ---
Văn bản: Bộ luật Dân sự 2015
Nội dung: Điều 356. Trách nhiệm do không thực hiện nghĩa vụ giao vật

--- [Tài liệu 2] ---
Văn bản: Bộ luật Dân sự 2015
Nội dung: Điều 383. Chấm dứt nghĩa vụ khi vật đặc định không còn

--- [Tài liệu 3] ---
Văn bản: Bộ luật Dân sự 2015
Nội dung: Điều 377. Chấm dứt nghĩa vụ do được thay thế bằng nghĩa vụ khác

**CÂU HỎI:**
Công ty tôi không thể giao hàng đúng hạn theo hợp đồng đã ký. Tôi có thể đề xuất một nghĩa vụ khác để thay thế nghĩa vụ giao hàng không?

**PHÂN TÍCH VÀ HƯỚNG DẪN:**
Theo quy định tại Điều 356 của Bộ Luật Dân sự 2015, trường hợp nghĩa vụ giao vật đặc định không được thực hiện, bên bị vi phạm có quyền yêu cầu bên vi phạm phải giao đúng vật đó hoặc phải thanh toán giá trị của vật nếu vật không còn hoặc bị hư hỏng. 

Điều 383 cũng quy định rằng khi vật phải giao là vật đặc định không còn, nghĩa vụ giao vật chấm dứt. 

Theo Điều 377, nếu các bên thỏa thuận thay thế nghĩa vụ ban đầu bằng nghĩa vụ khác, nghĩa vụ ban đầu sẽ chấm dứt. 

Từ những quy định này, chúng ta có thể thấy rằng, nếu Công ty bạn không thể giao hàng đúng hạn do gặp khó khăn về vật cụ thể (ví dụ: hàng hóa đặc định đã hết hoặc hư hỏng), thì có thể thỏa thuận với bên mua để thay thế nghĩa vụ giao hàng bằng nghĩa vụ khác phù hợp, ví dụ như giao hàng sớm hơn, thanh toán tiền chậm trễ, hoặc bồi thường chi phí phát sinh do việc không giao hàng đúng thời hạn. Điều này cần được thảo luận và thống nhất giữa hai bên để đảm bảo rằng mọi thỏa thuận đều tuân thủ các quy định pháp luật và phù hợp với lợi ích của cả"
syn_567_1768631983,"Công ty tôi đã cầm giữ một chiếc xe của đối tác vì nợ tiền, nhưng giờ đối tác đã thanh toán toàn bộ nợ. Tôi có cần làm gì thêm để chấm dứt cầm giữ không?",Điều 350 - Bộ luật Dân sự 2015,True,1.0,0.5156794425087108,"**Căn cứ pháp lý:**
--- [Tài liệu 1] ---
Văn bản: Bộ luật Dân sự 2015
Nội dung: Điều 350. Chấm dứt cầm giữ Cầm giữ tài sản chấm dứt trong trường hợp sau đây: 1. Bên cầm giữ không còn chiếm giữ tài sản trên thực tế. 2. Các bên thỏa thuận sử dụng biện pháp bảo đảm khác để thay thế cho cầm giữ. 3. Nghĩa vụ đã được thực hiện xong. 4. Tài sản cầm giữ không còn. 5. Theo thỏa thuận của các bên. Mục 4. TRÁCH NHIỆM DÂN SỰ

---

**Nội dung quy định:**
Bên cầm giữ phải chấm dứt cầm giữ tài sản khi tài sản đó không còn tồn tại hoặc khi bên cầm giữ không còn chiếm giữ tài sản trên thực tế. Ngoài ra, nếu các bên đã thỏa thuận về việc sử dụng biện pháp bảo đảm khác thay thế cho cầm giữ, hoặc khi nghĩa vụ đã được thực hiện xong, hoặc khi tài sản cầm giữ không còn tồn tại, cầm giữ cũng sẽ chấm dứt theo quy định.

---

**Phân tích & Hướng dẫn:**
Theo quy định tại Điều 350 của Bộ Luật Dân sự 2015, để chấm dứt cầm giữ tài sản, bên cầm giữ (trong trường hợp này là Công ty bạn) phải đảm bảo rằng tài sản cầm giữ không còn tồn tại hoặc không còn trong kiểm soát của mình. 

Trong tình huống của bạn, đối tác đã hoàn toàn thanh toán toàn bộ nợ nên tài sản cầm giữ (xe) đã trở lại trong kiểm soát của đối tác. Bạn không còn chiếm giữ tài sản trên thực tế, vì vậy điều kiện chấm dứt cầm giữ đã được đáp ứng.

Tuy nhiên, để chắc chắn rằng việc chấm dứt cầm giữ diễn ra đúng quy định pháp luật, bạn nên thực hiện các bước sau:
1. Gửi thông báo chính thức cho đối tác về việc chấm dứt cầm giữ.
2. Thực hiện thủ tục giao trả lại tài sản cho đối tác, nếu có.
3. Ghi nhận lại việc giao trả tài sản trên giấy tờ hoặc hồ sơ để tránh tranh chấp về sau.

Đồng thời, nếu có bất kỳ thỏa thuận nào giữa hai bên về việc th"
syn_168_1768629012,"Tôi đã làm Kiểm soát viên cho một công ty tư nhân, giờ tôi muốn chuyển sang làm cho công ty đại chúng, tôi có cần phải đáp ứng thêm điều kiện gì không?",Điều 169 - Luật Doanh nghiệp 2020,True,1.0,0.4882629107981221,"**Căn cứ pháp lý:** 
Điều 169.1 và Điều 169.2 - Luật Doanh nghiệp 2020

**Nội dung quy định:**
Theo Điều 169.1 và Điều 169.2 của Luật Doanh nghiệp 2020, để trở thành Kiểm soát viên cho công ty đại chúng, ngoài các tiêu chuẩn và điều kiện chung được quy định, còn có những yêu cầu cụ thể hơn dành cho công ty đại chúng. Theo đó, Kiểm soát viên công ty đại chúng không được là người có quan hệ gia đình của người quản lý doanh nghiệp của công ty và công ty mẹ; người đại diện phần vốn của doanh nghiệp, người đại diện phần vốn nhà nước tại công ty và công ty mẹ.

**Phân tích & Hướng dẫn:**
Theo câu hỏi của bạn, hiện tại bạn đang là Kiểm soát viên cho một công ty tư nhân và muốn chuyển sang công ty đại chúng. Theo quy định trên, nếu công ty bạn muốn bạn chuyển sang làm là công ty đại chúng, bạn sẽ cần phải đáp ứng thêm một số điều kiện đặc biệt. Cụ thể, bạn không được là người có quan hệ gia đình của người quản lý doanh nghiệp của công ty và công ty mẹ; người đại diện phần vốn của doanh nghiệp, người đại diện phần vốn nhà nước tại công ty và công ty mẹ.

Để đảm bảo rằng bạn đã đáp ứng đầy đủ các điều kiện quy định, bạn nên kiểm tra lại hồ sơ của mình, xem xét xem có bất kỳ mối quan hệ nào có thể vi phạm quy định này không. Nếu có, bạn có thể cần phải tìm cách thay đổi mối quan hệ này hoặc tuân thủ các quy định khác liên quan đến việc trở thành Kiểm soát viên cho công ty đại chúng.

Ngoài ra, bạn cũng nên liên hệ với Luật sư hoặc chuyên gia tư vấn pháp luật để được hỗ trợ và tư vấn chi tiết hơn về các yêu cầu cụ thể và thủ tục cần thực hiện khi chuyển từ công ty tư nhân sang công ty đại chúng."
syn_1128_1768639234_1,"Công ty tôi vừa mới thành lập và đang trong quá trình thương lượng thỏa ước lao động tập thể. Nếu chúng tôi phát sinh thêm chi phí trong quá trình này, liệu chúng tôi có thể yêu cầu công đoàn chi trả không?",Điều 89 - Bộ luật Lao động 2019,True,1.0,0.5217391304347826,"**Căn cứ pháp lý:**
- Văn bản: Bộ luật Lao động 2019
- Nội dung: Điều 89. Chi phí thương lượng, ký kết thỏa ước lao động tập thể

**Nội dung quy định:**
Mọi chi phí cho việc thương lượng, ký kết, sửa đổi, bổ sung, gửi và công bố thỏa ước lao động tập thể do phía người sử dụng lao động chi trả.

**Phân tích & Hướng dẫn:**
Theo quy định tại Điều 89 của Bộ Luật Lao động 2019, mọi chi phí liên quan đến quá trình thương lượng, ký kết, sửa đổi, bổ sung, gửi và công bố thỏa ước lao động tập thể đều thuộc về phía người sử dụng lao động. Điều này nghĩa là công ty bạn sẽ là bên chịu trách nhiệm chi trả tất cả các chi phí phát sinh trong quá trình thương lượng thỏa ước lao động tập thể.

Nếu phát sinh thêm chi phí trong quá trình thương lượng, công ty bạn có quyền yêu cầu phía công đoàn (nếu có) cung cấp thông tin hoặc hỗ trợ liên quan đến thương lượng, tuy nhiên, việc chi trả cho các chi phí phát sinh vẫn nằm trong trách nhiệm của phía người sử dụng lao động, không phải là trách nhiệm của công đoàn.

Để đảm bảo tuân thủ quy định pháp luật, công ty bạn nên lập rõ các khoản chi phí và lịch sử chi trả trong quá trình thương lượng, cũng như lưu trữ các giấy tờ liên quan đến việc này để chứng minh rằng chi phí đã được chi trả đúng quy định."
syn_773_1768633287,"Tôi đã gửi đồ đạc trong 6 tháng và giờ muốn lấy lại, có cần thông báo trước không?",Điều 556 - Bộ luật Dân sự 2015,True,0.3333333333333333,0.39935587761674723,"**CĂN CỨ PHÁP LUẬT THAM KHẢO:**
---
[Tài liệu 1] --- [Tài liệu 3]
---

**CÂU HỎI:**
Tôi đã gửi đồ đạc trong 6 tháng và giờ muốn lấy lại, có cần thông báo trước không?

**PHÂN TÍCH VÀ HƯỚNG DẪN:**

Theo Điều 556 của Bộ Luật Dân sự 2015, bên gửi có quyền yêu cầu lấy lại tài sản bất cứ lúc nào, miễn là báo trước cho bên giữ một thời gian hợp lý. Trong trường hợp này, bạn đã gửi đồ đạc trong 6 tháng và hiện muốn lấy lại.

Theo quy định trên, bạn không bắt buộc phải thông báo trước cho bên giữ, nhưng bạn cần đảm bảo rằng mình báo trước cho bên giữ một thời gian hợp lý. Thời gian hợp lý sẽ tùy thuộc vào tình huống cụ thể và mối quan hệ giữa bạn và bên giữ tài sản. 

Tuy nhiên, vì đã gửi đồ đạc trong một khoảng thời gian khá dài (6 tháng), bạn nên cố gắng thông báo cho bên giữ sớm để tránh gây bất tiện hoặc hiểu lầm. Nếu có thể, hãy liên lạc với bên giữ qua điện thoại hoặc email để xác nhận thời điểm phù hợp nhất.

Điều này cũng giúp bạn tránh trường hợp bên giữ có thể yêu cầu bạn trả thêm tiền công hoặc bồi thường thiệt hại nếu bạn lấy lại tài sản trước thời hạn mà không báo trước."
syn_1387_1768641048_0,"Tôi vừa bị một nhóm người gây thương tích nặng, tỷ lệ tổn thương của tôi là 45%. Sau khi sự việc xảy ra, tôi biết rằng họ đã bị kích động bởi hành vi của tôi khi tôi bảo vệ người thân. Tôi có thể làm gì để bảo vệ quyền lợi của mình?",Điều 135 - Bộ luật Hình sự (Văn bản hợp nhất 2017),True,1.0,0.5829428303655109,"**CĂN CỨ PHÁP LUẬT THAM KHẢO:**
--- [Tài liệu 1] ---
Văn bản: Bộ luật Hình sự (Văn bản hợp nhất 2017)
Nội dung: Điều 135. Tội cố ý gây thương tích hoặc gây tổn hại cho sức khỏe của người khác trong trạng thái tinh thần bị kích động mạnh

**Câu hỏi của người dùng:** Tôi vừa bị một nhóm người gây thương tích nặng, tỷ lệ tổn thương của tôi là 45%. Sau khi sự việc xảy ra, tôi biết rằng họ đã bị kích động bởi hành vi của tôi khi tôi bảo vệ người thân. Tôi có thể làm gì để bảo vệ quyền lợi của mình?

**CÂN CỨ PHÁP LUẬT:**
---

**Căn cứ pháp lý:** [Tài liệu 1] - Điều 135. Tội cố ý gây thương tích hoặc gây tổn hại cho sức khỏe của người khác trong trạng thái tinh thần bị kích động mạnh

**Nội dung quy định:**
[Trích dẫn chính xác nội dung điều luật áp dụng]

**Điều 135. Tội cố ý gây thương tích hoặc gây tổn hại cho sức khỏe của người khác trong trạng thái tinh thần bị kích động mạnh**

1. Người nào cố ý gây thương tích hoặc gây tổn hại cho sức khỏe của người khác mà tỷ lệ tổn thương cơ thể từ 31% đến 60% trong trạng thái tinh thần bị kích động mạnh do hành vi trái pháp luật nghiêm trọng của nạn nhân đối với người đó hoặc đối với người thân thích của người đó, thì bị phạt tiền từ 10.000.000 đồng đến 50.000.000 đồng hoặc phạt cải tạo không giam giữ đến 03 năm.

2. Phạm tội thuộc một trong các trường hợp sau đây, thì bị phạt tù từ 06 tháng đến 03 năm: a) Gây thương tích hoặc gây tổn hại cho sức khỏe của 02 người trở lên mà tỷ lệ tổ thương cơ thể của mỗi người 31% trở lên.

---

**Phân tích & Hướng dẫn:**

Theo Điều 135 của Bộ Luật Hình sự, bạn có thể bị truy cứu trách nhiệm hình sự về tội cố ý gây thương tích hoặc tổn hại sức khỏe của"
syn_1276_1768640132_1,Con trai tôi năm nay 15 tuổi và gần đây nó đã kết bạn với những người có tiền án về tội phạm. Tôi lo lắng rằng con có thể bị lôi kéo vào những hành động phạm tội. Nếu con tôi chỉ tham gia cùng nhóm mà không làm gì cụ thể thì có bị xử lý pháp lý không?,Điều 14 - Bộ luật Hình sự (Văn bản hợp nhất 2017),False,1.0,0.38554216867469876,"**Căn cứ pháp lý:**
- Điều 325. Tội dụ dỗ, ép buộc hoặc chứa chấp người dưới 18 tuổi phạm pháp - Bộ luật Hình sự (Văn bản hợp nhất 2017)

**Nội dung quy định:**
1. Người nào đủ 18 tuổi trở lên mà thực hiện một trong các hành vi sau đây, thì bị phạt tù từ 01 năm đến 05 năm: a) Rủ rê, lôi kéo, mua chuộc, kích động hoặc xúi giục người dưới 18 tuổi phạm tội hoặc sống sa đọa; b) Đe dọa, uy hiếp, dùng vũ lực hoặc có hành vi khác ép buộc người dưới 18 tuổi phạm tội hoặc sống sa đọa; c) Chứa chấp người dưới 18 tuổi phạm pháp.
2. Phạm tội thuộc một trong các trường hợp sau đây, thì bị phạt tù từ 03 năm đến 07 năm: a) Có tổ chức; b) Đối với 02 người trở lên; c) Đối với người dưới 13 tuổi; d) Chứa chấp, rủ rê, lôi kéo, mua chuoc, kích động, xúi giục, đe dọa, uy hiếp, dùng vũ lực hoặc có hành vi khác ép buộc người dưới 18 tuổi phạm tội rất nghiêm trọng hoặc tội phạm đặc biệt nghiêm trọng; e) Tái phạm nguy hiểm.

**Phân tích & Hướng dẫn:**
Theo quy định tại Điều 325 của Bộ luật Hình sự, hành vi dụ dỗ, ép buộc hoặc chứa chấp người dưới 18 tuổi phạm pháp sẽ bị xử lý tùy theo mức độ nghiêm trọng của hành vi. Đối với trường hợp con trai bạn mới 15 tuổi và gần đây đã kết bạn với những người có tiền án về tội phạm, nếu chỉ đơn thuần là tham gia nhóm mà không có hành động cụ thể phạm pháp, thì có thể không bị xử lý hình sự.

Tuy nhiên, bạn cần phải quan tâm và can thiệp kịp thời. Việc con bạn tiếp xúc với những người có tiền án tội phạm có thể gây ra tác động tiêu cực về mặt đạo đức, tâm lý. Bạn nên tăng cường quan hệ xã hội hóa cho con, giúp con nhận thức rõ ràng về giá trị đạo đức và pháp luật, cũng"
syn_670_1768632628,"Tôi đã ký hợp đồng mua một chiếc tivi trả dần, nhưng bây giờ tôi muốn sử dụng nó trước khi hoàn tất thanh toán. Tôi có được sử dụng không?",Điều 453 - Bộ luật Dân sự 2015,True,0.0,0.5697538100820633,"**CĂN CỨ PHÁP LUẬT THAM KHẢO:**
---
[Tài liệu 1] --- Bộ luật Dân sự 2015
Nội dung: Điều 453. Mua trả chậm, trả dần 1. Các bên có thể thỏa thuận về việc bên mua trả chậm hoặc trả dần tiền mua trong một thời hạn sau khi nhận tài sản mua. Bên bán được bảo lưu quyền sở hữu đối với tài sản bán cho đến khi bên mua trả đủ tiền, trừ trường hợp có thỏa thuận khác. 2. Hợp đồng mua trả chậm hoặc trả dần phải được lập thành văn bản. Bên mua có quyền sử dụng tài sản mua trả chậm, trả dần và phải chịu rủi ro trong thời gian sử dụng, trừ trường hợp có thỏa thuận khác.

**CĂN CỨ PHÁP LUẬT THAM KHẢO:**
---
[Tài liệu 2] --- Bộ luật Dân sự 2015
Nội dung: Điều 332. Quyền đòi lại tài sản Trường hợp bên mua không hoàn thành nghĩa vụ thanh toán cho bên bán theo thỏa thuận thì bên bán có quyền đòi lại tài sản. Bên bán hoàn trả cho bên mua số tiền bên mua đã thanh toán sau khi trừ giá trị hao mòn tài sản do sử dụng. Trường hợp bên mua làm mất, hư hỏng tài sản thì bên bán có quyền yêu cầu bồi thường thiệt hại.

**CĂN CỨ PHÁP LUẬT THAM KHẢO:**
---
[Tài liệu 3] --- Bộ luật Dân sự 2015
Nội dung: Điều 453. Mua trả chậm, trả dần 1. Các bên có thể thỏa thuận về việc bên mua trả chậm hoặc trả dần tiền mua trong một thời hạn sau khi nhận tài sản mua. Bên bán được bảo lưu quyền sở hữu đối với tài sản bán cho đến khi bên mua trả đủ tiền, trừ trường hợp có thỏa thuận khác. 2. Hợp đồng mua trả chậm hoặc trả dần phải được lập thành văn bản. Bên mua có quyền sử dụng tài sản mua trả chậm, trả dần và phải chịu rủi ro trong thời gian sử dụng, trừ trường hợp có thỏa thuận khác.

---

**PHÂN TÍCH VÀ HƯỚ"
syn_1533_1768642224_2,"Gia đình tôi có một người thân làm việc trong ngành giao thông và vừa bị phát hiện không có biện pháp xử lý kịp thời khi phát hiện công trình giao thông của mình bị hư hỏng. Nếu điều này dẫn đến thiệt hại lớn về tài sản, tôi nên lo lắng về hình phạt nào có thể xảy ra không?",Điều 281 - Bộ luật Hình sự (Văn bản hợp nhất 2017),True,1.0,0.4603550295857988,"**Căn cứ pháp lý:** Điều 281. Tội vi phạm quy định về duy tu, sửa chữa, quản lý công trình giao thông - Bộ Luật Hình sự (Văn bản hợp nhất 2017)

**Nội dung quy định:**
Theo Điều 281 của Bộ Luật Hình sự, người nào vi phạm quy định về duy tu, sửa chữa, quản lý công trình giao thông đường bộ, đường sắt, đường thủy, đường không, dẫn đến hậu quả làm chết người, gây thương tích hoặc gây tổn hại cho sức khỏe của người khác mà tỷ lệ tổn thương cơ thể 61% trở lên hoặc gây thương tích hoặc gây tổn hại cho sức khỏe của 02 người trở lên mà tổng tỷ lệ tổn thương cơ thể của những người này từ 61% đến 121% hoặc gây thiệt hại về tài sản từ 100.000.000 đồng đến dưới 500.000.000 đồng, thì bị phạt tù từ 06 tháng đến 03 năm.

**Phân tích & Hướng dẫn:**
Trong trường hợp của gia đình bạn, người thân làm việc trong ngành giao thông và đã không có biện pháp xử lý kịp thời khi phát hiện công trình giao thông của mình bị hư hỏng, dẫn đến thiệt hại lớn về tài sản. Nếu hậu quả cụ thể như đã nêu trong câu hỏi (th thiệt hại về tài sản từ 100.000.000 đồng đến dưới 500.000.000 đồng), thì người này sẽ bị phạt tù từ 06 tháng đến 03 năm theo quy định tại Điều 281 của Bộ Luật Hình sự.

Để chắc chắn về hình phạt cụ thể, cần xem xét thêm các yếu tố như trách nhiệm cá nhân trong việc không xử lý kịp thời, mức độ nghiêm trọng của hậu quả và có thể có các yếu tố giảm nhẹ hoặc tăng nặng theo quy định của pháp luật. Tuy nhiên, dựa trên thông tin cung cấp, hình phạt có thể rơi vào phạm vi từ 06 tháng đến 03 năm tù.

Hãy liên hệ với cơ quan chức năng hoặc luật sư để được hỗ trợ pháp lý chi tiết hơn và nắm bắt các quyền lợi và nghĩa vụ cụ thể trong trường hợp này."
syn_1614_1768642964_2,"Chồng tôi là một công chức nhưng trong bối cảnh dịch bệnh hiện tại, anh ấy đã quyết định không tham gia vào công việc của mình nữa. Nếu điều này gây ra hậu quả nghiêm trọng cho cơ quan, liệu anh có thể bị xử lý theo điều luật về tội đào nhiệm không?",Điều 363 - Bộ luật Hình sự (Văn bản hợp nhất 2017),False,1.0,0.6374745417515275,"**Căn cứ pháp lý:**
Điều 363. Tội đào nhiệm 1. Người nào là cán bộ, công chức, viên chức mà cố ý từ bỏ nhiệm vụ công tác gây hậu quả nghiêm trọng, thì bị phạt cải tạo không giam giữ đến 03 năm hoặc phạt tù từ 06 tháng đến 03 năm. 2. Phạm tội thuộc một trong các trường hợp sau đây, thì bị phạt tù từ 02 năm đến 07 năm: a) Lôi kéo người khác đào nhiệm; b) Gây hậu quả rất nghiêm trọng hoặc đặc biệt nghiêm trọng; c) Phạm tội trong hoàn cảnh chiến tranh, thiên tai, dịch bệnh hoặc trong trường hợp khó khăn đặc biệt khác của xã hội. 3. Người phạm tội còn có thể bị cấm đảm nhiệm chức vụ nhất định từ 01 năm đến 05 năm.

**Nội dung quy định:**
Điều 363 quy định về tội đào nhiệm, cụ thể là đối với người là cán bộ, công chức, viên chức từ bỏ nhiệm vụ công tác mà gây hậu quả nghiêm trọng. 

**Phân tích & Hướng dẫn:**
Theo câu hỏi của bạn, chồng bạn là một công chức đã quyết định không tham gia vào công việc của mình trong bối cảnh dịch bệnh hiện tại. Nếu hành vi này gây ra hậu quả nghiêm trọng cho cơ quan, có thể bị xử lý theo điều 363 Bộ luật Hình sự 2015 (sửa đổi).

Để phân tích chi tiết, cần xem xét các yếu tố sau:

1. **Hậu quả nghiêm trọng**: Bạn cần cung cấp thông tin về hậu quả cụ thể mà hành vi từ bỏ nhiệm vụ của chồng bạn gây ra. Ví dụ, có thể là doanh thu giảm sút, việc làm chậm trễ hoặc ảnh hưởng đến chất lượng công việc.

2. **Hành vi từ bỏ nhiệm vụ**: Bạn cần chứng minh rằng hành vi của chồng bạn là cố ý, chứ không phải do gặp khó khăn cá nhân.

3. **Bối cảnh**: Hiện tại đang là thời kỳ dịch bệnh, có thể được coi là ""thiên tai, dịch bệnh hoặc trong trường hợp khó khăn đặc biệt khác của xã hội"" như quy định tại điểm 3 của điều 363.

4. **Vi phạm điều 362**: Trước đó, chồng bạn cũng"
syn_307_1768630193,Nếu công ty tôi chia thành hai công ty mới thì các hợp đồng đang thực hiện của công ty cũ sẽ như thế nào?,Điều 90 - Bộ luật Dân sự 2015,False,1.0,0.3082614056720098,"**Căn cứ pháp lý:**
Điều 198, Điều 200 và Điều 199, Luật Doanh nghiệp 2020

**Nội dung quy định:**
Theo Điều 198 của Luật Doanh nghiệp 2020, khi một công ty trách nhiệm hữu hạn hoặc công ty cổ phần chia để thành lập hai hoặc nhiều công ty mới, các hợp đồng đang thực hiện của công ty bị chia cần được tiếp tục thực hiện bởi các công ty mới. Theo Điều 200, khi công ty chia, các hợp đồng đang thực hiện của công ty bị chia cũng phải được tiếp tục thực hiện bởi công ty mới, trừ trường hợp công ty bị chia, công ty mới, chủ nợ, khách hàng và người lao động của công ty bị chia có thỏa thuận khác về việc tiếp tục hoặc chấm dứt thực hiện hợp đồng.

Theo Điều 199, khi công ty chia, công ty bị chia phải đăng ký thay đổi vốn điều lệ, số lượng thành viên, cổ đông tương ứng với phần vốn góp, cổ phần và số lượng thành viên, cổ đông giảm xuống (nếu có). 

**Phân tích & Hướng dẫn:**
Khi công ty bạn chia thành hai công ty mới, các hợp đồng đang thực hiện của công ty cũ sẽ tiếp tục được thực hiện bởi các công ty mới. Tuy nhiên, nếu có bất kỳ thỏa thuận nào giữa công ty bị chia, công ty mới, chủ nợ, khách hàng và người lao động của công ty bị chia về việc tiếp tục hay chấm dứt thực hiện hợp đồng, thỏa thuận đó sẽ có hiệu lực.

Để đảm bảo tuân thủ các quy định pháp luật, công ty mới cần thực hiện các bước sau:
1. Tiếp tục thực hiện các hợp đồng hiện tại.
2. Thanh toán các nghĩa vụ tài chính và hợp đồng lao động đã ký kết trước đó.
3. Nếu có thỏa thuận khác, công ty mới cần xác định rõ ràng về việc tiếp tục hay chấm dứt thực hiện các hợp đồng.
4. Thanh toán các nghĩa vụ tài chính và hợp đồng lao động của công ty bị chia cho đến khi hết hạn hoặc có thỏa thuận khác.

Hãy đảm bảo rằng tất cả các bên liên quan đều hiểu và đồng ý về việc tiếp tục hay chấm dứt thực hiện"
syn_557_1768631918,"Công ty tôi đã bảo lãnh cho một dự án, nhưng bên nhận bảo lãnh không thực hiện nghĩa vụ. Tôi nên làm gì để đòi quyền lợi của mình?",Điều 340 - Bộ luật Dân sự 2015,False,1.0,0.34868421052631576,"**Căn cứ pháp lý:**
---
[Tài liệu 1] Bộ luật Dân sự 2015 - Điều 339

**Nội dung quy định:**
1. Trường hợp bên được bảo lãnh không thực hiện hoặc thực hiện không đúng nghĩa vụ của mình thì bên nhận bảo lãnh có quyền yêu cầu bên bảo lãnh phải thực hiện nghĩa vụ bảo lãnh, trừ trường hợp các bên có thỏa thuận bên bảo lãnh chỉ phải thực hiện nghĩa vụ thay cho bên được bảo lãnh trong trường hợp bên được bảo lãnh không có khả năng thực hiện nghĩa vụ.
2. Bên nhận bảo lãnh không được yêu cầu bên bảo lãnh thực hiện nghĩa vụ thay cho bên được bảo lãnh khi nghĩa vụ chưa đến hạn.
3. Bên bảo lãnh không phải thực hiện nghĩa vụ bảo lãnh trong trường hợp bên nhận bảo lãnh có thể bù trừ nghĩa vụ với bên được bảo lãnh.

**Phân tích & Hướng dẫn:**
---
Theo Điều 339 của Bộ Luật Dân sự 2015, nếu bên nhận bảo lãnh (người bạn) không thực hiện nghĩa vụ như đã cam kết, bạn (bên bảo lãnh) có quyền yêu cầu bên nhận bảo lãnh thực hiện nghĩa vụ bảo lãnh, trừ trường hợp bên nhận bảo lãnh và bên bảo lãnh có thỏa thuận cụ thể về việc bên bảo lãnh chỉ thực hiện nghĩa vụ thay cho bên được bảo lãnh trong trường hợp bên được bảo lãnh không có khả năng thực hiện nghĩa vụ.

Trong trường hợp này, bạn cần xác định xem có thỏa thuận nào giữa hai bên liên quan đến việc bên bảo lãnh chỉ thực hiện nghĩa vụ thay cho bên được bảo lãnh hay không. Nếu không có thỏa thuận, bạn có quyền yêu cầu bên nhận bảo lãnh thực hiện nghĩa vụ bảo lãnh. Tuy nhiên, bạn cũng cần lưu ý rằng bạn không được yêu cầu bên bảo lãnh thực hiện nghĩa vụ thay cho bên được bảo lãnh khi nghĩa vụ chưa đến hạn.

Ngoài ra, Điều 341 của Bộ Luật Dân sự 2015 cũng quy định về việc miễn việc thực hiện nghĩa vụ bảo lãnh, nhưng không trực tiếp liên quan đến trường hợp bạn đang đề cập.

Để đảm bảo quyền lợi của mình, bạn nên:

1. Xác định rõ nghĩa vụ đã được bảo lãnh và thời điểm nghĩa vụ phát sinh.
2. Kiểm tra xem có thỏa thuận nào giữa hai bên liên quan đến việc bên bảo lãnh chỉ thực hiện nghĩa"
syn_840_1768633752,"Tôi là con của một người đã mất cách đây 15 năm và có một bất động sản mà cha mẹ để lại, tôi có quyền yêu cầu chia di sản không?",Điều 623 - Bộ luật Dân sự 2015,True,0.6666666666666666,0.7413127413127413,"**Căn cứ pháp lý:**
--- [Tài liệu 1] ---
Văn bản: Bộ luật Dân sự 2015
Nội dung: Điều 623. Thời hiệu thừa kế 1. Thời hiệu để người thừa kế yêu cầu chia di sản là 30 năm đối với bất động sản, 10 năm đối với động sản, kể từ thời điểm mở thừa kế. Hết thời hạn này thì di sản thuộc về người thừa kế đang quản lý di sản đó. Trường hợp không có người thừa kế đang quản lý di sản thì di sản được giải quyết như sau: a) Di sản thuộc quyền sở hữu của người đang chiếm hữu theo quy định tại Điều 236 của Bộ luật này; b) Di sản thuộc về Nhà nước, nếu không có người chiếm hữu quy định tại điểm a khoản này. 2. Thời hiệu để người thừa kế yêu cầu xác nhận quyền thừa kế của mình hoặc bác bỏ quyền thừa kế của người khác là 10 năm, kể từ thời điểm mở thừa kế. 3. Thời hiệu yêu cầu người thừa kế thực hiện nghĩa vụ về tài sản của người chết để lại là 03 năm, kể từ thời điểm mở thừa kế. Chương XXII THỪA KẾ THEO DI CHÚC

---

**Phân tích & Hướng dẫn:**

Theo quy định tại Điều 623 của Bộ Luật Dân sự 2015, thời hiệu để người thừa kế yêu cầu chia di sản là 30 năm đối với bất động sản, 10 năm đối với động sản, kể từ thời điểm mở thừa kế. Trong trường hợp của bạn, cha mẹ bạn đã mất cách đây 15 năm, vì vậy thời hiệu yêu cầu chia di sản của bạn đã hết. 

Điều này có nghĩa là di sản sẽ thuộc về người đang quản lý di sản đó, theo quy định tại Điều 236 của Bộ Luật Dân sự 2015, trường hợp không có người đang quản lý di sản. Nếu không có ai đang quản lý di sản, di sản sẽ thuộc về Nhà nước.

Do đó, bạn không có quyền yêu cầu chia di sản bất động sản mà cha mẹ để lại. Nếu bạn muốn tiếp tục yêu cầu chia di sản, bạn cần tìm hiểu thêm về quy định về việc di sản thuộc về Nhà nước và thủ tục để giải quyết trường hợp này. Bạn"
syn_808_1768633538,"Gia đình tôi không thể thỏa thuận với bên bồi thường về mức bù đắp tổn thất tinh thần, vậy tôi có thể yêu cầu mức bồi thường tối đa là bao nhiêu?",Điều 591 - Bộ luật Dân sự 2015,False,1.0,0.40312093628088425,"**Căn cứ pháp lý:**
- [Tài liệu 1] - Bộ luật Dân sự 2015

**Nội dung quy định:**
Theo Điều 606 của Bộ luật Dân sự 2015, mức bồi thường bù đắp tổn thất về tinh thần do các bên thỏa thuận; nếu không thỏa thuận được, mức tối đa đối với mỗi thi thể bị xâm phạm không quá ba mươi lần mức lương cơ sở do Nhà nước quy định.

**Phân tích & Hướng dẫn:**
Trong trường hợp gia đình bạn không thể thỏa thuận được mức bồi thường bù đắp tổn thất về tinh thần với bên bồi thường, theo quy định của Bộ luật Dân sự 2015, mức tối đa mà bạn có thể yêu cầu là ba mươi lần mức lương cơ sở do Nhà nước quy định. 

Mức này có thể thay đổi tùy theo quy định cụ thể của địa phương hoặc thông qua thỏa thuận giữa các bên liên quan. Tuy nhiên, theo quy định chung, mức bồi thường tối đa không vượt quá ba mươi lần mức lương cơ sở do Nhà nước quy định."
syn_316_1768630264,"Gia đình tôi đã ký hợp đồng với một cơ quan nhà nước để thực hiện dự án xây dựng, nếu họ không hoàn thành hợp đồng thì chúng tôi có thể yêu cầu bồi thường từ ai?",Điều 99 - Bộ luật Dân sự 2015,False,1.0,0.35385949696444063,"**Căn cứ pháp lý:**
--- [Tài liệu 1] ---
Văn bản: Bộ luật Dân sự 2015
Nội dung: Điều 419. Thiệt hại được bồi thường do vi phạm hợp đồng

**Nội dung quy định:**
1. Thiệt hại được bồi thường do vi phạm nghĩa vụ theo hợp đồng được xác định theo quy định tại khoản 2 Điều này, Điều 13 và Điều 360 của Bộ luật này.
2. Người có quyền có thể yêu cầu bồi thường thiệt hại cho lợi ích mà lẽ ra mình sẽ được hưởng do hợp đồng mang lại. Người có quyền còn có thể yêu cầu người có nghĩa vụ chi trả chi phí phát sinh do không hoàn thành nghĩa vụ hợp đồng mà không trùng lặp với mức bồi thường thiệt hại cho lợi ích mà hợp đồng mang lại.
3. Theo yêu cầu của người có quyền, Tòa án có thể buộc người có nghĩa vụ bồi thường thiệt hại về tinh thần cho người có quyền. Mức bồi thường do Tòa án quyết định căn cứ vào nội dung vụ việc.

**Phân tích & Hướng dẫn:**
Theo Điều 419 của Bộ Luật Dân sự 2015, nếu cơ quan nhà nước không hoàn thành hợp đồng với gia đình bạn, bạn có quyền yêu cầu bồi thường từ họ. Đây là một trường hợp vi phạm hợp đồng, và theo quy định, bạn có quyền yêu cầu bồi thường thiệt hại cho lợi ích mà hợp đồng mang lại, cũng như yêu cầu bồi thường chi phí phát sinh do vi phạm hợp đồng.

Tuy nhiên, cần lưu ý rằng mức bồi thường sẽ được quyết định bởi Tòa án dựa trên nội dung cụ thể của vụ việc. Nếu cơ quan nhà nước vi phạm nghiêm trọng hoặc gây thiệt hại lớn, họ có thể bị buộc phải bồi thường thiệt hại về tinh thần cho bạn.

Để đảm bảo quyền lợi của mình, gia đình bạn nên:

1. Đánh giá thiệt hại mà bạn đã gặp phải do vi phạm hợp đồng.
2. Xác định rõ ràng những thiệt hại mà bạn đã mất do việc không hoàn thành hợp đồng.
3. Ghi chép tất cả các chi phí phát sinh do việc không hoàn thành hợp đồng.
4. Tiếp tục theo dõi tiến độ thực hiện hợp đồng và báo cáo bất kỳ vấn đề nào đến cơ qu"
syn_1572_1768642594_2,"Chồng tôi đã từng bị xử phạt vì đánh bạc trái phép, và giờ đây anh ấy lại bị bắt gặp tham gia một ván bài. Vậy nếu anh ấy tái phạm, hình phạt sẽ như thế nào?",Điều 321 - Bộ luật Hình sự (Văn bản hợp nhất 2017),True,1.0,0.7620020429009193,"**Căn cứ pháp lý:** 
- Điều 321. Tội đánh bạc - Bộ luật Hình sự (Văn bản hợp nhất 2017)

**Nội dung quy định:**
1. Người nào đánh bạc trái phép dưới bất kỳ hình thức nào được thua bằng tiền hay hiện vật trị giá từ 5.000.000 đồng đến dưới 50.000.000 đồng hoặc dưới 5.000.000 đồng nhưng đã bị xử phạt vi phạm hành chính về hành vi này hoặc hành vi quy định tại Điều 322 của Bộ luật này hoặc đã bị kết án về tội này hoặc tội quy định tại Điều 322 của Bộ luật này, chưa được xóa án tích mà còn vi phạm, thì bị phạt tiền từ 20.000.000 đồng đến 100.000.000 đồng, phạt cải tạo không giam giữ đến 03 năm hoặc phạt tù từ 06 tháng đến 03 năm.
2. Phạm tội thuộc một trong các trường hợp sau đây, thì bị phạt tù từ 03 năm đến 07 năm: a) Có tính chất chuyên nghiệp; b) Tiền hoặc hiện vật dùng đánh bạc trị giá 50.000.000 đồng trở lên; c) Sử dụng mạng internet, mạng máy tính, mạng viễn thông, phương tiện điện tử để phạm tội; d) Tái phạm nguy hiểm.

**Phân tích & Hướng dẫn:**
Theo Điều 321 của Bộ Luật Hình sự, chồng bạn đã từng bị xử phạt vi phạm hành chính về đánh bạc trái phép. Hiện tại, anh ta đã tái phạm và tham gia một ván bài. Theo quy định, nếu anh ta đánh bạc với số tiền hoặc hiện vật trị giá từ 5.000.000 đồng đến dưới 50.000.000 đồng, anh ta sẽ bị phạt tiền từ 20.000.000 đồng đến 100.000.000 đồng, phạt cải tạo không giam giữ đến 03 năm hoặc phạt tù từ 06 tháng đến 03 năm.

Điều này cũng phụ thuộc vào các yếu tố khác như tính chất chuyên nghiệp của việc đánh bạc, có sử dụng mạng internet"
syn_751_1768633140,"Tôi có cần phải mua bảo hiểm cho hàng hóa của mình khi thuê bên vận chuyển không, và ai sẽ chịu trách nhiệm chi phí này?",Điều 534 - Bộ luật Dân sự 2015,True,0.0,0.5662514156285391,"**CĂN CỨ PHÁP LUẬT THAM KHẢO:**
---
--- [Tài liệu 1] ---
Văn bản: Bộ luật Dân sự 2015
Nội dung: Điều 534. Nghĩa vụ của bên vận chuyển 1. Bảo đảm vận chuyển tài sản đầy đủ, an toàn đến địa điểm đã định, theo đúng thời hạn. 2. Giao tài sản cho người có quyền nhận. 3. Chịu chi phí liên quan đến việc chuyên chở tài sản, trừ trường hợp có thỏa thuận khác. 4. Mua bảo hiểm trách nhiệm dân sự theo quy định của pháp luật. 5. Bồi thường thiệt hại cho bên thuê vận chuyển trong trường hợp bên vận chuyển để mất, hư hỏng tài sản, trừ trường hợp có thỏa thuận khác hoặc pháp luật có quy định khác.

--- [Tài liệu 2] ---
Văn bản: Bộ luật Dân sự 2015
Nội dung: Điều 541. Trách nhiệm bồi thường thiệt hại 1. Bên vận chuyển phải bồi thường thiệt hại cho bên thuê vận chuyển nếu để tài sản bị mất hoặc hư hỏng, trừ trường hợp quy định tại khoản 3 Điều 536 của Bộ luật này. 2. Bên thuê vận chuyển phải bồi thường thiệt hại cho bên vận chuyển và người thứ ba về thiệt hại do tài sản vận chuyển có tính chất nguy hiểm, độc hại mà không có biện pháp đóng gói, bảo đảm an toàn trong quá trình vận chuyển. 3. Trường hợp bất khả kháng dẫn đến tài sản vận chuyển bị mất, hư hỏng hoặc bị hủy hoại trong quá trình vận chuyển thì bên vận chuyển không phải chịu trách nhiệm bồi thường thiệt hại, trừ trường hợp có thỏa thuận khác hoặc pháp luật có quy định khác.

Mục 11. HỢP ĐỒNG GIA CÔNG

--- [Tài liệu 3] ---
Văn bản: Bộ luật Dân sự 2015
Nội dung: Điều 532. Giao tài sản cho bên vận chuyển 1. Bên thuê vận chuyển có nghĩa vụ giao tài sản cho bên vận chuyển đúng thời hạn, địa điểm và đóng gói theo đúng quy cách đã thỏa thuận; phải chịu chi phí xếp, dỡ tài sản lên phương tiện vận chuyển, trừ trường hợp có thỏa thuận khác."
syn_931_1768634341,"Tôi và chồng tôi đang cùng nhau mở một cửa hàng, nhưng chúng tôi chưa ký kết thỏa thuận nào. Liệu tôi có thể đại diện cho chồng tôi trong các giao dịch kinh doanh không?",Điều 25 - Luật Hôn nhân và Gia đình 2014,True,1.0,0.5101796407185628,"**Căn cứ pháp lý:** 
Điều 25 và Điều 24, Luật Hôn nhân và Gia đình 2014

**Nội dung quy định:**
Theo Điều 25 của Luật Hôn nhân và Gia đình 2014, trong trường hợp vợ, chồng kinh doanh chung, vợ, chồng trực tiếp tham gia quan hệ kinh doanh là người đại diện hợp pháp của nhau trong quan hệ kinh doanh đó, trừ trường hợp trước khi tham gia quan hệ kinh doanh, vợ chồng có thỏa thuận khác hoặc Luật này và các luật liên quan có quy định khác. 

Theo Điều 24 của Luật Hôn nhân và Gia đình 2014, việc đại diện giữa vợ và chồng trong xác lập, thực hiện, chấm dứt giao dịch được xác định theo quy định của Luật này, Bộ luật dân sự và các luật khác có liên quan.

**Phân tích & Hướng dẫn:**
Theo quy định tại Điều 25, nếu vợ chồng kinh doanh chung và chưa có thỏa thuận khác, thì vợ và chồng đều có quyền đại diện hợp pháp trong quan hệ kinh doanh đó. Tuy nhiên, cần lưu ý rằng quy định này không áp dụng cho trường hợp vợ, chồng đưa tài sản chung vào kinh doanh, trong trường hợp này, áp dụng quy định tại Điều 36 của Luật này.

Trong trường hợp của bạn, mặc dù chưa ký kết thỏa thuận cụ thể, nhưng vì bạn và chồng đã cùng nhau mở cửa hàng kinh doanh chung, theo quy định tại Điều 25 của Luật Hôn nhân và Gia đình 2014, bạn có quyền đại diện cho chồng trong các giao dịch kinh doanh đó. Tuy nhiên, bạn nên cân nhắc việc đặt ra thỏa thuận riêng về việc này để tránh bất kỳ tranh chấp trong tương lai.

Bên cạnh đó, nếu bạn và chồng đưa tài sản chung vào kinh doanh, bạn cần tuân thủ thêm các quy định cụ thể về việc quản lý và xác lập giao dịch với tài sản chung trong Luật Hôn nhân và Gia đình 2014.

Cuối cùng, bạn nên tìm kiếm sự tư vấn từ một chuyên gia tư vấn pháp luật để đảm bảo rằng mọi hành động"
syn_1548_1768642374_1,"Chồng tôi hiện đang bị điều tra vì đã ép một số công nhân trong công ty của anh ấy phải làm việc không ký hợp đồng lao động. Nếu có người bị thương trong quá trình làm việc, anh ấy có thể bị phạt như thế nào?",Điều 297 - Bộ luật Hình sự (Văn bản hợp nhất 2017),False,0.0,0.4012112036336109,"**CĂN CỨ PHÁP LUẬT THAM KHẢO:**
---
--- [Tài liệu 1] ---
Văn bản: Bộ luật Hình sự (Văn bản hợp nhất 2017)
Nội dung: Điều 182. Tội vi phạm chế độ một vợ, một chồng 1. Người nào đang có vợ, có chồng mà kết hôn hoặc chung sống như vợ chồng với người khác hoặc người chưa có vợ, chưa có chồng mà kết hôn hoặc chung sống như vợ chồng với người mà mình biết rõ là đang có chồng, có vợ thuộc một trong các trường hợp sau đây, thì bị phạt cảnh cáo, phạt cải tạo không giam giữ đến 01 năm hoặc phạt tù từ 03 tháng đến 01 năm: a) Làm cho quan hệ hôn nhân của một hoặc hai bên dẫn đến ly hôn; b) Đã bị xử phạt vi phạm hành chính về hành vi này mà còn vi phạm. 2. Phạm tội thuộc một trong các trường hợp sau đây, thì bị phạt tù từ 06 tháng đến 03 năm: a) Làm cho vợ, chồng hoặc con của một trong hai bên tự sát; b) Đã có quyết định của Tòa án hủy việc kết hôn hoặc buộc phải chấm dứt việc chung sống như vợ chồng trái với chế độ một vợ, một chồng mà vẫn duy trì quan hệ đó.

--- [Tài liệu 2] ---
Văn bản: Bộ luật Lao động 2019
Nội dung: Điều 217. Xử lý vi phạm 1. Người nào có hành vi vi phạm quy định của Bộ luật này thì tùy theo tính chất, mức độ vi phạm mà bị xử lý kỷ luật, xử phạt vi phạm hành chính hoặc bị truy cứu trách nhiệm hình sự, nếu gây thiệt hại thì phải bồi thường theo quy định của pháp luật. 2. Khi đã có quyết định của Tòa án về cuộc đình công là bất hợp pháp thì người lao động đang tham gia đình công phải ngừng ngay đình công và trở lại làm việc; nếu người lao động không ngừng đình công, không trở lại làm việc thì tùy theo mức độ vi phạm có thể bị xử lý kỷ luật lao động theo quy định của pháp luật về lao động. Trong trường hợp cuộc đình công là bất hợp pháp mà gây thiệt hại cho người sử"
syn_966_1768634581,"Tôi có một khoản tiền gửi ngân hàng chung với vợ cũ. Hiện tại, chúng tôi không có thỏa thuận gì về khoản tiền này. Tôi có thể yêu cầu ngân hàng trả lại tiền cho tôi không?",Điều 60 - Luật Hôn nhân và Gia đình 2014,False,1.0,0.34930777422790205,"**Căn cứ pháp lý:**
--- [Tài liệu 1] ---
Văn bản: Bộ luật Dân sự 2015
Nội dung: Điều 561. Trả tiền công 1. Bên gửi phải trả đủ tiền công khi lấy lại tài sản gửi giữ, trừ trường hợp có thỏa thuận khác. 2. Trường hợp các bên không thỏa thuận về mức tiền công thì áp dụng mức tiền công trung bình tại địa điểm và thời điểm trả tiền công. 3. Khi bên gửi lấy lại tài sản trước thời hạn thì vẫn phải trả đủ tiền công và thanh toán chi phí cần thiết phát sinh từ việc bên giữ phải trả lại tài sản trước thời hạn, trừ trường hợp có thỏa thuận khác. 4. Khi bên giữ yêu cầu bên gửi lấy lại tài sản trước thời hạn thì bên giữ không được nhận tiền công và phải bồi thường thiệt hại cho bên gửi, trừ trường hợp có thỏa thuận khác. Mục 13. HỢP ĐỒNG ỦY QUYỀN

---

**Nội dung quy định:**
Điều 561 quy định rõ rằng bên gửi phải trả đủ tiền công khi lấy lại tài sản gửi giữ, trừ trường hợp có thỏa thuận khác. Đối với trường hợp không có thỏa thuận về mức tiền công, bên gửi phải trả mức tiền công trung bình tại địa điểm và thời điểm trả tiền công. 

---

**Phân tích & Hướng dẫn:**
Theo Điều 561 của Bộ Luật Dân sự 2015, nếu bạn và vợ cũ không có thỏa thuận về mức tiền công đối với khoản tiền gửi ngân hàng chung, bạn có quyền yêu cầu ngân hàng trả lại toàn bộ số tiền gửi. Điều này được quy định tại Mục 4, khoản 1, Điều 561, trong đó nêu rõ ""trừ trường hợp có thỏa thuận khác"".

Tuy nhiên, bạn cần lưu ý rằng bên giữ (trong trường hợp này là ngân hàng) có quyền yêu cầu bên gửi (bạn) trả tiền công theo quy định, bao gồm cả chi phí cần thiết phát sinh từ việc ngân hàng phải trả lại tài sản trước thời hạn, trừ trường hợp có thỏa thuận khác.

Như vậy, mặc dù bạn có quyền yêu cầu ngân hàng trả lại toàn bộ số tiền gửi, nhưng bạn vẫn phải tuân thủ các nghĩa vụ về tiền công và chi phí theo quy định"
syn_1170_1768639485_0,"Tôi là một nhân viên bán hàng và gần đây tôi bị công ty tạm đình chỉ công việc vì lý do vi phạm nội quy. Tôi không đồng ý với quyết định này và muốn khiếu nại, nhưng tôi không biết phải bắt đầu từ đâu. Tôi cần làm gì để thực hiện quyền khiếu nại của mình?",Điều 131 - Bộ luật Lao động 2019,True,1.0,0.5156418554476806,"**Căn cứ pháp lý:** 
- Điều 131, Bộ luật Lao động 2019 - Văn bản: Bộ luật Lao động 2019

**Nội dung quy định:**
Người bị xử lý kỷ luật lao động, bị tạm đình chỉ công việc hoặc phải bồi thường theo chế độ trách nhiệm vật chất nếu thấy không thỏa đáng có quyền khiếu nại với người sử dụng lao động, với cơ quan có thẩm quyền theo quy định của pháp luật hoặc yêu cầu giải quyết tranh chấp lao động theo trình tự do pháp luật quy định. Chính phủ quy định chi tiết Điều này.

**Phân tích & Hướng dẫn:**

Theo Điều 131 của Bộ Luật Lao động 2019, bạn có quyền khiếu nại với người sử dụng lao động hoặc với cơ quan có thẩm quyền nếu bạn không đồng ý với quyết định tạm đình chỉ công việc của công ty. 

Để thực hiện quyền khiếu nại của mình, bạn nên làm theo các bước sau:

1. **Gửi khiếu nại đến người sử dụng lao động**: Bạn cần viết một thư hoặc gửi một bản chính khiếu nại bằng văn bản cho người quản lý trực tiếp hoặc bộ phận nhân sự của công ty. Trong khiếu nại, bạn nên cung cấp đủ thông tin về việc bị tạm đình chỉ công việc và lý do bạn không đồng ý với quyết định đó.

2. **Gửi khiếu nại đến cơ quan có thẩm quyền**: Nếu bạn không hài lòng với cách giải quyết khiếu nại của người sử dụng lao động hoặc nếu quyết định của họ không được công nhận, bạn có thể gửi đơn khiếu nại đến cơ quan có thẩm quyền như Sở Lao động – Thương binh và Xã hội hoặc Tòa án nhân dân cấp quận/huyện nơi công ty bạn hoạt động.

3. **Thời gian gửi đơn**: Theo quy định, ít nhất 5 ngày làm việc trước khi bắt đầu quá trình đình công, tổ chức đại diện người lao động phải gửi văn bản về việc quyết định đình công cho người sử dụng lao động, Ủy ban nhân dân cấp huyện và cơ quan chuyên môn về lao động thuộc Ủy ban nhân dân cấp tỉnh. Do đó, bạn nên gửi đơn khiếu nại càng sớm càng tốt để có thời gian để xử"
syn_1317_1768640447_2,Công ty tôi đang phải chấp hành một bản án về vi phạm hợp đồng và đã có 2 bản án khác liên quan đến các hành vi vi phạm khác cũng đã có hiệu lực pháp luật. Tôi muốn biết làm thế nào để tổng hợp các hình phạt của các bản án này?,Điều 56 - Bộ luật Hình sự (Văn bản hợp nhất 2017),True,1.0,0.5896346644010194,"**Căn cứ pháp lý:** 
- Điều 87 và Điều 56 của Bộ luật Hình sự (Văn bản hợp nhất 2017)

**Nội dung quy định:**
- Điều 87 của Bộ luật Hình sự quy định về tổng hợp hình phạt của nhiều bản án đối với pháp nhân thương mại.
- Điều 56 của Bộ luật Hình sự quy định về tổng hợp hình phạt của nhiều bản án đối với cá nhân.

**Phân tích & Hướng dẫn:**
Theo Điều 87 của Bộ luật Hình sự (với Văn bản hợp nhất 2017), đối với pháp nhân thương mại đang phải chấp hành một bản án mà lại bị xét xử về tội đã phạm trước khi có bản án này, Tòa án sẽ quyết định hình phạt đối với tội đang bị xét xử, sau đó quyết định hình phạt chung theo quy định tại Điều 86 của Bộ luật này. Thời gian đã chấp hành hình phạt của bản án trước về đình chỉ hoạt động, cấm kinh doanh, cấm hoạt động trong một số lĩnh vực nhất định hoặc cấm huy động vốn được trừ vào thời hạn chấp hành hình phạt chung. 

Đối với trường hợp tổng hợp hình phạt của nhiều bản án, Điều 56 của Bộ luật Hình sự cũng áp dụng tương tự như đối với cá nhân, nghĩa là Tòa án quyết định hình phạt đối với tội đang bị xét xử, sau đó quyết định hình phạt chung theo quy định tại Điều 55 của Bộ luật này. Thời gian đã chấp hành hình phạt của bản án trước được trừ vào thời hạn chấp hành hình phạt chung.

Trong trường hợp của bạn, Công ty đang phải chấp hành một bản án về vi phạm hợp đồng và đã có 2 bản án khác liên quan đến các hành vi vi phạm khác cũng đã có hiệu lực pháp luật. Để tổng hợp các hình phạt của các bản án này, bạn cần liên hệ với Tòa án có thẩm quyền để họ thực hiện việc tổng hợp hình phạt theo quy định của pháp luật.

Ngoài ra, bạn cũng nên xem xét các quy định về giảm hoặc tha tù trước thời hạn nếu có thể, dựa trên quy định cụ thể tại Điều 105 và Điều 106 của Bộ luật Hình sự. Bạn nên tham khảo ý kiến của Luật sư để đảm bảo rằng tất cả các quy định đều được tuân thủ"
syn_1008_1768638618_1,Vợ chồng tôi đã ly thân và tôi đang nuôi con. Tôi muốn xác định quyền làm cha của chồng tôi với con tôi để thực hiện các thủ tục pháp lý. Tôi cần yêu cầu ai và làm như thế nào?,Điều 102 - Luật Hôn nhân và Gia đình 2014,False,0.3333333333333333,0.38549618320610685,"**CĂN CỨ PHÁP LUẬT THAM KHẢO:**
---
[Tài liệu 1] - Bộ luật Dân sự 2015
Nội dung: Điều 39. Quyền nhân thân trong hôn nhân và gia đình 1. Cá nhân có quyền xác định cha, mẹ, con, quyền được nhận làm con nuôi, quyền nuôi con nuôi và các quyền nhân thân khác trong quan hệ hôn nhân, quan hệ cha mẹ và con và quan hệ giữa các thành viên gia đình.

[Tài liệu 2] - Luật Hôn nhân và Gia đình 2014
Nội dung: Điều 51. Quyền yêu cầu giải quyết ly hôn 1. Vợ, chồng hoặc cả hai người có quyền yêu cầu Tòa án giải quyết ly hôn.

---

**PHÂN TÍCH VÀ HƯỚNG DẪN:**

Theo quy định tại Điều 39 của Bộ luật Dân sự 2015, mỗi cá nhân có quyền xác định cha, mẹ, con, quyền được nhận làm con nuôi, quyền nuôi con nuôi và các quyền nhân thân khác trong quan hệ hôn nhân, quan hệ cha mẹ và con và quan hệ giữa các thành viên gia đình. Điều này cũng được nêu rõ trong Điều 51 của Luật Hôn nhân và Gia đình 2014, nơi quy định rằng vợ, chồng hoặc cả hai người có quyền yêu cầu Tòa án giải quyết ly hôn.

Tuy nhiên, trong trường hợp bạn đang nuôi con và muốn xác định quyền làm cha của chồng bạn, bạn cần lưu ý một số điểm sau:

1. **Quyền xác định cha mẹ**: Theo Điều 39 của Bộ luật Dân sự 2015, bạn có quyền xác định cha, mẹ, con, quyền được nhận làm con nuôi, quyền nuôi con nuôi và các quyền nhân thân khác. Điều này bao gồm quyền xác định cha mẹ của con bạn.

2. **Yêu cầu xác định cha mẹ**: Bạn cần phải yêu cầu Tòa án xác định cha mẹ của con bạn. Điều này thường yêu cầu bạn phải nộp đơn yêu cầu xác định cha mẹ tới Tòa án nhân dân cấp huyện nơi con bạn đang sinh sống hoặc nơi con bạn cư trú.

3. **Cách thức yêu cầu**: Để yêu cầu xác định cha mẹ, bạn cần chuẩn bị đầy đủ hồ sơ,"
syn_1554_1768642427_0,"Tôi là một kỹ sư xây dựng, và trong quá trình thi công dự án, tôi phát hiện ra rằng một phần của công trình mà chúng tôi đang xây dựng do điều kiện thời tiết xấu đã bị hư hỏng. Nếu tôi không báo cáo kịp thời và để cho nó tiếp tục hư hỏng nặng hơn, thì tôi có thể bị xử lý như thế nào?",Điều 303 - Bộ luật Hình sự (Văn bản hợp nhất 2017),False,1.0,0.34978354978354975,"**Căn cứ pháp lý:** 
Điều 224. Tội vi phạm quy định về đầu tư công trình xây dựng gây hậu quả nghiêm trọng - Bộ luật Hình sự (Văn bản hợp nhất 2017)

**Nội dung quy định:**
Người nào lợi dụng chức vụ, quyền hạn thực hiện một trong những hành vi sau đây, gây thiệt hại từ 100.000.000 đồng đến dưới 300.000.000 đồng hoặc dưới 100.000.000 đồng nhưng đã bị xử lý kỷ luật về hành vi này mà còn vi phạm, thì bị phạt cải tạo không giam giữ đến 03 năm hoặc phạt tù từ 01 năm đến 05 năm: a) Quyết định đầu tư xây dựng không đúng quy định của Luật Xây dựng; b) Lập, thẩm định, phê duyệt thiết kế, dự toán, điều chỉnh dự toán, nghiệm thu công trình sử dụng vốn của Nhà nước trái với quy định của Luật Xây dựng; c) Lựa chọn nhà thầu không đủ điều kiện năng lực để thực hiện hoạt động xây dựng; d) Dàn xếp, thông đồng làm sai lệch kết quả lập dự án, khảo sát, thiết kế, giám sát thi công, xây dựng công trình. 

**Phân tích & Hướng dẫn:**
Theo quy định tại Điều 224 của Bộ luật Hình sự 2017, việc lợi dụng chức vụ, quyền hạn thực hiện một trong các hành vi quy định có thể dẫn đến hình phạt tù từ 1 năm đến 5 năm nếu gây thiệt hại từ 100.000.000 đồng đến dưới 300.000.000 đồng hoặc dưới 100.000.000 đồng nhưng đã bị xử lý kỷ luật về hành vi này mà còn vi phạm. Tuy nhiên, cần phân biệt giữa hành vi vi phạm quy định về đầu tư công trình xây dựng và hành vi lợi dụng chức vụ, quyền hạn trong thi công.

Trong trường hợp bạn, nếu bạn chỉ là một kỹ sư xây dựng và không có hành vi lợi dụng chức vụ, quyền hạn trong việc quyết định đầu tư, lập, thẩm định, phê duyệt hay lựa chọn nhà thầu, thì bạn không phải chịu trách nhiệm hình sự. Việc hư hỏng công trình"
syn_1455_1768641593_0,Tôi là chủ một doanh nghiệp nhỏ và mới đây tôi phát hiện rằng một trong những nhân viên của tôi đã in hóa đơn giả để bán cho khách hàng. Tôi không biết phải làm gì và liệu tôi có phải chịu trách nhiệm pháp lý không?,Điều 203 - Bộ luật Hình sự (Văn bản hợp nhất 2017),True,1.0,0.47256097560975613,"**Căn cứ pháp lý:** Điều 203, Điều 200, Bộ Luật Hình sự (Văn bản hợp nhất 2017)

**Nội dung quy định:**
Theo Điều 203 của Bộ Luật Hình sự, người nào in, phát hành, mua bán trái phép hóa đơn, chứng từ thu nộp ngân sách nhà nước ở dạng phôi từ 50 số đến dưới 100 số hoặc hóa đơn, chứng từ đã ghi nội dung từ 10 số đến dưới 30 số hoặc thu lợi bất chính từ 30.000.000 đồng đến dưới 100.000.000 đồng, thì bị phạt tiền từ 50.000.000 đồng đến 200.000.000 đồng, phạt cải tạo không giam giữ đến 03 năm hoặc phạt tù từ 06 tháng đến 03 năm.

Điều 200 cũng quy định về tội trốn thuế, trong đó có các hành vi liên quan đến việc in, phát hành, mua bán trái phép hóa đơn, chứng từ. Nếu nhân viên của bạn đã in hóa đơn giả để bán cho khách hàng, hành vi này có thể coi là in, phát hành trái phép hóa đơn, chứng từ thu nộp ngân sách nhà nước, và có thể bị truy cứu trách nhiệm hình sự.

**Phân tích & Hướng dẫn:**
Theo thông tin bạn cung cấp, nhân viên của bạn đã in hóa đơn giả để bán cho khách hàng. Đây có thể là hành vi in, phát hành trái phép hóa đơn, chứng từ thu nộp ngân sách nhà nước, theo Điều 203 của Bộ Luật Hình sự.

Để xác định rõ hơn và tránh rủi ro pháp lý, bạn nên thực hiện các bước sau:

1. **Khám phá thêm thông tin**: Tìm hiểu kỹ hơn về cách thức nhân viên in hóa đơn giả và xác định số lượng hóa đơn giả đã in ra.

2. **Kiểm tra lại hóa đơn**: Kiểm tra kỹ tất cả hóa đơn mà nhân viên đã in và bán xem có đúng là hóa đơn thật không. Nếu có dấu hiệu bất thường, cần lập biên bản ghi nhận.

3. **Liên hệ cơ quan thuế**: Liên hệ với cơ quan thuế địa phương để báo cáo và làm rõ tình hình"
syn_268_1768629879,"Chồng tôi đã bị tai nạn và hiện không thể tự mình quản lý tài sản. Tôi có thể cử một người bạn làm người giám sát việc giám hộ cho chồng tôi không, và tôi phải làm thế nào để thực hiện việc này?",Điều 51 - Bộ luật Dân sự 2015,True,1.0,0.520904729266621,"**Căn cứ pháp lý:**
- Điều 46, Điều 51, Điều 59, Điều 51 Bộ Luật Dân sự 2015

**Nội dung quy định:**
- Điều 46: Giám hộ là việc cá nhân, pháp nhân được luật quy định, được Ủy ban nhân dân cấp xã cử, được Tòa án chỉ định hoặc được quy định tại khoản 2 Điều 48 của Bộ Luật này để thực hiện việc chăm sóc, bảo vệ quyền, lợi ích hợp pháp của người chưa thành niên, người mất năng lực hành vi dân sự, người có khó khăn trong nhận thức, làm chủ hành vi.
- Điều 51: Giám sát việc giám hộ: Người thân thích của người được giám hộ thỏa thuận cử người giám sát việc giám hộ trong số những người thân thích hoặc chọn cá nhân, pháp nhân khác làm người giám sát việc giám hộ. Việc cử, chọn người giám sát việc giám hộ phải được sự đồng ý của người đó.
- Điều 59: Quản lý tài sản của người được giám hộ: Người giám hộ của người chưa thành niên, người mất năng lực hành vi dân sự có trách nhiệm quản lý tài sản của người được giám hộ như tài sản của chính mình; được thực hiện giao dịch dân sự liên quan đến tài sản của người được giám hộ vì lợi ích của người được giám hộ. Việc bán, trao đổi, cho thuê, cho mượn, cho vay, cầm cố, thế chấp, đặt cọc và giao dịch dân sự khác đối với tài sản có giá trị lớn của người được giám hộ phải được sự đồng ý của người giám sát việc giám hộ.
- Điều 51: Giám sát việc giám hộ: Trường hợp không có người thân thích của người được giám hộ hoặc những người thân thích không cử, chọn được người giám sát việc giám hộ theo quy định tại khoản 1 Điều này thì Ủy ban nhân dân cấp xã nơi cư trú của người giám hộ cử cá nhân hoặc pháp nhân giám sát việc giám hộ. 

**Phân tích & Hướng dẫn:**

Theo quy định của Bộ Luật Dân sự 2015, để cử người bạn làm người giám sát việc giám hộ cho chồng bạn, bạn cần tuân thủ các bước sau:

1. **Điều kiện cử người giám sát:** Theo Điều 51 Bộ Luật Dân sự 2015, người thân thích của người được"
syn_1262_1768640034_2,"Công ty chúng tôi có một thỏa ước lao động tập thể ký từ năm 2020, liệu thỏa ước này có cần phải xem xét lại để phù hợp với Bộ luật mới không?",Điều 220 - Bộ luật Lao động 2019,False,1.0,0.37148217636022507,"**Căn cứ pháp lý:**
--- [Tài liệu 1] ---
Văn bản: Bộ luật Lao động 2019
Nội dung: Điều 79. Thực hiện thỏa ước lao động tập thể tại doanh nghiệp

**Nội dung quy định:**
1. Người sử dụng lao động, người lao động, bao gồm cả người lao động vào làm việc sau ngày thỏa ước lao động tập thể có hiệu lực, có nghĩa vụ thực hiện đầy đủ thỏa ước lao động tập thể đang có hiệu lực.
2. Trường hợp quyền, nghĩa vụ và lợi ích của các bên trong hợp đồng lao động đã giao kết trước ngày thỏa ước lao động tập thể có hiệu lực thấp hơn quy định tương ứng của thỏa ước lao động tập thể thì phải thực hiện theo thỏa ước lao động tập thể. Quy định của người sử dụng lao động chưa phù hợp với thỏa ước lao động tập thể thì phải được sửa đổi cho phù hợp; trong thời gian chưa sửa đổi thì thực hiện theo nội dung tương ứng của thỏa ước lao động tập thể.
3. Khi một bên cho rằng bên kia thực hiện không đầy đủ hoặc vi phạm thỏa ước lao động tập thể thì có quyền yêu cầu thi hành đúng thỏa ước lao động tập thể và các bên có trách nhiệm cùng xem xét giải quyết; nếu không giải quyết được, mỗi bên đều có quyền yêu cầu giải quyết tranh chấp lao động tập thể theo quy định của pháp luật.

**Phân tích & Hướng dẫn:**

Theo quy định tại Điều 79 của Bộ luật Lao động 2019, thỏa ước lao động tập thể do Công ty ký từ năm 2020 cần được xem xét lại để đảm bảo phù hợp với các quy định mới của Bộ luật Lao động 2019. Điều này bao gồm cả việc đảm bảo rằng quy định cụ thể trong thỏa ước lao động tập thể không thấp hơn so với quy định mới của Bộ luật Lao động 2019 và việc tuân thủ các quy định về sửa đổi, bổ sung hoặc thực hiện thỏa ước lao động tập thể khi có sự thay đổi về quy định pháp luật.

Đặc biệt, quy định tại điểm 2 Điều 79 yêu cầu khi có quy định mới ca"
syn_637_1768632447,"Tôi là một doanh nghiệp nhỏ đã ký hợp đồng cung cấp hàng hóa cho một công ty lớn, nhưng do thiên tai xảy ra khiến nguồn cung vật liệu bị gián đoạn. Tôi có thể yêu cầu đàm phán lại hợp đồng không?",Điều 420 - Bộ luật Dân sự 2015,True,1.0,0.8910593538692713,"**Căn cứ pháp lý:**
Điều 420. Thực hiện hợp đồng khi hoàn cảnh thay đổi cơ bản - Bộ luật Dân sự 2015

**Nội dung quy định:**
1. Hoàn cảnh thay đổi cơ bản khi có đủ các điều kiện sau đây: a) Sự thay đổi hoàn cảnh do nguyên nhân khách quan xảy ra sau khi giao kết hợp đồng; b) Tại thời điểm giao kết hợp đồng, các bên không thể lường trước được về sự thay đổi hoàn cảnh; c) Hoàn cảnh thay đổi lớn đến mức nếu như các bên biết trước thì hợp đồng đã không được giao kết hoặc được giao kết nhưng với nội dung hoàn toàn khác; d) Việc tiếp tục thực hiện hợp đồng mà không có sự thay đổi nội dung hợp đồng sẽ gây thiệt hại nghiêm trọng cho một bên; đ) Bên có lợi ích bị ảnh hưởng đã áp dụng mọi biện pháp cần thiết trong khả năng cho phép, phù hợp với tính chất của hợp đồng mà không thể ngăn chặn, giảm thiểu mức độ ảnh hưởng đến lợi ích.
2. Trong trường hợp hoàn cảnh thay đổi cơ bản, bên có lợi ích bị ảnh hưởng có quyền yêu cầu bên kia đàm phán lại hợp đồng trong một thời hạn hợp lý.
3. Trường hợp các bên không thể thỏa thuận được về việc sửa đổi hợp đồng trong một thời hạn hợp lý, một trong các bên có thể yêu cầu Tòa án: a) Chấm dứt hợp đồng tại một thời điểm xác định; b) Sửa đổi hợp đồng để cân bằng quyền và lợi ích hợp pháp của các bên do hoàn cảnh thay đổi cơ bản. Tòa án chỉ được quyết định việc sửa đổi hợp đồng trong trường hợp việc chấm dứt hợp đồng sẽ gây thiệt hại lớn hơn so với các chi phí để thực hiện hợp đồng nếu được sửa đổi.
4. Trong quá trình đàm phán sửa đổi, chấm dứt hợp đồng, Tòa án giải quyết vụ việc, các bên vẫn phải tiếp tục thực hiện nghĩa vụ của mình theo hợp đồng, trừ trường hợp có thỏa thuận khác.
Tiểu mục 3. SỬA ĐỔI, CHẤM DỨT HỢP ĐỒNG

**Phân tích & Hướng dẫn:**
Theo quy định tại Điều 420 của Bộ Luật Dân sự 2015, bạn có"
syn_1257_1768640020_0,"Công ty tôi chỉ có 8 nhân viên, nhưng chúng tôi gặp khó khăn trong việc thực hiện một số thủ tục hành chính. Tôi muốn biết liệu có những thủ tục nào mà chúng tôi được miễn hoặc giảm không?",Điều 218 - Bộ luật Lao động 2019,True,1.0,0.40103492884864167,"**Căn cứ pháp lý:**
Điều 218 - Bộ luật Lao động 2019

**Nội dung quy định:**
Người sử dụng lao động sử dụng dưới 10 người lao động thực hiện quy định của Bộ luật này nhưng được miễn, giảm một số thủ tục theo quy định của Chính phủ.

**Phân tích & Hướng dẫn:**
Theo Điều 218 của Bộ luật Lao động 2019, nếu Công ty của bạn chỉ sử dụng 8 nhân viên, bạn có thể được miễn, giảm một số thủ tục hành chính theo quy định của Chính phủ. Đây là cơ hội tốt để tối ưu hóa thủ tục hành chính và giảm bớt gánh nặng về mặt tài chính.

Tuy nhiên, để cụ thể hóa quy định này, cần lưu ý rằng:

1. **Quy định cụ thể từ Chính phủ:** Để biết rõ hơn về các thủ tục hành chính nào có thể được miễn hoặc giảm, bạn cần tham khảo các thông báo hoặc hướng dẫn từ Chính phủ về việc áp dụng Điều 218 của Bộ luật Lao động 2019. Điều này có thể được tìm thấy trên trang web chính thức của Chính phủ hoặc thông qua các văn bản pháp lý mới nhất.

2. **Thủ tục cụ thể:** Bạn cần xác định cụ thể các thủ tục hành chính nào liên quan đến công ty của mình. Có thể bao gồm việc đăng ký, cập nhật thông tin, thanh toán thuế, các giấy phép hành nghề, và các thủ tục khác. 

3. **Liên hệ với cơ quan chức năng:** Nếu bạn chưa nhận được thông tin cụ thể từ Chính phủ, bạn nên liên hệ trực tiếp với cơ quan chức năng như Sở Lao động – Thương binh và Xã hội, hoặc Văn phòng Đăng ký kinh doanh để hiểu rõ hơn về các thủ tục có thể được miễn, giảm.

Tóm lại, mặc dù bạn chỉ sử dụng 8 nhân viên, bạn vẫn có thể tận dụng quy định miễn, giảm một số thủ tục theo quy định của Chính phủ. Để chắc chắn, bạn cần tìm hiểu thêm thông tin từ các nguồn chính thức."
syn_235_1768629569,"Tôi muốn thuê một căn nhà và ký hợp đồng, nhưng tôi nghe nói rằng người chưa đủ 18 tuổi không có quyền ký hợp đồng. Điều đó có đúng không?",Điều 18 - Bộ luật Dân sự 2015,False,1.0,0.3089005235602094,"**Căn cứ pháp lý:**
--- [Tài liệu 1] ---
Văn bản: Bộ luật Lao động 2019
Nội dung: Điều 18. Thẩm quyền giao kết hợp đồng lao động

**Nội dung quy định:**
1. Người lao động trực tiếp giao kết hợp đồng lao động, trừ trường hợp quy định tại khoản 2 Điều này.
2. Đối với công việc theo mùa vụ, công việc nhất định có thời hạn dưới 12 tháng thì nhóm người lao động từ đủ 18 tuổi trở lên có thể ủy quyền cho một người lao động trong nhóm để giao kết hợp đồng lao động; trong trường hợp này, hợp đồng lao động phải được giao kết bằng văn bản và có hiệu lực như giao kết với từng người lao động.
3. Người giao kết hợp đồng lao động bên phía người sử dụng lao động là người thuộc một trong các trường hợp sau đây: a) Người đại diện theo pháp luật của doanh nghiệp hoặc người được ủy quyền theo quy định của pháp luật; b) Người đứng đầu cơ quan, tổ chức có tư cách pháp nhân theo quy định của pháp luật hoặc người được ủy quyền theo quy định của pháp luật; c) Người đại diện của hộ gia đình, tổ hợp tác, tổ chức khác không có tư cách pháp nhân hoặc người được ủy quyền theo quy định của pháp luật; d) Cá nhân trực tiếp sử dụng lao động.
4. Người giao kết hợp đồng lao động bên phía người lao động là người thuộc một trong các trường hợp sau đây: a) Người lao động từ đủ 18 tuổi trở lên; b) Người lao động từ đủ 15 tuổi đến chưa đủ 18 tuổi khi có sự đồng ý bằng văn bản của người đại diện theo pháp luật của người đó; c) Người chưa đủ 15 tuổi và người đại diện theo pháp luật của người đó; d) Người lao động được những người lao động trong nhóm ủy quyền hợp pháp giao kết hợp đồng lao động.
5. Người được ủy quyền giao kết hợp đồng lao động không được ủy quyền lại cho người khác giao kết hợp đồng lao động.

**Phân tích & Hướng dẫn:**
Theo quy định tại Điều 18 của Bộ Luật Lao động 2019"
syn_281_1768630005,"Tôi có một người bạn đã mất liên lạc hơn 6 tháng, tôi có thể yêu cầu Tòa án tìm kiếm bạn tôi không?",Điều 64 - Bộ luật Dân sự 2015,True,1.0,0.5173745173745173,"**Căn cứ pháp lý:**
- Điều 64 của Bộ luật Dân sự 2015

**Nội dung quy định:**
Theo Điều 64 của Bộ luật Dân sự 2015, khi một người biệt tích 06 tháng liền trở lên, những người có quyền, lợi ích liên quan có quyền yêu cầu Tòa án thông báo tìm kiếm người vắng mặt tại nơi cư trú theo quy định của pháp luật về tố tụng dân sự.

**Phân tích & Hướng dẫn:**
Theo quy định trên, bạn có thể yêu cầu Tòa án thông báo tìm kiếm người bạn của mình tại nơi cư trú vì đã biệt tích 6 tháng. Tuy nhiên, cần lưu ý rằng quy định này chỉ áp dụng khi người đó biệt tích 06 tháng liền, không phải 06 tháng riêng lẻ. 

Trong trường hợp bạn đang nói về một người biệt tích liên tục trong 6 tháng, bạn hoàn toàn có quyền yêu cầu Tòa án thông báo tìm kiếm người đó. Tuy nhiên, bạn cũng cần chứng minh được rằng người bạn của bạn đã biệt tích liên tục trong khoảng thời gian đó, không phải chỉ có một đợt biệt tích ngắn hạn sau đó liên lạc lại.

Nếu người bạn của bạn đã biệt tích liên tục trong 6 tháng, bạn nên tiến hành thủ tục yêu cầu Tòa án thông báo tìm kiếm theo quy định của pháp luật. Điều này sẽ giúp đảm bảo quyền lợi của bạn cũng như người bạn của bạn.

Lưu ý rằng, quy định này không áp dụng cho trường hợp biệt tích ngắn hạn sau đó liên lạc lại và sau đó biệt tích thêm nữa. Bạn cần xác định rõ tình hình cụ thể để đảm bảo việc yêu cầu tuân theo quy định pháp luật."
syn_352_1768630512,"Công ty tôi có một nhân viên muốn ủy quyền cho người khác tham gia ký hợp đồng, tôi cần phải làm gì theo quy định của pháp luật?",Điều 135 - Bộ luật Dân sự 2015,False,0.6666666666666666,0.3220536756126021,"**Căn cứ pháp lý:**
Điều 14. Người đại diện theo ủy quyền của chủ sở hữu, thành viên, cổ đông công ty là tổ chức - Luật Doanh nghiệp 2020

**Nội dung quy định:**
Điều 14 quy định về người đại diện theo ủy quyền của chủ sở hữu, thành viên, cổ đông công ty là tổ chức. Theo điều này, người đại diện theo ủy quyền của tổ chức phải là cá nhân được ủy quyền bằng văn bản. Đối với tổ chức là thành viên công ty trách nhiệm hữu hạn hai thành viên trở lên, có sở hữu ít nhất 35% vốn điều lệ, có thể ủy quyền tối đa 03 người đại diện theo ủy quyền. 

Đối với tổ chức là cổ đông công ty cổ phần, có sở hữu ít nhất 10% tổng số cổ phần phổ thông, cũng có thể ủy quyền tối đa 03 người đại diện theo ủy quyền. Nếu không xác định rõ phần vốn góp, số cổ phần cho mỗi người đại diện theo ủy quyền, phần vốn góp, số cổ phần sẽ được chia đều cho tất cả người đại diện theo ủy quyền. Văn bản cử người đại diện theo ủy quyền phải được thông báo cho công ty và chỉ có hiệu lực kể từ ngày công ty nhận được văn bản.

Văn bản cử người đại diện theo ủy quyền phải bao gồm các nội dung chủ yếu như tên, mã số doanh nghiệp, địa chỉ trụ sở chính của chủ sở hữu, thành viên, cổ đông; số lượng người đại diện theo ủy quyền và tỷ lệ sở hữu cổ phần, phần vốn góp tương ứng của mỗi người đại diện theo ủy quyền; họ, tên, địa chỉ liên lạc, quốc tịch, số giấy tờ pháp lý của cá nhân từng người đại diện theo ủy quyền; thời hạn ủy quyền tương ứng của từng người đại diện theo ủy quyền; và họ, tên, chữ ký của người đại diện theo pháp luật của chủ sở hữu, thành viên, cổ đông và của người đại diện theo ủy quyền.

Người đại diện theo ủy quyền phải có các tiêu chuẩn và điều kiện như không thuộc đối tượng quy định tại khoản 2 Điều 17 của Luật này; thành viên, cổ đông là doanh nghiệp nhà nước theo quy định tại điểm b khoản 1 Điều 88 của Luật này không được cử người có"
syn_1450_1768641558_1,"Tôi đang có ý định đầu tư vào một quán cà phê, nhưng nghe nói rằng chủ quán trước đã bị xử phạt vì lừa dối khách hàng. Nếu tôi tiếp quản quán và tiếp tục hoạt động, tôi có thể bị liên đới trách nhiệm hay không?",Điều 198 - Bộ luật Hình sự (Văn bản hợp nhất 2017),True,1.0,0.6084452975047985,"**Căn cứ pháp lý:** 
- Điều 198, Bộ luật Hình sự (Văn bản hợp nhất 2017)

**Nội dung quy định:**
Điều 198 quy định về tội lừa dối khách hàng. Theo đó, người nào trong việc mua, bán hàng hóa hoặc cung cấp dịch vụ mà cân, đong, đo, đếm, tính gian hàng hóa, dịch vụ hoặc dùng thủ đoạn gian dối khác thuộc một trong các trường hợp sau đây, thì bị phạt cảnh cáo, phạt tiền từ 10.000.000 đồng đến 100.000.000 đồng hoặc phạt cải tạo không giam giữ đến 03 năm: a) Đã bị xử phạt vi phạm hành chính về hành vi này hoặc đã bị kết án về tội này, chưa được xóa án tích mà còn vi phạm; b) Thu lợi bất chính từ 5.000.000 đồng đến dưới 50.000.000 đồng.

**Phân tích & Hướng dẫn:**
Theo quy định tại Điều 198 Bộ luật Hình sự, việc chủ quán cà phê trước đã bị xử phạt về tội lừa dối khách hàng có thể ảnh hưởng đến người tiếp quản quán cà phê mới. Cụ thể, nếu bạn tiếp quản quán cà phê và tiếp tục hoạt động, bạn có thể bị liên đới trách nhiệm về tội lừa dối khách hàng nếu có các yếu tố sau:

1. **Đã bị xử phạt vi phạm hành chính về hành vi này hoặc đã bị kết án về tội này, chưa được xóa án tích mà còn vi phạm**: Đây là trường hợp đặc biệt mà người mới tiếp quản quán cà phê cũng có thể bị xử lý hình sự nếu vẫn tiếp tục thực hiện hành vi lừa dối khách hàng.

2. **Thu lợi bất chính từ 5.000.000 đồng đến dưới 50.000.000 đồng**: Nếu bạn thu lợi bất chính từ việc tiếp quản và tiếp tục hoạt động quán cà phê, có thể bạn cũng sẽ bị xử lý hình sự theo quy định.

Tuy nhiên, để tránh bị liên đới trách nhiệm hình sự, bạn nên tiến hành kiểm tra lại hồ sơ pháp lý của quán cà phê, xác minh xem có tồn tại các vi phạm trước đó không"
syn_834_1768633713,"Gia đình tôi có người vừa mất, tôi là người quản lý di sản. Tôi có nghĩa vụ gì trong việc thông báo về tình trạng di sản cho các thừa kế khác?",Điều 617 - Bộ luật Dân sự 2015,True,0.3333333333333333,0.5406427221172023,"**CĂN CỨ PHÁP LUẬT THAM KHẢO:**
--- [Tài liệu 1] ---
Văn bản: Bộ luật Dân sự 2015
Nội dung: Điều 617. Nghĩa vụ của người quản lý di sản 1. Người quản lý di sản quy định tại khoản 1 và khoản 3 Điều 616 của Bộ luật này có nghĩa vụ sau đây: b) Bảo quản di sản; không được bán, trao đổi, tặng cho, cầm cố, thế chấp hoặc định đoạt tài sản bằng hình thức khác, nếu không được những người thừa kế đồng ý bằng văn bản; c) Thông báo về tình trạng di sản cho những người thừa kế; ...

---

**CÂU HỎI:**
Gia đình tôi có người vừa mất, tôi là người quản lý di sản. Tôi có nghĩa vụ gì trong việc thông báo về tình trạng di sản cho các thừa kế khác?

**PHÂN TÍCH VÀ HƯỚNG DẪN:**

Theo Điều 617 của Bộ Luật Dân sự 2015, người quản lý di sản (trong trường hợp bạn là người quản lý di sản) có nghĩa vụ thông báo về tình trạng di sản cho những người thừa kế. Cụ thể, quy định này được nêu rõ tại điểm c) của Khoản 1 Điều 617 như sau:

c) Thông báo về tình trạng di sản cho những người thừa kế;

Như vậy, theo quy định này, bạn, người quản lý di sản, phải thông báo về tình trạng di sản cho các thừa kế khác. Thông báo này cần phải đầy đủ và chính xác về tình hình di sản, bao gồm cả tài sản, nợ nần, các vấn đề pháp lý liên quan và bất kỳ biến động nào khác mà di sản có thể gặp phải.

Bạn nên tiến hành việc thông báo này một cách kịp thời và chính xác nhất có thể. Việc này giúp các thừa kế nắm bắt được tình hình di sản và có thể thực hiện các quyền lợi và nghĩa vụ của họ một cách rõ ràng."
syn_831_1768633692,"Tôi có một người thân vừa qua đời và không có di chúc, vậy quyền thừa kế của tôi sẽ bắt đầu từ thời điểm nào?",Điều 614 - Bộ luật Dân sự 2015,False,0.3333333333333333,0.3308931185944363,"**CĂN CỨ PHÁP LUẬT THAM KHẢO:**
---
[Tài liệu 1] --- Bộ luật Dân sự 2015
Nội dung: Điều 650. Những trường hợp thừa kế theo pháp luật

**CĂN CỨ PHÁP LUẬT THAM KHẢO:**
---
[Tài liệu 2] --- Bộ luật Dân sự 2015
Nội dung: Điều 623. Thời hiệu thừa kế

**CĂN CỨ PHÁP LUẬT THAM KHẢO:**
---
[Tài liệu 3] --- Bộ luật Dân sự 2015
Nội dung: Điều 609. Quyền thừa kế

**PHÂN TÍCH VÀ HƯỚNG DẪN:**

Theo Căn cứ pháp luật tham khảo, trường hợp người thân của bạn đã qua đời và không có di chúc, quyền thừa kế của bạn sẽ bắt đầu từ thời điểm mở thừa kế. Theo Điều 650 của Bộ Luật Dân sự 2015, thừa kế theo pháp luật được áp dụng trong trường hợp không có di chúc. 

Điều 623 của cùng văn bản quy định về thời hiệu thừa kế. Theo đó, thời hiệu để người thừa kế yêu cầu chia di sản là 30 năm đối với bất động sản, 10 năm đối với động sản, kể từ thời điểm mở thừa kế. Tuy nhiên, điều này không ảnh hưởng trực tiếp đến việc xác định thời điểm bắt đầu quyền thừa kế.

Quyền thừa kế bắt đầu từ thời điểm mở thừa kế, tức là từ ngày người thân của bạn qua đời và cơ quan chức năng xác nhận sự kiện này (tức là ngày đăng ký kết quả thanh toán nghĩa vụ nghĩa vụ hành chính dân sự).

Việc xác định thời điểm bắt đầu quyền thừa kế không phụ thuộc vào thời hiệu yêu cầu chia di sản, mà dựa trên sự kiện người thân qua đời và việc xác nhận sự kiện này.

Do đó, quyền thừa kế của bạn sẽ bắt đầu từ ngày người thân của bạn qua đời, sau khi cơ quan chức năng xác nhận sự kiện này."
syn_617_1768632322,"Tôi đã gửi email đề nghị hợp tác làm ăn với một công ty, và họ đã trả lời đồng ý nhưng không ký hợp đồng. Vậy hợp đồng có xem như đã được giao kết không?",Điều 400 - Bộ luật Dân sự 2015,False,1.0,0.4324324324324324,"**Căn cứ pháp lý:**
---
[Văn bản] Bộ luật Dân sự 2015
[Nội dung] Điều 386. Đề nghị giao kết hợp đồng 1. Đề nghị giao kết hợp đồng là việc thể hiện rõ ý định giao kết hợp đồng và chịu sự ràng buộc về đề nghị này của bên đề nghị đối với bên đã được xác định hoặc tới công chúng (sau đây gọi chung là bên được đề nghị). 2. Trường hợp đề nghị giao kết hợp đồng có nêu rõ thời hạn trả lời, nếu bên đề nghị lại giao kết hợp đồng với người thứ ba trong thời hạn chờ bên được đề nghị trả lời thì phải bồi thường thiệt hại cho bên được đề nghị mà không được giao kết hợp đồng nếu có thiệt hại phát sinh.
---

**Nội dung quy định:**
---
Theo Điều 386 của Bộ Luật Dân sự 2015, đề nghị giao kết hợp đồng là việc thể hiện rõ ý định giao kết hợp đồng và chịu sự ràng buộc về đề nghị này của bên đề nghị đối với bên được đề nghị. Điều này cũng quy định rằng nếu bên đề nghị lại giao kết hợp đồng với người thứ ba trong thời hạn chờ bên được đề nghị trả lời, bên đề nghị sẽ phải bồi thường thiệt hại cho bên được đề nghị mà không được giao kết hợp đồng nếu có thiệt hại phát sinh.
---

**Phân tích & Hướng dẫn:**
---
Trong trường hợp này, bạn đã gửi email đề nghị hợp tác làm ăn với một công ty và họ đã trả lời đồng ý nhưng không ký hợp đồng. Theo Điều 386 của Bộ Luật Dân sự 2015, việc công ty trả lời đồng ý không ký hợp đồng không đủ để coi là đã giao kết hợp đồng, vì theo điều luật này, việc giao kết hợp đồng cần phải có sự ký kết bằng văn bản.

Tuy nhiên, theo Điều 393 của cùng một điều luật, chấp nhận đề nghị giao kết hợp đồng là sự trả lời của bên được đề nghị về việc chấp nhận toàn bộ nội dung của đề nghị. Nếu bên được đề nghị không ký hợp đồng nhưng vẫn trả lời đồng ý, thì sự im lặng của họ không được coi là chấp nhận đề nghị giao kết hợp đồng, trừ trường hợp có thỏa thuận hoặc theo thói quen đã được xác lập giữa các"
syn_808_1768633538,"Tôi vừa mất người thân do tai nạn giao thông, liệu tôi có được bồi thường chi phí mai táng và tiền cấp dưỡng cho các con của người đã mất không?",Điều 591 - Bộ luật Dân sự 2015,True,0.6666666666666666,0.5022026431718062,"**Căn cứ pháp luật:** [Tên điều luật] - [Tên văn bản luật]

**Nội dung quy định:**
- Theo Điều 591 của Bộ luật Dân sự 2015, thiệt hại do tính mạng bị xâm phạm bao gồm: a) Thiệt hại do sức khỏe bị xâm phạm theo quy định tại Điều 590 của Bộ luật này; b) Chi phí hợp lý cho việc mai táng; c) Tiền cấp dưỡng cho những người mà người bị thiệt hại có nghĩa vụ cấp dưỡng; d) Thiệt hại khác do luật quy định.
- Điều 593 của Bộ luật Dân sự 2015 quy định về thời hạn hưởng bồi thường thiệt hại do tính mạng, sức khỏe bị xâm phạm, trong đó quy định về tiền cấp dưỡng cho những người mà người bị thiệt hại có nghĩa vụ cấp dưỡng.

**Phân tích & Hướng dẫn:**
Theo quy định tại Điều 591, chi phí hợp lý cho việc mai táng và tiền cấp dưỡng cho những người mà người bị thiệt hại có nghĩa vụ cấp dưỡng đều nằm trong danh sách thiệt hại do tính mạng bị xâm phạm. Điều này đồng nghĩa rằng bạn có quyền yêu cầu bồi thường chi phí mai táng và tiền cấp dưỡng cho các con của người đã mất.

Đối với chi phí mai táng, theo Điều 591, khoản bồi thường này sẽ bao gồm chi phí hợp lý cho việc mai táng, phù hợp với tập quán địa phương.

Về tiền cấp dưỡng, theo Điều 593 của Bộ luật Dân sự 2015, nếu người bị thiệt hại mất hoàn toàn khả năng lao động, những người mà người bị thiệt hại có nghĩa vụ cấp dưỡng sẽ được hưởng tiền cấp dưỡng từ thời điểm mất hoàn toàn khả năng lao động cho đến khi chết. Nếu người bị thiệt hại chết và không còn người mà người bị thiệt hại có nghĩa vụ cấp dưỡng, thì người mà người bị thiệt hại đã trực tiếp nuôi dưỡng hoặc người đã trực tiếp nuôi dưỡng người bị thiệt hại sẽ được hưởng tiền cấp dưỡng.

Do vậy, bạn có quyền yêu cầu bồi thường chi phí mai táng và tiền cấp dưỡng cho các con của người đã mất theo quy định của pháp luật. Việc cụ thể hóa mức bồi thường cần căn cứ vào các điều kiện cụ thể của từng trường hợp, bao gồm sức khỏe của người"
syn_745_1768633105,"Tôi vừa mua vé máy bay và bị thương trong quá trình lên máy bay, vậy tôi có được bồi thường không?",Điều 528 - Bộ luật Dân sự 2015,False,1.0,0.39567567567567563,"**Căn cứ pháp lý:**
- [Tài liệu 1] - Bộ luật Dân sự 2015 - Điều 541

**Nội dung quy định:**
1. Bên vận chuyển phải bồi thường thiệt hại cho bên thuê vận chuyển nếu để tài sản bị mất hoặc hư hỏng, trừ trường hợp quy định tại khoản 3 Điều 536 của Bộ luật này.
2. Bên thuê vận chuyển phải bồi thường thiệt hại cho bên vận chuyển và người thứ ba về thiệt hại do tài sản vận chuyển có tính chất nguy hiểm, độc hại mà không có biện pháp đóng gói, bảo đảm an toàn trong quá trình vận chuyển.
3. Trường hợp bất khả kháng dẫn đến tài sản vận chuyển bị mất, hư hỏng hoặc bị hủy hoại trong quá trình vận chuyển thì bên vận chuyển không phải chịu trách nhiệm bồi thường thiệt hại, trừ trường hợp có thỏa thuận khác hoặc pháp luật có quy định khác.

**Phân tích & Hướng dẫn:**
Theo Điều 541 của Bộ Luật Dân sự 2015, bên vận chuyển sẽ phải chịu trách nhiệm bồi thường thiệt hại cho bên thuê vận chuyển nếu xảy ra mất mát hay hư hỏng đối với tài sản vận chuyển. Tuy nhiên, điều kiện là phải có thiệt hại thực tế và không phải là trường hợp bất khả kháng. 

Trong trường hợp bạn đã mua vé máy bay và bị thương trong quá trình lên máy bay, nếu bạn có chứng nhận y tế hoặc giấy tờ liên quan chứng minh rằng thương tích này là do máy bay gây ra (ví dụ: tai nạn hàng không), thì có thể bạn sẽ được bồi thường bởi hãng hàng không.

Điều này dựa trên nguyên tắc rằng bên vận chuyển (máy bay) có trách nhiệm bồi thường thiệt hại nếu xảy ra do lỗi của họ, trừ trường hợp là bất khả kháng. 

Nếu thương tích bạn gặp phải không được xác định là do máy bay gây ra hoặc không đủ điều kiện để yêu cầu bồi thường theo quy định, bạn có thể cần tìm kiếm hỗ trợ từ cơ quan quản lý hàng không hoặc cơ quan có thẩm quyền khác để xác định trách nhiệm cụ thể."
syn_1592_1768642756_1,"Công ty tôi đã từng bị phát hiện sử dụng giấy tờ giả và bị phạt, nhưng gần đây chúng tôi lại gặp phải tình huống tương tự. Nếu tôi tiếp tục tái phạm, mức phạt sẽ như thế nào?",Điều 341 - Bộ luật Hình sự (Văn bản hợp nhất 2017),True,0.3333333333333333,0.5789473684210525,"**CĂN CỨ PHÁP LUẬT THAM KHẢO:**
--- [Tài liệu 1] ---
Văn bản: Bộ luật Hình sự (Văn bản hợp nhất 2017)
Nội dung: Điều 341. Tội làm giả con dấu, tài liệu của cơ quan, tổ chức; tội sử dụng con dấu hoặc tài liệu giả của cơ quan, tổ chức [348]

---

**Câu hỏi:**
Công ty tôi đã từng bị phát hiện sử dụng giấy tờ giả và bị phạt, nhưng gần đây chúng tôi lại gặp phải tình huống tương tự. Nếu tôi tiếp tục tái phạm, mức phạt sẽ như thế nào?

**CĂN CỨ PHÁP LUẬT THAM KHẢO:**
--- [Tài liệu 1] ---
Văn bản: Bộ luật Hình sự (Văn bản hợp nhất 2017)
Nội dung: Điều 341. Tội làm giả con dấu, tài liệu của cơ quan, tổ chức; tội sử dụng con dấu hoặc tài liệu giả của cơ quan, tổ chức [348]

---

**PHÂN TÍCH VÀ HƯỚNG DẪN:**

Theo Điều 341 của Bộ Luật Hình sự (Văn bản hợp nhất 2017), có những trường hợp cụ thể mà nếu bị phát hiện sử dụng giấy tờ giả, mức phạt có thể tăng lên. Cụ thể:

1. **Phạm tội thuộc một trong các trường hợp sau đây, thì bị phạt tù từ 02 năm đến 05 năm:**
   - Có tổ chức;
   - Phạm tội 02 lần trở lên;
   - Làm từ 02 con dấu, tài liệu hoặc giấy tờ khác đến 05 con dấu, tài liệu hoặc giấy tờ khác;
   - Sử dụng con dấu, tài liệu hoặc giấy tờ khác thực hiện tội phạm ít nghiêm trọng hoặc tội phạm nghiêm trọng;
   - Thu lợi bất chính từ 10.000.000 đồng đến dưới 50.000.000 đồng;
   - Tái phạm nguy hiểm.

2. **Phạm tội thuộc một trong các trường hợp sau đây, thì bị phạt tù từ 03 năm đến 07 năm:**
   - Làm 06 con dấu, tài liệu hoặc giấy tờ khác trở lên;"
syn_119_1768628639,Tôi đã là cổ đông sáng lập của công ty được 4 năm và muốn chuyển nhượng cổ phần mà tôi đã mua thêm sau khi công ty thành lập. Liệu tôi có cần phải xin sự chấp thuận từ Đại hội đồng cổ đông không?,Điều 120 - Luật Doanh nghiệp 2020,True,1.0,0.5406922357343311,"**Căn cứ pháp lý:**
Điều 120. Cổ phần phổ thông của cổ đông sáng lập - Luật Doanh nghiệp 2020

**Nội dung quy định:**
Theo Điều 120 của Luật Doanh nghiệp 2020, cổ phần phổ thông của cổ đông sáng lập được tự do chuyển nhượng cho cổ đông sáng lập khác và chỉ được chuyển nhượng cho người không phải là cổ đông sáng lập nếu được sự chấp thuận của Đại hội đồng cổ đông. Tuy nhiên, Điều 120 cũng quy định rằng trong trường hợp này, cổ đông sáng lập dự định chuyển nhượng cổ phần phổ thông thì không có quyền biểu quyết về việc chuyển nhượng cổ phần đó.

**Phân tích & Hướng dẫn:**
Theo quy định trên, bạn đã là cổ đông sáng lập của công ty 4 năm và muốn chuyển nhượng cổ phần mà bạn đã mua thêm sau khi công ty thành lập. Theo điều 120, cổ phần phổ thông của cổ đông sáng lập được tự do chuyển nhượng cho cổ đông sáng lập khác và chỉ được chuyển nhượng cho người không phải là cổ đông sáng lập nếu được sự chấp thuận của Đại hội đồng cổ đông.

Tuy nhiên, điều 120 cũng nêu rõ rằng nếu cổ đông sáng lập chuyển nhượng cổ phần phổ thông, không có quyền biểu quyết về việc chuyển nhượng cổ phần đó. Điều này có nghĩa là, bạn sẽ không cần phải xin sự chấp thuận từ Đại hội đồng cổ đông để thực hiện việc chuyển nhượng cổ phần của mình, trừ trường hợp có sự thay đổi về điều lệ công ty hoặc có quy định cụ thể khác.

Như vậy, căn cứ vào quy định trên, bạn hoàn toàn có quyền tự do chuyển nhượng cổ phần mà bạn đã mua thêm sau khi công ty thành lập, không cần phải xin sự chấp thuận từ Đại hội đồng cổ đông."
syn_960_1768634537,"Gia đình tôi đang trong quá trình ly hôn, nhưng tôi muốn biết về quy trình hòa giải tại Tòa án có thể diễn ra trong bao lâu?",Điều 54 - Luật Hôn nhân và Gia đình 2014,True,1.0,0.42388059701492536,"**Căn cứ pháp lý:**
--- [Tài liệu 1] ---
Văn bản: Luật Hôn nhân và Gia đình 2014
Nội dung: Điều 54. Hòa giải tại Tòa án Sau khi đã thụ lý đơn yêu cầu ly hôn, Tòa án tiến hành hòa giải theo quy định của pháp luật về tố tụng dân sự.

**Nội dung quy định:**
Điều 54 của Luật Hôn nhân và Gia đình 2014 quy định về việc Tòa án tiến hành hòa giải sau khi đã thụ lý đơn yêu cầu ly hôn theo quy định của pháp luật về tố tụng dân sự.

**Phân tích & Hướng dẫn:**
Theo Điều 54 của Luật Hôn nhân và Gia đình 2014, sau khi thụ lý đơn yêu cầu ly hôn, Tòa án sẽ tiến hành hòa giải theo quy định của pháp luật về tố tụng dân sự. Tuy nhiên, quy định cụ thể về thời hạn hòa giải không được nêu rõ trong văn bản pháp luật này. 

Trong thực tế, thời hạn hòa giải có thể thay đổi tùy thuộc vào quy định của pháp luật tố tụng dân sự hiện hành và quy định cụ thể của Tòa án nơi bạn đang yêu cầu ly hôn. Thông thường, hòa giải sẽ được tiến hành trong một số tuần hoặc tháng, nhưng không có quy định cụ thể về thời gian tối đa cho việc hòa giải.

Trong trường hợp gia đình bạn đang gặp khó khăn trong quá trình hòa giải, hoặc nếu bạn cần thời gian thêm để chuẩn bị cho hòa giải, bạn nên liên hệ với Tòa án để thông báo và tìm kiếm sự hỗ trợ từ cơ quan chức năng. Nếu hòa giải không thành công, Tòa án sẽ xem xét việc đưa ra phán quyết ly hôn dựa trên các căn cứ như quy định tại Điều 56 của Luật Hôn nhân và Gia đình 2014."
syn_713_1768632901,"Tôi đã mượn một chiếc xe của bạn và trong quá trình sử dụng, xe bị hư hỏng nhẹ. Tôi cần sửa chữa nhưng không biết có phải báo với bạn không?",Điều 496 - Bộ luật Dân sự 2015,True,1.0,0.6696730552423901,"**Căn cứ pháp lý:**
---
- **Văn bản:** Bộ luật Dân sự 2015
- **Tên điều luật:** Điều 496 - Nghĩa vụ của bên mượn tài sản

**Nội dung quy định:**
1. Giữ gìn, bảo quản tài sản mượn, không được tự ý thay đổi tình trạng của tài sản; nếu tài sản bị hư hỏng thông thường thì phải sửa chữa.
2. Không được cho người khác mượn lại, nếu không có sự đồng ý của bên cho mượn.
3. Trả lại tài sản mượn đúng thời hạn; nếu không có thỏa thuận về thời hạn trả lại tài sản thì bên mượn phải trả lại tài sản ngay sau khi mục đích mượn đã đạt được.
4. Bồi thường thiệt hại, nếu làm mất, hư hỏng tài sản mượn.
5. Bên mượn tài sản phải chịu rủi ro đối với tài sản mượn trong thời gian chậm trả.

**Phân tích & Hướng dẫn:**
Theo Điều 496 của Bộ Luật Dân sự 2015, bên mượn (tức bạn) có nghĩa vụ giữ gìn và bảo quản tài sản mượn, trong đó bao gồm việc sửa chữa nếu tài sản bị hư hỏng thông thường. 

Trong trường hợp này, xe của bạn bị hư hỏng nhẹ trong quá trình sử dụng. Theo quy định, bạn cần phải sửa chữa xe. Tuy nhiên, quy định không yêu cầu bạn phải báo với bên cho mượn (người mượn xe) trước khi thực hiện việc sửa chữa. 

Tuy nhiên, việc báo cáo có thể giúp tránh hiểu lầm và đảm bảo rằng bên cho mượn nhận thức được về tình trạng tài sản mượn. Nếu bạn không báo cáo, bên cho mượn có thể không chịu trách nhiệm về thiệt hại mà bạn gây ra khi sửa chữa.

Tóm lại, bạn có thể tự sửa chữa xe mà không cần báo với bên cho mượn, nhưng tốt hơn cả là nên báo cáo với họ để tránh bất kỳ hiểu lầm nào có thể xảy ra."
syn_357_1768630545,"Gia đình tôi đang có tranh chấp về tài sản, và tôi đã ủy quyền cho một luật sư để đại diện cho tôi. Nhưng bây giờ tôi muốn chấm dứt việc ủy quyền này. Tôi có thể làm như thế nào?",Điều 140 - Bộ luật Dân sự 2015,True,1.0,0.3810344827586207,"**Căn cứ pháp lý:**
--- [Tài liệu 1] ---
Văn bản: Luật Hôn nhân và Gia đình 2014
Nội dung: Điều 24. Căn cứ xác lập đại diện giữa vợ và chồng

--- [Tài liệu 3] ---
Văn bản: Bộ luật Dân sự 2015
Nội dung: Điều 140. Thời hạn đại diện

**Nội dung quy định:**
Điều 24 của Luật Hôn nhân và Gia đình 2014 quy định rằng vợ, chồng có quyền đơn phương chấm dứt việc đại diện mà không cần sự đồng ý của đối tác, trừ trường hợp được quy định tại Điều 24. Điều 140 của Bộ luật Dân sự 2015 cũng quy định rõ về việc chấm dứt đại diện theo ủy quyền, trong đó có trường hợp đơn phương chấm dứt hợp đồng ủy quyền.

**Phân tích & Hướng dẫn:**
Theo Điều 24 của Luật Hôn nhân và Gia đình 2014, bạn có quyền đơn phương chấm dứt việc ủy quyền cho luật sư đại diện cho bạn. Bạn chỉ cần gửi thông báo bằng văn bản cho luật sư về việc chấm dứt việc ủy quyền. 

Theo Điều 140 của Bộ luật Dân sự 2015, nếu hợp đồng ủy quyền không có thù lao, bên được ủy quyền có quyền đơn phương chấm dứt hợp đồng bất cứ lúc nào, và cần báo trước cho bên ủy quyền một thời gian hợp lý. Do vậy, bạn cũng cần báo trước cho luật sư một thời gian hợp lý về việc chấm dứt việc ủy quyền.

Lưu ý rằng, việc chấm dứt hợp đồng ủy quyền không ảnh hưởng đến các giao dịch đã được thực hiện trước khi bạn chấm dứt ủy quyền, trừ khi bên được ủy quyền đã không báo cáo hoặc không tuân thủ đúng các quy định về việc chấm dứt hợp đồng. 

Do đó, bạn nên thực hiện việc chấm dứt ủy quyền theo đúng quy định của pháp luật để tránh những rủi ro không mong muốn trong quá trình giải quyết tranh chấp tài sản."
syn_1238_1768639908_1,"Gia đình tôi có một số công nhân làm việc trong một nhà máy, và họ đã gửi đơn tới Ban trọng tài lao động nhưng đến nay vẫn chưa có quyết định giải quyết. Vậy nếu Ban trọng tài không ra quyết định, họ có quyền đình công không?",Điều 199 - Bộ luật Lao động 2019,False,1.0,0.43956043956043955,"**Căn cứ pháp lý:** Điều 197, Điều 193 và Điều 189 - Bộ Luật Lao động 2019

**Nội dung quy định:**
- Theo Điều 197 và Điều 193 của Bộ Luật Lao động 2019, khi Ban trọng tài lao động không ra quyết định giải quyết tranh chấp sau thời hạn quy định, các bên tranh chấp có quyền yêu cầu Tòa án giải quyết.
- Điều 189 cũng quy định tương tự, khi Ban trọng tài lao động không ra quyết định giải quyết tranh chấp sau thời hạn quy định, các bên tranh chấp có quyền yêu cầu Tòa án giải quyết.

**Phân tích & Hướng dẫn:**
Theo các quy định trên, nếu Ban trọng tài lao động không ra quyết định giải quyết tranh chấp sau thời hạn quy định (30 ngày kể từ ngày được thành lập), các bên tranh chấp có quyền yêu cầu Tòa án giải quyết tranh chấp. 

Đối với trường hợp bạn mô tả, gia đình bạn gồm các công nhân làm việc trong nhà máy đã gửi đơn yêu cầu giải quyết tranh chấp đến Ban trọng tài lao động nhưng vẫn chưa nhận được quyết định giải quyết. Theo quy định của Bộ Luật Lao động 2019, nếu Ban trọng tài lao động không ra quyết định giải quyết tranh chấp sau thời hạn 30 ngày kể từ ngày nhận được yêu cầu giải quyết, các bên tranh chấp có quyền yêu cầu Tòa án giải quyết.

Như vậy, trong trường hợp này, các công nhân có quyền đình công theo quy định tại Mục 5 của Điều 193 và Mục 5 của Điều 189 của Bộ Luật Lao động 2019. Tuy nhiên, cần lưu ý rằng việc đình công phải tuân thủ theo quy định của pháp luật về đình công và không được vượt quá mức độ cần thiết.

Vì vậy, trước khi quyết định đình công, gia đình bạn nên liên hệ với Ban trọng tài lao động để thảo luận và tìm kiếm giải pháp hòa giải thay vì trực tiếp yêu cầu đình công."
syn_867_1768633910,"Tôi có một người bà đã lập di chúc, nhưng trong di chúc không đề cập đến một phần tài sản. Nếu bà tôi mất, phần tài sản chưa được định đoạt sẽ được chia như thế nào?",Điều 650 - Bộ luật Dân sự 2015,False,1.0,0.39733840304182505,"**Căn cứ pháp lý:** 
- Văn bản: Bộ luật Dân sự 2015
- Nội dung: Điều 642. Di chúc bị thất lạc, hư hại

**Nội dung quy định:**
1. Kể từ thời điểm mở thừa kế, nếu bản di chúc bị thất lạc hoặc bị hư hại đến mức không thể hiện được đầy đủ ý chí của người lập di chúc và cũng không có bằng chứng nào chứng minh được ý nguyện đích thực của người lập di chúc thì coi như không có di chúc và áp dụng các quy định về thừa kế theo pháp luật.
2. Trường hợp di sản chưa chia mà tìm thấy di chúc thì di sản được chia theo di chúc.
3. Trong thời hiệu yêu cầu chia di sản, trường hợp di sản đã chia mà tìm thấy di chúc thì phải chia lại theo di chúc nếu người thừa kế theo di chúc yêu cầu.

**Phân tích & Hướng dẫn:**
Theo quy định tại Điều 642 của Bộ luật Dân sự 2015, nếu trong quá trình mở thừa kế, bản di chúc của người bà bị thất lạc hoặc bị hư hại đến mức không thể hiện được đầy đủ ý chí của bà và không có bằng chứng nào chứng minh được ý nguyện đích thực của bà, thì coi như không có di chúc và di sản sẽ được chia theo pháp luật.

Tuy nhiên, nếu trong quá trình mở thừa kế, bạn phát hiện ra di chúc và di sản chưa chia mà tìm thấy di chúc, theo quy định tại Điều 642, 2, việc di sản sẽ được chia theo di chúc. Điều này có nghĩa rằng, phần tài sản chưa được định đoạt sẽ được phân chia dựa trên nội dung của di chúc, nếu di chúc có chứa thông tin về cách phân chia tài sản. 

Nếu di chúc không xác định rõ phần của từng người thừa kế, theo Điều 659 của Bộ luật Dân sự 2015, di sản sẽ được chia đều cho những người được chỉ định trong di chúc, trừ trường hợp có thỏa thuận khác.

Như vậy, nếu người bà của bạn đã lập di chúc và trong di chúc có đề cập đến cách phân chia tài sản, phần tài sản chưa"
syn_614_1768632304,"Tôi đang trong quá trình thương thảo hợp đồng và đã gửi thông báo chấp nhận. Nếu tôi quyết định thay đổi ý kiến vào phút cuối, tôi có thể rút lại thông báo này hay không?",Điều 397 - Bộ luật Dân sự 2015,True,0.0,0.5272067714631197,"**CĂN CỨ PHÁP LUẬT THAM KHẢO:**
---
[Tài liệu 1] ---
Văn bản: Bộ luật Dân sự 2015
Nội dung: Điều 397. Rút lại thông báo chấp nhận giao kết hợp đồng Bên được đề nghị giao kết hợp đồng có thể rút lại thông báo chấp nhận giao kết hợp đồng, nếu thông báo về việc rút lại này đến trước hoặc cùng với thời điểm bên đề nghị nhận được trả lời chấp nhận giao kết hợp đồng.

[Tài liệu 2] ---
Văn bản: Bộ luật Dân sự 2015
Nội dung: Điều 391. Chấm dứt đề nghị giao kết hợp đồng Đề nghị giao kết hợp đồng chấm dứt trong trường hợp sau đây: 1. Bên được đề nghị chấp nhận giao kết hợp đồng;

[Tài liệu 3] ---
Văn bản: Bộ luật Dân sự 2015
Nội dung: Điều 389. Thay đổi, rút lại đề nghị giao kết hợp đồng 1. Bên đề nghị giao kết hợp đồng có thể thay đổi, rút lại đề nghị giao kết hợp đồng trong trường hợp sau đây: a) Bên được đề nghị nhận được thông báo về việc thay đổi hoặc rút lại đề nghị trước hoặc cùng với thời điểm nhận được đề nghị;

**CÂU HỎI:**
Tôi đang trong quá trình thương thảo hợp đồng và đã gửi thông báo chấp nhận. Nếu tôi quyết định thay đổi ý kiến vào phút cuối, tôi có thể rút lại thông báo này hay không?

**TRẢ LỜI:**
Theo quy định tại Điều 397 của Bộ Luật Dân sự 2015, bên được đề nghị giao kết hợp đồng có quyền rút lại thông báo chấp nhận giao kết hợp đồng nếu thông báo về việc rút lại này đến trước hoặc cùng với thời điểm bên đề nghị nhận được trả lời chấp nhận giao kết hợp đồng. 

Trong trường hợp bạn đã gửi thông báo chấp nhận và sau đó quyết định thay đổi ý kiến, bạn hoàn toàn có quyền rút lại thông báo chấp nhận đó theo quy định trên. Điều này nghĩa là bạn cần đảm bảo rằng thông báo về việc rút lại thông báo chấp nhận của mình phải đến trước hoặc cùng thời điểm với thông báo chấp nhận từ phía bên đề nghị g"
syn_1245_1768639948_1,"Vợ tôi là một trong những người lao động tham gia đình công và hôm nay họ đã quyết định ngừng đình công. Nếu chúng tôi muốn đóng cửa tạm thời nơi làm việc trong ngày hôm nay, điều đó có hợp pháp không?",Điều 206 - Bộ luật Lao động 2019,False,0.6666666666666666,0.3151515151515151,"**Căn cứ pháp lý:**
---
[Văn bản]: Bộ luật Lao động 2019  
[Nội dung]: Điều 203. Quyền của các bên trước và trong quá trình đình công  
1. Tiếp tục thỏa thuận để giải quyết nội dung tranh chấp lao động tập thể hoặc cùng đề nghị hòa giải viên lao động, Hội đồng trọng tài lao động tiến hành hòa giải, giải quyết tranh chấp lao động.  
2. Tổ chức đại diện người lao động có quyền tổ chức và lãnh đạo đình công theo quy định tại Điều 198 của Bộ luật này có quyền sau đây: a) Rút quyết định đình công nếu chưa đình công hoặc chấm dứt đình công nếu đang đình công; b) Yêu cầu Tòa án tuyên bố cuộc đình công là hợp pháp.  
3. Người sử dụng lao động có quyền sau đây: a) Chấp nhận toàn bộ hoặc một phần yêu cầu và thông báo bằng văn bản cho tổ chức đại diện người lao động đang tổ chức và lãnh đạo đình công; b) Đóng cửa tạm thời nơi làm việc trong thời gian đình công do không đủ điều kiện để duy trì hoạt động bình thường hoặc để bảo vệ tài sản; c) Yêu cầu Tòa án tuyên bố cuộc đình công là bất hợp pháp.

**Căn cứ pháp lý:**
---
[Văn bản]: Bộ luật Lao động 2019  
[Nội dung]: Điều 205. Thông báo quyết định đóng cửa tạm thời nơi làm việc  
Ít nhất 03 ngày làm việc trước ngày đóng cửa tạm thời nơi làm việc, người sử dụng lao động phải niêm yết công khai quyết định đóng cửa tạm thời nơi làm việc tại nơi làm việc và thông báo cho các cơ quan, tổ chức sau đây: 1. Tổ chức đại diện người lao động đang tổ chức và lãnh đạo đình công; 2. Ủy ban nhân dân cấp tỉnh có nơi làm việc dự kiến đóng cửa; 3. Ủy ban nhân dân cấp huyện có nơi làm việc dự kiến đóng cửa.

---

**Phân tích & Hướng dẫn:**
---
Theo Điều 203, tổ chức đại diện người lao động có quyền rút quyết định đình công nếu chưa đình công hoặc chấm dứt đình công nếu đang đình công. Điều này cho thấy quyền quyết định đóng cửa tạm thời nơi làm việc thuộc về người sử"
syn_714_1768632906,"Tôi muốn mượn một chiếc xe của bạn tôi để đi du lịch nhưng không chắc chắn về việc sử dụng xe có đúng mục đích hay không, tôi phải làm gì?",Điều 497 - Bộ luật Dân sự 2015,True,0.3333333333333333,0.49473684210526314,"**CĂN CỨ PHÁP LUẬT THAM KHẢO:**

- **Tài liệu 1:** Bộ luật Dân sự 2015, Điều 480 (Quy định về nghĩa vụ sử dụng tài sản thuê)
- **Tài liệu 2:** Bộ luật Dân sự 2015, Điều 497 (Quyền của bên mượn tài sản)
- **Tài liệu 3:** Bộ luật Dân sự 2015, Điều 499 (Quyền của bên cho mượn tài sản)

**Nội dung quy định:**

- **Điều 480 (Bộ luật Dân sự 2015):**
  1. Bên thuê phải sử dụng tài sản thuê theo đúng công dụng của tài sản và đúng mục đích đã thỏa thuận.
  2. Trường hợp bên thuê sử dụng tài sản không đúng mục đích, không đúng công dụng thì bên cho thuê có quyền đơn phương chấm dứt thực hiện hợp đồng và yêu cầu bồi thường thiệt hại.

- **Điều 497 (Bộ luật Dân sự 2015):**
  1. Được sử dụng tài sản mượn theo đúng công dụng của tài sản và đúng mục đích đã thỏa thuận.
  2. Yêu cầu bên cho mượn thanh toán chi phí hợp lý về việc sửa chữa hoặc làm tăng giá trị tài sản mượn, nếu có thỏa thuận.
  3. Không phải chịu trách nhiệm về những hao mòn tự nhiên của tài sản mượn.

- **Điều 499 (Bộ luật Dân sự 2015):**
  1. Đòi lại tài sản ngay sau khi bên mượn đạt được mục đích nếu không có thỏa thuận về thời hạn mượn; nếu bên cho mượn có nhu cầu đột xuất và cấp bách cần sử dụng tài sản cho mượn thì được đòi lại tài sản đó mặc dù bên mượn chưa đạt được mục đích, nhưng phải báo trước một thời gian hợp lý.
  2. Đòi lại tài sản khi bên mượn sử dụng không đúng mục đích, công dụng, không đúng cách thức đã thỏa thuận hoặc cho người khác mượn lại mà không có sự đồng ý của bên cho mượn"
syn_1109_1768639138_1,Vợ tôi là thành viên của tổ chức đại diện người lao động và gần đây cô ấy tham gia một cuộc họp thương lượng tập thể. Tôi muốn biết liệu thời gian tham gia đó có được tính là thời gian làm việc có hưởng lương không?,Điều 70 - Bộ luật Lao động 2019,True,1.0,0.4373297002724795,"**Căn cứ pháp lý:**
Điều 70. Quy trình thương lượng tập thể tại doanh nghiệp - Bộ luật Lao động 2019

**Nội dung quy định:**
1. Trong thời hạn 07 ngày làm việc kể từ ngày nhận được yêu cầu và nội dung thương lượng, các bên thỏa thuận về địa điểm, thời gian bắt đầu thương lượng.
2. Thời gian bắt đầu thương lượng không được quá 30 ngày kể từ ngày nhận được yêu cầu thương lượng tập thể.
3. Thời gian tham gia các phiên họp thương lượng tập thể của đại diện bên người lao động được tính là thời gian làm việc có hưởng lương.

**Phân tích & Hướng dẫn:**
Theo quy định tại Điều 70, Khoản 3, Bộ luật Lao động 2019, thời gian tham gia các phiên họp thương lượng tập thể của đại diện bên người lao động được tính là thời gian làm việc có hưởng lương. 

Trong trường hợp của bạn, vợ bạn là thành viên của tổ chức đại diện người lao động và đã tham gia một cuộc họp thương lượng tập thể. Do đó, thời gian tham gia cuộc họp đó có thể được tính là thời gian làm việc có hưởng lương theo quy định của pháp luật.

Tuy nhiên, bạn nên kiểm tra kỹ biên bản cuộc họp thương lượng tập thể để chắc chắn rằng đã có ghi nhận về việc thời gian tham gia cuộc họp được tính là thời gian làm việc có hưởng lương. Nếu không, bạn có thể cần liên hệ với bên tổ chức đại diện người lao động để xác minh lại thông tin này."
syn_831_1768633692,"Tôi có 2 anh chị em, và chúng tôi cùng thừa kế tài sản từ cha mẹ, vậy thời điểm nào chúng tôi chính thức có quyền và nghĩa vụ đối với tài sản đó?",Điều 614 - Bộ luật Dân sự 2015,False,0.6666666666666666,0.3559096945551129,"**Căn cứ pháp lý:**
--- [Tài liệu 1] ---
Văn bản: Bộ luật Dân sự 2015
Nội dung: Điều 651. Người thừa kế theo pháp luật 1. Những người thừa kế theo pháp luật được quy định theo thứ tự sau đây: a) Hàng thừa kế thứ nhất gồm: vợ, chồng, cha đẻ, mẹ đẻ, cha nuôi, mẹ nuôi, con đẻ, con nuôi của người chết; b) Hàng thừa kế thứ hai gồm: ông nội, bà nội, ông ngoại, bà ngoại, anh ruột, chị ruột, em ruột của người chết; cháu ruột của người chết mà người chết là ông nội, bà nội, ông ngoại, bà ngoại; c) Hàng thừa kế thứ ba gồm: cụ nội, cụ ngoại của người chết; bác ruột, chú ruột, cậu ruột, cô ruột, dì ruột của người chết; cháu ruột của người chết mà người chết là bác ruột, chú ruột, cậu ruột, cô ruột, dì ruột; chắt ruột của người chết mà người chết là cụ nội, cụ ngoại.

**Phân tích & Hướng dẫn:**
Theo Điều 651 của Bộ Luật Dân sự 2015, hàng thừa kế thứ nhất bao gồm con đẻ, con nuôi của người chết. Trong trường hợp bạn và anh chị em cùng là con đẻ của cha mẹ, khi cha mẹ qua đời, các bạn sẽ cùng trở thành người thừa kế theo pháp luật. Tuy nhiên, điều này chỉ có nghĩa là bạn và anh chị em cùng có quyền thừa kế, chứ chưa phải là bạn và anh chị em đã chính thức có nghĩa vụ về tài sản đó ngay từ thời điểm cha mẹ qua đời.

Thời điểm chính thức bạn và anh chị em có quyền và nghĩa vụ đối với tài sản là khi cha mẹ của bạn đã thực sự qua đời. Từ thời điểm đó, các bạn sẽ bắt đầu có nghĩa vụ tuân thủ các quy định về việc phân chia di sản theo pháp luật. Bạn và anh chị em sẽ phải xác định xem mình thuộc hàng thừa kế nào trong thứ tự của Điều 651, và có thể nhận được phần di sản tương ứng dựa trên quy định về việc hưởng phần di sản bằng nhau của Điều 6"
syn_222_1768629465,Tôi có một doanh nghiệp nhỏ và không có hợp đồng cụ thể với nhà cung cấp. Tình huống này có thể áp dụng tập quán thương mại địa phương để giải quyết vấn đề không?,Điều 5 - Bộ luật Dân sự 2015,True,1.0,0.596562184024267,"**Căn cứ pháp lý:**
Điều 5. Áp dụng tập quán - Bộ luật Dân sự 2015

**Nội dung quy định:**
Theo Điều 5 của Bộ luật Dân sự 2015, tập quán là quy tắc xử sự có nội dung rõ ràng để xác định quyền, nghĩa vụ của cá nhân, pháp nhân trong quan hệ dân sự cụ thể, được hình thành và lặp đi lặp lại nhiều lần trong một thời gian dài, được thừa nhận và áp dụng rộng rãi trong một vùng, miền, dân tộc, cộng đồng dân cư hoặc trong một lĩnh vực dân sự. Trường hợp các bên không có thỏa thuận và pháp luật không quy định thì có thể áp dụng tập quán, nhưng tập quán áp dụng không được trái với các nguyên tắc cơ bản của pháp luật dân sự quy định tại Điều 3 của Bộ luật này.

**Phân tích & Hướng dẫn:**
Trong tình huống của bạn, doanh nghiệp nhỏ của mình không có hợp đồng cụ thể với nhà cung cấp, nhưng tập quán thương mại địa phương có thể được áp dụng để giải quyết vấn đề. Tuy nhiên, cần lưu ý rằng dù có sử dụng tập quán, nó không được phép trái với các nguyên tắc cơ bản của pháp luật dân sự.

Để đảm bảo tính pháp lý, bạn nên cân nhắc một số điểm sau:
1. **Xác định Tập quán**: Cần xác định cụ thể tập quán thương mại địa phương có liên quan đến vấn đề mà doanh nghiệp của bạn đang gặp phải hay không. Nếu có, tập quán đó cần được đánh giá về tính rõ ràng và phổ biến.
   
2. **Chấp nhận Trái Với Pháp Luật**: Nếu tập quán thương mại địa phương không trái với các nguyên tắc cơ bản của pháp luật dân sự (như quyền tự do kinh doanh, quyền sở hữu, quyền lợi cá nhân), thì có thể áp dụng tập quán đó. Tuy nhiên, cần chắc chắn rằng tập quán này được thừa nhận rộng rãi và được áp dụng tại địa phương của bạn.

3. **Hợp Đồng Văn Bản**: Thậm chí nếu có thể áp dụng tập quán, tốt nhất vẫn nên có một hợp đồng văn bản giữa doanh nghiệp và nhà cung cấp để tránh tranh chấp trong tương lai. Hợp đồng văn bản sẽ cung cấp cơ sở pháp lý rõ ràng và có thể giải quyết tranh chấp một"
syn_925_1768634302,"Tôi có một công việc yêu cầu tôi thường xuyên phải đi công tác xa nhà, vậy tôi có cần phải làm gì để bảo đảm nghĩa vụ vợ chồng trong thời gian tôi vắng nhà không?",Điều 19 - Luật Hôn nhân và Gia đình 2014,True,0.3333333333333333,0.44768856447688565,"**CĂN CỨ PHÁP LUẬT THAM KHẢO:**
--- [Tài liệu 1] ---
Văn bản: Luật Hôn nhân và Gia đình 2014
Nội dung: Điều 19. Tình nghĩa vợ chồng 1. Vợ chồng có nghĩa vụ thương yêu, chung thủy, tôn trọng, quan tâm, chăm sóc, giúp đỡ nhau; cùng nhau chia sẻ, thực hiện các công việc trong gia đình.

--- [Tài liệu 2] ---
Văn bản: Luật Hôn nhân và Gia đình 2014
Nội dung: Điều 29. Nguyên tắc chung về chế độ tài sản của vợ chồng 1. Vợ, chồng bình đẳng với nhau về quyền, nghĩa vụ trong việc tạo lập, chiếm hữu, sử dụng, định đoạt tài sản chung; không phân biệt giữa lao động trong gia đình và lao động có thu nhập. 2. Vợ, chồng có nghĩa vụ bảo đảm điều kiện để đáp ứng nhu cầu thiết yếu của gia đình.

**PHÂN TÍCH & HƯỚNG DẪN:**

Theo Điều 19 của Luật Hôn nhân và Gia đình 2014, vợ chồng có nghĩa vụ thương yêu, chung thủy, tôn trọng, quan tâm, chăm sóc, giúp đỡ nhau; cùng nhau chia sẻ, thực hiện các công việc trong gia đình. Điều này thể hiện rằng cả hai vợ chồng đều có nghĩa vụ đối với nhau, đặc biệt trong việc bảo đảm điều kiện để đáp ứng nhu cầu thiết yếu của gia đình.

Điều 29 cũng quy định về nguyên tắc chung về chế độ tài sản của vợ chồng, trong đó nhấn mạnh rằng vợ, chồng bình đẳng với nhau về quyền, nghĩa vụ trong việc tạo lập, chiếm hữu, sử dụng, định đoạt tài sản chung. Điều này có nghĩa là cả hai vợ chồng đều có trách nhiệm trong việc tạo lập và bảo đảm điều kiện cho nhu cầu thiết yếu của gia đình.

Nếu bạn thường xuyên phải đi công tác xa nhà, điều này có thể ảnh hưởng đến nhu cầu thiết yếu của gia đình. Để đảm bảo nghĩa vụ vợ chồng trong thời gian bạn vắng nhà, bạn nên:

1. **Chia sẻ nhiệm vụ:** Nên chia sẻ nhiệm vụ chăm sóc con cái, lo lắng về tài"
syn_1081_1768638995_1,"Tôi làm việc trong một nhà máy sản xuất và nghe nói rằng nhà máy sẽ thay đổi quy trình công nghệ, điều này có thể ảnh hưởng đến vị trí công việc của tôi. Tôi muốn hỏi, nếu có vị trí mới, công ty có phải ưu tiên đào tạo lại cho tôi không?",Điều 42 - Bộ luật Lao động 2019,True,0.0,0.8591331269349846,"**CĂN CỨ PHÁP LUẬT THAM KHẢO:**
--- [Tài liệu 1] ---
Văn bản: Bộ luật Lao động 2019
Nội dung: Điều 42. Nghĩa vụ của người sử dụng lao động trong trường hợp thay đổi cơ cấu, công nghệ hoặc vì lý do kinh tế 1. Những trường hợp sau đây được coi là thay đổi cơ cấu, công nghệ: a) Thay đổi cơ cấu tổ chức, tổ chức lại lao động; b) Thay đổi quy trình, công nghệ, máy móc, thiết bị sản xuất, kinh doanh gắn với ngành, nghề sản xuất, kinh doanh của người sử dụng lao động; c) Thay đổi sản phẩm hoặc cơ cấu sản phẩm. 2. Những trường hợp sau đây được coi là vì lý do kinh tế: a) Khủng hoảng hoặc suy thoái kinh tế; b) Thực hiện chính sách, pháp luật của Nhà nước khi cơ cấu lại nền kinh tế hoặc thực hiện cam kết quốc tế. 3. Trường hợp thay đổi cơ cấu, công nghệ mà ảnh hưởng đến việc làm của nhiều người lao động thì người sử dụng lao động phải xây dựng và thực hiện phương án sử dụng lao động theo quy định tại Điều 44 của Bộ luật này; trường hợp có chỗ làm việc mới thì ưu tiên đào tạo lại người lao động để tiếp tục sử dụng. 4. Trong trường hợp vì lý do kinh tế mà nhiều người lao động có nguy cơ mất việc làm, phải thôi việc thì người sử dụng lao động phải xây dựng và thực hiện phương án sử dụng lao động theo quy định tại Điều 44 của Bộ luật này. 5. Trong trường hợp người sử dụng lao động không thể giải quyết được việc làm mà phải cho người lao động thôi việc thì phải trả trợ cấp mất việc làm theo quy định tại Điều 47 của Bộ luật này. 6. Việc cho thôi việc đối với người lao động theo quy định tại Điều này chỉ được tiến hành sau khi đã trao đổi ý kiến với tổ chức đại diện người lao động tại cơ sở đối với nơi có tổ chức đại diện người lao động tại cơ sở mà người lao động là thành viên và thông báo trước 30 ngày cho Ủy ban"
syn_1075_1768638965_2,Công ty tôi đang gặp khó khăn tài chính và buộc phải giảm bớt nhân sự. Chúng tôi đã thử nhiều biện pháp nhưng không thành công. Vậy công ty có thể đơn phương chấm dứt hợp đồng lao động với nhân viên không?,Điều 36 - Bộ luật Lao động 2019,True,1.0,0.65438919582566,"**Căn cứ pháp lý:** 
- [Tài liệu 1] - Điều 36 của Bộ luật Lao động 2019

**Nội dung quy định:**
- Người sử dụng lao động có quyền đơn phương chấm dứt hợp đồng lao động trong trường hợp sau đây: 
  - a) Người lao động thường xuyên không hoàn thành công việc theo hợp đồng lao động được xác định theo tiêu chí đánh giá mức độ hoàn thành công việc trong quy chế của người sử dụng lao động.
  - b) Người lao động bị ốm đau, tai nạn đã điều trị 12 tháng liên tục đối với người làm việc theo hợp đồng lao động không xác định thời hạn hoặc đã điều trị 06 tháng liên tục đối với người làm việc theo hợp đồng lao động xác định thời hạn có thời hạn từ 12 tháng đến 36 tháng hoặc quá nửa thời hạn hợp đồng lao động đối với người làm việc theo hợp đồng lao động xác định thời hạn có thời hạn dưới 12 tháng mà khả năng lao động chưa hồi phục.
  - c) Do thiên tai, hỏa hoạn, dịch bệnh nguy hiểm, địch họa hoặc di dời, thu hẹp sản xuất, kinh doanh theo yêu cầu của cơ quan nhà nước có thẩm quyền mà người sử dụng lao động đã tìm mọi biện pháp khắc phục nhưng vẫn buộc phải giảm chỗ làm việc.
  - d) Người lao động không có mặt tại nơi làm việc sau thời hạn quy định tại Điều 31 của Bộ luật này.
  - e) Người lao động tự ý bỏ việc mà không có lý do chính đáng từ 05 ngày làm việc liên tục trở lên.
  - f) Người lao động cung cấp không trung thực thông tin theo quy định tại khoản 2 Điều 16 của Bộ luật này khi giao kết hợp đồng lao động làm ảnh hưởng đến việc tuyển dụng người lao động.
  
**Phân tích & Hướng dẫn:**
Theo quy định tại Điều 36 của Bộ luật Lao động 2019, công ty bạn có thể đơn phương chấm dứt hợp đồng lao động với nhân viên nếu nhân viên không hoàn thành công việc theo tiêu chí đánh giá mà công ty đã ban hành, hoặc nếu nhân viên thường xuyên không có mặt tại nơi làm"
syn_1095_1768639064_1,"Công ty tôi hiện đang cho thuê một nhóm lao động cho một bên khác, nhưng họ không cung cấp thông tin đầy đủ về công việc của nhân viên. Tôi có quyền yêu cầu họ thông báo nội dung hợp đồng cho thuê lại không?",Điều 56 - Bộ luật Lao động 2019,True,1.0,0.4778225806451613,"**Căn cứ pháp lý:** 
--- [Tài liệu 1] ---
Văn bản: Bộ luật Lao động 2019
Nội dung: Điều 56. Quyền và nghĩa vụ của doanh nghiệp cho thuê lại lao động

**Nội dung quy định:**
Theo Điều 56 của Bộ Luật Lao động 2019, doanh nghiệp cho thuê lại lao động có nghĩa vụ thông báo cho người lao động biết nội dung của hợp đồng cho thuê lại lao động.

**Phân tích & Hướng dẫn:**
Theo quy định tại Điều 56 của Bộ Luật Lao động 2019, doanh nghiệp cho thuê lại lao động (đồng nghĩa với công ty bạn) có nghĩa vụ thông báo cho người lao động biết nội dung của hợp đồng cho thuê lại lao động. Điều này đảm bảo quyền biết và hiểu rõ về hợp đồng lao động mà người lao động đã ký kết với bên thuê lại lao động, giúp họ nắm vững trách nhiệm cũng như quyền lợi của mình.

Trong trường hợp của bạn, nếu công ty bạn hiện đang cho thuê lao động cho một bên khác và họ không cung cấp thông tin đầy đủ về công việc của nhân viên, bạn hoàn toàn có quyền yêu cầu họ thông báo nội dung hợp đồng cho thuê lại lao động. Đây là quyền của bạn được đảm bảo bởi quy định pháp luật về quyền và nghĩa vụ của doanh nghiệp cho thuê lại lao động.

Để đảm bảo quyền lợi hợp pháp, bạn nên yêu cầu phía bên thuê lại lao động cung cấp thông tin chi tiết về hợp đồng cho thuê lại lao động, bao gồm các thông tin liên quan đến công việc, thời gian làm việc, mức lương, thời hạn hợp đồng, và bất kỳ điều khoản nào khác có liên quan. Nếu không nhận được thông tin đầy đủ, bạn có thể cần tìm cách giải quyết thông qua các kênh tố tụng hoặc thủ tục pháp lý nếu cần thiết."
syn_382_1768630702,"Tôi vừa phát hiện một chiếc xe máy bị bỏ quên ở công viên, tôi có thể giữ chiếc xe đó không?",Điều 165 - Bộ luật Dân sự 2015,False,1.0,0.40361990950226245,"**Căn cứ pháp lý:**
---
[Như trên, căn cứ pháp lý tham khảo là Điều 230 của Bộ luật Dân sự 2015]
---

**Nội dung quy định:**
---
1. Người phát hiện tài sản do người khác đánh rơi, bỏ quên mà biết được địa chỉ của người đánh rơi hoặc bỏ quên thì phải thông báo hoặc trả lại tài sản cho người đó; nếu không biết địa chỉ của người đánh rơi hoặc bỏ quên thì phải thông báo hoặc giao nộp cho Ủy ban nhân dân cấp xã hoặc công an cấp xã nơi gần nhất để thông báo công khai cho chủ sở hữu biết mà nhận lại.
2. Ủy ban nhân dân cấp xã hoặc công an cấp xã đã nhận tài sản phải thông báo cho người đã giao nộp về kết quả xác định chủ sở hữu.
3. Sau 01 năm, kể từ ngày thông báo công khai về tài sản do người khác đánh rơi, bỏ quên mà không xác định được chủ sở hữu hoặc chủ sở hữu không đến nhận thì quyền sở hữu đối với tài sản này được xác định như sau:
   a) Trường hợp tài sản bị đánh rơi, bỏ quên có giá trị nhỏ hơn hoặc bằng mười lần mức lương cơ sở do Nhà nước quy định thì người nhặt được được xác lập quyền sở hữu đối với tài sản đó theo quy định của Bộ luật này và quy định khác của pháp luật có liên quan;
   b) Trường hợp tài sản có giá trị lớn hơn mười lần mức lương cơ sở do Nhà nước quy định thì sau khi trừ chi phí bảo quản, người nhặt được được hưởng giá trị bằng mười lần mức lương cơ sở do Nhà nước quy định và 50% giá trị của phần vượt quá mười lần mức lương cơ sở do Nhà nước quy định, phần giá trị còn lại thuộc về Nhà nước;
   c) Trường hợp tài sản bị đánh rơi, bị bỏ quên là tài sản thuộc di tích lịch sử - văn hóa theo quy định của Luật di sản văn hóa thì tài sản đó thuộc về Nhà nước; người nhặt được tài sản được hưởng một khoản tiền thưởng theo quy định của pháp luật.
---

**Phân tích & Hướng dẫn:**
---
Trong trường hợp bạn phát hiện một chiếc xe máy bị bỏ quên ở công viên, bạn có thể thông báo hoặc giao nộp cho Ủy ban nhân dân cấp xã hoặc công an cấp xã nơi gần nhất. Đây là hành động đúng theo quy định tại Điều"
syn_137_1768628764,Tôi là cổ đông của một công ty cổ phần và muốn biết quyền của tôi trong việc quyết định mức cổ tức hằng năm của cổ phần tôi đang nắm giữ là gì?,Điều 138 - Luật Doanh nghiệp 2020,False,1.0,0.37717908082408874,"**Căn cứ pháp lý:** 
Điều 117. Cổ phần ưu đãi cổ tức và quyền của cổ đông sở hữu cổ phần ưu đãi cổ tức - Luật Doanh nghiệp 2020

**Nội dung quy định:**
Theo Điều 117 của Luật Doanh nghiệp 2020, cổ phần ưu đãi cổ tức là cổ phần được trả cổ tức với mức cao hơn so với mức cổ tức của cổ phần phổ thông hoặc mức ổn định hằng năm. Cổ tức được chia hằng năm gồm cổ tức cố định và cổ tức thưởng. Mức cổ tức cố định cụ thể và phương thức xác định cổ tức thưởng được ghi rõ trong cổ phiếu của cổ phần ưu đãi cổ tức. Cổ đông sở hữu cổ phần ưu đãi cổ tức có quyền nhận cổ tức theo quy định tại Điều này, nhận phần tài sản còn lại tương ứng với tỷ lệ sở hữu cổ phần tại công ty sau khi công ty đã thanh toán hết các khoản nợ, cổ phần ưu đãi hoàn lại khi công ty giải thể hoặc phá sản, và quyền khác như cổ đông phổ thông, trừ trường hợp quy định tại khoản 3 Điều này.

**Phân tích & Hướng dẫn:**
Theo quy định tại Điều 117 của Luật Doanh nghiệp 2020, bạn, như cổ đông sở hữu cổ phần ưu đãi cổ tức, có quyền nhận cổ tức theo quy định tại Điều này. Cụ thể, bạn có quyền nhận cổ tức cố định và cổ tức thưởng theo mức đã được ghi trong cổ phiếu của cổ phần ưu đãi cổ tức. Ngoài ra, bạn cũng có quyền nhận phần tài sản còn lại sau khi công ty đã thanh toán hết các khoản nợ, cổ phần ưu đãi hoàn lại khi công ty giải thể hoặc phá sản.

Tuy nhiên, cần lưu ý rằng bạn không có quyền biểu quyết, dự họp Đại hội đồng cổ đông, bầu, miễn nhiệm, bãi nhiệm thành viên Hội đồng quản trị, hoặc đề cử người vào Hội đồng quản trị và Ban kiểm soát. Quyền biểu quyết và các quyền này thuộc về các cổ đông sở hữu cổ phần phổ thông.

Để đảm bảo quyền lợi của mình, bạn nên theo dõi các thông tin về mức cổ tức hằng năm thông qua báo cáo tài chính của công ty và tham gia vào các cuộc họp Đại hội đồng cổ đông nếu có yêu"
syn_1547_1768642365_0,"Tôi có một cửa hàng và đã thuê một thiếu niên 15 tuổi để làm việc. Gần đây, tôi nghe nói rằng điều này có thể vi phạm pháp luật. Liệu tôi có phải chịu hình phạt gì không?",Điều 296 - Bộ luật Hình sự (Văn bản hợp nhất 2017),False,1.0,0.34382194934765925,"**Căn cứ pháp lý:** 
- Văn bản: Bộ luật Lao động 2019  
- Nội dung: Điều 145. Sử dụng người chưa đủ 15 tuổi làm việc

**Nội dung quy định:**
1. Khi sử dụng người chưa đủ 15 tuổi làm việc, người sử dụng lao động phải tuân theo quy định sau đây: a) Phải giao kết hợp đồng lao động bằng văn bản với người chưa đủ 15 tuổi và người đại diện theo pháp luật của người đó; b) Bố trí giờ làm việc không ảnh hưởng đến thời gian học tập của người chưa đủ 15 tuổi; c) Phải có giấy khám sức khỏe của cơ sở khám bệnh, chữa bệnh có thẩm quyền xác nhận sức khỏe của người chưa đủ 15 tuổi phù hợp với công việc và tổ chức kiểm tra sức khỏe định kỳ ít nhất một lần trong 06 tháng; d) Bảo đảm điều kiện làm việc, an toàn, vệ sinh lao động phù hợp với lứa tuổi. 

2. Người sử dụng lao động chỉ được tuyển dụng và sử dụng người từ đủ 13 tuổi đến chưa đủ 15 tuổi vào làm các công việc nhẹ theo quy định tại khoản 3 Điều 143 của Bộ luật này.

**Phân tích & Hướng dẫn:**
Theo Điều 145 của Bộ Luật Lao động 2019, bạn đã vi phạm quy định khi sử dụng một thiếu niên 15 tuổi làm việc. Theo điểm a), bạn cần phải giao kết hợp đồng lao động bằng văn bản với thiếu niên và người đại diện theo pháp luật của họ. Điểm b) yêu cầu việc bố trí giờ làm việc không ảnh hưởng đến thời gian học tập của thiếu niên. Điểm c) đề cập đến việc cần có giấy khám sức khỏe phù hợp với công việc và tổ chức kiểm tra sức khỏe định kỳ ít nhất một lần trong 6 tháng. Điểm d) yêu cầu bảo đảm điều kiện làm việc an toàn và phù hợp với lứa tuổi.

Điều 146 của Bộ Luật Lao động 2019 cũng quy định về thời giờ làm việc của người chưa đủ 15 tuổi, trong đó quy định rằng thời giờ làm việc của người chưa đủ 15 tuổi không được quá 4 giờ trong một ngày và 20 giờ trong một tuần."
syn_1005_1768638595_1,"Tôi và vợ tôi đang trong quá trình nhờ mang thai hộ, nhưng nếu không may cả hai chúng tôi đều gặp phải sự cố và không thể chăm sóc đứa trẻ sau khi sinh, liệu người mang thai hộ có quyền nhận nuôi đứa trẻ hay không?",Điều 99 - Luật Hôn nhân và Gia đình 2014,True,0.6666666666666666,0.6364812419146184,"**CĂN CỨ PHÁP LUẬT THAM KHẢO:**

- **Tài liệu 1:** Luật Hôn nhân và Gia đình 2014 - Điều 99

**Nội dung quy định:**
1. Tòa án là cơ quan có thẩm quyền giải quyết tranh chấp về sinh con bằng kỹ thuật hỗ trợ sinh sản, mang thai hộ.
2. Trong trường hợp chưa giao đứa trẻ mà cả hai vợ chồng bên nhờ mang thai hộ chết hoặc mất năng lực hành vi dân sự thì bên mang thai hộ có quyền nhận nuôi đứa trẻ; nếu bên mang thai hộ không nhận nuôi đứa trẻ thì việc giám hộ và cấp dưỡng đối với đứa trẻ được thực hiện theo quy định của Luật này và Bộ luật dân sự.

**Phân tích & Hướng dẫn:**
Theo quy định tại Điều 99 của Luật Hôn nhân và Gia đình 2014, trong trường hợp cả hai vợ chồng bên nhờ mang thai hộ (trong trường hợp của bạn và vợ) đều gặp sự cố và mất khả năng chăm sóc đứa trẻ sau khi sinh, thì bên mang thai hộ (người mẹ nhờ mang thai hộ) có quyền nhận nuôi đứa trẻ. Nếu bên mang thai hộ không muốn nhận nuôi đứa trẻ, thì việc giám hộ và cấp dưỡng đối với đứa trẻ sẽ được thực hiện theo quy định của Luật này và Bộ luật dân sự.

Đây là quyền được pháp luật bảo vệ để đảm bảo quyền lợi của người mang thai hộ và đứa trẻ trong trường hợp không thể chăm sóc đứa trẻ do các nguyên nhân bất khả kháng. Bạn nên cân nhắc kỹ trước khi ký hợp đồng mang thai hộ và trao đổi với vợ bạn về các khía cạnh pháp lý liên quan để đảm bảo quyền lợi cho cả hai bên."
syn_458_1768631257,Tôi đang nợ ngân hàng và họ đã quyết định xử lý tài sản của tôi để thu hồi nợ. Tôi muốn biết khi nào quyền sở hữu tài sản của tôi sẽ chấm dứt?,Điều 241 - Bộ luật Dân sự 2015,True,1.0,0.6135216952573158,"**Căn cứ pháp lý:** 
- [Tài liệu 1] - Điều 241 của Bộ Luật Dân sự 2015

**Nội dung quy định:**
1. Quyền sở hữu đối với một tài sản chấm dứt khi tài sản đó bị xử lý để thực hiện nghĩa vụ của chủ sở hữu theo quyết định của Tòa án hoặc cơ quan nhà nước có thẩm quyền khác, nếu pháp luật không có quy định khác.
2. Việc xử lý tài sản để thực hiện nghĩa vụ của chủ sở hữu không áp dụng đối với tài sản không thuộc diện kê biên theo quy định của pháp luật.
3. Việc xử lý tài sản để thực hiện nghĩa vụ của chủ sở hữu không chấm dứt quyền sở hữu tài sản đó tại thời điểm phát sinh quyền sở hữu của người nhận tài sản đó.
4. Việc xử lý quyền sử dụng đất được thực hiện theo quy định của pháp luật về đất đai.

**Phân tích & Hướng dẫn:**

Theo Điều 241 của Bộ Luật Dân sự 2015, quyền sở hữu đối với tài sản của bạn sẽ chấm dứt khi tài sản đó bị xử lý để thực hiện nghĩa vụ của chủ sở hữu, cụ thể là theo quyết định của Tòa án hoặc cơ quan nhà nước có thẩm quyền khác. Điều này diễn ra ngay khi quyết định xử lý được ban hành, không cần đợi đến khi tài sản được chuyển nhượng cho người nhận tài sản mới.

Tuy nhiên, việc xử lý tài sản để thực hiện nghĩa vụ của chủ sở hữu không chấm dứt quyền sở hữu tài sản đó tại thời điểm phát sinh quyền sở hữu của người nhận tài sản đó. Nghĩa là, bạn vẫn giữ quyền sở hữu tài sản cho đến khi quyết định xử lý được thi hành, tức là tài sản đã được thực sự chuyển giao cho bên nhận.

Do đó, câu hỏi của bạn là: Khi nào quyền sở hữu tài sản của bạn sẽ chấm dứt? 

Đáp án là: Quyền sở hữu tài sản của bạn sẽ chấm dứt ngay khi quyết định xử lý tài sản để thực hiện nghĩa vụ của chủ sở hữu được ban hành bởi Tòa án hoặc cơ quan nhà nước có thẩm quyền khác, không cần chờ cho đến khi tài sản được chuyển giao cho bên nhận tài sản."
syn_1504_1768641984_0,"Tôi là một người làm trong lĩnh vực giao hàng và vô tình nhận được một gói hàng chứa khoảng 0,3 gam heroin mà không biết đó là chất ma túy. Tôi sẽ phải đối mặt với án phạt gì nếu bị phát hiện?",Điều 252 - Bộ luật Hình sự (Văn bản hợp nhất 2017),True,1.0,0.2633451957295374,"**Căn cứ pháp lý:** 
Điều 249. Tội tàng trữ trái phép chất ma túy - Điều 250. Tội vận chuyển trái phép chất ma túy - Điều 252. Tội chiếm đoạt chất ma túy - Bộ Luật Hình sự (Văn bản hợp nhất 2017)

**Nội dung quy định:**
Theo Điều 249, người nào tàng trữ trái phép chất ma túy mà không nhằm mục đích mua bán, vận chuyển, sản xuất trái phép chất ma túy thuộc một trong các trường hợp được quy định, sẽ bị phạt tù từ 01 năm đến 05 năm. 

Đối với trường hợp cụ thể của bạn, với số lượng heroin là 0,3 gam, đây nằm trong trường hợp ""Nhà sản xuất, nhà nhập khẩu, nhà phân phối, nhà buôn bán trái phép chất ma túy hoặc người có chức vụ, quyền hạn trong cơ quan, tổ chức mà có hành vi tàng trữ trái phép chất ma túy"" (theo Điều 249).

**Phân tích & Hướng dẫn:**
Theo Điều 249, người tàng trữ trái phép chất ma túy mà không nhằm mục đích mua bán, vận chuyển, sản xuất trái phép chất ma túy sẽ bị phạt tù từ 01 năm đến 05 năm. Do đó, với số lượng heroin là 0,3 gam, bạn sẽ bị phạt tù từ 01 năm đến 05 năm nếu bị phát hiện và bắt buộc phải đối mặt với án phạt này.

Tuy nhiên, cần lưu ý rằng đây chỉ là mức phạt tối thiểu và có thể tăng lên tùy thuộc vào các yếu tố khác như có tổ chức, tái phạm nguy hiểm, lợi dụng chức vụ, quyền hạn, sử dụng người dưới 16 tuổi, vận chuyển qua biên giới, và các trường hợp khác. Nếu có thêm thông tin về hành vi của bạn, điều này có thể ảnh hưởng đến mức phạt cuối cùng.

Nếu bạn muốn được tư vấn chi tiết hơn dựa trên hoàn cảnh cụ thể của mình, tôi khuyên bạn nên liên hệ với một luật sư để được hỗ trợ pháp lý."
syn_1392_1768641094_1,Chồng tôi vừa mới biết rằng vợ tôi đang mang thai nhưng anh ta lại có những hành động bạo lực và chửi mắng vợ. Tôi rất lo lắng cho sức khỏe của vợ và thai nhi. Liệu hành vi của chồng tôi có thể bị truy cứu trách nhiệm hình sự không?,Điều 140 - Bộ luật Hình sự (Văn bản hợp nhất 2017),False,0.3333333333333333,0.38894792773645065,"**CĂN CỨ PHÁP LUẬT THAM KHẢO:**
---
[Tài liệu 1] Văn bản: Luật Hôn nhân và Gia đình 2014
[Nội dung] Điều 51. Quyền yêu cầu giải quyết ly hôn

[Tài liệu 2] Văn bản: Bộ luật Hình sự (Văn bản hợp nhất 2017)
[Nội dung] Điều 185. Tội ngược đãi hoặc hành hạ ông bà, cha mẹ, vợ chồng, con, cháu hoặc người có công nuôi dưỡng mình

[Tài liệu 3] Văn bản: Luật Hôn nhân và Gia đình 2014
[Nội dung] Điều 56. Ly hôn theo yêu cầu của một bên

**PHÂN TÍCH & HƯỚNG DẪN:**

Theo Điều 185 của Bộ luật Hình sự 2015, người nào đối xử tồi tệ hoặc có hành vi bạo lực xâm phạm thân thể ông bà, cha mẹ, vợ chồng, con, cháu hoặc người có công nuôi dưỡng mình, và trong trường hợp này, hành vi của chồng bạn có thể được coi là bạo lực gia đình. 

Điều 185 nêu rõ có ba trường hợp cụ thể mà hành vi bạo lực sẽ bị truy cứu trách nhiệm hình sự: 
1. Đối với người dưới 16 tuổi, phụ nữ mà biết là có thai, người già yếu;
2. Đối với người khuyết tật nặng, khuyết tật đặc biệt nặng hoặc người mắc bệnh hiểm nghèo.

Trong trường hợp của bạn, chồng bạn đã biết vợ bạn đang mang thai, điều này đặt chồng bạn vào trường hợp thứ hai của Điều 185, vì vậy hành vi của chồng bạn có thể bị truy cứu trách nhiệm hình sự. 

Tuy nhiên, cần lưu ý rằng, dù hành vi của chồng bạn có thể bị truy cứu trách nhiệm hình sự, nhưng việc xử lý hình sự chỉ xảy ra khi có đủ bằng chứng và chứng cứ để chứng minh hành vi bạo lực. Hiện tại, vợ bạn chỉ cần đưa ra chứng cứ về việc chồng bạn thường xuyên hành hạ, bạo lực và chửi mắng vợ mình. 

Việc này có thể dẫn đến việc Tòa án ra phán quyết yêu cầu ly hôn theo quy định tại Điều 56"
syn_685_1768632726,Tôi muốn vay 200 triệu đồng từ một người bạn và chúng tôi đã thỏa thuận lãi suất là 25%/năm. Vậy thỏa thuận này có hợp pháp không?,Điều 468 - Bộ luật Dân sự 2015,True,1.0,0.5744186046511629,"**Căn cứ pháp lý:**
- Điều 468. Lãi suất - Bộ Luật Dân sự 2015

**Nội dung quy định:**
1. Lãi suất vay do các bên thỏa thuận. Trường hợp các bên có thỏa thuận về lãi suất thì lãi suất theo thỏa thuận không được vượt quá 20%/năm của khoản tiền vay, trừ trường hợp luật khác có liên quan quy định khác.
2. Trường hợp các bên có thỏa thuận về việc trả lãi, nhưng không xác định rõ lãi suất và có tranh chấp về lãi suất thì lãi suất được xác định bằng 50% mức lãi suất giới hạn quy định tại khoản 1 Điều này tại thời điểm trả nợ.

**Phân tích & Hướng dẫn:**
Theo quy định tại Điều 468 của Bộ Luật Dân sự 2015, lãi suất vay không được vượt quá 20%/năm của khoản tiền vay. Trong trường hợp thỏa thuận giữa hai bên là 25%/năm, thì thỏa thuận này không tuân thủ quy định của pháp luật vì vượt quá mức cho phép là 20%/năm.

Tuy nhiên, theo quy định tại khoản 2 Điều 468, trường hợp lãi suất thỏa thuận vượt quá mức cho phép, mức lãi suất vượt quá sẽ không có hiệu lực. Do đó, lãi suất 25%/năm trong thỏa thuận giữa hai bên sẽ không có giá trị pháp lý.

Tóm lại, thỏa thuận về lãi suất 25%/năm trong giao dịch vay vốn từ bạn bè không hợp pháp và không có giá trị pháp lý. Bạn nên cân nhắc lại mức lãi suất hoặc tìm kiếm phương án khác để đảm bảo tính pháp lý và minh bạch của giao dịch."
syn_1042_1768638791_2,"Công ty tôi thành lập năm 2021 và hiện tại đang tìm kiếm nhân viên. Tôi có thể thuê một người chưa đủ 15 tuổi để làm những công việc nhẹ nhàng không, và điều gì sẽ xảy ra nếu tôi làm điều đó?",Điều 3 - Bộ luật Lao động 2019,False,1.0,0.3229737964655698,"**CĂN CỨ PHÁP LUẬT THAM KHẢO:**
--- [Tài liệu 1] ---
Văn bản: Bộ luật Lao động 2019
Nội dung: Điều 145. Sử dụng người chưa đủ 15 tuổi làm việc

**Câu hỏi:**
Công ty tôi thành lập năm 2021 và hiện tại đang tìm kiếm nhân viên. Tôi có thể thuê một người chưa đủ 15 tuổi để làm những công việc nhẹ nhàng không, và điều gì sẽ xảy ra nếu tôi làm điều đó?

**Căn cứ pháp lý:**
Điều 145. Sử dụng người chưa đủ 15 tuổi làm việc - Bộ Luật Lao động 2019

**Nội dung quy định:**
1. Khi sử dụng người chưa đủ 15 tuổi làm việc, người sử dụng lao động phải tuân theo quy định sau đây:
   a) Phải giao kết hợp đồng lao động bằng văn bản với người chưa đủ 15 tuổi và người đại diện theo pháp luật của người đó;
   b) Bố trí giờ làm việc không ảnh hưởng đến thời gian học tập của người chưa đủ 15 tuổi;
   c) Phải có giấy khám sức khỏe của cơ sở khám bệnh, chữa bệnh có thẩm quyền xác nhận sức khỏe của người chưa đủ 15 tuổi phù hợp với công việc và tổ chức kiểm tra sức khỏe định kỳ ít nhất một lần trong 06 tháng;
   d) Bảo đảm điều kiện làm việc, an toàn, vệ sinh lao động phù hợp với lứa tuổi.
2. Người sử dụng lao động chỉ được tuyển dụng và sử dụng người từ đủ 13 tuổi đến chưa đủ 15 tuổi vào làm các công việc nhẹ theo quy định tại khoản 3 Điều 143 của Bộ luật này.

**Phân tích & Hướng dẫn:**
Theo Điều 145 của Bộ Luật Lao động 2019, Công ty bạn không được tuyển dụng và sử dụng người chưa đủ 15 tuổi làm việc. Điều này được quy định rõ ràng tại điểm b khoản 1 điều luật trên, trong đó yêu cầu người sử dụng lao động phải giao kết hợp đồng lao động bằng văn bản với người chưa đủ 15 tuổi và người đại diện theo pháp luật của người đó. Đồng"
syn_1422_1768641332_2,Tôi biết một người đang lợi dụng tình trạng dịch bệnh để ép buộc những người khác chuyển nhượng tài sản cho mình. Tôi có thể báo cáo điều này với cơ quan nào và liệu họ có bị xử lý theo pháp luật không?,Điều 170 - Bộ luật Hình sự (Văn bản hợp nhất 2017),False,0.3333333333333333,0.3131672597864769,"**CĂN CỨ PHÁP LUẬT THAM KHẢO:**
---
**Tài liệu 1:**
- **Luật Doanh nghiệp 2020**, Điều 193. Thực hiện quyền của chủ doanh nghiệp tư nhân trong một số trường hợp đặc biệt

**Tài liệu 2:**
- **Bộ luật Dân sự 2015**, Điều 133. Bảo vệ quyền lợi của người thứ ba ngay tình khi giao dịch dân sự vô hiệu

**Tài liệu 3:**
- **Bộ luật Hình sự 2015 (văn bản hợp nhất)**, Điều 240. Tội làm lây lan dịch bệnh truyền nhiễm nguy hiểm cho người

---

**PHÂN TÍCH VÀ HƯỚNG DẪN:**

Việc bạn phát hiện ra hành vi ép buộc người khác chuyển nhượng tài sản trong bối cảnh dịch bệnh, có thể hiểu rằng hành vi này nhằm lợi dụng tình hình để gây ra thiệt hại cho người khác, có thể xâm phạm quyền lợi hợp pháp của họ. 

Theo Điều 133 của Bộ luật Dân sự 2015, khi giao dịch dân sự vô hiệu, nếu tài sản đã được chuyển giao cho người thứ ba ngay tình, giao dịch vẫn có hiệu lực. Tuy nhiên, hành vi của người này có thể vi phạm các quy định về tội làm lây lan dịch bệnh truyền nhiễm nguy hiểm cho người theo Điều 240 của Bộ luật Hình sự 2015.

Để bảo vệ quyền lợi của mình, bạn có thể:

1. **Báo cáo với cơ quan chức năng**: Bạn có thể liên hệ với Cơ quan Cảnh sát điều tra (Công an) địa phương để báo cáo về hành vi vi phạm pháp luật của người này. Cơ quan này sẽ tiến hành điều tra và xử lý theo quy định của pháp luật.

2. **Thực hiện thủ tục tố tụng dân sự**: Nếu bạn muốn bảo vệ quyền lợi hợp pháp của mình, bạn cũng có thể khởi kiện yêu cầu tòa án yêu cầu người này bồi thường thiệt hại do hành vi vi phạm dân sự.

3. **Thủ tục tố tụng hình sự**: Nếu xác định hành vi này thuộc tội làm lây lan dịch bệnh truyền nhiễm nguy hiểm cho người, bạn có thể yêu cầu"
syn_379_1768630685,"Công ty tôi cho thuê một chiếc xe, nhưng xe bị mất cắp. Ai sẽ phải chịu trách nhiệm về khoản thiệt hại này?",Điều 162 - Bộ luật Dân sự 2015,False,1.0,0.33542976939203356,"**Căn cứ pháp lý:** 
- Văn bản: Bộ luật Dân sự 2015
- Nội dung: Điều 541. Trách nhiệm bồi thường thiệt hại

**Nội dung quy định:**
1. Bên vận chuyển phải bồi thường thiệt hại cho bên thuê vận chuyển nếu để tài sản bị mất hoặc hư hỏng, trừ trường hợp quy định tại khoản 3 Điều 536 của Bộ luật này.
2. Bên thuê vận chuyển phải bồi thường thiệt hại cho bên vận chuyển và người thứ ba về thiệt hại do tài sản vận chuyển có tính chất nguy hiểm, độc hại mà không có biện pháp đóng gói, bảo đảm an toàn trong quá trình vận chuyển.
3. Trường hợp bất khả kháng dẫn đến tài sản vận chuyển bị mất, hư hỏng hoặc bị hủy hoại trong quá trình vận chuyển thì bên vận chuyển không phải chịu trách nhiệm bồi thường thiệt hại, trừ trường hợp có thỏa thuận khác hoặc pháp luật có quy định khác.

**Phân tích & Hướng dẫn:**
Theo quy định tại Điều 541 của Bộ Luật Dân sự 2015, khi xe bị mất cắp, bên vận chuyển (công ty cho thuê xe) không phải chịu trách nhiệm bồi thường thiệt hại cho bên thuê vận chuyển (công ty thuê xe). Điều này dựa trên nguyên tắc rằng ""trường hợp bất khả kháng"" dẫn đến tài sản vận chuyển bị mất, hư hỏng hoặc bị hủy hoại trong quá trình vận chuyển, bên vận chuyển không phải chịu trách nhiệm bồi thường thiệt hại, trừ trường hợp có thỏa thuận khác hoặc pháp luật có quy định khác.

Tuy nhiên, cần lưu ý rằng, theo Điều 536 của cùng Bộ Luật Dân sự, nếu tài sản vận chuyển có tính chất nguy hiểm, độc hại mà không có biện pháp đóng gói, bảo đảm an toàn trong quá trình vận chuyển, bên thuê vận chuyển sẽ phải bồi thường thiệt hại cho bên vận chuyển và người thứ ba. Do đó, công ty thuê xe vẫn có trách nhiệm bồi thường thiệt hại cho công ty cho thuê xe.

Tóm lại, công ty cho thuê xe không phải chịu trách nhiệm bồi thường thiệt hại cho công ty thuê xe vì tình trạng mất cắp xe là trường hợp bất khả kháng, nhưng công ty thuê xe vẫn phải chịu trách nhiệm bồi thường cho công ty cho thuê xe."
syn_1506_1768642000_0,Tôi là một chủ cửa hàng dụng cụ thể thao và gần đây có một số hàng hóa mà tôi không biết rõ nguồn gốc. Tôi có thể bị xử lý pháp lý nếu hàng hóa đó được sử dụng vào việc sản xuất hay sử dụng trái phép chất ma túy không?,Điều 254 - Bộ luật Hình sự (Văn bản hợp nhất 2017),True,1.0,0.5711960943856794,"**Căn cứ pháp lý:**
- Điều 254. Tội sản xuất, tàng trữ, vận chuyển hoặc mua bán phương tiện, dụng cụ dùng vào việc sản xuất hoặc sử dụng trái phép chất ma túy - Bộ luật Hình sự (Văn bản hợp nhất 2017)

**Nội dung quy định:**
Điều 254 quy định về hình thức xử lý đối với những hành vi sản xuất, tàng trữ, vận chuyển hoặc mua bán phương tiện, dụng cụ dùng vào việc sản xuất hoặc sử dụng trái phép chất ma túy. Theo điều này, người phạm tội sẽ bị phạt tù từ 01 năm đến 05 năm nếu không thuộc các trường hợp ngoại lệ. Trường hợp phạm tội theo các trường hợp cụ thể (đã bị xử phạt vi phạm hành chính hoặc đã bị kết án trước về tội này), chưa được xóa án tích mà còn vi phạm, có số lượng từ 06 đến 19 đơn vị dụng cụ, phương tiện, hoặc có số lượng lớn hơn, sẽ bị phạt tù từ 05 năm đến 10 năm. Ngoài ra, người phạm tội còn có thể bị phạt tiền từ 5.000.000 đồng đến 500.000.000 đồng, cấm đảm nhiệm chức vụ, cấm hành nghề hoặc làm công việc nhất định từ 01 năm đến 05 năm hoặc tịch thu một phần hoặc toàn bộ tài sản.

**Phân tích & Hướng dẫn:**
Theo quy định tại Điều 254, Bộ luật Hình sự, nếu hàng hóa mà bạn đang sở hữu được sử dụng vào việc sản xuất hoặc sử dụng trái phép chất ma túy, và bạn không biết rõ nguồn gốc của chúng, có thể bạn đã vi phạm pháp luật. 

Hành vi của bạn có thể bị coi là ""sản xuất, tàng trữ, vận chuyển hoặc mua bán phương tiện, dụng cụ dùng vào việc sản xuất hoặc sử dụng trái phép chất ma túy"" nếu hàng hóa đó được sử dụng vào mục đích sản xuất hoặc sử dụng chất ma túy trái phép. Điều này có thể bao gồm các dụng cụ, thiết bị, hoặc bất kỳ loại hàng hóa nào có thể được sử dụng để sản xuất hoặc sử dụng chất ma túy.

Nếu bạn xác định được rằng hàng hóa của mình có thể đã bị sử dụng trái phép hoặc có"
syn_1549_1768642381_2,"Gia đình tôi đã thuê một nhà thầu để xây dựng nhà, nhưng sau khi hoàn thành, tôi phát hiện ra rằng công trình này có nhiều sai sót nghiêm trọng và gây thiệt hại về tài sản khoảng 600 triệu đồng. Tôi muốn biết liệu nhà thầu có thể bị xử lý pháp lý không?",Điều 298 - Bộ luật Hình sự (Văn bản hợp nhất 2017),False,0.6666666666666666,0.36073423782920994,"**CĂN CỨ PHÁP LUẬT THAM KHẢO:**

- **Tài liệu 1:** Bộ luật Hình sự (Văn bản hợp nhất 2017) - Điều 222
- **Tài liệu 2:** Bộ luật Hình sự (Văn bản hợp nhất 2017) - Điều 224

**Nội dung quy định:**

Theo Điều 222 của Bộ luật Hình sự (Văn bản hợp nhất 2017), nếu một cá nhân thực hiện hành vi vi phạm quy định về đấu thầu gây hậu quả nghiêm trọng và gây thiệt hại từ 100.000.000 đồng đến dưới 300.000.000 đồng hoặc dưới 100.000.000 đồng nhưng đã bị xử lý kỷ luật hoặc xử phạt vi phạm hành chính về hành vi này mà còn vi phạm, thì bị phạt cải tạo không giam giữ đến 03 năm hoặc phạt tù từ 01 năm đến 05 năm. 

Điều 224 của cùng văn bản quy định về tội vi phạm quy định về đầu tư công trình xây dựng gây hậu quả nghiêm trọng, tương tự như Điều 222 về hành vi vi phạm quy định về đấu thầu. 

**Phân tích & Hướng dẫn:**

Theo thông tin bạn cung cấp, công trình xây dựng mà bạn đã thuê nhà thầu thực hiện đã gây thiệt hại về tài sản khoảng 600 triệu đồng. Đây vượt quá mức 100.000.000 đồng đến dưới 300.000.000 đồng quy định tại Điều 222 và Điều 224 của Bộ luật Hình sự.

Như vậy, nhà thầu có thể bị xử lý theo quy định tại Điều 222 và Điều 224, tùy thuộc vào các yếu tố cụ thể như mục đích gây thiệt hại (vụ lợi, có tổ chức, dùng thủ đoạn tinh vi, xảo quyệt, gây thiệt hại lớn hơn 1.000.000.000 đồng).

Để xác định chính xác mức hình phạt cụ thể, cần phân tích thêm các yếu tố như:
- Mục đích gây thiệt hại (vụ lợi, có tổ chức, dùng thủ đoạn tinh"
syn_780_1768633341,"Gia đình tôi đang có một hợp đồng ủy quyền để thực hiện việc bán bất động sản, nhưng hợp đồng này đã ký được 3 năm. Vậy hợp đồng này còn hiệu lực hay không?",Điều 563 - Bộ luật Dân sự 2015,False,1.0,0.3369696969696969,"**Căn cứ pháp lý:** 
- [Tài liệu 1] Văn bản: Bộ luật Dân sự 2015
- [Tài liệu 3] Văn bản: Bộ luật Dân sự 2015

**Nội dung quy định:**
- Theo Điều 569 của Bộ luật Dân sự 2015, hợp đồng ủy quyền có thể bị chấm dứt theo quy định tại Điều 569, nhưng cần lưu ý rằng hợp đồng này không liên quan đến hợp đồng mua bán bất động sản cụ thể mà bạn đang hỏi. 

- Theo Điều 459 của Bộ luật Dân sự 2015, hợp đồng tặng cho bất động sản chỉ bắt buộc phải có hình thức là văn bản có công chứng, chứng thực hoặc đăng ký, nếu bất động sản phải đăng ký quyền sở hữu theo quy định của luật. Hợp đồng tặng cho có hiệu lực kể từ thời điểm đăng ký.

**Phân tích & Hướng dẫn:**
Hợp đồng ủy quyền mà bạn đề cập không được quy định cụ thể trong các văn bản pháp luật được trích dẫn. Tuy nhiên, dựa trên thông tin về hợp đồng mua bán bất động sản, chúng ta có thể phân tích như sau:

Hợp đồng mua bán bất động sản thường được coi là hợp đồng dân sự và có hiệu lực kể từ thời điểm ký kết. Nếu hợp đồng ủy quyền đã được ký kết 3 năm trước và không có thông tin về việc hợp đồng ủy quyền này đã bị chấm dứt theo quy định tại Điều 569 Bộ luật Dân sự 2015, thì hợp đồng mua bán bất động sản vẫn có hiệu lực.

Tuy nhiên, cần lưu ý rằng việc hiệu lực của hợp đồng mua bán có thể bị ảnh hưởng bởi nhiều yếu tố khác như sự hiểu biết và cam kết của các bên, việc hoàn thành nghĩa vụ của cả hai bên và tuân thủ các quy định về thủ tục pháp lý cần thiết.

Để chắc chắn về hiệu lực của hợp đồng mua bán, gia đình bạn nên kiểm tra lại hợp đồng ủy quyền và liên hệ với bên được ủy quyền để xác nhận việc hợp đồng ủy quyền vẫn còn hiệu lực. Nếu có bất kỳ thay đổi nào về hợp đồng ủy quyền, cần lập hợp đồng mới hoặc thay đổi hợp đồng hiện tại phù hợp với tình hình mới.

N"
syn_751_1768633140,"Tôi đang có một lô hàng giá trị lớn cần vận chuyển, nhưng không biết bên vận chuyển có nghĩa vụ gì trong việc bảo đảm an toàn và đúng thời hạn cho hàng hóa của tôi không?",Điều 534 - Bộ luật Dân sự 2015,True,0.0,0.5320088300220751,"**CĂN CỨ PHÁP LUẬT THAM KHẢO:**
--- [Tài liệu 1] ---
Văn bản: Bộ luật Dân sự 2015
Nội dung: Điều 536. Nghĩa vụ của bên thuê vận chuyển 1. Trả đủ tiền cước phí vận chuyển cho bên vận chuyển theo đúng thời hạn, phương thức đã thỏa thuận. 2. Cung cấp thông tin cần thiết liên quan đến tài sản vận chuyển để bảo đảm an toàn cho tài sản vận chuyển. 3. Trông coi tài sản trên đường vận chuyển, nếu có thỏa thuận. Trường hợp bên thuê vận chuyển trông coi tài sản mà tài sản bị mất, hư hỏng thì không được bồi thường.

--- [Tài liệu 2] ---
Văn bản: Bộ luật Dân sự 2015
Nội dung: Điều 534. Nghĩ vụ của bên vận chuyển 1. Bảo đảm vận chuyển tài sản đầy đủ, an toàn đến địa điểm đã định, theo đúng thời hạn. 2. Giao tài sản cho người có quyền nhận. 3. Chịu chi phí liên quan đến việc chuyên chở tài sản, trừ trường hợp có thỏa thuận khác. 4. Mua bảo hiểm trách nhiệm dân sự theo quy định của pháp luật. 5. Bồi thường thiệt hại cho bên thuê vận chuyển trong trường hợp bên vận chuyển để mất, hư hỏng tài sản, trừ trường hợp có thỏa thuận khác hoặc pháp luật có quy định khác.

--- [Tài liệu 3] ---
Văn bản: Bộ luật Dân sự 2015
Nội dung: Điều 532. Giao tài sản cho bên vận chuyển 1. Bên thuê vận chuyển có nghĩa vụ giao tài sản cho bên vận chuyển đúng thời hạn, địa điểm và đóng gói theo đúng quy cách đã thỏa thuận; phải chịu chi phí xếp, dỡ tài sản lên phương tiện vận chuyển, trừ trường hợp có thỏa thuận khác. 2. Trường hợp bên thuê vận chuyển giao tài sản không đúng thời hạn, địa điểm đã thỏa thuận thì phải thanh toán chi phí chờ đợi và tiền vận chuyển tài sản đến địa điểm đã thỏa thuận trong hợp đồng cho bên vận chuyển. Trường hợp bên vận chuyển chậm tiếp nhận tài sản tại địa điểm đã thỏa thuận thì phải chịu chi phí phát sinh do việc chậm tiếp"
syn_1503_1768641976_1,"Chồng tôi vừa bị bắt vì bị nghi ngờ mua bán cần sa. Nếu anh ấy bị cáo buộc sử dụng người dưới 16 tuổi để bán ma túy, mức án nào có thể áp dụng cho anh ấy?",Điều 251 - Bộ luật Hình sự (Văn bản hợp nhất 2017),True,1.0,0.26056745801968734,"**Căn cứ pháp lý:** 
- Điều 251. Tội mua bán trái phép chất ma túy - Điều 250. Tội vận chuyển trái phép chất ma túy - Điều 252. Tội chiếm đoạt chất ma túy - Bộ luật Hình sự (Văn bản hợp nhất 2017)

**Nội dung quy định:**
Theo Điều 251, Điều 250, Điều 252 của Bộ Luật Hình sự 2015, nếu người phạm tội sử dụng người dưới 16 tuổi để bán ma túy, họ sẽ bị truy cứu trách nhiệm hình sự theo các mức phạt tù từ 07 năm đến 15 năm tùy thuộc vào các trường hợp cụ thể như đã nêu trong các điều luật trên.

**Phân tích & Hướng dẫn:**
Theo quy định, nếu chồng bạn bị cáo buộc sử dụng người dưới 16 tuổi để bán cần sa, mức án có thể áp dụng là từ 07 năm đến 15 năm tù. Điều này dựa trên trường hợp ""Sử dụng người dưới 16 tuổi vào việc phạm tội"" trong các điều khoản quy định về mua bán, vận chuyển và chiếm đoạt chất ma túy.

Mức án này có thể thay đổi tùy thuộc vào các yếu tố khác như tổ chức, tái phạm, lợi dụng chức vụ quyền hạn, và tổng khối lượng chất ma túy. Vì vậy, để có câu trả lời chính xác nhất, chồng bạn nên được tư vấn bởi một luật sư chuyên về hình sự để xem xét tất cả các yếu tố cụ thể trong vụ việc của anh ấy."
syn_1425_1768641357_0,Tôi vừa bị mất một chiếc xe máy trị giá 30 triệu đồng và tôi đã nghe nói rằng kẻ trộm này từng bị phạt hành chính vì hành vi chiếm đoạt tài sản trước đây. Tôi muốn biết liệu kẻ trộm này có bị xử lý nặng hơn không?,Điều 173 - Bộ luật Hình sự (Văn bản hợp nhất 2017),True,0.6666666666666666,0.7558644656820157,"**Căn cứ pháp lý:**
Điều 173. Tội trộm cắp tài sản - Bộ Luật Hình sự (Văn bản hợp nhất 2017)

**Nội dung quy định:**
1. Người nào trộm cắp tài sản của người khác trị giá từ 2.000.000 đồng đến dưới 50.000.000 đồng hoặc dưới 2.000.000 đồng nhưng thuộc một trong các trường hợp sau đây, thì bị phạt cải tạo không giam giữ đến 03 năm hoặc phạt tù từ 06 tháng đến 03 năm:
   a) Đã bị xử phạt vi phạm hành chính về hành vi chiếm đoạt tài sản mà còn vi phạm;
   b) Đã bị kết án về tội này hoặc về một trong các tội quy định tại các điều 168, 169, 170, 171, 172, 174, 175 và 290 của Bộ luật này, chưa được xóa án tích mà còn vi phạm;
   c) Gây ảnh hưởng xấu đến an ninh, trật tự, an toàn xã hội;
   d) Tài sản là phương tiện kiếm sống chính của người bị hại và gia đình họ;
   e) Tài sản là di vật, cổ vật.
2. Phạm tội thuộc một trong các trường hợp sau đây, thì bị phạt tù từ 02 năm đến 07 năm:
   a) Có tổ chức;
   b) Có tính chất chuyên nghiệp;
   c) Chiếm đoạt tài sản trị giá từ 50.000.000 đồng đến dưới 200.000.000 đồng;
   d) Dùng thủ đoạn xảo quyệt, nguy hiểm;
   e) Hành hung để tẩu thoát;
   f) Tài sản là bảo vật quốc gia;
   g) Tái phạm nguy hiểm.
3. Phạm tội thuộc một trong các trường hợp sau đây, thì bị phạt tù từ 07 năm đến 15 năm:
   a) Chiếm đoạt tài sản trị giá từ 200.000.000 đồng đến dưới 500.000.000 đồng;
   b) Lợi dụng thiên tai, dịch bệnh."
syn_495_1768631508,Công ty tôi và một nhà cung cấp đã ký hợp đồng nhưng không ghi rõ thời hạn thực hiện nghĩa vụ. Vậy tôi có thể yêu cầu họ thực hiện hợp đồng vào bất kỳ lúc nào không?,Điều 278 - Bộ luật Dân sự 2015,True,1.0,0.5592515592515592,"**Căn cứ pháp lý:** 
- Điều 434. Thời hạn thực hiện hợp đồng mua bán - Bộ luật Dân sự 2015
- Điều 278. Thời hạn thực hiện nghĩa vụ - Bộ luật Dân sự 2015

**Nội dung quy định:**
1. Theo Điều 434 của Bộ Luật Dân sự 2015, thời hạn thực hiện hợp đồng mua bán do các bên thỏa thuận. Nếu không thỏa thuận thời hạn, bên mua có quyền yêu cầu bên bán giao tài sản bất cứ lúc nào, nhưng phải báo trước cho bên bán một thời gian hợp lý.
2. Điều 278 của cùng văn bản luật quy định về thời hạn thực hiện nghĩa vụ, trong đó nêu rõ: ""Trường hợp không xác định được thời hạn thực hiện nghĩa vụ theo quy định tại khoản 1 Điều này thì mỗi bên có thể thực hiện nghĩa vụ hoặc yêu cầu thực hiện nghĩa vụ vào bất cứ lúc nào, nhưng phải thông báo cho bên kia biết trước một thời gian hợp lý"". 

**Phân tích & Hướng dẫn:**
Theo quy định của Điều 434 và Điều 278 Bộ Luật Dân sự 2015, khi hợp đồng không ghi rõ thời hạn thực hiện nghĩa vụ, cả bên mua lẫn bên bán đều có quyền yêu cầu thực hiện hợp đồng vào bất cứ lúc nào, miễn là thông báo cho bên kia trước một thời gian hợp lý. 

Trong trường hợp của bạn, công ty của mình và nhà cung cấp đã ký hợp đồng nhưng không ghi rõ thời hạn thực hiện nghĩa vụ. Do đó, theo quy định của pháp luật, bạn có quyền yêu cầu nhà cung cấp thực hiện hợp đồng vào bất cứ lúc nào, nhưng cần thông báo trước một thời gian hợp lý cho họ biết. 

Tuy nhiên, bạn cũng nên cân nhắc các nguyên tắc thương mại và đạo đức, đồng thời tìm hiểu thêm về văn hóa kinh doanh địa phương để đảm bảo rằng hành động của bạn phù hợp với quy tắc và lòng tin trong mối quan hệ kinh doanh."
syn_1346_1768640705_2,"Công ty tôi bị kết án với nhiều hình phạt khác loại, bao gồm phạt tiền và đình chỉ hoạt động có thời hạn. Tôi không hiểu liệu chúng tôi có phải chấp hành tất cả các hình phạt này hay có hình phạt nào được tổng hợp không?",Điều 86 - Bộ luật Hình sự (Văn bản hợp nhất 2017),True,1.0,0.46153846153846156,"**Căn cứ pháp lý:**
- Văn bản: Bộ luật Hình sự (Văn bản hợp nhất 2017)
- Nội dung: Điều 86 và Điều 87

**Nội dung quy định:**
Điều 86 của Bộ luật Hình sự quy định về việc tổng hợp hình phạt đối với pháp nhân thương mại phạm nhiều tội. Điều 87 quy định về việc tổng hợp hình phạt của nhiều bản án. 

**Phân tích & Hướng dẫn:**
Theo quy định tại Điều 86, nếu các hình phạt đã tuyên là phạt tiền và đình chỉ hoạt động có thời hạn trong cùng lĩnh vực hoặc trong các lĩnh vực khác nhau, thì hình phạt chung không được tổng hợp. Điều này nghĩa là công ty của bạn sẽ phải chấp hành cả hình phạt tiền và hình phạt đình chỉ hoạt động có thời hạn, nhưng hình phạt tổng hợp sẽ không vượt quá giới hạn quy định cho từng loại hình phạt.

Đối với trường hợp của công ty bạn, vì hình phạt tiền và hình phạt đình chỉ hoạt động có thời hạn thuộc hai loại hình phạt khác loại, nên theo Điều 87 của Bộ luật Hình sự, công ty của bạn sẽ phải chấp hành tất cả các hình phạt đã tuyên, tức là chấp hành cả hình phạt tiền và hình phạt đình chỉ hoạt động có thời hạn.

Tóm lại, công ty của bạn không được phép tổng hợp hình phạt tiền và hình phạt đình chỉ hoạt động có thời hạn. Bạn cần chấp hành cả hai hình phạt này như đã tuyên."
syn_855_1768633834,Tôi đang điều trị tại bệnh viện và muốn lập di chúc. Tôi cần xác nhận của ai để di chúc của tôi có giá trị pháp lý?,Điều 638 - Bộ luật Dân sự 2015,True,1.0,0.8246753246753246,"**Căn cứ pháp lý:** 
- [Tài liệu 1] - [Bộ luật Dân sự 2015] - Điều 638

**Nội dung quy định:**
1. Di chúc của quân nhân tại ngũ có xác nhận của thủ trưởng đơn vị từ cấp đại đội trở lên, nếu quân nhân không thể yêu cầu công chứng hoặc chứng thực.
2. Di chúc của người đang đi trên tàu biển, máy bay có xác nhận của người chỉ huy phương tiện đó.
3. Di chúc của người đang điều trị tại bệnh viện, cơ sở chữa bệnh, điều dưỡng khác có xác nhận của người phụ trách bệnh viện, cơ sở đó.
4. Di chúc của người đang làm công việc khảo sát, thăm dò, nghiên cứu ở vùng rừng núi, hải đảo có xác nhận của người phụ trách đơn vị.
5. Di chúc của công dân Việt Nam đang ở nước ngoài có chứng nhận của cơ quan lãnh sự, đại diện ngoại giao Việt Nam ở nước đó.
6. Di chúc của người đang bị tạm giam, tạm giữ, đang chấp hành hình phạt tù, người đang chấp hành biện pháp xử lý hành chính tại cơ sở giáo dục, cơ sở chữa bệnh có xác nhận của người phụ trách cơ sở đó.

**Phân tích & Hướng dẫn:**
Theo quy định tại Điều 638 của Bộ Luật Dân sự 2015, khi bạn đang điều trị tại bệnh viện, bạn cần có xác nhận của người phụ trách bệnh viện, cơ sở đó để di chúc của bạn có giá trị pháp lý. Vì vậy, bạn nên yêu cầu xác nhận từ người phụ trách bệnh viện nơi bạn đang điều trị để đảm bảo rằng di chúc của bạn sẽ được công nhận và có hiệu lực theo pháp luật Việt Nam."
syn_1517_1768642087_1,Chồng tôi đã tổ chức một cuộc đua xe trái phép tại một khu vực đông dân cư và có một tai nạn xảy ra làm chết một người. Hình phạt nào sẽ áp dụng cho chồng tôi?,Điều 265 - Bộ luật Hình sự (Văn bản hợp nhất 2017),True,0.6666666666666666,0.7473997028231799,"**Căn cứ pháp lý:**
Điều 265. Tội tổ chức đua xe trái phép - Bộ Luật Hình sự (Văn bản hợp nhất 2017)

**Nội dung quy định:**
1. Người nào tổ chức trái phép việc đua xe ô tô, xe máy hoặc các loại xe khác có gắn động cơ, thì bị phạt tiền từ 30.000.000 đồng đến 100.000.000 đồng, phạt cải tạo không giam giữ đến 03 năm hoặc phạt tù từ 01 năm đến 05 năm.
2. Phạm tội thuộc một trong các trường hợp sau đây, thì bị phạt tiền từ 100.000.000 đồng đến 500.000.000 đồng hoặc phạt tù từ 04 năm đến 10 năm: a) Tổ chức cho 10 xe tham gia trở lên trong cùng một lúc hoặc tổ chức 02 cuộc đua xe trở lên trong cùng một lúc; b) Tổ chức cá cược; c) Chống lại người có trách nhiệm bảo đảm trật tự, an toàn giao thông hoặc người có trách nhiệm giải tán cuộc đua xe trái phép; d) Tại nơi tập trung đông dân cư; đ) Tháo dỡ thiết bị an toàn khỏi phương tiện đua; e) Làm chết người; g) Gây thương tích hoặc gây tổn hại cho sức khỏe của người khác mà tỷ lệ tổn thương cơ thể 61% trở lên; h) Gây thương tích hoặc gây tổn hại cho sức khỏe của 02 người trở lên mà tổng tỷ lệ tổn thương cơ thể của những người này từ 61% đến 121%; i) Gây thiệt hại về tài sản từ 100.000.000 đồng đến dưới 500.000.000 đồng; k) Tái phạm về tội này hoặc tội đua xe trái phép.
3. Phạm tội thuộc một trong các trường hợp sau đây, thì bị phạt tù từ 08 năm đến 15 năm: a) Làm chết 02 người; b) Gây thương tích hoặc gây tổn hại cho sức khỏe của 02 người trở lên mà tổng tỷ lệ tổn thương cơ thể của những người này từ 122% đến 200"
syn_768_1768633251,"Tôi là bên gia công, nhưng khách hàng đã đơn phương chấm dứt hợp đồng mà không báo trước. Tôi có quyền yêu cầu bồi thường không?",Điều 551 - Bộ luật Dân sự 2015,True,0.0,0.6509341199606686,"**CĂN CỨ PHÁP LUẬT THAM KHẢO:**
--- [Tài liệu 1] ---
Văn bản: Bộ luật Dân sự 2015
Nội dung: Điều 551. Đơn phương chấm dứt thực hiện hợp đồng gia công 1. Mỗi bên đều có quyền đơn phương chấm dứt thực hiện hợp đồng gia công, nếu việc tiếp tục thực hiện hợp đồng không mang lại lợi ích cho mình, trừ trường hợp có thỏa thuận khác hoặc pháp luật có quy định khác, nhưng phải báo cho bên kia biết trước một thời gian hợp lý. 2. Bên đặt gia công đơn phương chấm dứt thực hiện hợp đồng thì phải trả tiền công tương ứng với công việc đã làm, trừ trường hợp có thỏa thuận khác. Bên nhận gia công đơn phương chấm dứt thực hiện hợp đồng thì không được trả tiền công, trừ trường hợp có thỏa thuận khác. 3. Bên đơn phương chấm dứt thực hiện hợp đồng mà gây thiệt hại cho bên kia thì phải bồi thường.

--- [Tài liệu 2] ---
Văn bản: Bộ luật Dân sự 2015
Nội dung: Điều 569. Đơn phương chấm dứt thực hiện hợp đồng ủy quyền 1. Trường hợp ủy quyền có thù lao, bên ủy quyền có quyền đơn phương chấm dứt thực hiện hợp đồng bất cứ lúc nào, nhưng phải trả thù lao cho bên được ủy quyền tương ứng với công việc mà bên được ủy quyền đã thực hiện và bồi thường thiệt hại; nếu ủy quyền không có thù lao thì bên ủy quyền có thể chấm dứt thực hiện hợp đồng bất cứ lúc nào, nhưng phải báo trước cho bên được ủy quyền một thời gian hợp lý. Bên ủy quyền phải báo bằng văn bản cho người thứ ba biết về việc bên ủy quyền chấm dứt thực hiện hợp đồng; nếu không báo thì hợp đồng với người thứ ba vẫn có hiệu lực, trừ trường hợp người thứ ba biết hoặc phải biết về việc hợp đồng ủy quyền đã bị chấm dứt. 2. Trường hợp ủy quyền không có thù lao, bên được ủy quyền có quyền đơn phương chấm dứt thực hiện hợp đồng bất cứ lúc nào, nhưng phải báo trước cho bên ủy quyền biết một thời gian hợp lý; nếu ủy quyền có thù lao thì bên được ủy quyền có quyền đơn"
syn_728_1768633003,Gia đình tôi có hợp đồng hợp tác và chúng tôi muốn mời một người bạn tham gia nhưng không biết phải làm gì để được sự đồng ý của các thành viên khác.,Điều 511 - Bộ luật Dân sự 2015,False,1.0,0.3491329479768786,"**Căn cứ pháp lý:**
--- [Tài liệu 3] ---
Văn bản: Bộ luật Dân sự 2015
Nội dung: Điều 510. Rút khỏi hợp đồng hợp tác

**Nội dung quy định:**
1. Thành viên có quyền rút khỏi hợp đồng hợp tác trong trường hợp sau đây: a) Theo điều kiện đã thỏa thuận trong hợp đồng hợp tác; b) Có lý do chính đáng và được sự đồng ý của hơn một nửa tổng số thành viên hợp tác.
2. Thành viên rút khỏi hợp đồng hợp tác có quyền yêu cầu nhận lại tài sản đã đóng góp, được chia phần tài sản trong khối tài sản chung и phải thanh toán các nghĩa vụ theo thỏa thuận.

**Phân tích & Hướng dẫn:**
Để mời một người bạn tham gia vào hợp đồng hợp tác và được sự đồng ý của các thành viên khác, gia đình bạn cần tuân thủ các bước sau:

1. **Thỏa thuận và thỏa thuận**: Trước tiên, cần thảo luận và thống nhất về điều kiện cụ thể mà người bạn sẽ được mời tham gia dựa trên hợp đồng hợp tác hiện tại. Điều này nên được nêu rõ trong văn bản thỏa thuận hoặc trong hợp đồng hợp tác mới nếu có.

2. **Đồng ý của các thành viên khác**: Theo Điều 510 của Bộ luật Dân sự 2015, cần được sự đồng ý của hơn một nửa tổng số thành viên hợp tác. Đây là điều kiện bắt buộc để có thể mời người bạn tham gia.

3. **Thông báo và xác nhận**: Sau khi thỏa thuận và đạt được sự đồng ý của các thành viên khác, gia đình bạn cần thông báo cho tất cả các thành viên về quyết định này. Việc này giúp đảm bảo rằng mọi người đều nắm bắt thông tin và không có bất kỳ hiểu lầm nào.

4. **Lập văn bản**: Nếu có thỏa thuận, cần lập thành văn bản xác nhận việc mời người bạn tham gia hợp đồng hợp tác. Văn bản này nên nêu rõ nội dung thỏa thuận, ngày tháng và địa điểm thỏa thuận, cũng như sự đồng ý của các thành viên khác.

5. **Hợp thức hóa**: Cuối cùng, cần hợp thức hóa thông qua việc ký tên và ghi rõ ngày tháng năm tại văn bản thỏa thuận. 

Bằng cách tuân thủ các quy định trên, gia đình bạn có"
syn_1453_1768641580_0,"Tôi đã cho một người bạn vay 50 triệu đồng với lãi suất 20% một tháng, và bây giờ họ không thể trả nợ. Liệu tôi có thể bị xử lý pháp lý vì cho vay lãi nặng không?",Điều 201 - Bộ luật Hình sự (Văn bản hợp nhất 2017),False,0.3333333333333333,0.31403336604514226,"**Căn cứ pháp lý:**
---
[Tài liệu 1] -- Bộ luật Dân sự 2015
[Nội dung quy định:] Điều 466. Nghĩa vụ trả nợ của bên vay 1. Bên vay tài sản là tiền thì phải trả đủ tiền khi đến hạn; nếu tài sản là vật thì phải trả vật cùng loại đúng số lượng, chất lượng, trừ trường hợp có thỏa thuận khác. 2. Trường hợp bên vay không thể trả vật thì có thể trả bằng tiền theo trị giá của vật đã vay tại địa điểm và thời điểm trả nợ, nếu được bên cho vay đồng ý. 3. Địa điểm trả nợ là nơi cư trú hoặc nơi đặt trụ sở của bên cho vay, trừ trường hợp có thỏa thuận khác. 4. Trường hợp vay không có lãi mà khi đến hạn bên vay không trả nợ hoặc trả không đầy đủ thì bên cho vay có quyền yêu cầu trả tiền lãi với mức lãi suất theo quy định tại khoản 2 Điều 468 của Bộ luật này trên số tiền chậm trả tương ứng với thời gian chậm trả, trừ trường hợp có thỏa thuận khác hoặc luật có quy định khác. 5. Trường hợp vay có lãi mà khi đến hạn bên vay không trả hoặc trả không đầy đủ thì bên vay phải trả lãi như sau: a) Lãi trên nợ gốc theo lãi suất thỏa thuận trong hợp đồng tương ứng với thời hạn vay mà đến hạn chưa trả; trường hợp chậm trả thì còn phải trả lãi theo mức lãi suất quy định tại khoản 2 Điều 468 của Bộ luật này; b) Lãi trên nợ gốc quá hạn chưa trả bằng 150% lãi suất vay theo hợp đồng tương ứng với thời gian chậm trả, trừ trường hợp có thỏa thuận khác.
---

**Căn cứ pháp lý:**
---
[Tài liệu 2] -- Bộ luật Dân sự 2015
[Nội dung quy định:] Điều 468. Lãi suất 1. Lãi suất vay do các bên thỏa thuận. Trường hợp các bên có thỏa thuận về lãi suất thì lãi suất theo thỏa thuận không được vượt quá 20%/năm của khoản tiền vay, trừ trường hợp luật khác có liên quan quy định khác. Căn cứ tình hình thực tế và theo đề xuất của Chính phủ, Ủy ban thường vụ"
syn_224_1768629483,Tôi đang tham gia một dự án cộng đồng mà có một số thành viên có ý kiến khác nhau về cách thức thực hiện. Làm sao tôi có thể góp ý mà vẫn giữ được sự đoàn kết trong nhóm?,Điều 7 - Bộ luật Dân sự 2015,False,1.0,0.33128834355828224,"**Căn cứ pháp lý:**
Điều 61, Điều 98 Luật Doanh nghiệp 2020

**Nội dung quy định:**
Theo Điều 61 của Luật Doanh nghiệp 2020, khi Hội đồng thành viên không có quy định khác, thẩm quyền và thể thức lấy ý kiến bằng văn bản để thông qua nghị quyết, quyết định được thực hiện như sau:
1. Chủ tịch Hội đồng thành viên quyết định việc lấy ý kiến thành viên Hội đồng thành viên bằng văn bản.
2. Chủ tịch Hội đồng thành viên có trách nhiệm soạn thảo, gửi báo cáo, tờ trình về nội dung cần quyết định, dự thảo nghị quyết, quyết định và phiếu lấy ý kiến đến các thành viên Hội đồng thành viên.
3. Phiếu lấy ý kiến phải bao gồm các nội dung như tên, mã số doanh nghiệp, địa chỉ trụ sở chính; họ, tên, địa chỉ liên lạc, quốc tịch, số giấy tờ pháp lý của cá nhân, tỷ lệ phần vốn góp của thành viên Hội đồng thành viên; vấn đề cần lấy ý kiến và ý kiến trả lời tương ứng; thời hạn cuối cùng phải gửi phiếu lấy ý kiến về công ty; và chữ ký của Chủ tịch Hội đồng thành viên.

Theo Điều 98 của Luật Doanh nghiệp 2020, Hội đồng thành viên có thể họp bằng văn bản để lấy ý kiến các thành viên. Việc này đảm bảo rằng mọi ý kiến đều được lắng nghe và có thể được phản ánh trong quá trình ra quyết định.

**Phân tích & Hướng dẫn:**
Để giữ được sự đoàn kết trong nhóm và góp ý một cách hiệu quả, bạn nên áp dụng các nguyên tắc sau:

1. **Tạo không khí xây dựng:** Trước tiên, hãy tạo một môi trường làm việc lành mạnh và tôn trọng ý kiến của mọi thành viên. Điều này có thể được thực hiện thông qua các buổi họp mặt thân mật, trò chuyện nhóm hoặc các hoạt động chia sẻ trải nghiệm.

2. **Lập kế hoạch rõ ràng:** Xác định rõ mục tiêu của dự án và cách thức thực hiện. Hãy thảo luận và thống nhất về những mục tiêu chung, kế hoạch và trách nhiệm của từng thành viên.

3. **Tư duy nhóm:** Sử dụng phương pháp giao tiếp và thảo luận nhóm để tạo ra sự hiểu biết chung và đồng lòng. Mọi ý kiến đều đáng được nghe và đánh"
syn_447_1768631180,Tôi vừa nhặt được một chiếc điện thoại mà không biết ai là chủ. Tôi có cần phải thông báo cho ai không và nếu có thì tôi phải làm như thế nào?,Điều 230 - Bộ luật Dân sự 2015,True,1.0,0.5332290852228303,"**Căn cứ pháp lý:**
Điều 230.1 Bộ luật Dân sự 2015 - Văn bản: Bộ luật Dân sự 2015

**Nội dung quy định:**
1. Người phát hiện tài sản do người khác đánh rơi, bỏ quên mà biết được địa chỉ của người đánh rơi hoặc bỏ quên thì phải thông báo hoặc trả lại tài sản cho người đó; nếu không biết địa chỉ của người đánh rơi hoặc bỏ quên thì phải thông báo hoặc giao nộp cho Ủy ban nhân dân cấp xã hoặc công an cấp xã nơi gần nhất để thông báo công khai cho chủ sở hữu biết mà nhận lại.
2. Việc giao nộp phải được lập biên bản, trong đó ghi rõ họ, tên, địa chỉ của người giao nộp, người nhận, tình trạng, số lượng, khối lượng tài sản giao nộp. Ủy ban nhân dân cấp xã hoặc công an cấp xã đã nhận tài sản phải thông báo cho người đã giao nộp về kết quả xác định chủ sở hữu.

**Phân tích & Hướng dẫn:**
Theo quy định tại Điều 230.1 của Bộ luật Dân sự 2015, bạn cần thông báo hoặc giao nộp cho Ủy ban nhân dân cấp xã hoặc công an cấp xã nơi gần nhất tài sản mà bạn đã phát hiện, không biết chủ sở hữu. Bạn cũng phải ghi rõ thông tin như họ tên, địa chỉ, tình trạng, số lượng và khối lượng tài sản trong biên bản giao nộp.

Sau khi giao nộp, Ủy ban nhân dân cấp xã hoặc công an cấp xã sẽ thông báo cho người phát hiện về kết quả xác định chủ sở hữu. Nếu sau một năm, tài sản vẫn không xác định được chủ sở hữu, bạn sẽ có quyền sở hữu đối với tài sản đó theo quy định của Bộ luật Dân sự 2015.

Như vậy, bạn nên thông báo cho Ủy ban nhân dân cấp xã hoặc công an cấp xã nơi gần nhất về việc phát hiện tài sản, và tuân thủ các quy định về giao nộp và thông báo như quy định tại Điều 230.1 của Bộ luật Dân sự 2015."
syn_830_1768633686,"Tôi có một người bạn đã lập di chúc để lại tài sản cho một tổ chức, nhưng tổ chức đó không còn hoạt động tại thời điểm tôi qua đời, liệu có ai khác được thừa hưởng không?",Điều 613 - Bộ luật Dân sự 2015,False,1.0,0.39294117647058824,"**Căn cứ pháp lý:** 
- Điều 650 Bộ luật Dân sự 2015 - Văn bản: Bộ luật Dân sự 2015

**Nội dung quy định:**
1. Thừa kế theo pháp luật được áp dụng trong trường hợp: ""c) Những người thừa kế theo di chúc chết trước hoặc chết cùng thời điểm với người lập di chúc; cơ quan, tổ chức được hưởng thừa kế theo di chúc không còn tồn tại vào thời điểm mở thừa kế;""
2. Thừa kế theo pháp luật cũng được áp dụng đối với các phần di sản sau đây: ""c) Phần di sản có liên quan đến người được thừa kế theo di chúc nhưng họ không có quyền hưởng di sản, từ chối nhận di sản, chết trước hoặc chết cùng thời điểm với người lập di chúc;""
3. Di chúc không có hiệu lực toàn bộ hoặc một phần trong trường hợp: ""b) Cơ quan, tổ chức được chỉ định là người thừa kế không còn tồn tại vào thời điểm mở thừa kế.""

**Phân tích & Hướng dẫn:**
Theo quy định tại Điều 650 và Điều 643 của Bộ Luật Dân sự 2015, trong trường hợp bạn đã đề cập, nếu tổ chức được chỉ định là người thừa kế trong di chúc đã không còn tồn tại vào thời điểm mở thừa kế, thì phần di sản thuộc về người thừa kế theo di chúc (trong trường hợp này là tổ chức) sẽ không có hiệu lực. 

Do đó, nếu tổ chức đã được chỉ định trong di chúc đã không còn tồn tại, theo quy định pháp luật, phần di sản thuộc về tổ chức này sẽ bị loại bỏ khỏi việc thừa kế. Tuy nhiên, nếu có người thừa kế theo di chúc khác sống sót và có quyền hưởng di sản, họ sẽ được hưởng phần di sản còn lại.

Trong trường hợp tổ chức không còn tồn tại và không có người thừa kế theo di chúc sống sót, theo Điều 622 của Bộ Luật Dân sự 2015, phần di sản còn lại sau khi đã thực hiện nghĩa vụ về tài sản sẽ thuộc về Nhà nước.

Vì vậy, trong trường hợp bạn nêu, không có người thừa kế theo di chúc sống sót và tổ chức đã không còn tồn tại, tài"
syn_1373_1768640948_1,"Gia đình tôi có một người thân đã sống ở nước ngoài nhiều năm và gần đây bị cáo buộc liên quan đến các hoạt động chống chính quyền. Nếu anh ấy quay về nước, những hậu quả pháp lý nào có thể xảy ra cho anh ấy?",Điều 121 - Bộ luật Hình sự (Văn bản hợp nhất 2017),True,0.6666666666666666,0.41209406494960804,"**CĂN CỨ PHÁP LUẬT THAM KHẢO:**
--- [Tài liệu 1] ---
Văn bản: Bộ luật Hình sự (Văn bản hợp nhất 2017)
Nội dung: Điều 120. Tội tổ chức, cưỡng ép, xúi giục người khác trốn đi nước ngoài hoặc trốn ở lại nước ngoài nhằm chống chính quyền nhân dân

--- [Tài liệu 2] ---
Văn bản: Bộ luật Hình sự (Văn bản hợp nhất 2017)
Nội dung: Điều 121. Tội trốn đi nước ngoài hoặc trốn ở lại nước ngoài nhằm chống chính quyền nhân dân

---

**Căn cứ pháp lý:**
Theo Điều 120 và Điều 121 của Bộ Luật Hình sự (Văn bản hợp nhất 2017), việc trốn đi nước ngoài hoặc trốn ở lại nước ngoài nhằm chống chính quyền nhân dân sẽ bị truy cứu trách nhiệm hình sự. Cụ thể:

- Điều 120 quy định về tội tổ chức, cưỡng ép, xúi giục người khác trốn đi nước ngoài hoặc trốn ở lại nước ngoài nhằm chống chính quyền nhân dân. Theo điều này, nếu hành vi của người thân đã bị cáo buộc thuộc loại tội tổ chức, cưỡng ép, xúi giục, họ có thể phải chịu hình phạt tù từ 5 năm đến 15 năm.
- Điều 121 quy định về tội trốn đi nước ngoài hoặc trốn ở lại nước ngoài nhằm chống chính quyền nhân dân. Theo điều này, nếu hành vi của người thân thuộc loại tội trốn đi nước ngoài hoặc trốn ở lại nước ngoài nhằm chống chính quyền nhân dân, họ có thể phải chịu hình phạt tù từ 3 năm đến 12 năm. 

**Phân tích & Hướng dẫn:**
Theo tài liệu tham khảo, hành vi trốn đi nước ngoài hoặc trốn ở lại nước ngoài nhằm chống chính quyền nhân dân có thể bị truy cứu trách nhiệm hình sự. Tuy nhiên, cần phân biệt giữa hai loại tội: tội tổ chức, cưỡng ép, xúi giục và tội trốn đi nước ngoài hoặc trốn ở lại nước ngoài nhằm chống chính quyền nhân dân. 

Nếu người thân đã bị cáo buộc tổ chức, cưỡng ép, xúi giục người"
syn_840_1768633752,"Gia đình tôi đã không yêu cầu chia tài sản thừa kế của ông nội trong 12 năm, liệu tôi có thể yêu cầu chia tài sản này nữa không?",Điều 623 - Bộ luật Dân sự 2015,False,1.0,0.3772511848341233,"**Căn cứ pháp lý:** 
Điều 661. Hạn chế phân chia di sản Trường hợp theo ý chí của người lập di chúc hoặc theo thỏa thuận của tất cả những người thừa kế, di sản chỉ được phân chia sau một thời hạn nhất định thì chỉ khi đã hết thời hạn đó di sản mới được đem chia (Bộ luật Dân sự 2015).

**Nội dung quy định:**
Trong trường hợp yêu cầu chia di sản thừa kế mà việc chia di sản ảnh hưởng nghiêm trọng đến đời sống của bên vợ hoặc chồng còn sống và gia đình thì bên còn sống có quyền yêu cầu Tòa án xác định phần di sản mà những người thừa kế được hưởng nhưng chưa cho chia di sản trong một thời hạn nhất định. Thời hạn này không quá 03 năm, kể từ thời điểm mở thừa kế. Hết thời hạn 03 năm mà bên còn sống chứng minh được việc chia di sản vẫn ảnh hưởng nghiêm trọng đến đời sống của gia đình họ thì có quyền yêu cầu Tòa án gia hạn một lần nhưng không quá 03 năm.

**Phân tích & Hướng dẫn:**
Theo thông tin bạn cung cấp, gia đình bạn đã không yêu cầu chia tài sản thừa kế của ông nội trong 12 năm. Theo Điều 661 của Bộ Luật Dân sự 2015, nếu yêu cầu chia di sản thừa kế ảnh hưởng nghiêm trọng đến đời sống của bên vợ hoặc chồng còn sống và gia đình, thì bên còn sống có quyền yêu cầu chia di sản trong vòng 03 năm kể từ thời điểm mở thừa kế. 

Trong trường hợp này, thời gian 12 năm mà bạn nêu rõ là vượt quá thời hạn 03 năm quy định tại Điều 661. Do đó, bạn không thể yêu cầu chia tài sản này nữa, trừ khi có các điều kiện đặc biệt được quy định tại Điều 661, ví dụ như việc chia di sản ảnh hưởng nghiêm trọng đến đời sống của bên vợ hoặc chồng còn sống và gia đình. 

Nhưng cần lưu ý rằng, để xác định xem việc yêu cầu chia di sản của bạn có ảnh hưởng nghiêm trọng đến đời sống của gia đình hay không, bạn sẽ cần phải chứng minh rõ ràng và có căn cứ. Nếu bạn muốn yêu cầu chia di sản, bạn nên tham"
syn_136_1768628759,Tôi muốn thành lập một công ty cổ phần nhưng không biết có cần phải có Ban kiểm soát không nếu công ty tôi có 9 cổ đông và tất cả đều là tổ chức sở hữu dưới 50% tổng số cổ phần?,Điều 137 - Luật Doanh nghiệp 2020,True,1.0,0.5274527452745275,"**Căn cứ pháp lý:** 
- Điều 137 của Luật Doanh nghiệp 2020

**Nội dung quy định:**
- Trừ trường hợp pháp luật về chứng khoán có quy định khác, công ty cổ phần có quyền lựa chọn tổ chức quản lý và hoạt động theo một trong hai mô hình sau đây: a) Đại hội đồng cổ đông, Hội đồng quản trị, Ban kiểm soát và Giám đốc hoặc Tổng giám đốc. Trường hợp công ty cổ phần có dưới 11 cổ đông và các cổ đông là tổ chức sở hữu dưới 50% tổng số cổ phần của công ty thì không bắt buộc phải có Ban kiểm soát.

**Phân tích & Hướng dẫn:**
Theo quy định tại Điều 137 của Luật Doanh nghiệp 2020, nếu công ty bạn có dưới 11 cổ đông và tất cả các cổ đông là tổ chức sở hữu dưới 50% tổng số cổ phần của công ty, thì bạn không bắt buộc phải có Ban kiểm soát. 

Đối với trường hợp của bạn, với 9 cổ đông và tất cả là tổ chức sở hữu dưới 50%, công ty của bạn có quyền lựa chọn không có Ban kiểm soát. Tuy nhiên, bạn nên cân nhắc về lợi ích của việc có Ban kiểm soát. Ban kiểm soát đóng vai trò quan trọng trong việc giám sát hoạt động của Hội đồng quản trị và Giám đốc, giúp đảm bảo tính minh bạch và tuân thủ pháp luật. 

Nếu bạn vẫn muốn có Ban kiểm soát, bạn cần đảm bảo rằng các thành viên Ban kiểm soát được lựa chọn phù hợp và có đủ năng lực để thực hiện chức năng của mình. Bạn cũng nên xem xét việc quy định rõ trong Điều lệ công ty về chức năng, nhiệm vụ và quyền hạn của Ban kiểm soát.

Như vậy, mặc dù không bắt buộc, việc có Ban kiểm soát vẫn có thể mang lại nhiều lợi ích cho công ty của bạn."
syn_180_1768629106,Tôi muốn biết quyền lợi của mình khi tham gia quản lý công ty và có thể yêu cầu công ty bù đắp thiệt hại nếu có sự cố xảy ra trong hoạt động kinh doanh không?,Điều 181 - Luật Doanh nghiệp 2020,True,0.6666666666666666,0.6673901247965275,"**Căn cứ pháp lý:** 
- Điều 181 của Luật Doanh nghiệp 2020 - Văn bản: Luật Doanh nghiệp 2020

**Nội dung quy định:**
1. Thành viên hợp danh có quyền sau đây: 
   - Tham gia họp, thảo luận và biểu quyết về các vấn đề của công ty; mỗi thành viên hợp danh có một phiếu biểu quyết hoặc có số phiếu biểu quyết khác quy định tại Điều lệ công ty;
   - Nhân danh công ty kinh doanh các ngành, nghề kinh doanh của công ty;
   - Sử dụng tài sản của công ty để kinh doanh các ngành, nghề kinh doanh của công ty; trường hợp ứng trước tiền của mình để kinh doanh cho công ty thì có quyền yêu cầu công ty hoàn trả lại cả số tiền gốc và lãi theo lãi suất thị trường trên số tiền gốc đã ứng trước;
   - Yêu cầu công ty bù đắp thiệt hại từ hoạt động kinh doanh trong phạm vi nhiệm vụ được phân công nếu thiệt hại đó xảy ra không phải do sai sót cá nhân của thành viên đó;
   - Yêu cầu công ty, thành viên hợp danh khác cung cấp thông tin về tình hình kinh doanh của công ty; kiểm tra tài sản, sổ kế toán và tài liệu khác của công ty khi thấy cần thiết;
   - Được chia lợi nhuận tương ứng với tỷ lệ phần vốn góp hoặc theo thỏa thuận quy định tại Điều lệ công ty;
   - Khi công ty giải thể hoặc phá sản, được chia giá trị tài sản còn lại tương ứng theo tỷ lệ phần vốn góp vào công ty nếu Điều lệ công ty không quy định một tỷ lệ khác;
   - Trường hợp thành viên hợp danh chết thì người thừa kế của thành viên được hưởng phần giá trị tài sản tại công ty sau khi đã trừ đi phần nợ và nghĩa vụ tài sản khác thuộc trách nhiệm của thành viên đó. Người thừa kế có thể trở thành thành viên hợp danh nếu được Hội đồng thành viên chấp thuận;
   - Quyền khác theo quy định của Luật này và Điều lệ công ty.

2. Thành viên hợp danh có nghĩa vụ sau đây: 
   - Tiến hành quản lý và thực hiện hoạt động kinh doanh một cách trung thực, cẩn trọng và tốt nhất nhằm bảo đảm lợi ích hợp pháp tối đa cho công ty;
   - Tiến hành quản lý và"
syn_1094_1768639059_1,"Chồng tôi đang làm việc tại một công ty và công ty này có nhu cầu thuê lại lao động từ một doanh nghiệp khác. Tôi lo lắng về việc nếu hợp đồng không đảm bảo các quyền lợi cho người lao động, chồng tôi có thể bị thiệt thòi. Tôi muốn biết những nội dung nào trong hợp đồng thuê lại lao động là bắt buộc phải có để bảo vệ quyền lợi của chồng tôi?",Điều 55 - Bộ luật Lao động 2019,True,1.0,0.6879844961240309,"**Căn cứ pháp lý:**
---
--- [Tài liệu 1] ---
Văn bản: Bộ luật Lao động 2019
Nội dung: Điều 55. Hợp đồng cho thuê lại lao động 1. Doanh nghiệp cho thuê lại lao động và bên thuê lại lao động phải ký kết hợp đồng cho thuê lại lao động bằng văn bản và được làm thành 02 bản, mỗi bên giữ 01 bản. 2. Hợp đồng cho thuê lại lao động gồm các nội dung chủ yếu sau đây: a) Địa điểm làm việc, vị trí việc làm cần sử dụng lao động thuê lại, nội dung cụ thể của công việc, yêu cầu cụ thể đối với người lao động thuê lại; b) Thời hạn thuê lại lao động; thời gian bắt đầu làm việc của người lao động thuê lại; c) Thời giờ làm việc, thời giờ nghỉ ngơi, điều kiện an toàn, vệ sinh lao động tại nơi làm việc; d) Trách nhiệm bồi thường tai nạn lao động, bệnh nghề nghiệp; đ) Nghĩa vụ của mỗi bên đối với người lao động.
---

**Nội dung quy định:**
---
--- [Tài liệu 1] ---
Điều 55. Hợp đồng cho thuê lại lao động 2. Hợp đồng cho thuê lại lao động gồm các nội dung chủ yếu sau đây: a) Địa điểm làm việc, vị trí việc làm cần sử dụng lao động thuê lại, nội dung cụ thể của công việc, yêu cầu cụ thể đối với người lao động thuê lại; b) Thời hạn thuê lại lao động; thời gian bắt đầu làm việc của người lao động thuê lại; c) Thời giờ làm việc, thời giờ nghỉ ngơi, điều kiện an toàn, vệ sinh lao động tại nơi làm việc; d) Trách nhiệm bồi thường tai nạn lao động, bệnh nghề nghiệp; đ) Nghĩa vụ của mỗi bên đối với người lao động.
---

**Phân tích & Hướng dẫn:**
---
Theo Điều 55 của Bộ Luật Lao động 2019, hợp đồng cho thuê lại lao động cần phải có các nội dung sau đây để bảo vệ quyền lợi của người lao động, bao gồm:
1. **Địa điểm làm việc, vị trí việc làm cần"
syn_785_1768633371,"Tôi ủy quyền cho một người bạn bán một số tài sản của tôi, nhưng anh ấy không giao lại cho tôi số tiền thu được từ việc bán đó, tôi có quyền yêu cầu gì không?",Điều 568 - Bộ luật Dân sự 2015,False,0.3333333333333333,0.4201030927835051,"**CĂN CỨ PHÁP LUẬT THAM KHẢO:**
---
[Tài liệu 1] - Bộ luật Dân sự 2015
Nội dung: Điều 558. Quyền của bên giữ tài sản

---

**PHÂN TÍCH & HƯỚNG DẪN:**

Theo Điều 558 của Bộ luật Dân sự 2015, bên giữ tài sản (trong trường hợp này là bạn của bạn) có quyền yêu cầu bên gửi trả tiền công theo thỏa thuận. Điều này có nghĩa rằng, nếu bạn và bạn đã thỏa thuận về một khoản tiền công cho việc bán tài sản, bạn có quyền yêu cầu bạn trả lại số tiền đó. 

Trong trường hợp bạn đã giao tài sản cho bạn để bán, nhưng bạn không trả lại số tiền thu được từ việc bán tài sản đó, bạn hoàn toàn có quyền yêu cầu bạn trả lại số tiền đó theo thỏa thuận ban đầu. Nếu không, bạn cũng có thể yêu cầu bồi thường thiệt hại cho những tổn thất mà bạn gặp phải vì việc bạn không trả lại số tiền đó.

Đồng thời, theo Điều 558, bạn cũng có quyền yêu cầu bạn gửi lại tài sản bất cứ lúc nào, nhưng cần báo trước cho bạn một thời gian hợp lý. Nếu bạn không tuân thủ yêu cầu này, bạn có thể có quyền bán tài sản để bảo vệ lợi ích của mình, và sau đó trả lại cho bạn số tiền thu được từ việc bán tài sản đó, trừ chi phí hợp lý để bán tài sản.

Tóm lại, dựa trên các quy định của Bộ luật Dân sự 2015, bạn có quyền yêu cầu bạn trả lại số tiền thu được từ việc bán tài sản và yêu cầu bạn gửi lại tài sản, đồng thời bạn cũng có quyền bán tài sản đó và trả lại số tiền thu được cho bạn sau khi trừ chi phí hợp lý."
syn_846_1768633782,"Nếu tôi lập di chúc miệng trong tình trạng sắp chết nhưng sau đó lại hồi phục sức khỏe, di chúc đó có còn hiệu lực không?",Điều 629 - Bộ luật Dân sự 2015,True,1.0,0.6071987480438185,"**Căn cứ pháp lý:**
- Văn bản: Bộ luật Dân sự 2015
- Nguồn tài liệu tham khảo: Điều 629 (1)

**Nội dung quy định:**
Điều 629. Di chúc miệng
1. Trường hợp tính mạng một người bị cái chết đe dọa và không thể lập di chúc bằng văn bản thì có thể lập di chúc miệng.
2. Sau 03 tháng, kể từ thời điểm di chúc miệng mà người lập di chúc còn sống, minh mẫn, sáng suốt thì di chúc miệng mặc nhiên bị hủy bỏ.

**Phân tích & Hướng dẫn:**
Theo quy định tại Điều 629, Bộ Luật Dân sự 2015, di chúc miệng chỉ có hiệu lực trong trường hợp người lập di chúc đang bị cái chết đe dọa và không thể lập di chúc bằng văn bản. Tuy nhiên, sau 03 tháng kể từ thời điểm người lập di chúc còn sống, minh mẫn, sáng suốt, di chúc miệng sẽ mặc nhiên bị hủy bỏ.

Trong trường hợp người dùng lập di chúc miệng trong tình trạng sắp chết nhưng sau đó đã hồi phục sức khỏe và minh mẫn, sáng suốt, điều này phù hợp với quy định tại khoản 2 điều 629. Do đó, di chúc miệng của người dùng sẽ bị hủy bỏ và không còn hiệu lực pháp lý.

Vì vậy, nếu người dùng muốn đảm bảo di chúc miệng có hiệu lực, họ nên lập di chúc bằng văn bản ngay khi minh mẫn, sáng suốt, không có dấu hiệu sắp chết."
syn_1530_1768642201_2,"Tôi là người có trách nhiệm trực tiếp quản lý thiết bị an toàn giao thông đường không ở một sân bay, nhưng một sự cố nhỏ xảy ra dẫn đến nhiều hành khách bị thương. Nếu hậu quả là có 02 người bị thương nặng và gây thiệt hại lớn cho tài sản, tôi sẽ phải đối mặt với những hình phạt nào?",Điều 278 - Bộ luật Hình sự (Văn bản hợp nhất 2017),True,0.6666666666666666,0.6559905100830368,"**Căn cứ pháp lý:**
Điều 278. Tội cản trở giao thông đường không - Bộ Luật Hình sự (Văn bản hợp nhất 2017)

**Nội dung quy định:**
1. Người nào đặt chướng ngại vật; di chuyển trái phép, làm sai lệch, che khuất hoặc phá hủy biển hiệu, tín hiệu an toàn giao thông đường không; sử dụng sai hoặc làm nhiễu tần số thông tin liên lạc; làm hư hỏng trang bị, thiết bị của sân bay hoặc trang bị, thiết bị phụ trợ khác phục vụ cho an toàn bay; cung cấp thông tin sai đến mức gây uy hiếp an toàn của tàu bay, an toàn của hành khách, tổ bay, nhân viên mặt đất hoặc người khác tại cảng hàng không, sân bay hoặc công trình, trang bị, thiết bị hàng không dân dụng; điều khiển, đưa phương tiện mặt đất không đáp ứng điều kiện kỹ thuật vào khai thác tại khu bay hoặc có hành vi khác cản trở giao thông đường không gây thiệt hại cho người khác thuộc một trong các trường hợp sau đây hoặc đã bị xử lý kỷ luật, xử phạt vi phạm hành chính về một trong các hành vi quy định tại Điều này hoặc đã bị kết án về tội này, chưa được xóa án tích mà còn vi phạm, thì bị phạt tiền từ 30.000.000 đồng đến 100.000.000 đồng, phạt cải tạo không giam giữ đến 03 năm hoặc phạt tù từ 01 năm đến 05 năm: a) Làm chết người; b) Gây thương tích hoặc gây tổn hại cho sức khỏe của 01 người mà tỷ lệ tổn thương cơ thể 61% trở lên; c) Gây thương tích hoặc gây tổn hại cho sức khỏe của 02 người trở lên mà tổng tỷ lệ tổn thương cơ thể của những người này từ 61% đến 121%; d) Gây thiệt hại về tài sản từ 100.000.000 đồng đến dưới 500.000.000 đồng. 2. Phạm tội thuộc một trong các trường hợp sau đây, thì bị phạt tù từ 03 năm đến 10 năm: a) Làm chết 02 người; b) Gây thương tích hoặc"
syn_1581_1768642668_1,"Chồng tôi làm trong cơ quan nhà nước và đã bị một nhóm người đến nhà cản trở khi đang thi hành công vụ. Nếu họ đe dọa chồng tôi và khiến ông ấy không thể thực hiện nhiệm vụ, thì họ có thể bị xử lý như thế nào?",Điều 330 - Bộ luật Hình sự (Văn bản hợp nhất 2017),True,1.0,0.4994499449944995,"**Căn cứ pháp lý:** 
Điều 330. Tội chống người thi hành công vụ - Bộ luật Hình sự (Văn bản hợp nhất 2017)

**Nội dung quy định:**
Theo Điều 330 của Bộ luật Hình sự (Văn bản hợp nhất 2017), nếu người nào dùng vũ lực, đe dọa dùng vũ lực hoặc dùng thủ đoạn khác cản trở người thi hành công vụ thực hiện công vụ của họ hoặc ép buộc họ thực hiện hành vi trái pháp luật, thì bị phạt cải tạo không giam giữ đến 03 năm hoặc phạt tù từ 06 tháng đến 03 năm. 

**Phân tích & Hướng dẫn:**
Trong trường hợp của bạn, chồng bạn đã bị một nhóm người đe dọa và cản trở khi đang thi hành công vụ. Theo Điều 330 nêu trên, hành vi này có thể coi là tội chống người thi hành công vụ. 

Đặc biệt, nếu họ đe dọa chồng bạn và khiến ông ấy không thể thực hiện nhiệm vụ công vụ, thì hành vi này sẽ bị đánh giá là dùng vũ lực hoặc đe dọa dùng vũ lực. 

Như vậy, những người đã gây ra tình huống trên có thể bị xử lý theo quy định tại Điều 330 của Bộ luật Hình sự. Họ có thể bị phạt cải tạo không giam giữ đến 03 năm hoặc phạt tù từ 06 tháng đến 03 năm tùy theo mức độ nghiêm trọng của hành vi. 

Hơn nữa, nếu hành vi này gây ra hậu quả cụ thể như làm cho quan hệ hôn nhân của một hoặc hai bên dẫn đến ly hôn (nếu chồng bạn đã có vợ), hoặc làm cho vợ, chồng hoặc con của một trong hai bên tự sát (nếu chồng bạn đã bị người khác đe dọa đến mức tự sát), thì mức án có thể tăng lên từ 06 tháng đến 03 năm tù.

Rất mong rằng thông tin trên sẽ giúp bạn hiểu rõ hơn về quy định pháp luật liên quan và hỗ trợ trong việc bảo vệ quyền lợi của chồng bạn."
syn_1266_1768640063_1,Chồng tôi vừa bị bắt vì nghi ngờ tham gia vào một vụ án hình sự. Tôi có thể làm gì để hỗ trợ và đảm bảo rằng quyền lợi của chồng tôi được bảo vệ trong quá trình điều tra?,Điều 4 - Bộ luật Hình sự (Văn bản hợp nhất 2017),False,0.0,0.35258964143426297,"**CĂN CỨ PHÁP LUẬT THAM KHẢO:**
--- [Tài liệu 1] ---
Văn bản: Luật Hôn nhân và Gia đình 2014
Nội dung: Điều 5. Bảo vệ chế độ hôn nhân và gia đình 1. Quan hệ hôn nhân và gia đình được xác lập, thực hiện theo quy định của Luật này được tôn trọng và được pháp luật bảo vệ. 2. Cấm các hành vi sau đây: ... đ) Yêu sách của cải trong kết hôn; e) Cưỡng ép ly hôn, lừa dối ly hôn, cản trở ly hôn; g) Thực hiện sinh con bằng kỹ thuật hỗ trợ sinh sản vì mục đích thương mại, mang thai hộ vì mục đích thương mại, lựa chọn giới tính thai nhi, sinh sản vô tính; h) Bạo lực gia đình; i) Lợi dụng việc thực hiện quyền về hôn nhân và gia đình để mua bán người, bóc lột sức lao động, xâm phạm tình dục hoặc có hành vi khác nhằm mục đích trục lợi. 3. Mọi hành vi vi phạm pháp luật về hôn nhân và gia đình phải được xử lý nghiêm minh, đúng pháp luật. Cơ quan, tổ chức, cá nhân có quyền yêu cầu Tòa án, cơ quan khác có thẩm quyền áp dụng biện pháp kịp thời ngăn chặn và xử lý người có hành vi vi phạm pháp luật về hôn nhân và gia đình. 4. Danh dự, nhân phẩm, uy tín, bí mật đời tư và các quyền riêng tư khác của các bên được tôn trọng, bảo vệ trong quá trình giải quyết vụ việc về hôn nhân và gia đình.

--- [Tài liệu 2] ---
Văn bản: Luật Hôn nhân và Gia đình 2014
Nội dung: Điều 18. Bảo vệ quyền, nghĩa vụ về nhân thân của vợ, chồng Quyền, nghĩa vụ về nhân thân của vợ, chồng quy định tại Luật này, Bộ luật dân sự và các luật khác có liên quan được tôn trọng và bảo vệ.

--- [Tài liệu 3] ---
Văn bản: Luật Hôn nhân và Gia đình 2014
Nội dung: Điều 29. Nguyên tắc chung về chế độ tài sản của vợ chồng 1. Vợ, chồng bình đẳng với nhau về quyền, nghĩa vụ"
syn_461_1768631276,Chồng tôi bị kết án vì tội phạm và tài sản chung của chúng tôi bị tịch thu. Tôi có quyền gì đối với tài sản này không?,Điều 244 - Bộ luật Dân sự 2015,False,1.0,0.33670033670033667,"**Căn cứ pháp lý:**
Điều 45. Tịch thu tài sản - Bộ luật Hình sự (Văn bản hợp nhất 2017)

**Nội dung quy định:**
""Tịch thu tài sản là tước một phần hoặc toàn bộ tài sản thuộc sở hữu của người bị kết án để nộp vào ngân sách nhà nước. Tịch thu tài sản chỉ được áp dụng đối với người bị kết án về tội phạm nghiêm trọng, tội phạm rất nghiêm trọng hoặc tội phạm đặc biệt nghiêm trọng xâm phạm an ninh quốc gia, tội phạm về ma tuý, tham nhũng hoặc tội phạm khác do Bộ luật này quy định. Khi tịch thu toàn bộ tài sản vẫn để cho người bị kết án và gia đình họ có điều kiện sinh sống.""

**Phân tích & Hướng dẫn:**
Theo Điều 45 của Bộ luật Hình sự, tài sản chung của vợ chồng có thể bị tịch thu nếu chồng bạn bị kết án về tội phạm nghiêm trọng, rất nghiêm trọng hoặc đặc biệt nghiêm trọng. Tuy nhiên, quy định cụ thể về việc tịch thu tài sản sẽ phụ thuộc vào mức độ nghiêm trọng của tội phạm mà chồng bạn đã phạm. 

Bên cạnh đó, nếu tài sản chung bị tịch thu, theo Điều 33 của Luật Hôn nhân và Gia đình 2014, tài sản chung của vợ chồng gồm tài sản do vợ, chồng tạo ra, thu nhập do lao động, hoạt động sản xuất, kinh doanh, hoa lợi, lợi tức phát sinh từ tài sản riêng và thu nhập hợp pháp khác trong thời kỳ hôn nhân. 

Như vậy, nếu tài sản chung bị tịch thu, bạn cần phải phân tích lại tài sản chung của cả hai bên và xác định tài sản mà bạn có quyền sở hữu. Theo Điều 59 của Luật Hôn nhân và Gia đình 2014, tài sản chung của vợ chồng có thể được chia đôi dựa trên các yếu tố như hoàn cảnh gia đình, công sức đóng góp vào việc tạo lập, duy trì và phát triển khối tài sản chung, và bảo vệ lợi ích chính đáng của mỗi bên trong sản xuất, kinh doanh và nghề nghiệp.

Tuy nhiên, vì tài sản đã bị tịch thu, việc chia tài sản sẽ gặp khó khăn. Bạn nên liên hệ với luật sư để được hỗ trợ trong việc phân tích và đề xuất cách"
syn_483_1768631426,Tôi có quyền hưởng dụng một phần đất của người khác nhưng giờ đây tôi muốn chấm dứt quyền hưởng dụng này. Tôi cần phải làm gì để hoàn trả tài sản cho chủ sở hữu?,Điều 266 - Bộ luật Dân sự 2015,True,1.0,0.394124847001224,"**Căn cứ pháp lý:**
- Điều 266, Điều 273, Bộ luật Dân sự 2015

**Nội dung quy định:**
Theo Điều 266 của Bộ luật Dân sự 2015, khi chấm dứt quyền hưởng dụng, tài sản phải được hoàn trả cho chủ sở hữu, ngoại trừ trường hợp có thỏa thuận khác hoặc luật có quy định khác. Theo Điều 273, khi quyền bề mặt chấm dứt, chủ thể quyền bề mặt phải trả lại tài sản (đất, mặt nước, khoảng không gian) cho chủ thể có quyền sử dụng đất theo thỏa thuận hoặc theo quy định của pháp luật.

**Phân tích & Hướng dẫn:**
Để hoàn trả tài sản cho chủ sở hữu khi chấm dứt quyền hưởng dụng, bạn cần tuân thủ các quy định như sau:

1. **Thỏa thuận:** Nếu bạn và chủ sở hữu đã có thỏa thuận về việc hoàn trả tài sản khi chấm dứt quyền hưởng dụng, bạn nên tuân theo thỏa thuận đó. 

2. **Quy định của pháp luật:** Nếu chưa có thỏa thuận, bạn cần tuân theo quy định của pháp luật, cụ thể là Điều 273 của Bộ luật Dân sự 2015. Điều này yêu cầu bạn phải trả lại tài sản (đất, mặt nước, khoảng không gian) cho chủ sở hữu theo thỏa thuận hoặc theo quy định của pháp luật.

3. **Chuẩn bị tài sản:** Bạn cần chuẩn bị tài sản (đất, mặt nước, khoảng không gian) mà bạn đang hưởng dụng và đảm bảo rằng chúng được trong tình trạng tốt nhất có thể.

4. **Thanh toán chi phí:** Nếu bạn đã thực hiện nghĩa vụ sửa chữa tài sản theo quy định tại khoản 4 Điều 263 của Bộ luật Dân sự 2015 hoặc nếu bạn đã thay mặt chủ sở hữu thực hiện nghĩa vụ sửa chữa, bạn có quyền yêu cầu chủ sở hữu tài sản hoàn trả chi phí.

5. **Trong trường hợp không hoàn thành:** Nếu bạn không thực hiện việc xử lý tài sản trước khi quyền bề mặt chấm dứt, tài sản đó sẽ thuộc về chủ sở hữu đất kể từ thời điểm quyền bề mặt chấm dứt. Trong trường hợp này, bạn cần thanh toán tất cả"
syn_952_1768634482,"Tôi và chồng tôi đã thỏa thuận nhập tài sản riêng vào tài sản chung, nhưng hiện tại chúng tôi có một số khoản nợ phát sinh từ tài sản riêng. Ai sẽ chịu trách nhiệm về những khoản nợ đó?",Điều 46 - Luật Hôn nhân và Gia đình 2014,True,0.0,0.6229143492769744,"**CĂN CỨ PHÁP LUẬT THAM KHẢO:**
---
--- [Tài liệu 1] ---
Văn bản: Luật Hôn nhân và Gia đình 2014
Nội dung: Điều 46. Nhập tài sản riêng của vợ, chồng vào tài sản chung 1. Việc nhập tài sản riêng của vợ, chồng vào tài sản chung được thực hiện theo thỏa thuận của vợ chồng. 2. Tài sản được nhập vào tài sản chung mà theo quy định của pháp luật, giao dịch liên quan đến tài sản đó phải tuân theo hình thức nhất định thì thỏa thuận phải bảo đảm hình thức đó. 3. Nghĩa vụ liên quan đến tài sản riêng đã nhập vào tài sản chung được thực hiện bằng tài sản chung, trừ trường hợp vợ chồng có thỏa thuận khác hoặc pháp luật có quy định khác.

--- [Tài liệu 2] ---
Văn bản: Luật Hôn nhân và Gia đình 2014
Nội dung: Điều 37. Nghĩa vụ chung về tài sản của vợ chồng Vợ chồng có các nghĩa vụ chung về tài sản sau đây: 1. Nghĩa vụ phát sinh từ giao dịch do vợ chồng cùng thỏa thuận xác lập, nghĩa vụ bồi thường thiệt hại mà theo quy định của pháp luật vợ chồng cùng phải chịu trách nhiệm; 2. Nghĩa vụ do vợ hoặc chồng thực hiện nhằm đáp ứng nhu cầu thiết yếu của gia đình; 3. Nghĩa vụ phát sinh từ việc chiếm hữu, sử dụng, định đoạt tài sản chung; 4. Nghĩa vụ phát sinh từ việc sử dụng tài sản riêng để duy trì, phát triển khối tài sản chung hoặc để tạo ra nguồn thu nhập chủ yếu của gia đình; 5. Nghĩa vụ bồi thường thiệt hại do con gây ra mà theo quy định của Bộ luật dân sự thì cha mẹ phải bồi thường; 6. Nghĩa vụ khác theo quy định của các luật có liên quan.

--- [Tài liệu 3] ---
Văn bản: Luật Hôn nhân và Gia đình 2014
Nội dung: Điều 33. Tài sản chung của vợ chồng 1. Tài sản chung của vợ chồng gồm tài sản do vợ, chồng tạo ra, thu nhập do"
syn_511_1768631611,"Công ty tôi ký hợp đồng cung cấp hàng hóa, nhưng chưa rõ nghĩa vụ sẽ phát sinh vào thời điểm nào, tôi có thể bảo đảm nghĩa vụ này như thế nào?",Điều 294 - Bộ luật Dân sự 2015,False,0.0,0.3333333333333333,"**CĂN CỨ PHÁP LUẬT THAM KHẢO:**
--- [Tài liệu 1] ---
Văn bản: Luật Doanh nghiệp 2020
Nội dung: Điều 9. Quyền và nghĩa vụ của doanh nghiệp cung ứng sản phẩm, dịch vụ công ích 1. Quyền và nghĩa vụ của doanh nghiệp quy định tại Điều 7, Điều 8 và quy định khác có liên quan của Luật này. 2. Được hạch toán và bù đắp chi phí theo giá do pháp luật về đấu thầu quy định hoặc thu phí sử dụng dịch vụ theo quy định của cơ quan nhà nước có thẩm quyền. 3. Được bảo đảm thời hạn cung ứng sản phẩm, dịch vụ thích hợp để thu hồi vốn đầu tư và có lãi hợp lý. 4. Cung ứng sản phẩm, dịch vụ đủ số lượng, đúng chất lượng và thời hạn đã cam kết theo giá hoặc phí do cơ quan nhà nước có thẩm quyền quy định. 5. Bảo đảm các điều kiện công bằng và thuận lợi cho khách hàng. 6. Chịu trách nhiệm trước pháp luật và khách hàng về số lượng, chất lượng, điều kiện cung ứng và giá, phí sản phẩm, dịch vụ cung ứng.

--- [Tài liệu 2] ---
Văn bản: Bộ luật Dân sự 2015
Nội dung: Điều 293. Phạm vi nghĩa vụ được bảo đảm 1. Nghĩa vụ có thể được bảo đảm một phần hoặc toàn bộ theo thỏa thuận hoặc theo quy định của pháp luật; nếu không có thỏa thuận và pháp luật không quy định phạm vi bảo đảm thì nghĩa vụ coi như được bảo đảm toàn bộ, kể cả nghĩa vụ trả lãi, tiền phạt và bồi thường thiệt hại. 2. Nghĩa vụ được bảo đảm có thể là nghĩa vụ hiện tại, nghĩa vụ trong tương lai hoặc nghĩa vụ có điều kiện. 3. Trường hợp bảo đảm nghĩa vụ trong tương lai thì nghĩa vụ được hình thành trong thời hạn bảo đảm là nghĩa vụ được bảo đảm, trừ trường hợp có thỏa thuận khác.

--- [Tài liệu 3] ---
Văn bản: Bộ luật Dân sự 2015
Nội dung: Điều 321. Quyền của bên thế chấp 1. Khai thác công dụng,"
syn_285_1768630037,Chồng tôi đã biệt tích suốt 3 năm và tôi muốn ly hôn. Tôi cần làm gì để Tòa án chấp nhận yêu cầu ly hôn của tôi?,Điều 68 - Bộ luật Dân sự 2015,True,1.0,0.37994722955145116,"**Căn cứ pháp lý:** 
- Điều 56, Luật Hôn nhân và Gia đình 2014

**Nội dung quy định:**
1. Khi vợ hoặc chồng yêu cầu ly hôn mà hòa giải tại Tòa án không thành thì Tòa án giải quyết cho ly hôn nếu có căn cứ về việc vợ, chồng có hành vi bạo lực gia đình hoặc vi phạm nghiêm trọng quyền, nghĩa vụ của vợ, chồng làm cho hôn nhân lâm vào tình trạng trầm trọng, đời sống chung không thể kéo dài, mục đích của hôn nhân không đạt được.
2. Trong trường hợp vợ hoặc chồng của người bị Tòa án tuyên bố mất tích yêu cầu ly hôn thì Tòa án giải quyết cho ly hôn.
3. Trong trường hợp có yêu cầu ly hôn theo quy định tại khoản 2 Điều 51 của Luật này thì Tòa án giải quyết cho ly hôn nếu có căn cứ về việc chồng, vợ có hành vi bạo lực gia đình làm ảnh hưởng nghiêm trọng đến tính mạng, sức khỏe, tinh thần của người kia.

**Phân tích & Hướng dẫn:**
Theo Điều 56 của Luật Hôn nhân và Gia đình 2014, khi một trong hai vợ hoặc chồng yêu cầu ly hôn mà hòa giải tại Tòa án không thành, và đặc biệt là khi một trong hai vợ hoặc chồng đã bị tuyên bố mất tích, Tòa án sẽ giải quyết cho ly hôn. 

Trong trường hợp của bạn, chồng bạn đã biệt tích suốt 3 năm. Theo Điều 68 của Bộ luật Dân sự 2015, nếu một người biệt tích 02 năm liền và không có tin tức xác thực về việc người đó còn sống hay đã chết, Tòa án có thể tuyên bố người đó mất tích. Do đó, bạn cần phải chứng minh rằng chồng bạn đã biệt tích và không có tin tức xác thực trong thời gian 2 năm trở lên. 

Sau khi chứng minh được chồng bạn đã bị tuyên bố mất tích, bạn có thể yêu cầu Tòa án giải quyết cho ly hôn dựa trên quy định tại Điều 56 của Luật Hôn nhân và Gia đình 2014. Bạn cần cung cấp đủ bằng chứng về hành vi bạo lực gia đình hoặc vi phạm nghiêm trọng quyền, nghĩa vụ của vợ chồng làm cho hôn nhân lâm vào tình trạng trầm trọng, đời sống"
syn_211_1768629364,Công ty tôi vừa bị phát hiện là có nội dung kê khai trong hồ sơ đăng ký doanh nghiệp là giả mạo. Tôi nên làm gì để xử lý tình huống này?,Điều 212 - Luật Doanh nghiệp 2020,True,1.0,0.4573234984193888,"**Căn cứ pháp lý:**
---
[Tài liệu 1] -- Luật Doanh nghiệp 2020 -- Điều 212. Thu hồi Giấy chứng nhận đăng ký doanh nghiệp

**Nội dung quy định:**
---
1. Doanh nghiệp bị thu hồi Giấy chứng nhận đăng ký doanh nghiệp trong trường hợp sau đây: a) Nội dung kê khai trong hồ sơ đăng ký doanh nghiệp là giả mạo;

2. Chính phủ quy định trình tự, thủ tục thu hồi Giấy chứng nhận đăng ký doanh nghiệp.
---

**Phân tích & Hướng dẫn:**
---
Theo Căn cứ pháp lý đã được trích dẫn, Công ty bạn cần thực hiện các bước sau để xử lý tình huống:

1. **Thông báo với Cơ quan đăng ký kinh doanh:** Bạn cần lập tức liên hệ với Cơ quan đăng ký kinh doanh để thông báo về sự việc. Theo Điều 212, Điều 30 của Luật Doanh nghiệp 2020, doanh nghiệp sẽ bị thu hồi Giấy chứng nhận đăng ký doanh nghiệp nếu nội dung kê khai trong hồ sơ đăng ký doanh nghiệp là giả mạo.

2. **Cung cấp thông tin cần thiết:** Cơ quan đăng ký kinh doanh sẽ yêu cầu bạn cung cấp thêm thông tin cần thiết để xác minh. Bạn cần cung cấp đầy đủ thông tin về nội dung giả mạo, cùng với các chứng cứ có thể liên quan.

3. **Thực hiện các biện pháp khắc phục:** Nếu Cơ quan đăng ký kinh doanh xác nhận rằng nội dung kê khai là giả mạo, họ sẽ tiến hành thu hồi Giấy chứng nhận đăng ký doanh nghiệp theo quy định của Luật.

4. **Thực hiện các biện pháp phòng ngừa tương lai:** Sau khi thu hồi Giấy chứng nhận đăng ký doanh nghiệp, bạn cần thực hiện các biện pháp để tránh việc tái diễn tình trạng này. Điều này bao gồm cập nhật lại hồ sơ đăng ký doanh nghiệp một cách chính xác, tuân thủ đầy đủ quy định pháp luật và thực hiện các nghĩa vụ pháp lý khác theo quy định của Luật Doanh nghiệp 2020.

Nhớ rằng, trong suốt quá trình này, bạn cần tuân thủ đúng quy trình và thời hạn được quy định bởi các văn bản pháp luật liên quan."
syn_451_1768631208,"Tôi có một người anh trai và chúng tôi đều là những người thừa kế của cha tôi. Nếu chúng tôi không thống nhất được về việc chia tài sản, liệu tôi có thể tự mình xác lập quyền sở hữu cho phần tài sản mà tôi muốn không?",Điều 234 - Bộ luật Dân sự 2015,False,1.0,0.33718244803695147,"**Căn cứ pháp lý:** 
--- [Tài liệu 1] ---
Văn bản: Bộ luật Dân sự 2015
Nội dung: Điều 660. Phân chia di sản theo pháp luật 1. Khi phân chia di sản, nếu có người thừa kế cùng hàng đã thành thai nhưng chưa sinh ra thì phải dành lại một phần di sản bằng phần mà người thừa kế khác được hưởng để nếu người thừa kế đó còn sống khi sinh ra được hưởng; nếu chết trước khi sinh ra thì những người thừa kế khác được hưởng. 2. Những người thừa kế có quyền yêu cầu phân chia di sản bằng hiện vật; nếu không thể chia đều bằng hiện vật thì những người thừa kế có thể thỏa thuận về việc định giá hiện vật và thỏa thuận về người nhận hiện vật; nếu không thỏa thuận được thì hiện vật được bán để chia.

**Nội dung quy định:**
Điều 660 của Bộ Luật Dân sự 2015 quy định về cách phân chia di sản khi có người thừa kế cùng hàng đã thành thai nhưng chưa sinh ra. Điều này cũng đề cập đến quyền của những người thừa kế khác yêu cầu phân chia di sản bằng hiện vật, và trường hợp không thỏa thuận được thì hiện vật sẽ được bán để chia.

**Phân tích & Hướng dẫn:**
Theo quy định tại Điều 660 Bộ Luật Dân sự 2015, khi phân chia di sản, nếu có người thừa kế cùng hàng đã thành thai nhưng chưa sinh ra, thì phần di sản dành lại bằng phần mà người thừa kế khác được hưởng. Điều này nghĩa là bạn và người anh trai đều có quyền yêu cầu phân chia di sản bằng hiện vật hoặc thỏa thuận về việc định giá hiện vật và người nhận hiện vật. Nếu không thể thỏa thuận được, hiện vật sẽ được bán để chia.

Tuy nhiên, quy định này không đề cập trực tiếp đến trường hợp tự xác lập quyền sở hữu cho phần tài sản mà bạn muốn. Theo Điều 660, quyền của bạn và người anh trai đều là quyền yêu cầu phân chia di sản, nhưng không có quy định cụ thể về việc tự xác lập quyền sở hữu cho phần tài sản mà bạn muốn.

Trong trường hợp không thống nhất được về việc chia tài sản, bạn nên tìm đến sự giúp đỡ của các tổ chức pháp luật như"
syn_810_1768633553,"Tôi bị tai nạn giao thông và mất hoàn toàn khả năng lao động từ năm 2020, nhưng hiện tại tôi vẫn còn sống. Vậy tôi có được bồi thường đến khi nào?",Điều 593 - Bộ luật Dân sự 2015,True,1.0,0.5101123595505619,"**Căn cứ pháp lý:** 
- Văn bản: Bộ luật Dân sự 2015
- Nội dung: Điều 593. Thời hạn hưởng bồi thường thiệt hại do tính mạng, sức khỏe bị xâm phạm (Mục 3. BỒI THƯỜNG THIỆT HẠI TRONG MỘT SỐ TRƯỜNG HỢP CỤ THỂ)

**Nội dung quy định:**
1. Trường hợp người bị thiệt hại mất hoàn toàn khả năng lao động thì người bị thiệt hại được hưởng bồi thường từ thời điểm mất hoàn toàn khả năng lao động cho đến khi chết, trừ trường hợp có thỏa thuận khác.

**Phân tích & Hướng dẫn:**
Theo quy định tại Điều 593 của Bộ luật Dân sự 2015, trường hợp bạn mất hoàn toàn khả năng lao động từ năm 2020, bạn sẽ được hưởng bồi thường từ thời điểm đó cho đến khi chết. 

Điều này có nghĩa là nếu bạn vẫn còn sống sau năm 2020, bạn sẽ tiếp tục được hưởng bồi thường từ năm 2020 đến khi qua đời. Trong trường hợp bạn chết trước khi hết thời hạn này, người mà bạn có nghĩa vụ cấp dưỡng khi còn sống sẽ tiếp tục được hưởng tiền cấp dưỡng từ thời điểm bạn mất đến khi chết.

Tuy nhiên, cần lưu ý rằng, quy định này chỉ áp dụng khi không có thỏa thuận khác giữa các bên liên quan. Nếu có thỏa thuận khác về thời hạn hưởng bồi thường, bạn nên tham khảo thêm về thỏa thuận đó."
syn_1220_1768639788_1,Vợ tôi là nhân viên một công ty cổ phần và gần đây công ty đã thay đổi hợp đồng lao động mà không thông qua ý kiến của cô ấy. Vợ tôi rất băn khoăn về việc này và muốn biết liệu có thể nhờ cơ quan nào giúp đỡ hay không. Tôi có thể yêu cầu sự can thiệp của Bộ Lao động - Thương binh và Xã hội trong trường hợp này không?,Điều 181 - Bộ luật Lao động 2019,True,1.0,0.7555555555555555,"**Căn cứ pháp lý:** 
Điều 181. Trách nhiệm của cơ quan, tổ chức trong giải quyết tranh chấp lao động - Bộ Luật Lao động 2019

**Nội dung quy định:**
1. Cơ quan quản lý nhà nước về lao động có trách nhiệm phối hợp với tổ chức đại diện người lao động, tổ chức đại diện người sử dụng lao động hướng dẫn, hỗ trợ và giúp đỡ các bên trong giải quyết tranh chấp lao động.
2. Bộ Lao động - Thương binh và Xã hội tổ chức việc tập huấn, nâng cao năng lực chuyên môn của hòa giải viên lao động, trọng tài viên lao động trong giải quyết tranh chấp lao động.
3. Khi có yêu cầu, cơ quan chuyên môn về lao động thuộc Ủy ban nhân dân là đầu mối tiếp nhận yêu cầu giải quyết tranh chấp lao động và có trách nhiệm phân loại, hướng dẫn, hỗ trợ, giúp đỡ các bên trong giải quyết tranh chấp lao động. Trong thời hạn 05 ngày làm việc, cơ quan tiếp nhận yêu cầu giải quyết tranh chấp lao động có trách nhiệm chuyển yêu cầu đến hòa giải viên lao động đối với trường hợp bắt buộc phải qua thủ tục hòa giải lao động, chuyển đến Hội đồng trọng tài trong trường hợp yêu cầu Hội đồng trọng tài giải quyết hoặc hướng dẫn gửi đến Tòa án để giải quyết.

**Phân tích & Hướng dẫn:**
Theo quy định tại Điều 181 của Bộ Luật Lao động 2019, cơ quan quản lý nhà nước về lao động có trách nhiệm phối hợp với tổ chức đại diện người lao động, tổ chức đại diện người sử dụng lao động trong việc hướng dẫn, hỗ trợ và giúp đỡ các bên trong giải quyết tranh chấp lao động. Điều này bao gồm cả việc tiếp nhận và xử lý các yêu cầu từ người lao động liên quan đến việc thay đổi hợp đồng lao động.

Trong trường hợp vợ bạn là nhân viên công ty cổ phần và hợp đồng lao động đã được thay đổi mà không thông qua ý kiến của cô ấy, bạn có thể đề nghị cơ quan quản lý nhà nước về lao động (cụ thể là cơ quan chuyên môn về lao động thuộc Ủy ban nhân dân) giúp đỡ. Cơ quan"
syn_333_1768630383,Tôi muốn ký một hợp đồng thuê nhà nhưng bên cho thuê không ký. Vậy giao dịch này có hiệu lực không?,Điều 116 - Bộ luật Dân sự 2015,False,1.0,0.3008595988538682,"**Căn cứ pháp lý:**
- Văn bản: Luật Doanh nghiệp 2020 - Điều 191
- Văn bản: Bộ luật Dân sự 2015 - Điều 472

**Nội dung quy định:**
Theo Điều 191 của Luật Doanh nghiệp 2020, chủ doanh nghiệp tư nhân có quyền cho thuê toàn bộ doanh nghiệp tư nhân của mình nhưng phải thông báo bằng văn bản kèm theo bản sao hợp đồng cho thuê có công chứng đến Cơ quan đăng ký kinh doanh, cơ quan thuế trong thời hạn 03 ngày làm việc kể từ ngày hợp đồng cho thuê có hiệu lực. 

Theo Điều 472 của Bộ luật Dân sự 2015, hợp đồng thuê tài sản là sự thỏa thuận giữa các bên, theo đó bên cho thuê giao tài sản cho bên thuê để sử dụng trong một thời hạn, bên thuê phải trả tiền thuê.

**Phân tích & Hướng dẫn:**
Trong trường hợp bạn muốn ký một hợp đồng thuê nhà mà bên cho thuê không ký, giao dịch này không thể coi là hợp pháp và có hiệu lực. Theo quy định tại Điều 191 của Luật Doanh nghiệp 2020, chủ doanh nghiệp tư nhân chỉ có quyền cho thuê tài sản (trong trường hợp này là nhà) sau khi đã thông báo bằng văn bản và có hợp đồng cho thuê có công chứng.

Hơn nữa, theo Điều 472 của Bộ luật Dân sự 2015, hợp đồng thuê tài sản yêu cầu sự thỏa thuận giữa hai bên. Nếu bên cho thuê không ký hợp đồng, hợp đồng không thể được xem là hợp pháp và không có giá trị pháp lý. Điều này cũng có nghĩa là bạn không thể thực hiện việc thuê nhà theo hình thức này.

Để giải quyết vấn đề này, bạn nên liên hệ trực tiếp với bên cho thuê và yêu cầu họ ký hợp đồng thuê nhà theo quy định. Nếu bên cho thuê không đồng ý ký hợp đồng, bạn có thể cần tìm kiếm phương án thay thế hoặc đưa ra các biện pháp pháp lý phù hợp để bảo vệ quyền lợi của mình."
syn_1608_1768642905_0,"Tôi là một công chức tại một cơ quan nhà nước, trong quá trình làm việc, tôi đã quyết định ký một hợp đồng mà không có sự đồng ý của cấp trên, gây thiệt hại cho ngân sách nhà nước khoảng 50 triệu đồng. Tôi đang lo lắng về hậu quả pháp lý mà mình có thể phải đối mặt. Vậy tôi có thể bị xử lý như thế nào?",Điều 357 - Bộ luật Hình sự (Văn bản hợp nhất 2017),False,1.0,0.4868549172346641,"**Căn cứ pháp lý:** 
- Điều 179, Bộ Luật Hình sự (Văn bản hợp nhất 2017)

**Nội dung quy định:**
1. Người nào có nhiệm vụ trực tiếp trong công tác quản lý tài sản của Nhà nước, cơ quan, tổ chức, doanh nghiệp, vì thiếu trách nhiệm mà để mất mát, hư hỏng, lãng phí gây thiệt hại cho tài sản của Nhà nước, cơ quan, tổ chức, doanh nghiệp từ 100.000.000 đồng đến dưới 500.000.000 đồng, thì bị phạt cảnh cáo hoặc phạt cải tạo không giam giữ đến 03 năm.
2. Phạm tội gây thiệt hại cho tài sản của Nhà nước, cơ quan, tổ chức, doanh nghiệp trị giá từ 500.000.000 đồng đến dưới 2.000.000.000 đồng, thì bị phạt tù từ 01 năm đến 05 năm.
3. Phạm tội gây thiệt hại cho tài sản của Nhà nước, cơ quan, tổ chức, doanh nghiệp trị giá 2.000.000.000 đồng trở lên, thì bị phạt tù từ 05 năm đến 10 năm.

**Phân tích & Hướng dẫn:**
Theo quy định tại Điều 179, Bộ Luật Hình sự, bạn là một công chức trong cơ quan nhà nước, đã thực hiện hành vi thiếu trách nhiệm trong việc ký kết hợp đồng mà không có sự đồng ý của cấp trên, gây thiệt hại cho ngân sách nhà nước khoảng 50 triệu đồng. Theo đó, hành vi của bạn thuộc trường hợp thứ hai, nghĩa là đã gây thiệt hại cho tài sản của Nhà nước từ 500.000.000 đồng đến dưới 2.000.000.000 đồng.

Do vậy, dựa vào quy định trên, bạn có thể bị phạt tù từ 01 năm đến 05 năm. Đồng thời, theo quy định của Điều 179, người phạm tội còn có thể bị cấm đảm nhiệm chức vụ hoặc làm công việc nhất định từ 01 năm đến 05 năm.

Tuy nhiên, để có được hình phạt cụ thể, cần xem xét thêm các yếu tố khác như"
syn_1671_1768643476_0,"Tôi là một sĩ quan trong quân đội và trong quá trình chiến tranh, tôi đã chứng kiến một đồng nghiệp của mình đối xử tệ bạc với những người tù binh. Tôi có thể bị trách nhiệm pháp lý gì nếu tôi không báo cáo hành vi đó?",Điều 420 - Bộ luật Hình sự (Văn bản hợp nhất 2017),False,0.3333333333333333,0.46886446886446886,"**CĂN CỨ PHÁP LUẬT THAM KHẢO:**
--- [Tài liệu 1] ---
Văn bản: Bộ luật Hình sự (Văn bản hợp nhất 2017)
Nội dung: Điều 397. Tội làm nhục đồng đội 1. Người nào trong quan hệ công tác mà xúc phạm nghiêm trọng nhân phẩm, danh dự đồng đội, thì bị phạt cải tạo không giam giữ đến 02 năm hoặc phạt tù từ 03 tháng đến 02 năm. 2. Phạm tội thuộc một trong các trường hợp sau đây, thì bị phạt tù từ 02 năm đến 05 năm: a) Là chỉ huy hoặc sĩ quan; b) Đối với chỉ huy hoặc cấp trên; c) Vì lý do công vụ của nạn nhân; d) Trong khu vực có chiến sự; đ) Phạm tội 02 lần trở lên; e) Đối với 02 người trở lên; g) Gây rối loạn tâm thần và hành vi của nạn nhân mà tỷ lệ tổn thương cơ thể 61% trở lên[402]; h) Làm nạn nhân tự sát.

**CÂU HỎI:**
Tôi là một sĩ quan trong quân đội và trong quá trình chiến tranh, tôi đã chứng kiến một đồng nghiệp của mình đối xử tệ bạc với những người tù binh. Tôi có thể bị trách nhiệm pháp lý gì nếu tôi không báo cáo hành vi đó?

**PHÂN TÍCH & HƯỚNG DẪN:**

Theo Điều 397 của Bộ Luật Hình sự, hành vi xúc phạm nghiêm trọng nhân phẩm, danh dự đồng đội có thể dẫn đến việc bị phạt cải tạo không giam giữ hoặc phạt tù tùy theo mức độ nghiêm trọng của hành vi. 

Trong trường hợp của bạn, hành vi đối xử tệ bạc với những người tù binh của đồng nghiệp của bạn có thể coi là xúc phạm nghiêm trọng nhân phẩm, danh dự đồng đội. Nếu bạn biết và không báo cáo hành vi này, bạn có thể bị coi là không tuân thủ nghĩa vụ trong quan hệ công tác, gây thiệt hại cho đồng đội và đơn vị.

Việc không báo cáo hành vi này có thể bị đánh giá là không tuân thủ nghĩa vụ trong quan hệ công tác, gây thiệt hại cho đồng đội và đơn vị. Điều này có thể dẫn đến việc"
syn_194_1768629209,Tôi đang sở hữu 60% vốn điều lệ của một công ty A và muốn thành lập một công ty B. Công ty B có thể coi là công ty con của tôi không?,Điều 195 - Luật Doanh nghiệp 2020,True,1.0,0.5146641438032167,"**Căn cứ pháp lý:** 
- Điều 195, Điều 196 - Luật Doanh nghiệp 2020

**Nội dung quy định:**
- Điều 195 (1) - Một công ty được coi là công ty mẹ của công ty khác nếu thuộc một trong các trường hợp sau đây: a) Sở hữu trên 50% vốn điều lệ hoặc tổng số cổ phần phổ thông của công ty đó; b) Có quyền trực tiếp hoặc gián tiếp quyết định bổ nhiệm đa số hoặc tất cả thành viên Hội đồng quản trị, Giám đốc hoặc Tổng giám đốc của công ty đó.
- Điều 196 (3) - Trường hợp công ty mẹ can thiệp ngoài thẩm quyền của chủ sở hữu, thành viên hoặc cổ đông và buộc công ty con phải thực hiện hoạt động kinh doanh trái với thông lệ kinh doanh bình thường hoặc thực hiện hoạt động không sinh lợi mà không đền bù hợp lý trong năm tài chính có liên quan, gây thiệt hại cho công ty con thì công ty mẹ phải chịu trách nhiệm về thiệt hại đó.

**Phân tích & Hướng dẫn:**
Theo Điều 195 của Luật Doanh nghiệp 2020, công ty mẹ được xác định dựa trên việc sở hữu trên 50% vốn điều lệ hoặc tổng số cổ phần phổ thông của công ty con. Trong trường hợp này, bạn sở hữu 60% vốn điều lệ của công ty A, nghĩa là bạn đã sở hữu hơn 50% vốn điều lệ của công ty A. Theo quy định, điều này đủ để công ty A coi là công ty con của bạn.

Tuy nhiên, cần lưu ý rằng bạn cũng cần kiểm tra xem có những điều kiện khác như quyền quyết định bổ nhiệm Hội đồng quản trị, Giám đốc hoặc Tổng giám đốc của công ty A không. Nếu bạn có quyền trực tiếp hoặc gián tiếp quyết định bổ nhiệm đa số hoặc tất cả thành viên Hội đồng quản trị, Giám đốc hoặc Tổng giám đốc của công ty A, thì công ty A sẽ chính xác là công ty con của bạn.

Về việc thành lập công ty B, nếu công ty A vẫn là công ty con của bạn và công ty B được thành lập từ vốn của công ty A, thì công ty B có thể coi là công ty con của công ty A (và do đó, cũng là công ty con của bạn). T"
syn_749_1768633129,"Nếu bên vận chuyển không đến đúng thời gian để nhận hàng mà tôi đã chuẩn bị, họ có phải chịu phí phát sinh nào không?",Điều 532 - Bộ luật Dân sự 2015,True,1.0,0.6120331950207468,"**Căn cứ pháp lý:**
- [Tài liệu 1] - Điều 532 của Bộ Luật Dân sự 2015

**Nội dung quy định:**
1. Bên thuê vận chuyển có nghĩa vụ giao tài sản cho bên vận chuyển đúng thời hạn, địa điểm và đóng gói theo đúng quy cách đã thỏa thuận; phải chịu chi phí xếp, dỡ tài sản lên phương tiện vận chuyển, trừ trường hợp có thỏa thuận khác.
2. Trường hợp bên thuê vận chuyển giao tài sản không đúng thời hạn, địa điểm đã thỏa thuận thì phải thanh toán chi phí chờ đợi và tiền vận chuyển tài sản đến địa điểm đã thỏa thuận trong hợp đồng cho bên vận chuyển. 
3. Trường hợp bên vận chuyển chậm tiếp nhận tài sản tại địa điểm đã thỏa thuận thì phải chịu chi phí phát sinh do việc chậm tiếp nhận.

**Phân tích & Hướng dẫn:**
Theo quy định tại Điều 532 của Bộ Luật Dân sự 2015, nếu bên vận chuyển không đến đúng thời gian để nhận hàng mà bạn đã chuẩn bị, họ sẽ phải chịu các chi phí phát sinh do việc chậm tiếp nhận tài sản. Cụ thể, bên vận chuyển cần phải thanh toán chi phí phát sinh do việc chậm tiếp nhận tài sản, như đã được quy định trong điểm 2 và 3 của điều này.

Tuy nhiên, cần lưu ý rằng, bên vận chuyển chỉ phải chịu trách nhiệm khi chậm tiếp nhận tài sản tại địa điểm đã thỏa thuận. Nếu tài sản đã được chuyển đến đúng địa điểm giao nhưng không có bên nhận tài sản, bên vận chuyển có quyền gửi số tài sản đó tại nơi nhận gửi giữ và báo ngay cho bên thuê vận chuyển hoặc người thứ ba được bên thuê vận chuyển chỉ định nhận tài sản. Trong trường hợp này, bên thuê vận chuyển hoặc người thứ ba được chỉ định nhận tài sản sẽ chịu trách nhiệm chi trả các chi phí phát sinh từ việc gửi giữ tài sản (theo điểm 3 của Điều 538).

Vì vậy, nếu bạn muốn đảm bảo quyền lợi của mình, hãy chắc chắn rằng bên thuê vận chuyển hoặc người thứ ba được chỉ định nhận tài sản hiểu rõ và chấp nhận trách nhiệm về việc chậm tiếp nhận tài sản."
syn_437_1768631100,"Gia đình tôi đang sở hữu một chiếc xe hơi chung, nhưng giờ đây chiếc xe đã hư hỏng nặng và không còn khả năng sử dụng. Quyền sở hữu chung của tôi và gia đình có chấm dứt không?",Điều 220 - Bộ luật Dân sự 2015,True,1.0,0.5682137834036569,"**Căn cứ pháp lý:** 
Điều 220. Chấm dứt sở hữu chung - Bộ luật Dân sự 2015

**Nội dung quy định:**
Sở hữu chung chấm dứt trong trường hợp sau đây: 1. Tài sản chung đã được chia. 2. Một trong số các chủ sở hữu chung được hưởng toàn bộ tài sản chung. 3. Tài sản chung không còn. 4. Trường hợp khác theo quy định của luật. Mục 3. XÁC LẬP, CHẤM DỨT QUYỀN SỞ HỮU Tiểu mục 1. XÁC LẬP QUYỀN SỞ HỮU

**Phân tích & Hướng dẫn:**
Theo Điều 220 Bộ Luật Dân sự 2015, sở hữu chung chấm dứt khi tài sản chung không còn tồn tại hoặc khi một trong các chủ sở hữu chung được hưởng toàn bộ tài sản chung. Trong trường hợp của gia đình bạn, chiếc xe hơi đã hư hỏng nặng và không còn khả năng sử dụng, có thể coi là tài sản chung không còn tồn tại.

Do đó, căn cứ vào quy định trên, quyền sở hữu chung của gia đình bạn đối với chiếc xe hơi đã hư hỏng nặng có thể chấm dứt. Tuy nhiên, cần lưu ý rằng việc xác định tài sản chung đã không còn tồn tại phải dựa trên thực tế cụ thể và có thể cần xem xét thêm các yếu tố khác tùy thuộc vào hoàn cảnh cụ thể của gia đình bạn.

Nếu muốn chắc chắn hơn về việc chấm dứt quyền sở hữu chung, gia đình bạn có thể đề nghị các bên tham gia vào việc xác định tài sản chung và thực tế hiện trạng của nó. Nếu cần, có thể nhờ đến sự giúp đỡ của một cơ quan có thẩm quyền như Tòa án nhân dân để có quyết định rõ ràng."
syn_426_1768631019,"Tôi và vợ tôi cùng góp vốn để mua một căn nhà, nhưng không có thỏa thuận rõ ràng về phần quyền sở hữu. Liệu tôi có quyền quyết định bán nhà mà không cần sự đồng ý của vợ không?",Điều 209 - Bộ luật Dân sự 2015,False,1.0,0.3802197802197802,"**Căn cứ pháp lý:** Điều 218 Bộ luật Dân sự 2015

**Nội dung quy định:**
1. Mỗi chủ sở hữu chung theo phần có quyền định đoạt phần quyền sở hữu của mình.
2. Việc định đoạt tài sản chung hợp nhất được thực hiện theo thỏa thuận của các chủ sở hữu chung hoặc theo quy định của pháp luật.
3. Trường hợp một chủ sở hữu chung theo phần bán phần quyền sở hữu của mình thì chủ sở hữu chung khác được quyền ưu tiên mua.
4. Trường hợp một trong các chủ sở hữu chung đối với bất động sản từ bỏ phần quyền sở hữu của mình hoặc khi người này chết mà không có người thừa kế thì phần quyền sở hữu đó thuộc về Nhà nước, trừ trường hợp sở hữu chung của cộng đồng thì thuộc sở hữu chung của các chủ sở hữu chung còn lại.
5. Trường hợp một trong các chủ sở hữu chung đối với động sản từ bỏ phần quyền sở hữu của mình hoặc khi người này chết mà không có người thừa kế thì phần quyền sở hữu đó thuộc sở hữu chung của các chủ sở hữu còn lại.
6. Trường hợp tất cả các chủ sở hữu từ bỏ quyền sở hữu của mình đối với tài sản chung thì việc xác lập quyền sở hữu được áp dụng theo quy định tại Điều 228 của Bộ luật này.

**Phân tích & Hướng dẫn:**
Theo quy định tại Điều 218 của Bộ luật Dân sự 2015, mỗi chủ sở hữu chung theo phần có quyền định đoạt phần quyền sở hữu của mình. Đây có thể hiểu rằng mỗi người góp vốn (trong trường hợp này là bạn và vợ bạn) đều có quyền quyết định về việc định đoạt phần tài sản chung mà họ sở hữu. 

Tuy nhiên, điều quan trọng là cần phải lưu ý rằng việc định đoạt tài sản chung hợp nhất được thực hiện theo thỏa thuận của các chủ sở hữu chung hoặc theo quy định của pháp luật. Nếu không có thỏa thuận cụ thể giữa bạn và vợ bạn về việc bán nhà, thì bạn không thể bán nhà mà không có sự đồng ý của vợ bạn.

Nếu bạn muốn bán nhà mà không có sự đồng ý của vợ bạn, bạn cần phải thảo luận và đạt được một thỏa thuận về việc bán nhà. Nếu không thể đạt được thỏa thuận,"
syn_204_1768629305,"Gia đình tôi đang có doanh nghiệp tư nhân, và chúng tôi chưa thanh lý một số hợp đồng. Chúng tôi có cần thỏa thuận gì với các bên ký hợp đồng trước khi chuyển đổi doanh nghiệp không?",Điều 205 - Luật Doanh nghiệp 2020,True,1.0,0.6930545182972367,"**Căn cứ pháp lý:**
---
Văn bản: Luật Doanh nghiệp 2020  
Nội dung: Điều 205. Chuyển đổi doanh nghiệp tư nhân thành công ty trách nhiệm hữu hạn, công ty cổ phần, công ty hợp danh

---

**Nội dung quy định:**
---
Doanh nghiệp tư nhân có thể chuyển đổi thành công ty trách nhiệm hữu hạn, công ty cổ phần hoặc công ty hợp danh theo quyết định của chủ doanh nghiệp tư nhân nếu đáp ứng đủ các điều kiện sau đây: a) Doanh nghiệp được chuyển đổi phải có đủ các điều kiện theo quy định tại khoản 1 Điều 27 của Luật này; b) Chủ doanh nghiệp tư nhân cam kết bằng văn bản chịu trách nhiệm cá nhân bằng toàn bộ tài sản của mình đối với tất cả khoản nợ chưa thanh toán và cam kết thanh toán đủ số nợ khi đến hạn; c) Chủ doanh nghiệp tư nhân có thỏa thuận bằng văn bản với các bên của hợp đồng chưa thanh lý về việc công ty được chuyển đổi tiếp nhận và tiếp tục thực hiện các hợp đồng đó; d) Chủ doanh nghiệp tư nhân cam kết bằng văn bản hoặc có thỏa thuận bằng văn bản với các thành viên góp vốn khác về việc tiếp nhận và sử dụng lao động hiện có của doanh nghiệp tư nhân.

---

**Phân tích & Hướng dẫn:**
---
Theo quy định tại Điều 205 của Luật Doanh nghiệp 2020, để chuyển đổi doanh nghiệp tư nhân thành công ty trách nhiệm hữu hạn, công ty cổ phần hoặc công ty hợp danh, chủ doanh nghiệp tư nhân cần có thỏa thuận bằng văn bản với các bên của hợp đồng chưa thanh lý về việc công ty được chuyển đổi tiếp nhận và tiếp tục thực hiện các hợp đồng đó. 

Trong trường hợp của gia đình bạn, nếu đã có một số hợp đồng chưa thanh lý, thì cần tiến hành thảo luận và ký kết thỏa thuận với các bên liên quan về việc tiếp nhận và thực hiện các hợp đồng đó sau khi doanh nghiệp chuyển đổi thành công ty. Việc này nhằm đảm bảo rằng mọi bên đều hiểu và đồng ý với cách tiếp tục thực hiện các hợp đồng trước đó sau khi doanh nghiệp chuyển đổi.

Hơn nữa, cũng cần lưu ý về các yêu cầu khác về tài sản và nghĩa vụ mà chủ doanh nghiệp tư nhân phải cam kết khi chuyển đổi thành công ty,"
syn_1113_1768639160_0,"Công ty tôi đang gặp khó khăn trong việc thương lượng một thỏa ước lao động tập thể với các nhân viên. Chúng tôi đã tổ chức một số cuộc họp nhưng chưa đạt được thỏa thuận. Tôi muốn biết, nếu các bên không thể đạt được thỏa thuận, Ủy ban nhân dân cấp tỉnh có thể hỗ trợ chúng tôi như thế nào?",Điều 74 - Bộ luật Lao động 2019,True,1.0,0.6965648854961831,"**Căn cứ pháp lý:**
---
**Văn bản:** Bộ luật Lao động 2019
**Nội dung:** Điều 74. Trách nhiệm của Ủy ban nhân dân cấp tỉnh trong thương lượng tập thể 1. Tổ chức đào tạo, bồi dưỡng kỹ năng thương lượng tập thể cho các bên thương lượng tập thể. 2. Xây dựng và cung cấp các thông tin, dữ liệu về kinh tế - xã hội, thị trường lao động, quan hệ lao động nhằm hỗ trợ, thúc đẩy thương lượng tập thể. 3. Chủ động hoặc khi có yêu cầu của cả hai bên thương lượng tập thể, hỗ trợ các bên đạt được thỏa thuận trong quá trình thương lượng tập thể; trường hợp không có yêu cầu, việc chủ động hỗ trợ của Ủy ban nhân dân cấp tỉnh chỉ được tiến hành nếu được các bên đồng ý. 4. Thành lập Hội đồng thương lượng tập thể khi có yêu cầu của các bên thương lượng tập thể có nhiều doanh nghiệp theo quy định tại Điều 73 của Bộ luật này. Mục 3. THỎA ƯỚC LAO ĐỘNG TẬP THỂ

---

**Nội dung quy định:**
---
**Điều 74** quy định rõ về trách nhiệm của Ủy ban nhân dân cấp tỉnh trong việc hỗ trợ thương lượng tập thể. Điều này bao gồm việc tổ chức đào tạo, bồi dưỡng kỹ năng cho các bên liên quan, cung cấp thông tin, dữ liệu cần thiết, và hỗ trợ các bên đạt được thỏa thuận trong quá trình thương lượng.

---

**Phân tích & Hướng dẫn:**
---
Theo quy định tại **Điều 74**, Ủy ban nhân dân cấp tỉnh có quyền và nghĩa vụ hỗ trợ các bên trong quá trình thương lượng tập thể. Điều này bao gồm cả việc chủ động hỗ trợ nếu cả hai bên thương lượng tập thể có nhu cầu, cũng như việc cung cấp thông tin và kiến thức cần thiết để hỗ trợ việc thương lượng.

Trong trường hợp của bạn, nếu công ty và các nhân viên không thể đạt được thỏa thuận trong việc thương lượng một thỏa ước lao động tập thể, Ủy ban nhân dân cấp tỉnh có thể hỗ trợ theo các cách sau:

1. **Hỗ trợ Kỹ Năng Thương Lượng:** Ủy ban nhân dân cấp tỉnh có thể tổ chức các khóa đào tạo, bồi dưỡng"
syn_1499_1768641947_1,"Chồng tôi đã từng bị xử tù 2 năm vì tội trồng cây cần sa. Gần đây, anh ấy đã trồng thêm một số cây nữa. Liệu anh ấy có thể bị xử lý nghiêm trọng hơn không?",Điều 247 - Bộ luật Hình sự (Văn bản hợp nhất 2017),True,1.0,0.581081081081081,"**Căn cứ pháp lý:**
Điều 247. Tội trồng cây thuốc phiện, cây côca, cây cần sa hoặc các loại cây khác có chứa chất ma túy (Bộ luật Hình sự (Văn bản hợp nhất 2017))

**Nội dung quy định:**
Người nào trồng cây thuốc phiện, cây côca, cây cần sa hoặc các loại cây khác có chứa chất ma túy do Chính phủ quy định thuộc một trong các trường hợp sau đây, thì bị phạt tù từ 06 tháng đến 03 năm: a) Đã được giáo dục 02 lần và đã được tạo điều kiện ổn định cuộc sống; b) Đã bị xử phạt vi phạm hành chính về hành vi này hoặc đã bị kết án về tội này, chưa được xóa án tích mà còn vi phạm; c) Với số lượng từ 500 cây đến dưới 3.000 cây.

**Phân tích & Hướng dẫn:**
Theo quy định tại Điều 247, nếu anh ấy đã bị xử phạt tù 2 năm về tội trồng cây cần sa, anh ấy thuộc trường hợp b của điều luật này. Theo đó, nếu người phạm tội đã bị xử phạt về hành vi này hoặc đã bị kết án về tội này, chưa được xóa án tích mà còn vi phạm, thì mức phạt sẽ tăng lên từ 06 tháng đến 03 năm tù.

Đồng thời, anh ấy cũng đang trồng thêm cây cần sa, với số lượng có thể vượt qua ngưỡng từ 500 cây đến dưới 3.000 cây. Do đó, anh ấy có thể bị xử lý theo trường hợp c của điều luật, tức là bị phạt tù từ 06 tháng đến 03 năm.

Tuy nhiên, cần lưu ý rằng mức phạt cụ thể sẽ phụ thuộc vào các yếu tố khác như tính chất, mức độ của tội phạm, thái độ ăn năn hối cải của người phạm tội, và có thể có các tình tiết加重 (tăng nặng) hoặc减轻 (giảm nhẹ) theo quy định của pháp luật.

Do đó, anh ấy có khả năng bị xử lý nghiêm khắc hơn so với lần đầu phạm tội, với mức án từ 06 tháng đến 03 năm tù."
syn_1615_1768642975_2,"Gia đình tôi đang gặp rắc rối vì tôi đã bị ép buộc phải đưa một khoản tiền cho một cán bộ để họ không làm khó dễ trong một cuộc kiểm tra. Nếu tôi khai báo trước khi bị phát hiện, tôi có được coi là không có tội không?",Điều 364 - Bộ luật Hình sự (Văn bản hợp nhất 2017),True,0.6666666666666666,0.3465765004226543,"**Căn cứ pháp lý:**
--- [Tài liệu 1] ---
Văn bản: Bộ luật Hình sự (Văn bản hợp nhất 2017)
Nội dung: Điều 364. Tội đưa hối lộ 7. Người bị ép buộc đưa hối lộ mà chủ động khai báo trước khi bị phát giác, thì được coi là không có tội và được trả lại toàn bộ của đã dùng để đưa hối lộ.

---

**Phân tích & Hướng dẫn:**
Theo Điều 364, điểm 7 của Bộ Luật Hình sự 2017, nếu bạn đã bị ép buộc đưa hối lộ nhưng đã chủ động khai báo trước khi bị phát hiện, bạn sẽ được coi là không có tội và được trả lại toàn bộ của đã dùng để đưa hối lộ. 

Điều này nghĩa là, mặc dù bạn đã thực hiện hành vi đưa hối lộ, nhưng vì đã chủ động khai báo, bạn đã tạo ra điều kiện cho việc điều tra và xử lý tội phạm. Việc khai báo sớm này giúp giảm thiểu nguy cơ bị truy cứu trách nhiệm hình sự và bạn có thể được hưởng lợi từ quy định về việc trả lại toàn bộ của đã đưa hối lộ.

Tuy nhiên, bạn vẫn cần phải khai báo đầy đủ và chính xác cho cơ quan điều tra để đảm bảo rằng mọi thông tin đều được thu thập và xử lý một cách chính xác. Đồng thời, nếu có khả năng, bạn nên tìm kiếm sự hỗ trợ pháp lý để đảm bảo rằng quyền lợi của mình được bảo vệ tối đa."
syn_1556_1768642443_2,"Trong một buổi tiệc, một người bạn đã mang theo một lượng lớn pháo nổ và vô tình gây ra một tai nạn dẫn đến chấn thương cho nhiều người. Nếu thiệt hại tài sản lên tới 200 triệu đồng, người bạn đó có thể bị xử lý như thế nào?",Điều 305 - Bộ luật Hình sự (Văn bản hợp nhất 2017),False,0.6666666666666666,0.7359635811836116,"**Căn cứ pháp lý:**
- [Tài liệu 2] - Điều 305. Tội chế tạo, tàng trữ, vận chuyển, sử dụng, mua bán trái phép hoặc chiếm đoạt vật liệu nổ

**Nội dung quy định:**
1. Người nào chế tạo, tàng trữ, vận chuyển, sử dụng, mua bán trái phép hoặc chiếm đoạt vật liệu nổ, thì bị phạt tù từ 01 năm đến 05 năm.
2. Phạm tội thuộc một trong các trường hợp sau đây, thì bị phạt tù từ 03 năm đến 10 năm: a) Có tổ chức; b) Thuốc nổ các loại từ 10 kilôgam đến dưới 30 kilôgam; c) Các loại phụ kiện nổ có số lượng lớn; d) Vận chuyển, mua bán qua biên giới; đ) Làm chết người; e) Gây thương tích hoặc gây tổn hại cho sức khỏe của người khác mà tỷ lệ tổn thương cơ thể 61% trở lên; g) Gây thương tích hoặc gây tổn hại cho sức khỏe của 02 người trở lên mà tổng tỷ lệ tổn thương cơ thể của những người này từ 61% đến 121%; h) Gây thiệt hại về tài sản từ 100.000.000 đồng đến dưới 500.000.000 đồng; i) Tái phạm nguy hiểm.
3. Phạm tội thuộc một trong các trường hợp sau đây, thì bị phạt tù từ 07 năm đến 15 năm: a) Thuốc nổ các loại từ 30 kilôgam đến dưới 100 kilôgam; b) Các loại phụ kiện nổ có số lượng rất lớn; c) Làm chết 02 người; d) Gây thương tích hoặc gây tổn hại cho sức khỏe của 02 người trở lên mà tổng tỷ lệ tổn thương cơ thể của những người này từ 122% đến 200%; đ) Gây thiệt hại về tài sản từ 500.000.000 đồng đến dưới 1.500.000.000 đồng.
4. Phạm tội thuộc một trong các trường hợp sau đây, thì bị phạt tù từ 15 năm đến 20 năm hoặc"
syn_1478_1768641772_2,"Chồng tôi vừa bị cáo buộc là đã nhập khẩu hàng hóa giả mạo nhãn hiệu với trị giá khoảng 600 triệu đồng. Nếu bị kết án, hình phạt nào có thể được áp dụng cho anh ấy?",Điều 226 - Bộ luật Hình sự (Văn bản hợp nhất 2017),True,0.6666666666666666,0.6119510439164867,"**Căn cứ pháp lý:** 
Điều 226. Tội xâm phạm quyền sở hữu công nghiệp 1. - Bộ luật Hình sự (Văn bản hợp nhất 2017)

**Nội dung quy định:**
Người nào cố ý xâm phạm quyền sở hữu công nghiệp đối với nhãn hiệu hoặc chỉ dẫn địa lý đang được bảo hộ tại Việt Nam mà đối tượng là hàng hóa giả mạo nhãn hiệu hoặc chỉ dẫn địa lý với quy mô thương mại hoặc thu lợi bất chính từ 100.000.000 đồng đến dưới 300.000.000 đồng hoặc gây thiệt hại cho chủ sở hữu nhãn hiệu hoặc chỉ dẫn địa lý từ 200.000.000 đồng đến dưới 500.000.000 đồng hoặc hàng hóa vi phạm trị giá từ 200.000.000 đồng đến dưới 500.000.000 đồng, thì bị phạt tiền từ 50.000.000 đồng đến 500.000.000 đồng hoặc phạt cải tạo không giam giữ đến 03 năm. 

2. Phạm tội thuộc một trong các trường hợp sau đây, thì bị phạt tiền từ 500.000.000 đồng đến 1.000.000.000 đồng hoặc phạt tù từ 06 tháng đến 03 năm: a) Có tổ chức; b) Phạm tội 02 lần trở lên; c) Thu lợi bất chính 300.000.000 đồng trở lên; d) Gây thiệt hại cho chủ sở hữu nhãn hiệu hoặc chỉ dẫn địa lý 500.000.000 đồng trở lên; đ) Hàng hóa vi phạm trị giá 500.000.000 đồng trở lên.

3. Người phạm tội còn có thể bị phạt tiền từ 20.000.000 đồng đến 200.000.000 đồng, cấm đảm nhiệm chức vụ, cấm hành nghề hoặc làm công việc nhất định từ 01 năm đến 05 năm. 4. Pháp nhân thương mại phạm tội quy định tại Điều này, thì bị phạt như sau: a)"
syn_544_1768631841,"Tôi đã thế chấp một chiếc xe hơi để vay tiền, nhưng bây giờ tôi đã trả hết nợ. Tôi cần làm gì để chấm dứt thế chấp tài sản này?",Điều 327 - Bộ luật Dân sự 2015,True,0.6666666666666666,0.4823066841415465,"**CĂN CỨ PHÁP LUẬT THAM KHẢO:**

- **[Tài liệu 1]**: Bộ luật Dân sự 2015 - Điều 327. Chấm dứt thế chấp tài sản.
- **[Tài liệu 2]**: Bộ luật Dân sự 2015 - Điều 322. Nghĩa vụ của bên nhận thế chấp.
- **[Tài liệu 3]**: Bộ luật Dân sự 2015 - Điều 321. Quyền của bên thế chấp.

**Nội dung quy định:**

- **[Tài liệu 1]**: Điều 327 của Bộ Luật Dân sự 2015 quy định rằng thế chấp tài sản chấm dứt trong trường hợp sau đây: 1) Nghĩa vụ được bảo đảm bằng thế chấp chấm dứt; 2) Việc thế chấp tài sản được hủy bỏ hoặc được thay thế bằng biện pháp bảo đảm khác; 3) Tài sản thế chấp đã được xử lý; 4) Theo thỏa thuận của các bên.

- **[Tài liệu 2]**: Điều 322 của Bộ Luật Dân sự 2015 quy định rằng bên nhận thế chấp có nghĩa vụ trả các giấy tờ cho bên thế chấp sau khi chấm dứt thế chấp đối với trường hợp các bên thỏa thuận bên nhận thế chấp giữ giấy tờ liên quan đến tài sản thế chấp.

- **[Tài liệu 3]**: Điều 321 của Bộ Luật Dân sự 2015 quy định rằng bên thế chấp có quyền khai thác công dụng, hưởng hoa lợi, lợi tức từ tài sản thế chấp (trừ trường hợp hoa lợi, lợi tức cũng là tài sản thế chấp theo thỏa thuận); nhận lại tài sản thế chấp do người thứ ba giữ và giấy tờ liên quan đến tài sản thế chấp do bên nhận thế chấp giữ khi nghĩa vụ được bảo đảm bằng thế chấp chấm dứt hoặc được thay thế bằng biện pháp bảo đảm khác.

**Phân tích & Hướng dẫn:**

Theo quy định tại Điều 327 của Bộ Luật Dân sự 2015, bạn đã trả hết nợ nên nghĩa vụ được bảo đảm bằng thế chấp chấm dứt. Do đó, bạn có quyền chấm dứt thế chấp tài sản (xe hơi)"
syn_892_1768634088,Gia đình tôi có một người thân đã mất tích hơn một năm ở nước ngoài. Chúng tôi có thể yêu cầu xác định tình trạng của người này theo pháp luật Việt Nam không?,Điều 675 - Bộ luật Dân sự 2015,False,1.0,0.358683314415437,"**Căn cứ pháp lý:**
- Điều 128 của Luật Hôn nhân và Gia đình 2014 - Văn bản: Luật Hôn nhân và Gia đình 2014

**Nội dung quy định:**
Điều 128 của Luật Hôn nhân và Gia đình 2014 quy định rằng cơ quan đăng ký hộ tịch Việt Nam có thẩm quyền giải quyết việc xác định cha, mẹ, con mà không có tranh chấp giữa công dân Việt Nam với người nước ngoài, giữa công dân Việt Nam với nhau mà ít nhất một bên định cư ở nước ngoài, giữa người nước ngoài với nhau mà ít nhất một bên thường trú tại Việt Nam theo quy định của pháp luật về hộ tịch.

**Phân tích & Hướng dẫn:**
Theo quy định tại Điều 128 của Luật Hôn nhân và Gia đình 2014, cơ quan đăng ký hộ tịch Việt Nam có thẩm quyền giải quyết việc xác định cha, mẹ, con mà không có tranh chấp giữa công dân Việt Nam với người nước ngoài, giữa công dân Việt Nam với nhau mà ít nhất một bên định cư ở nước ngoài, giữa người nước ngoài với nhau mà ít nhất một bên thường trú tại Việt Nam. 

Trong trường hợp gia đình bạn, người thân đã mất tích ở nước ngoài hơn một năm, bạn có thể yêu cầu cơ quan đăng ký hộ tịch Việt Nam giải quyết việc xác định tình trạng hiện tại của người này. Việc này không cần phải có tranh chấp, vì mục tiêu là xác định vị trí hiện tại của người thân đã mất tích.

Tuy nhiên, để đảm bảo quá trình xác định này diễn ra hiệu quả, gia đình bạn nên cung cấp đầy đủ thông tin như địa chỉ thường trú, nơi làm việc, thông tin liên lạc cuối cùng, và nếu có, thông tin về các cuộc tìm kiếm đã thực hiện. Nếu có tin tức xác thực về việc người thân vẫn còn sống, cơ quan đăng ký hộ tịch sẽ không tiến hành việc tuyên bố mất tích.

Nếu không có tin tức xác thực và sau hai năm kể từ ngày biết tin tức cuối cùng, gia đình bạn có thể yêu cầu cơ quan có thẩm quyền tuyên bố người thân mất tích theo quy định tại Điều 68 của Bộ luật Dân sự 2015."
syn_577_1768632059,"Gia đình tôi đã cho bạn mượn xe, nhưng bạn đã làm hỏng xe mà không thông báo cho tôi, tôi có thể yêu cầu bồi thường thiệt hại không?",Điều 360 - Bộ luật Dân sự 2015,False,0.6666666666666666,0.3251231527093596,"**CĂN CỨ PHÁP LUẬT THAM KHẢO:**
---
[Tài liệu 1] Bộ luật Dân sự 2015 - Điều 498

**Nội dung quy định:**
1. Cung cấp thông tin cần thiết về việc sử dụng tài sản và khuyết tật của tài sản, nếu có.
2. Thanh toán cho bên mượn chi phí sửa chữa, chi phí làm tăng giá trị tài sản, nếu có thỏa thuận.
3. Bồi thường thiệt hại cho bên mượn nếu biết tài sản có khuyết tật mà không báo cho bên mượn biết dẫn đến gây thiệt hại cho bên mượn, trừ những khuyết tật mà bên mượn biết hoặc phải biết.

**Phân tích & Hướng dẫn:**

Theo Điều 498 của Bộ Luật Dân sự 2015, bên cho mượn có nghĩa vụ cung cấp thông tin cần thiết về việc sử dụng tài sản và khuyết tật của tài sản, nếu có. Điều này bao gồm cả việc thông báo cho bên mượn về bất kỳ khuyết tật nào của tài sản, đặc biệt nếu khuyết tật này có thể ảnh hưởng đến việc sử dụng an toàn hoặc hiệu quả của tài sản.

Trong trường hợp của gia đình bạn, bạn đã cho xe của gia đình bạn mượn. Tuy nhiên, bạn đã làm hỏng xe mà không thông báo cho gia đình bạn. Đây là hành vi vi phạm nghĩa vụ cung cấp thông tin cần thiết của bên cho mượn theo Điều 498 Bộ Luật Dân sự 2015. Do đó, gia đình bạn có quyền yêu cầu bồi thường thiệt hại từ bạn vì hành vi vi phạm nghĩa vụ của mình.

Tuy nhiên, cần lưu ý rằng, để yêu cầu bồi thường, gia đình bạn cũng cần chứng minh rằng thiệt hại mà họ đã gặp phải là do hành vi vi phạm của bạn gây ra. Nếu bạn có bằng chứng rõ ràng về việc bạn đã không thông báo về khuyết tật của xe, gia đình bạn sẽ có cơ sở pháp lý để yêu cầu bồi thường thiệt hại.

Ngoài ra, nếu bạn và gia đình bạn đã có thỏa thuận về việc xử lý các trường hợp như vậy, thì thỏa thuận đó cũng sẽ có hiệu lực và gia đình bạn nên tuân thủ thỏa thuận đó."
syn_213_1768629379,"Gia đình tôi đang phải đối mặt với việc kinh doanh thua lỗ, tôi muốn biết quyền lợi của tôi là gì nếu doanh nghiệp tôi phải tiến hành thủ tục phá sản?",Điều 214 - Luật Doanh nghiệp 2020,False,0.0,0.3333333333333333,"**CĂN CỨ PHÁP LUẬT THAM KHẢO:**
--- [Tài liệu 1] ---
Văn bản: Luật Doanh nghiệp 2020
Nội dung: Điều 181. Quyền và nghĩa vụ của thành viên hợp danh

--- [Tài liệu 2] ---
Văn bản: Luật Doanh nghiệp 2020
Nội dung: Điều 187. Quyền và nghĩa vụ của thành viên góp vốn

--- [Tài liệu 3] ---
Văn bản: Luật Doanh nghiệp 2020
Nội dung: Điều 78. Thực hiện quyền của chủ sở hữu công ty trong một số trường hợp đặc biệt

**CĂN CỨ PHÁP LUẬT THAM KHẢO:**
--- [Tài liệu 1] ---
Văn bản: Luật Doanh nghiệp 2020
Nội dung: Điều 181. Quyền và nghĩa vụ của thành viên hợp danh

--- [Tài liệu 2] ---
Văn bản: Luật Doanh nghiệp 2020
Nội dung: Điều 187. Quyền và nghĩa vụ của thành viên góp vốn

**CĂN CỨ PHÁP LUẬT THAM KHẢO:**
--- [Tài liệu 3] ---
Văn bản: Luật Doanh nghiệp 2020
Nội dung: Điều 78. Thực hiện quyền của chủ sở hữu công ty trong một số trường hợp đặc biệt

**CĂN CỨ PHÁP LUẬT THAM KHẢO:**
--- [Tài liệu 1] ---
Văn bản: Luật Doanh nghiệp 2020
Nội dung: Điều 181. Quyền và nghĩa vụ của thành viên hợp danh

--- [Tài liệu 2] ---
Văn bản: Luật Doanh nghiệp 2020
Nội dung: Điều 187. Quyền và nghĩa vụ của thành viên góp vốn

**CĂN CỨ PHÁP LUẬT THAM KHẢO:**
--- [Tài liệu 3] ---
Văn bản: Luật Doanh nghiệp 2020
Nội dung: Điều 78. Thực hiện quyền của chủ sở hữu công ty trong một số trường hợp đặc biệt"
syn_1443_1768641507_1,"Công ty tôi vừa nhận một lô hàng thuốc lá nhập lậu 2.000 bao từ nước ngoài. Nếu bị phát hiện, công ty tôi sẽ phải chịu hình phạt như thế nào?",Điều 191 - Bộ luật Hình sự (Văn bản hợp nhất 2017),False,1.0,0.32423924449108077,"**Căn cứ pháp lý:**
Điều 191. Tội tàng trữ, vận chuyển hàng cấm (Điều 191 của Bộ Luật Hình sự 2015 sửa đổi, bổ sung 2017)

**Nội dung quy định:**
Theo Điều 191 của Bộ Luật Hình sự 2015 sửa đổi, bổ sung 2017, người nào tàng trữ, vận chuyển hàng cấm thuộc một trong các trường hợp sau đây, nếu không thuộc trường hợp quy định tại các điều 232, 234, 239, 244, 246, 249, 250, 253, 254, 304, 305, 306, 309 và 311 của Bộ luật này, thì bị phạt tiền từ 50.000.000 đồng đến 300.000.000 đồng hoặc phạt tù từ 06 tháng đến 03 năm:
- Thuốc lá điếu nhập lậu từ 1.500 bao đến dưới 3.000 bao.

**Phân tích & Hướng dẫn:**
Theo quy định trên, công ty bạn đã tàng trữ và vận chuyển hàng cấm là thuốc lá điếu nhập lậu với số lượng từ 1.500 bao đến dưới 3.000 bao. Đây nằm trong trường hợp quy định tại Điều 191 Bộ Luật Hình sự.

Do đó, nếu công ty bạn bị phát hiện, sẽ phải chịu hình phạt như sau:
- Phạt tiền từ 50.000.000 đồng đến 300.000.000 đồng.
- Phạt tù từ 06 tháng đến 03 năm.

Lưu ý rằng, đây là mức phạt tối thiểu dựa trên quy định của Điều 191. Nếu có các yếu tố đặc biệt như có tổ chức, lợi dụng chức vụ quyền hạn, tái phạm nguy hiểm... thì mức phạt có thể tăng thêm.

Hơn nữa, công ty bạn cũng có thể bị áp dụng các biện pháp khắc phục hậu quả khác như cấm đảm nhiệm chức vụ, cấm hành nghề hoặc làm công việc nhất định từ 01"
syn_983_1768634698,"Con tôi đã 16 tuổi và muốn bán chiếc máy tính cá nhân của mình, nhưng tôi không đồng ý, tôi có quyền ngăn cản con không?",Điều 77 - Luật Hôn nhân và Gia đình 2014,True,1.0,0.6508407517309595,"**Căn cứ pháp lý:** 
Điều 77. Định đoạt tài sản riêng của con chưa thành niên, con đã thành niên mất năng lực hành vi dân sự - Luật Hôn nhân và Gia đình 2014

**Nội dung quy định:**
1. Trường hợp cha mẹ hoặc người giám hộ quản lý tài sản riêng của con dưới 15 tuổi thì có quyền định đoạt tài sản đó vì lợi ích của con, nếu con từ đủ 09 tuổi trở lên thì phải xem xét nguyện vọng của con.
2. Con từ đủ 15 tuổi đến dưới 18 tuổi có quyền định đoạt tài sản riêng, trừ trường hợp tài sản là bất động sản, động sản có đăng ký quyền sở hữu, quyền sử dụng hoặc dùng tài sản để kinh doanh thì phải có sự đồng ý bằng văn bản của cha mẹ hoặc người giám hộ.
3. Trong trường hợp con đã thành niên mất năng lực hành vi dân sự thì việc định đoạt tài sản riêng của con do người giám hộ thực hiện.

**Phân tích & Hướng dẫn:**
Theo quy định tại Điều 77 của Luật Hôn nhân và Gia đình 2014, con bạn đã đủ 15 tuổi, nên theo quy định thứ 2 của điều này, con bạn có quyền định đoạt tài sản riêng, trừ trường hợp là tài sản là bất động sản, động sản có đăng ký quyền sở hữu, quyền sử dụng hoặc dùng tài sản để kinh doanh thì phải có sự đồng ý bằng văn bản của cha mẹ hoặc người giám hộ.

Tuy nhiên, trong trường hợp này, máy tính cá nhân mà con bạn muốn bán không thuộc trường hợp cần sự đồng ý bằng văn bản của cha mẹ hoặc người giám hộ. Vì vậy, con bạn hoàn toàn có quyền quyết định bán chiếc máy tính cá nhân đó.

Tuy nhiên, cần lưu ý rằng hành động bán máy tính cá nhân của con bạn cần tuân thủ các quy định về bảo mật thông tin và dữ liệu cá nhân nếu máy tính đó chứa thông tin nhạy cảm. Đồng thời, con bạn cũng cần cân nhắc về lợi ích kinh tế cũng như trách nhiệm với tài sản của mình.

Ngoài ra, theo Điều 69 của Luật Hôn nhân và Gia đình 2014, cha mẹ có nghĩa vụ chăm sóc, bảo vệ quyền và lợi ích hợp pháp của con chưa thành niên"
syn_1221_1768639794_2,Công ty chúng tôi đang trong quá trình giải quyết một tranh chấp lao động và tôi lo lắng về việc không có đủ chứng cứ để bảo vệ yêu cầu của mình. Tôi có nghĩa vụ gì trong vụ tranh chấp này?,Điều 182 - Bộ luật Lao động 2019,True,1.0,0.6745945945945946,"**CĂN CỨ PHÁP LUẬT THAM KHẢO:**
---
[Văn bản] Bộ luật Lao động 2019
[Nội dung] Điều 182. Quyền và nghĩa vụ của hai bên trong giải quyết tranh chấp lao động

**CÂU HỎI:**
Tôi đang trong quá trình giải quyết một tranh chấp lao động với công ty và lo lắng về việc không có đủ chứng cứ để bảo vệ yêu cầu của mình. Tôi có nghĩa vụ gì trong vụ tranh chấp này?

**TRẢ LỜI:**
**Căn cứ pháp lý:** 
Bộ luật Lao động 2019 - Điều 182

**Nội dung quy định:**
1. Trong giải quyết tranh chấp lao động, các bên có quyền sau đây: a) Trực tiếp hoặc thông qua đại diện để tham gia vào quá trình giải quyết; b) Rút yêu cầu hoặc thay đổi nội dung yêu cầu; c) Yêu cầu thay đổi người tiến hành giải quyết tranh chấp lao động nếu có lý do cho rằng người đó có thể không vô tư hoặc không khách quan.
2. Trong giải quyết tranh chấp lao động, các bên có nghĩa vụ sau đây: a) Cung cấp đầy đủ, kịp thời tài liệu, chứng cứ để chứng minh cho yêu cầu của mình; b) Chấp hành thỏa thuận đã đạt được, quyết định của Ban trọng tài lao động, bản án, quyết định của Tòa án đã có hiệu lực pháp luật.

**Phân tích & Hướng dẫn:**
Theo Điều 182 của Bộ Luật Lao động 2019, bạn có nghĩa vụ cung cấp đầy đủ, kịp thời tài liệu, chứng cứ để chứng minh cho yêu cầu của mình. Điều này có nghĩa là bạn cần phải đảm bảo rằng tất cả những bằng chứng và thông tin cần thiết được thu thập và cung cấp một cách kịp thời cho quá trình giải quyết tranh chấp lao động.

Nếu bạn lo lắng về việc không có đủ chứng cứ, bạn nên tìm hiểu kỹ về yêu cầu chứng cứ cụ thể trong vụ tranh chấp của mình và cố gắng thu thập thêm thông tin, bằng chứng cần thiết. Bạn cũng có thể liên hệ với người đại diện hoặc đơn vị法律顾问 để nhận hỗ trợ trong việc thu thập và cung cấp chứng cứ."
syn_587_1768632137,"Tôi có một hợp đồng cho thuê nhà với một người bạn, nhưng hiện tại tôi không thể tiếp tục thực hiện nghĩa vụ trong hợp đồng. Tôi có thể chuyển giao nghĩa vụ của mình cho một người khác mà không cần sự đồng ý của bạn tôi không?",Điều 370 - Bộ luật Dân sự 2015,False,1.0,0.37154989384288745,"**Căn cứ pháp lý:** 
- Điều 365 Bộ Luật Dân sự 2015

**Nội dung quy định:**
1. Bên có quyền yêu cầu thực hiện nghĩa vụ có thể chuyển giao quyền yêu cầu đó cho người thế quyền theo thỏa thuận, trừ trường hợp sau đây: a) Quyền yêu cầu cấp dưỡng, yêu cầu bồi thường thiệt hại do xâm phạm đến tính mạng, sức khỏe, danh dự, nhân phẩm, uy tín; b) Bên có quyền và bên có nghĩa vụ có thỏa thuận hoặc pháp luật có quy định về việc không được chuyển giao quyền yêu cầu.
2. Khi bên có quyền yêu cầu chuyển giao quyền yêu cầu cho người thế quyền thì người thế quyền trở thành bên có quyền yêu cầu. Việc chuyển giao quyền yêu cầu không cần có sự đồng ý của bên có nghĩa vụ. Người chuyển giao quyền yêu cầu phải thông báo bằng văn bản cho bên có nghĩa vụ biết về việc chuyển giao quyền yêu cầu, trừ trường hợp có thỏa thuận khác. Trường hợp bên chuyển giao quyền yêu cầu không thông báo về việc chuyển giao quyền mà phát sinh chi phí cho bên có nghĩa vụ thì bên chuyển giao quyền yêu cầu phải thanh toán chi phí này.

**Phân tích & Hướng dẫn:**
Trong trường hợp của bạn, việc chuyển giao nghĩa vụ cho một người khác không phụ thuộc vào sự đồng ý của người bạn (bên có nghĩa vụ). Theo Điều 365 Bộ Luật Dân sự 2015, bạn có quyền chuyển giao nghĩa vụ cho người khác mà không cần sự đồng ý của bên có nghĩa vụ, miễn là không thuộc các trường hợp được quy định như quyền yêu cầu cấp dưỡng, yêu cầu bồi thường thiệt hại do xâm phạm đến tính mạng, sức khỏe, danh dự, nhân phẩm, uy tín.

Tuy nhiên, cần lưu ý rằng việc chuyển giao nghĩa vụ đòi hỏi bạn phải tuân thủ các quy định về thông báo bằng văn bản cho bên có nghĩa vụ và đảm bảo rằng người nhận nghĩa vụ mới có đủ khả năng và ý chí để thực hiện nghĩa vụ đó. Nếu không tuân thủ các quy định này, bạn có thể phải chịu trách nhiệm với bên có nghĩa vụ về bất kỳ hậu quả phát sinh từ việc chuyển giao nghĩa vụ không đúng quy định.

Ngoài ra, bạn cũng nên cân nhắc việc thông báo về việc chuyển giao nghĩa vụ cho"
syn_631_1768632410,"Tôi đã trả một phần hợp đồng thuê xe, nhưng do thời tiết xấu, tôi không thể tiếp tục thuê xe. Tôi có quyền yêu cầu bên cho thuê hoàn lại tiền cho phần chưa sử dụng không?",Điều 414 - Bộ luật Dân sự 2015,False,1.0,0.3827956989247312,"**Căn cứ pháp lý:**
--- [Tài liệu 1] ---
Văn bản: Bộ luật Dân sự 2015
Nội dung: Điều 481. Trả tiền thuê 1. Bên thuê phải trả đủ tiền thuê đúng thời hạn đã thỏa thuận; nếu không có thỏa thuận về thời hạn trả tiền thuê thì thời hạn trả tiền thuê được xác định theo tập quán nơi trả tiền; nếu không thể xác định được thời hạn theo tập quán thì bên thuê phải trả tiền khi trả lại tài sản thuê. 2. Trường hợp các bên thỏa thuận việc trả tiền thuê theo kỳ hạn thì bên cho thuê có quyền đơn phương chấm dứt thực hiện hợp đồng, nếu bên thuê không trả tiền trong ba kỳ liên tiếp, trừ trường hợp có thỏa thuận khác hoặc pháp luật có quy định khác.

**Nội dung quy định:**
1. Bên thuê phải trả đủ tiền thuê đúng thời hạn đã thỏa thuận.
2. Trường hợp các bên thỏa thuận việc trả tiền thuê theo kỳ hạn, bên cho thuê có quyền đơn phương chấm dứt hợp đồng nếu bên thuê không trả tiền trong ba kỳ liên tiếp, trừ trường hợp có thỏa thuận khác hoặc pháp luật có quy định khác.

**Phân tích & Hướng dẫn:**
Theo quy định tại Điều 481 của Bộ Luật Dân sự 2015, bên thuê (đối tượng trả tiền thuê) phải trả đủ tiền thuê đúng thời hạn đã thỏa thuận. Nếu không có thỏa thuận về thời hạn trả tiền thuê, thì thời hạn trả tiền thuê được xác định theo tập quán nơi trả tiền hoặc nếu không thể xác định được theo tập quán, thì bên thuê phải trả tiền khi trả lại tài sản thuê.

Trong trường hợp bạn đã trả một phần hợp đồng thuê xe, nhưng do thời tiết xấu không thể tiếp tục thuê xe, bạn vẫn phải trả tiền thuê theo thời hạn đã thỏa thuận. Việc không thể tiếp tục thuê xe không được coi là lý do để yêu cầu bên cho thuê hoàn lại tiền cho phần chưa sử dụng.

Tuy nhiên, nếu bên cho thuê có quyền đơn phương chấm dứt hợp đồng theo quy định tại Điều 481 nếu bạn không trả tiền trong ba kỳ liên tiếp, thì bạn nên xem xét kỹ các điều khoản cụ thể trong hợp đồng thuê xe của mình. Nếu hợp đồng thuê xe của bạn có quy định rõ ràng về trường hợp như vậy, bạn có"
syn_1501_1768641960_0,Tôi vừa bị bắt vì có trong túi 3 gam cocaine. Tôi đã từng bị phạt vi phạm hành chính về tàng trữ chất ma túy trước đó. Tôi sẽ bị xử lý như thế nào?,Điều 249 - Bộ luật Hình sự (Văn bản hợp nhất 2017),True,1.0,0.4386281588447653,"**Căn cứ pháp lý:** Điều 249. Tội tàng trữ trái phép chất ma túy - Bộ Luật Hình sự (Văn bản hợp nhất 2017)

**Nội dung quy định:**
Theo Điều 249, người nào tàng trữ trái phép chất ma túy mà không nhằm mục đích mua bán, vận chuyển, sản xuất trái phép chất ma túy, và thỏa mãn một trong các trường hợp sau, thì bị phạt tù từ 01 năm đến 05 năm tù:

a) Đã bị xử phạt vi phạm hành chính về hành vi quy định tại Điều này hoặc đã bị kết án về tội này hoặc một trong các tội quy định tại các điều 248, 250, 251 và 252 của Bộ luật này, chưa được xóa án tích mà còn vi phạm;
b) Nhựa thuốc phiện, nhựa cần sa hoặc cao côca có khối lượng từ 01 gam đến dưới 500 gam;
c) Heroine, Cocaine, Methamphetamine, Amphetamine, MDMA hoặc XLR-11 có khối lượng từ 0,1 gam đến dưới 05 gam;
d) Lá cây côca; lá khát (lá cây Catha edulis); lá, rễ, thân, cành, hoa, quả của cây cần sa hoặc bộ phận của cây khác có chứa chất ma túy do Chính phủ quy định có khối lượng từ 01 kilôgam đến dưới 10 kilôgam;
e) Quả thuốc phiện khô có khối lượng từ 05 kilôgam đến dưới 50 kilôgam;
f) Quả thuốc phiện tươi có khối lượng từ 01 kilôgam đến dưới 10 kilôgam;
g) Các chất ma túy khác ở thể rắn có khối lượng từ 01 gam đến dưới 20 gam;
h) Các chất ma túy khác ở thể lỏng có thể tích từ 10 mililít đến dưới 100 mililít;
i) Có 02 chất ma túy trở lên mà tổng khối lượng hoặc thể tích của các chất đó tương đương với khối lượng hoặc thể tích chất ma túy quy định tại một trong các điểm từ điểm b đến điểm h khoản này.

**Phân tích & Hướng dẫn:**
Trong trường hợp của bạn, bạn"
syn_992_1768634758,"Tôi phát hiện cha mẹ của một đứa trẻ có hành vi bạo lực và không chăm sóc đầy đủ cho con, tôi có thể yêu cầu Tòa án hạn chế quyền của họ không?",Điều 86 - Luật Hôn nhân và Gia đình 2014,True,0.6666666666666666,0.5937859608745685,"**CĂN CỨ PHÁP LUẬT THAM KHẢO:**
--- [Tài liệu 1] ---
Văn bản: Luật Hôn nhân và Gia đình 2014
Nội dung: Điều 86. Người có quyền yêu cầu Tòa án hạn chế quyền của cha, mẹ đối với con chưa thành niên

**Nội dung quy định:**
Cha, mẹ, người giám hộ của con chưa thành niên, theo quy định của pháp luật về tố tụng dân sự, có quyền yêu cầu Tòa án hạn chế quyền của cha, mẹ đối với con chưa thành niên.

**Phân tích & Hướng dẫn:**
Theo Điều 86 của Luật Hôn nhân và Gia đình 2014, cá nhân như bạn có quyền yêu cầu Tòa án hạn chế quyền của cha, mẹ đối với con chưa thành niên nếu phát hiện họ có hành vi vi phạm quy định tại Điều 85 của cùng văn bản luật. 

Trong trường hợp bạn phát hiện cha mẹ của đứa trẻ có hành vi bạo lực và không chăm sóc đầy đủ cho con, đó hoàn toàn có thể coi là hành vi vi phạm quy định tại khoản 1 Điều 85 của Luật này. Theo đó, hành vi bạo lực và không chăm sóc đầy đủ cho con đều được coi là hành vi vi phạm nghiêm trọng nghĩa vụ trông nom, chăm sóc, nuôi dưỡng, giáo dục con.

Như vậy, bạn có quyền yêu cầu Tòa án ra quyết định hạn chế quyền của cha mẹ đối với con chưa thành niên. Tuy nhiên, quyết định này chỉ có hiệu lực sau khi Tòa án thụ lý và thẩm định chứng cứ, kiểm tra sự thật khách观 của việc vi phạm quy định pháp luật và đưa ra quyết định cuối cùng."
syn_1581_1768642668_0,"Tôi đang tham gia một cuộc biểu tình và bị lực lượng chức năng yêu cầu dừng lại. Khi tôi không nghe lời, họ đã dùng vũ lực để cản tôi lại. Liệu tôi có thể bị coi là người chống đối thi hành công vụ không?",Điều 330 - Bộ luật Hình sự (Văn bản hợp nhất 2017),True,1.0,0.6119554204660587,"**Căn cứ pháp lý:** 
Điều 330. Tội chống người thi hành công vụ - Bộ luật Hình sự (Văn bản hợp nhất 2017)

**Nội dung quy định:**
1. Người nào dùng vũ lực, đe dọa dùng vũ lực hoặc dùng thủ đoạn khác cản trở người thi hành công vụ thực hiện công vụ của họ hoặc ép buộc họ thực hiện hành vi trái pháp luật, thì bị phạt cải tạo không giam giữ đến 03 năm hoặc phạt tù từ 06 tháng đến 03 năm.
2. Phạm tội thuộc một trong các trường hợp sau đây, thì bị phạt tù từ 02 năm đến 07 năm: a) Có tổ chức; b) Phạm tội 02 lần trở lên; c) Xúi giục, lôi kéo, kích động người khác phạm tội; d) Gây thiệt hại về tài sản 50.000.000 đồng trở lên; đ) Tái phạm nguy hiểm.

**Phân tích & Hướng dẫn:**
Trong trường hợp của bạn, việc lực lượng chức năng yêu cầu bạn dừng cuộc biểu tình và bạn không tuân theo yêu cầu đó, nếu họ sử dụng vũ lực để cản trở bạn, thì bạn có thể bị coi là phạm tội ""chống người thi hành công vụ"" theo Điều 330 của Bộ Luật Hình sự.

Theo điều luật này, việc dùng vũ lực để cản trở người thi hành công vụ thực hiện công vụ của họ hoặc ép buộc họ thực hiện hành vi trái pháp luật sẽ bị phạt cải tạo không giam giữ đến 03 năm hoặc phạt tù từ 06 tháng đến 03 năm. Nếu hành vi của bạn vượt quá mức này (ví dụ, nếu có tổ chức, hoặc nếu hành vi gây thiệt hại về tài sản lớn hơn 50.000.000 đồng), bạn có thể phải chịu hình phạt tù từ 02 năm đến 07 năm.

Tuy nhiên, cần lưu ý rằng để có thể chứng minh rằng hành vi của bạn nằm trong phạm vi tội phạm này, lực lượng chức năng cần phải chứng minh rằng bạn đã cố ý cản trở công vụ hoặc ép buộc người thi hành công vụ thực hiện hành vi trái pháp luật. Nếu lực lượng chức năng chỉ đơn thuần yêu cầu bạn dừng cuộc biểu tình mà không có bất"
syn_690_1768632757,"Gia đình tôi đang muốn thuê nhà nhưng không biết mức giá hợp lý. Nếu chúng tôi không thỏa thuận được với chủ nhà, giá thuê sẽ được xác định như thế nào?",Điều 473 - Bộ luật Dân sự 2015,True,1.0,0.47014925373134325,"**Căn cứ pháp lý:**
---
**[Tài liệu 1]** - **Bộ luật Dân sự 2015**
**Nội dung quy định:**
1. Giá thuê do các bên thỏa thuận hoặc do người thứ ba xác định theo yêu cầu của các bên, trừ trường hợp luật có quy định khác.
2. Trường hợp không có thỏa thuận hoặc thỏa thuận không rõ ràng thì giá thuê được xác định theo giá thị trường tại địa điểm và thời điểm giao kết hợp đồng thuê.

**[Tài liệu 2]** - **Bộ luật Dân sự 2015**
**Nội dung quy định:**
1. Thời hạn thuê do các bên thỏa thuận; nếu không có thỏa thuận thì được xác định theo mục đích thuê.
2. Trường hợp các bên không thỏa thuận về thời hạn thuê và thời hạn thuê không thể xác định được theo mục đích thuê thì mỗi bên có quyền chấm dứt hợp đồng bất cứ lúc nào, nhưng phải thông báo cho bên kia trước một thời gian hợp lý.

---

**Phân tích & Hướng dẫn:**

Theo điều 473 của Bộ Luật Dân sự 2015, khi không có thỏa thuận về giá thuê, giá thuê sẽ được xác định theo giá thị trường tại địa điểm và thời điểm giao kết hợp đồng thuê. Điều này nghĩa là giá thuê không được thỏa thuận giữa hai bên, mà sẽ được xác định dựa trên giá cả hiện hành tại nơi thuê nhà, và thời điểm cụ thể hợp đồng được ký kết.

Vì vậy, nếu gia đình bạn không thỏa thuận được với chủ nhà về mức giá thuê, giá thuê sẽ được xác định dựa trên giá thị trường tại địa điểm thuê nhà và thời điểm ký kết hợp đồng thuê.

Lưu ý rằng, việc xác định giá thuê theo giá thị trường không chỉ bao gồm giá thuê căn hộ thông thường mà còn có thể bao gồm các chi phí khác như phí quản lý, phí bảo trì, phí dịch vụ nước, điện, gas, internet, v.v. tùy thuộc vào các thỏa thuận cụ thể giữa hai bên.

Tuy nhiên, nếu gia đình bạn muốn tránh rủi ro về giá thuê tăng cao theo thời gian, tốt nhất nên cố gắng thỏa thuận mức giá cụ thể trong hợp đồng thuê."
syn_763_1768633212,"Công ty tôi vừa gia công một đơn hàng nhưng có sự thay đổi về số lượng sản phẩm. Tôi cần giao hàng đúng hạn nhưng số lượng không đúng với thỏa thuận, tôi phải xử lý thế nào?",Điều 546 - Bộ luật Dân sự 2015,False,1.0,0.3647175421209118,"**Căn cứ pháp lý:**
- [Tài liệu 1] - [Tài liệu 2] - [Tài liệu 3] - [Bộ luật Dân sự 2015]

**Nội dung quy định:**
- Theo Điều 545 của Bộ Luật Dân sự 2015, bên đặt gia công có quyền nhận hoặc từ chối phần dôi ra khi bên nhận gia công giao nhiều hơn số lượng đã thỏa thuận. Nếu bên đặt gia công nhận phần dôi ra, họ phải thanh toán theo giá thỏa thuận.
- Theo Điều 437 của Bộ Luật Dân sự 2015, bên mua (trong trường hợp này là bên nhận gia công) có quyền từ chối nhận phần đã giao và yêu cầu bồi thường thiệt hại nếu việc vi phạm làm cho bên mua không đạt được mục đích giao kết hợp đồng.

**Phân tích & Hướng dẫn:**
Theo quy định tại Điều 545 của Bộ Luật Dân sự 2015, Công ty bạn có quyền nhận hoặc từ chối phần dôi ra khi bên nhận gia công giao nhiều hơn số lượng đã thỏa thuận. Tuy nhiên, nếu bạn quyết định nhận toàn bộ số lượng giao đến, bạn vẫn phải thanh toán theo giá thỏa thuận.

Trong trường hợp số lượng giao đến vượt quá số lượng đã thỏa thuận, Công ty bạn nên:

1. **Đồng ý nhận số lượng dôi ra:** Nếu bạn chấp nhận nhận toàn bộ số lượng giao đến, bạn cần thanh toán theo giá thỏa thuận. 

2. **Từ chối nhận phần dôi ra:** Nếu bạn không muốn nhận phần dôi ra, bạn có thể từ chối nhận và yêu cầu bên nhận gia công bồi thường thiệt hại. 

3. **Hủy bỏ hợp đồng:** Nếu bên nhận gia công không thể giao đúng số lượng như đã thỏa thuận và việc này làm ảnh hưởng đến mục đích của bạn, bạn cũng có quyền hủy bỏ hợp đồng và yêu cầu bồi thường thiệt hại.

Như vậy, tùy thuộc vào mức độ ảnh hưởng và khả năng của bạn, bạn có thể lựa chọn cách xử lý phù hợp nhất. Tuy nhiên, việc từ chối nhận hoặc yêu cầu bồi thường thiệt hại cần phải có căn cứ rõ ràng và minh bạch để tránh tranh chấp sau này."
syn_432_1768631065,"Tôi có một công ty và đang muốn hợp tác với một công ty khác để phát triển sản phẩm mới. Nếu chúng tôi quyết định góp vốn chung, tài sản từ sự hợp tác này sẽ thuộc sở hữu như thế nào?",Điều 215 - Bộ luật Dân sự 2015,True,0.0,0.32596685082872934,"**CĂN CỨ PHÁP LUẬT THAM KHẢO:**
---
**Tài liệu 1:** Văn bản: Luật Doanh nghiệp 2020 - Điều 53
**Tài liệu 2:** Bộ luật Dân sự 2015 - Điều 506
**Tài liệu 3:** Bộ luật Dân sự 2015 - Điều 215

---

**CĂN CỨ PHÁP LUẬT THAM KHẢO:**
---
**Tài liệu 1:** Văn bản: Luật Doanh nghiệp 2020 - Điều 53
**Tài liệu 2:** Bộ luật Dân sự 2015 - Điều 506
**Tài liệu 3:** Bộ luật Dân sự 2015 - Điều 215

---

**CĂN CỨ PHÁP LUẬT THAM KHẢO:**
---
**Tài liệu 1:** Văn bản: Luật Doanh nghiệp 2020 - Điều 53
**Tài liệu 2:** Bộ luật Dân sự 2015 - Điều 506
**Tài liệu 3:** Bộ luật Dân sự 2015 - Điều 215

---

**CĂN CỨ PHÁP LUẬT THAM KHẢO:**
---
**Tài liệu 1:** Văn bản: Luật Doanh nghiệp 2020 - Điều 53
**Tài liệu 2:** Bộ luật Dân sự 2015 - Điều 506
**Tài liệu 3:** Bộ luật Dân sự 2015 - Điều 215

---

**CĂN CỨ PHÁP LUẬT THAM KHẢO:**
---
**Tài liệu 1:** Văn bản: Luật Doanh nghiệp 2020 - Điều 53
**Tài liệu 2:** Bộ luật Dân sự 2015 - Điều 506
**Tài liệu 3:** Bộ luật Dân sự 2015 - Điều 215

---

**CĂN CỨ PHÁP LUẬT THAM KHẢO:**
---
**Tài liệu 1:** Văn bản: Luật Doanh nghiệp 2020 - Điều"
syn_937_1768634377,"Tôi và vợ tôi muốn bán căn nhà là nơi ở duy nhất của chúng tôi, nhưng vợ tôi không đồng ý. Tôi có thể tự ý bán nhà được không?",Điều 31 - Luật Hôn nhân và Gia đình 2014,True,0.3333333333333333,0.5070821529745042,"**CĂN CỨ PHÁP LUẬT THAM KHẢO:**
---
- **[Tài liệu 1]:** Luật Hôn nhân và Gia đình 2014, Điều 31
- **[Tài liệu 2]:** Luật Hôn nhân và Gia đình 2014, Điều 44

---

**CÔNG TY LAW:**
Trong tình huống này, căn nhà mà bạn và vợ bạn đang sở hữu là nơi ở duy nhất của cả hai vợ chồng, điều này phù hợp với quy định tại Điều 31 của Luật Hôn nhân và Gia đình 2014. Theo đó, việc xác lập, thực hiện, chấm dứt các giao dịch liên quan đến nhà là nơi ở duy nhất của vợ chồng phải có sự thỏa thuận của vợ chồng. 

Điều 44 của cùng văn bản luật cũng quy định rằng, vợ hoặc chồng có quyền chiếm hữu, sử dụng, định đoạt tài sản riêng của mình, nhưng phải bảo đảm chỗ ở cho vợ chồng. Điều này có nghĩa là, dù vợ bạn có tài sản riêng, việc xác lập giao dịch liên quan đến căn nhà là nơi ở duy nhất của cả hai cần phải được vợ bạn đồng ý.

**PHÂN TÍCH VÀ HƯỚNG DẪN:**
Theo quy định, việc xác lập giao dịch liên quan đến nhà là nơi ở duy nhất của vợ chồng phải có sự thỏa thuận. Do đó, bạn không thể tự ý bán căn nhà mà không có sự đồng ý của vợ bạn. Việc này vi phạm quy định về quyền quyết định về chỗ ở trong mối quan hệ hôn nhân.

Nếu bạn và vợ bạn không thể tìm được sự thỏa thuận, bạn nên cân nhắc việc đưa ra tòa án để giải quyết tranh chấp theo quy định của Luật Hôn nhân và Gia đình 2014 và các quy định khác có liên quan."
syn_1172_1768639496_0,"Công ty chúng tôi, một doanh nghiệp nhỏ thành lập năm 2018, đang gặp khó khăn trong việc đảm bảo an toàn lao động. Tôi có nghe nói về chương trình an toàn vệ sinh lao động của Chính phủ. Vậy liệu công ty tôi có thể tham gia vào chương trình này không và ai là người thực hiện các bước để được tham gia?",Điều 133 - Bộ luật Lao động 2019,True,0.6666666666666666,0.5099999999999999,"**Căn cứ pháp lý:**
- Văn bản: Bộ luật Lao động 2019
- Nội dung: Điều 133. Chương trình an toàn, vệ sinh lao động 1. Chính phủ quyết định Chương trình quốc gia về an toàn, vệ sinh lao động. 2. Ủy ban nhân dân cấp tỉnh trình Hội đồng nhân dân cùng cấp quyết định Chương trình an toàn, vệ sinh lao động của địa phương và đưa vào kế hoạch phát triển kinh tế - xã hội.

**Phân tích & Hướng dẫn:**

Theo quy định tại Điều 133 Bộ Luật Lao động 2019, Chính phủ quyết định Chương trình quốc gia về an toàn, vệ sinh lao động. Tuy nhiên, Chương trình an toàn, vệ sinh lao động của địa phương sẽ do Ủy ban nhân dân cấp tỉnh quyết định và đưa vào kế hoạch phát triển kinh tế - xã hội. 

Do đó, Công ty của bạn cần liên hệ với Ủy ban nhân dân cấp tỉnh nơi công ty bạn đặt trụ sở để được hướng dẫn cụ thể về việc tham gia Chương trình an toàn, vệ sinh lao động. 

Để tham gia Chương trình, công ty bạn cần đảm bảo tuân thủ các quy định về an toàn, vệ sinh lao động như đã nêu tại Điều 134 của Bộ Luật Lao động 2019, trong đó có việc người sử dụng lao động có trách nhiệm thực hiện đầy đủ các giải pháp nhằm bảo đảm an toàn, vệ sinh lao động tại nơi làm việc, và người lao động cần chấp hành các quy định và nắm vững kiến thức, kỹ năng về an toàn, vệ sinh lao động.

Cuối cùng, để tham gia Chương trình, công ty bạn cũng cần tuân thủ quy định về việc lấy ý kiến và ký kết thỏa ước lao động tập thể theo quy định tại Điều 76 của Bộ Luật Lao động 2019. 

Như vậy, để tham gia Chương trình an toàn, vệ sinh lao động, công ty của bạn cần liên hệ với Ủy ban nhân dân cấp tỉnh và tuân thủ các quy định về an toàn, vệ sinh lao động theo quy định của Bộ Luật Lao động 2019."
syn_745_1768633105,"Tôi đã làm hỏng hành lý của mình trong quá trình vận chuyển, liệu tôi có phải bồi thường cho bên vận chuyển không?",Điều 528 - Bộ luật Dân sự 2015,False,0.6666666666666666,0.40660474716202266,"**CĂN CỨ PHÁP LUẬT THAM KHẢO:**
---
[Văn bản] Bộ luật Dân sự 2015  
[Nội dung] Điều 541. Trách nhiệm bồi thường thiệt hại

---

**NỘI DUNG QUY ĐỊNH:**
1. Bên vận chuyển phải bồi thường thiệt hại cho bên thuê vận chuyển nếu để tài sản bị mất hoặc hư hỏng, trừ trường hợp quy định tại khoản 3 Điều 536 của Bộ luật này.
2. Bên thuê vận chuyển phải bồi thường thiệt hại cho bên vận chuyển và người thứ ba về thiệt hại do tài sản vận chuyển có tính chất nguy hiểm, độc hại mà không có biện pháp đóng gói, bảo đảm an toàn trong quá trình vận chuyển.
3. Trường hợp bất khả kháng dẫn đến tài sản vận chuyển bị mất, hư hỏng hoặc bị hủy hoại trong quá trình vận chuyển thì bên vận chuyển không phải chịu trách nhiệm bồi thường thiệt hại, trừ trường hợp có thỏa thuận khác hoặc pháp luật có quy định khác.

---

**PHÂN TÍCH & HƯỚNG DẪN:**
Theo quy định tại Điều 541 của Bộ Luật Dân sự 2015, bên thuê vận chuyển (bạn) sẽ phải bồi thường thiệt hại cho bên vận chuyển nếu tài sản của bạn bị mất hoặc hư hỏng trong quá trình vận chuyển. Trong trường hợp này, hành lý của bạn bị hỏng do lỗi của bạn, bạn sẽ cần bồi thường cho bên vận chuyển.

Việc bạn đã làm hỏng hành lý của mình trong quá trình vận chuyển nghĩa là bạn đã vi phạm nghĩa vụ của bên thuê vận chuyển theo Điều 536 của Bộ Luật Dân sự 2015, cụ thể là bạn không cung cấp thông tin cần thiết hoặc không trông coi tài sản trên đường vận chuyển nếu có thỏa thuận. Theo quy định, nếu bạn vi phạm điều kiện vận chuyển đã thỏa thuận, gây thiệt hại cho bên vận chuyển hoặc người thứ ba, bạn phải bồi thường.

Tuy nhiên, cần lưu ý rằng quy định này chỉ áp dụng khi bạn không có lỗi của bên vận chuyển. Trong trường hợp này, bạn đã làm hỏng hành lý của mình, nên bạn cần bồi thường cho bên vận chuyển theo quy định.

Để tránh những rủi ro pháp lý, bạn nên tìm hiểu kỹ các quy định về trách"
syn_651_1768632521,"Nếu tôi muốn nhận xe sớm hơn thời hạn đã thỏa thuận và bên bán đồng ý, liệu điều này có vi phạm hợp đồng không?",Điều 434 - Bộ luật Dân sự 2015,True,1.0,0.5412371134020618,"**Căn cứ pháp lý:**
--- [Tài liệu 1] ---
Văn bản: Bộ luật Dân sự 2015
Nội dung: Điều 434. Thời hạn thực hiện hợp đồng mua bán

**Nội dung quy định:**
1. Thời hạn thực hiện hợp đồng mua bán do các bên thỏa thuận.
2. Bên bán phải giao tài sản cho bên mua đúng thời hạn đã thỏa thuận; bên bán chỉ được giao tài sản trước hoặc sau thời hạn nếu được bên mua đồng ý.

**Phân tích & Hướng dẫn:**
Theo Điều 434 của Bộ Luật Dân sự 2015, thời hạn thực hiện hợp đồng mua bán được thỏa thuận bởi các bên. Trong trường hợp bạn muốn nhận xe sớm hơn thời hạn đã thỏa thuận và bên bán đồng ý, điều này không vi phạm hợp đồng. 

Điều này tuân thủ nguyên tắc của Điều 434, theo đó bên bán có quyền giao tài sản trước hoặc sau thời hạn đã thỏa thuận nếu được bên mua đồng ý. Do đó, nếu bên bán và bên mua đã thỏa thuận về việc bạn có thể nhận xe sớm hơn thời hạn đã định, thì hành động này hoàn toàn phù hợp và không vi phạm bất kỳ quy định nào trong hợp đồng mua bán.

Tuy nhiên, bạn nên lưu ý ghi rõ thông tin này trong hợp đồng để tránh hiểu lầm và đảm bảo rằng cả hai bên đều hiểu và đồng ý về thời gian cụ thể mà bạn sẽ nhận xe."
syn_1201_1768639663_0,"Tôi đã thuê một người giúp việc cho gia đình từ tháng 6 năm 2022, nhưng gần đây tôi thấy chị ấy không thực hiện công việc đúng như thỏa thuận. Tôi có thể chấm dứt hợp đồng với chị ấy ngay lập tức hay cần phải báo trước ít nhất 15 ngày?",Điều 162 - Bộ luật Lao động 2019,True,1.0,0.5662337662337662,"**Căn cứ pháp lý:**
---
[Như trên, tài liệu tham khảo là Bộ luật Lao động 2019]

**Nội dung quy định:**
---
Theo Điều 162 của Bộ Luật Lao động 2019, người sử dụng lao động phải giao kết hợp đồng lao động bằng văn bản với lao động là người giúp việc gia đình. Thời hạn của hợp đồng lao động đối với lao động là người giúp việc gia đình do hai bên thỏa thuận. Một bên có quyền đơn phương chấm dứt hợp đồng lao động bất kỳ khi nào nhưng phải báo trước ít nhất 15 ngày.

**Phân tích & Hướng dẫn:**
---
Theo quy định trên, bạn có quyền đơn phương chấm dứt hợp đồng lao động với người giúp việc gia đình bất kỳ khi nào, nhưng bạn cần phải báo trước ít nhất 15 ngày. 

Tuy nhiên, trong trường hợp này, bạn chỉ muốn biết có thể chấm dứt hợp đồng ngay lập tức hay cần phải báo trước ít nhất 15 ngày. Theo Điều 162 của Bộ Luật Lao động 2019, bạn không cần báo trước khi chấm dứt hợp đồng lao động với người giúp việc gia đình. 

Nhưng để đảm bảo tuân thủ quy định của Bộ Luật Lao động 2019, bạn nên báo trước ít nhất 15 ngày cho người giúp việc để tuân thủ quy định về thời gian báo trước. Việc báo trước giúp hai bên đều có thời gian để chuẩn bị và không gây bất ngờ lớn cho người giúp việc.

Để chắc chắn, bạn nên ghi chú lại việc báo trước 15 ngày trong hồ sơ hợp đồng lao động và lưu trữ các giấy tờ liên quan."
syn_58_1768628168,"Tôi là thành viên của Hội đồng thành viên công ty, nhưng không thể tham dự cuộc họp. Tôi có thể ủy quyền cho ai đó tham dự và biểu quyết thay tôi không?",Điều 59 - Luật Doanh nghiệp 2020,True,1.0,0.4352112676056338,"**Căn cứ pháp lý:**
- Điều 59, Điều 144, Điều 98 Luật Doanh nghiệp 2020

**Nội dung quy định:**
Theo Điều 59 của Luật Doanh nghiệp 2020, Hội đồng thành viên thông qua nghị quyết, quyết định thuộc thẩm quyền bằng biểu quyết tại cuộc họp, lấy ý kiến bằng văn bản hoặc hình thức khác do Điều lệ công ty quy định. 

Điều 144 cũng quy định về thực hiện quyền dự họp Đại hội đồng cổ đông, trong đó cho phép cổ đông hoặc người đại diện theo ủy quyền tham dự họp, ủy quyền bằng văn bản cho một hoặc một số cá nhân, tổ chức khác dự họp hoặc dự họp thông qua một trong các hình thức quy định tại khoản 3 Điều này.

Điều 98 Luật Doanh nghiệp 2020 quy định về chế độ làm việc, điều kiện và thể thức tiến hành họp Hội đồng thành viên, trong đó nêu rõ việc ủy quyền cho cá nhân, tổ chức đại diện dự họp Đại hội đồng cổ đông phải lập thành văn bản.

**Phân tích & Hướng dẫn:**
Theo quy định trên, bạn có thể ủy quyền cho một cá nhân hoặc tổ chức khác tham dự và biểu quyết thay bạn tại cuộc họp Hội đồng thành viên. Văn bản ủy quyền cần được lập theo quy định của pháp luật về dân sự và phải nêu rõ tên cá nhân, tổ chức được ủy quyền và số lượng cổ phần được ủy quyền.

Hơn nữa, theo Điều 144 của Luật Doanh nghiệp 2020, việc ủy quyền cho cá nhân, tổ chức đại diện dự họp Đại hội đồng cổ đông phải lập thành văn bản. Văn bản này cần được lập theo quy định của pháp luật về dân sự và phải nêu rõ tên cá nhân, tổ chức được ủy quyền và số lượng cổ phần được ủy quyền. Cá nhân, tổ chức được ủy quyền dự họp Đại hội đồng cổ đông phải xuất trình văn bản ủy quyền khi đăng ký dự họp trước khi vào phòng họp.

Vì vậy, bạn có thể ủy quyền cho một cá nhân hoặc tổ chức khác dự họp và biểu quyết thay bạn, điều này tuân thủ đúng quy định của pháp luật Việt Nam."
syn_784_1768633364,"Tôi đã ủy quyền cho một người khác làm một công việc cho tôi, nhưng họ đã không thực hiện đúng cam kết. Tôi có thể yêu cầu bên ủy quyền chịu trách nhiệm không?",Điều 567 - Bộ luật Dân sự 2015,True,1.0,0.3945068664169788,"**Căn cứ pháp lý:** 
Điều 283. Thực hiện nghĩa vụ thông qua người thứ ba - Bộ luật Dân sự 2015

**Nội dung quy định:**
Theo Điều 283 của Bộ Luật Dân sự 2015, khi được bên có quyền đồng ý, bên có nghĩa vụ có thể ủy quyền cho người thứ ba thay mình thực hiện nghĩa vụ. Tuy nhiên, bên có nghĩa vụ vẫn phải chịu trách nhiệm với bên có quyền, nếu người thứ ba không thực hiện hoặc thực hiện không đúng nghĩa vụ.

**Phân tích & Hướng dẫn:**
Trong tình huống bạn đã ủy quyền cho một người khác thực hiện một công việc, nhưng họ không thực hiện đúng cam kết, bạn có thể yêu cầu bên ủy quyền chịu trách nhiệm. Theo Điều 283 của Bộ Luật Dân sự 2015, bên có nghĩa vụ (trong trường hợp này là bạn) vẫn phải chịu trách nhiệm với bên có quyền (trong trường hợp này là người bạn ủy quyền). Điều này có nghĩa là dù bạn đã ủy quyền cho người khác thực hiện công việc, nhưng nếu họ không thực hiện đúng cam kết, bạn vẫn phải chịu trách nhiệm với bên có quyền.

Ngoài ra, theo Điều 567 và Điều 575 của Bộ Luật Dân sự 2015, bên ủy quyền (bạn) có nghĩa vụ cung cấp thông tin, tài liệu và phương tiện cần thiết, chịu trách nhiệm về cam kết do bên được ủy quyền thực hiện, và báo cáo về quá trình và kết quả thực hiện công việc cho bên có công việc được thực hiện. Nếu bên được ủy quyền không thực hiện đúng cam kết, bạn vẫn có trách nhiệm đối mặt với hậu quả này.

Vì vậy, mặc dù bạn đã ủy quyền cho người khác thực hiện công việc, bạn vẫn có trách nhiệm chịu trách nhiệm với bên có quyền nếu người được ủy quyền không thực hiện đúng cam kết."
syn_310_1768630211,Công ty tôi thành lập từ năm 2015 và trong điều lệ không ghi rõ thời hạn hoạt động. Nếu tôi muốn giải thể công ty thì có phải thực hiện theo quy định nào không?,Điều 93 - Bộ luật Dân sự 2015,False,1.0,0.3554006968641115,"**Căn cứ pháp lý:**
Điều 207, Luật Doanh nghiệp 2020 - Văn bản: Luật Doanh nghiệp 2020

**Nội dung quy định:**
1. Doanh nghiệp bị giải thể trong trường hợp sau đây: a) Kết thúc thời hạn hoạt động đã ghi trong Điều lệ công ty mà không có quyết định gia hạn; b) Theo nghị quyết, quyết định của chủ doanh nghiệp đối với doanh nghiệp tư nhân, của Hội đồng thành viên đối với công ty hợp danh, của Hội đồng thành viên, chủ sở hữu công ty đối với công ty trách nhiệm hữu hạn, của Đại hội đồng cổ đông đối với công ty cổ phần; c) Công ty không còn đủ số lượng thành viên tối thiểu theo quy định của Luật này trong thời hạn 06 tháng liên tục mà không làm thủ tục chuyển đổi loại hình doanh nghiệp; d) Bị thu hồi Giấy chứng nhận đăng ký doanh nghiệp, trừ trường hợp Luật Quản lý thuế có quy định khác. 2. Doanh nghiệp chỉ được giải thể khi bảo đảm thanh toán hết các khoản nợ, nghĩa vụ tài sản khác và không trong quá trình giải quyết tranh chấp tại Tòa án hoặc Trọng tài. Người quản lý có liên quan và doanh nghiệp quy định tại điểm d khoản 1 Điều này cùng liên đới chịu trách nhiệm về các khoản nợ của doanh nghiệp.

**Phân tích & Hướng dẫn:**
Theo quy định tại Điều 207 của Luật Doanh nghiệp 2020, doanh nghiệp chỉ được giải thể khi đã đáp ứng đủ các điều kiện và yêu cầu sau:

1. **Kết thúc thời hạn hoạt động**: Điều lệ công ty cần ghi rõ thời hạn hoạt động. Nếu điều lệ không ghi rõ thời hạn hoạt động, doanh nghiệp sẽ tự động bị giải thể theo quy định tại điểm a của Điều 207.

2. **Hỗ trợ thanh toán nợ**: Doanh nghiệp cần đảm bảo thanh toán hết các khoản nợ, nghĩa vụ tài sản khác trước khi được giải thể. 

3. **Không trong quá trình giải quyết tranh chấp**: Trong quá trình giải quyết tranh chấp tại Tòa án hoặc Trọng tài, doanh nghiệp không được giải thể.

4. **Thực hiện đúng quy định**: Doanh nghiệp phải tuân thủ các quy định về chấm dứt hoạt động"
syn_1065_1768638909_1,"Công ty tôi đã đề nghị lương thử việc là 80% nhưng tôi không đồng ý. Giờ đây, tôi có thể yêu cầu công ty đưa ra mức lương thử việc khác không hay tôi phải chấp nhận mức lương đó?",Điều 26 - Bộ luật Lao động 2019,True,1.0,0.4666666666666667,"**Căn cứ pháp lý:**
- Văn bản: Bộ luật Lao động 2019
- Nội dung: Điều 26. Tiền lương thử việc Tiền lương của người lao động trong thời gian thử việc do hai bên thỏa thuận nhưng ít nhất phải bằng 85% mức lương của công việc đó.

**Nội dung quy định:**
Tiền lương của người lao động trong thời gian thử việc do hai bên thỏa thuận, nhưng mức lương tối thiểu phải không dưới 85% mức lương của công việc đó.

**Phân tích & Hướng dẫn:**
Theo quy định tại Điều 26 của Bộ Luật Lao động 2019, tiền lương thử việc được xác định bởi thỏa thuận giữa hai bên (công ty và người lao động), nhưng mức lương này phải không thấp hơn 85% mức lương của công việc đó. Do đó, khi công ty đề xuất mức lương thử việc là 80%, bạn có quyền yêu cầu công ty tăng mức lương lên không dưới 85% mức lương của công việc đó. Tuy nhiên, bạn cũng cần cân nhắc thỏa thuận với công ty để đạt được sự hài hòa trong quá trình ký kết hợp đồng lao động, tránh gây hiểu lầm hoặc tranh chấp sau này. Nếu công ty không đồng ý tăng mức lương lên 85%, bạn cần lưu ý rằng việc không thỏa thuận được mức lương thử việc có thể ảnh hưởng đến hiệu quả của quá trình thử việc, và có thể dẫn đến khó khăn trong việc ký kết hợp đồng chính thức."
syn_940_1768634401,"Gia đình tôi có một mảnh đất chung, nhưng chỉ có tên tôi trong giấy chứng nhận quyền sử dụng. Vợ tôi có thể yêu cầu chia tài sản này không?",Điều 34 - Luật Hôn nhân và Gia đình 2014,True,0.6666666666666666,0.4532760472610097,"**CĂN CỨ PHÁP LUẬT THAM KHẢO:**

- **Tài liệu 1:** Luật Hôn nhân và Gia đình 2014, Điều 62

- **Tài liệu 2:** Luật Hôn nhân và Gia đình 2014, Điều 34

- **Tài liệu 3:** Luật Hôn nhân và Gia đình 2014, Điều 26

**Nội dung quy định:**

Theo Điều 62 của Luật Hôn nhân và Gia đình 2014, khi ly hôn, quyền sử dụng đất là tài sản riêng của bên nào thì khi ly hôn vẫn thuộc về bên đó. Tuy nhiên, việc chia quyền sử dụng đất là tài sản chung của vợ chồng khi ly hôn được thực hiện theo các quy định cụ thể. Điều 34 của cùng văn bản luật quy định về đăng ký quyền sở hữu, quyền sử dụng đối với tài sản chung, trong đó chỉ ghi tên một bên vợ hoặc chồng.

**Phân tích & Hướng dẫn:**

Theo Điều 34 của Luật Hôn nhân và Gia đình 2014, nếu giấy chứng nhận quyền sử dụng đất chỉ ghi tên một bên vợ hoặc chồng, thì giao dịch liên quan đến tài sản này được thực hiện theo quy định tại Điều 26 của cùng văn bản luật. Điều 26 quy định về việc đại diện giữa vợ và chồng trong trường hợp giấy chứng nhận quyền sở hữu, quyền sử dụng tài sản chỉ ghi tên vợ hoặc chồng. 

Điều 26 nêu rõ rằng, việc đại diện giữa vợ và chồng trong việc xác lập, thực hiện và chấm dứt giao dịch liên quan đến tài sản chung có giấy chứng nhận quyền sở hữu, quyền sử dụng tài sản chỉ ghi tên vợ hoặc chồng được thực hiện theo quy định tại Điều 24 và Điều 25 của Luật này. Điều 24 và Điều 25 quy định về việc xác lập, thực hiện và chấm dứt giao dịch liên quan đến tài sản chung khi chỉ có một bên vợ hoặc chồng có tên trên giấy chứng nhận quyền sở hữu hoặc quyền sử dụng tài sản.

Đối với trường hợp vợ bạn có tên trên giấy chứng nhận quyền sử dụng đất chung nhưng chỉ ghi tên bạn, theo quy định"
syn_1253_1768639996_0,"Tôi là một nhân viên làm việc tại một công ty xây dựng và gần đây tôi đã bị tai nạn lao động, nhưng công ty không cung cấp đủ các biện pháp an toàn. Tôi phải làm gì để thanh tra lao động vào cuộc và điều tra vụ việc này?",Điều 214 - Bộ luật Lao động 2019,False,1.0,0.376357056694813,"**Căn cứ pháp lý:**
- [Tài liệu 1] - [Tài liệu 2] - [Tài liệu 3] - Bộ luật Lao động 2019

**Nội dung quy định:**
1. Thanh tra lao động có quyền thanh tra, điều tra nơi thuộc đối tượng, phạm vi thanh tra được giao theo quyết định thanh tra.
2. Thanh tra lao động có quyền thanh tra đột xuất theo quyết định của người có thẩm quyền trong trường hợp khẩn cấp có nguy cơ đe dọa an toàn, tính mạng, sức khỏe, danh dự, nhân phẩm của người lao động tại nơi làm việc.
3. Thanh tra chuyên ngành về lao động thực hiện theo quy định của Luật Thanh tra.
4. Việc thanh tra an toàn, vệ sinh lao động thực hiện theo quy định của Luật An toàn, vệ sinh lao động.

**Phân tích & Hướng dẫn:**
Theo quy định của Bộ luật Lao động 2019, bạn có quyền yêu cầu thanh tra lao động điều tra vụ việc tai nạn lao động và vi phạm an toàn, vệ sinh lao động tại nơi làm việc. Theo Điều 216 của Bộ luật Lao động 2019, ""Thanh tra lao động có quyền thanh tra, điều tra nơi thuộc đối tượng, phạm vi thanh tra được giao theo quyết định thanh tra. Khi thanh tra đột xuất theo quyết định của người có thẩm quyền trong trường hợp khẩn cấp có nguy cơ đe dọa an toàn, tính mạng, sức khỏe, danh dự, nhân phẩm của người lao động tại nơi làm việc thì không cần báo trước.""

Bởi vì tai nạn lao động xảy ra gần đây và công ty chưa cung cấp đủ biện pháp an toàn, bạn có thể liên hệ với cơ quan quản lý lao động trực tiếp (công đoàn hoặc Sở Lao động – Thương binh và Xã hội) để yêu cầu thanh tra lao động tiến hành thanh tra đột xuất. Việc này nhằm đảm bảo an toàn cho sức khỏe, tính mạng và danh dự, nhân phẩm của bạn.

Ngoài ra, bạn cũng có thể yêu cầu cơ quan quản lý lao động trực tiếp lập biên bản sự việc tai nạn lao"
syn_62_1768628197,Công ty tôi đang gặp khó khăn tài chính và tôi muốn biết liệu tôi có quyền đề xuất phương án xử lý lỗ trong kinh doanh không?,Điều 63 - Luật Doanh nghiệp 2020,False,1.0,0.3457106274007682,"**Căn cứ pháp lý:**
- **Điều 181, Luật Doanh nghiệp 2020**

**Nội dung quy định:**
Theo Điều 181, Điều lệ công ty quy định, thành viên hợp danh có quyền yêu cầu công ty bù đắp thiệt hại từ hoạt động kinh doanh trong phạm vi nhiệm vụ được phân công nếu thiệt hại đó xảy ra không phải do sai sót cá nhân của thành viên đó. 

**Phân tích & Hướng dẫn:**
Theo quy định trên, bạn có quyền yêu cầu công ty bù đắp thiệt hại từ hoạt động kinh doanh trong phạm vi nhiệm vụ được phân công nếu thiệt hại đó không do lỗi cá nhân của bạn. Đây là một quyền mà bạn có thể sử dụng để đề xuất phương án xử lý lỗ trong kinh doanh của công ty. Bạn cần chứng minh rằng thiệt hại xảy ra không phải do lỗi của mình và có thể đưa ra các biện pháp khắc phục để công ty hiểu rõ hơn về tình hình tài chính hiện tại của công ty."
syn_385_1768630723,"Gia đình tôi đã cho một người bạn mượn đồ vật quý giá và giờ họ từ chối trả lại, tôi có quyền đòi lại không?",Điều 168 - Bộ luật Dân sự 2015,False,0.6666666666666666,0.3254067584480601,"**CĂN CỨ PHÁP LUẬT THAM KHẢO:**
---
[Tài liệu 1] Bộ luật Dân sự 2015, Điều 499

**Nội dung quy định:**
1. Đòi lại tài sản ngay sau khi bên mượn đạt được mục đích nếu không có thỏa thuận về thời hạn mượn.
2. Đòi lại tài sản khi bên mượn sử dụng không đúng mục đích, công dụng, không đúng cách thức đã thỏa thuận hoặc cho người khác mượn lại mà không có sự đồng ý của bên cho mượn.
3. Yêu cầu bồi thường thiệt hại đối với tài sản do bên mượn gây ra.

**Phân tích & Hướng dẫn:**
Theo Điều 499 của Bộ Luật Dân sự 2015, khi người mượn không trả lại tài sản cho bên cho mượn, bên cho mượn có quyền đòi lại tài sản nếu không có thỏa thuận về thời hạn mượn. Trong trường hợp này, người bạn của bạn đã mượn đồ vật quý giá của bạn và hiện tại họ từ chối trả lại. 

Đầu tiên, cần phân biệt giữa việc mượn và cho thuê. Nếu đây chỉ là mượn với thời hạn hợp lý và không có thỏa thuận về thời hạn cụ thể, bạn có quyền đòi lại tài sản ngay sau khi mục đích mượn đã đạt được, như quy định tại điểm 1 Điều 499.

Nếu người bạn của bạn đã sử dụng tài sản không đúng mục đích hoặc đã cho người khác mượn tài sản mà không có sự đồng ý của bạn, bạn cũng có quyền đòi lại tài sản theo điểm 2 Điều 499.

Mặt khác, nếu tài sản đã bị hư hỏng thông thường và họ không tự khắc phục mà bạn đã yêu cầu, họ có thể vi phạm nghĩa vụ giữ gìn và bảo quản tài sản (điều 496 Điều 499). Tuy nhiên, điều này không trực tiếp ảnh hưởng đến quyền của bạn về việc đòi lại tài sản.

Cuối cùng, nếu người bạn của bạn đã làm mất hoặc hư hỏng tài sản, họ sẽ phải bồi thường thiệt hại như quy định tại điểm 3 Điều 499.

Tóm lại, dựa trên quy định pháp luật, bạn có quyền đòi lại"
syn_787_1768633387,"Gia đình tôi đang tổ chức một cuộc thi và hứa thưởng cho người thắng cuộc. Nếu có người không đủ điều kiện tham gia nhưng vẫn thắng, tôi có phải trả thưởng không?",Điều 570 - Bộ luật Dân sự 2015,True,1.0,0.45488257107540164,"**Căn cứ pháp lý:**
--- [Tài liệu 1] ---
Văn bản: Bộ luật Dân sự 2015
Nội dung: Điều 570. Hứa thưởng 1. Người đã công khai hứa thưởng phải trả thưởng cho người đã thực hiện công việc theo yêu cầu của người hứa thưởng. 2. Công việc được hứa thưởng phải cụ thể, có thể thực hiện được, không vi phạm điều cấm của luật, không trái đạo đức xã hội.

**Nội dung quy định:**
Điều 570 quy định về việc người hứa thưởng phải trả thưởng cho người đã thực hiện công việc theo yêu cầu của người hứa thưởng. Điều này yêu cầu công việc được hứa thưởng phải cụ thể, khả thi và tuân thủ các quy định của pháp luật và đạo đức xã hội.

**Phân tích & Hướng dẫn:**
Theo quy định tại Điều 570 của Bộ Luật Dân sự 2015, nếu một người không đủ điều kiện tham gia nhưng lại thắng cuộc, bạn vẫn phải trả thưởng cho người đó. Điều này dựa trên nguyên tắc công khai hứa thưởng và việc thực hiện công việc theo yêu cầu của người hứa thưởng.

Tuy nhiên, cần lưu ý rằng, việc này chỉ áp dụng khi công việc được hứa thưởng đã được cụ thể hóa và có thể thực hiện được, đồng thời không vi phạm điều cấm của luật và không trái đạo đức xã hội (theo quy định tại Điều 570). 

Trong trường hợp này, nếu người thắng cuộc không đủ điều kiện tham gia cuộc thi mà vẫn thắng, điều này có thể xem là vi phạm quy định về việc công việc được hứa thưởng phải cụ thể và khả thi. Do đó, bạn có thể cân nhắc việc không trả thưởng cho người này, mặc dù điều này có thể gây ra tranh chấp pháp lý.

Tuy nhiên, nếu bạn vẫn quyết định trả thưởng cho người thắng cuộc, thì cần đảm bảo rằng công việc được hứa thưởng đã được cụ thể hóa và tuân thủ các quy định của pháp luật và đạo đức xã hội. Đồng thời, bạn cũng nên thông báo rõ ràng về quy định này trong quá trình tổ chức cuộc thi."
syn_210_1768629357,"Công ty tôi đã quyết định giải thể, nhưng tôi vẫn muốn huy động vốn từ một nhà đầu tư mới. Điều này có vi phạm điều luật không?",Điều 211 - Luật Doanh nghiệp 2020,True,1.0,0.35633367662203913,"**Căn cứ pháp lý:** 
- Văn bản: Bộ luật Hình sự (Văn bản hợp nhất 2017)
- Nguồn: Điều 81

**Nội dung quy định:**
1. Điều 81 của Bộ luật Hình sự quy định về việc cấm huy động vốn.
2. Cụ thể, Điều 81 nêu rõ rằng cấm huy động vốn được áp dụng khi xét thấy nếu để pháp nhân thương mại bị kết án huy động vốn thì có nguy cơ tiếp tục phạm tội. 

**Phân tích & Hướng dẫn:**
Theo Điều 81 của Bộ luật Hình sự, việc cấm huy động vốn không chỉ áp dụng cho các pháp nhân thương mại mà còn dựa trên nguyên tắc ngăn chặn tái phạm tội. Trong trường hợp công ty của bạn đã quyết định giải thể, việc huy động vốn mới từ nhà đầu tư khác không phải là hành vi vi phạm vì nó không nằm trong phạm vi cấm huy động vốn do Bộ luật Hình sự quy định.

Tuy nhiên, cần lưu ý rằng công ty của bạn đã quyết định giải thể, và theo Điều 211 của Luật Doanh nghiệp 2020, từ khi có quyết định giải thể, doanh nghiệp bị nghiêm cấm thực hiện nhiều hoạt động, trong đó có việc huy động vốn dưới mọi hình thức. Đây là quy định khác biệt và không tương thích với việc huy động vốn sau khi công ty đã quyết định giải thể.

Như vậy, mặc dù không có quy định cấm huy động vốn cụ thể sau khi công ty đã giải thể, việc huy động vốn mới sau khi công ty đã quyết định giải thể vẫn là hành vi vi phạm theo Điều 211 của Luật Doanh nghiệp 2020. Việc này có thể dẫn đến việc cá nhân hoặc pháp nhân có hành vi vi phạm phải chịu trách nhiệm hình sự hoặc bị xử phạt vi phạm hành chính, tùy thuộc vào mức độ nghiêm trọng của hành vi vi phạm.

Để đảm bảo tuân thủ pháp luật, công ty nên cân nhắc kỹ lưỡng trước khi quyết định huy động vốn mới sau khi đã quyết định giải thể. Nếu cần thiết, nên tham khảo ý kiến của luật sư để có phương án hợp pháp và an toàn nhất."
syn_841_1768633756,"Tôi có một di chúc viết tay nhưng không có người làm chứng, liệu di chúc này có hợp pháp không?",Điều 624 - Bộ luật Dân sự 2015,False,0.3333333333333333,0.3472868217054264,"**CĂN CỨ PHÁP LUẬT THAM KHẢO:**
--- [Tài liệu 1] ---
Văn bản: Bộ luật Dân sự 2015
Nội dung: Điều 633. Di chúc bằng văn bản không có người làm chứng

**CÂU HỎI:**
Tôi có một di chúc viết tay nhưng không có người làm chứng, liệu di chúc này có hợp pháp không?

**PHÂN TÍCH VÀ HƯỚNG DẪN:**

Theo Điều 633 của Bộ Luật Dân sự 2015, di chúc bằng văn bản không có người làm chứng sẽ không được coi là hợp pháp. Điều này được quy định cụ thể như sau:

- **Điều 633 (Bộ Luật Dân sự 2015):** ""Di chúc bằng văn bản không có người làm chứng Người lập di chúc phải tự viết và ký vào bản di chúc. Việc lập di chúc bằng văn bản không có người làm chứng phải tuân theo quy định tại Điều 631 của Bộ luật này.""

Trong trường hợp của bạn, di chúc viết tay không có người làm chứng sẽ không tuân thủ quy định của Điều 633. Do đó, di chúc này không được coi là hợp pháp theo quy định của pháp luật Việt Nam.

**HƯỚNG DẪN:**

- Nếu muốn di chúc của bạn được coi là hợp pháp, cần bổ sung thêm một hoặc nhiều người làm chứng trong quá trình lập di chúc.
- Bạn nên liên hệ với những người thân thiết, đáng tin cậy để họ có thể chứng kiến và ký tên vào bản di chúc của bạn.
- Sau khi hoàn tất, hãy đảm bảo rằng họ ký tên hoặc điểm chỉ vào bản di chúc trước mặt bạn.

Như vậy, để di chúc của bạn trở nên hợp pháp, bạn cần tuân thủ quy định về việc có người làm chứng theo quy định của Bộ Luật Dân sự 2015."
syn_1326_1768640524_2,Tôi là chủ một công ty và nhân viên của tôi vừa bị kết án 3 năm tù nhưng được hưởng án treo. Tôi cần phải làm gì để đảm bảo rằng anh ấy thực hiện tốt nghĩa vụ trong thời gian thử thách? Công ty tôi có trách nhiệm gì trong việc giám sát anh ấy không?,Điều 65 - Bộ luật Hình sự (Văn bản hợp nhất 2017),True,1.0,0.44835501147666407,"**Căn cứ pháp lý:**
- Điều 65 và Điều 66 Bộ Luật Hình sự (Văn bản hợp nhất 2017)

**Nội dung quy định:**
- Điều 65: Án treo cho phép Tòa án quyết định thời gian thử thách và yêu cầu người được hưởng án treo thực hiện nghĩa vụ trong thời gian thử thách. Gia đình cũng có trách nhiệm phối hợp trong việc giám sát.
- Điều 66: Tha tù trước thời hạn có điều kiện áp dụng cho những người được giảm thời gian chấp hành án phạt tù. Người được tha tù trước thời hạn có nghĩa vụ thực hiện các nghĩa vụ trong thời gian thử thách, chịu hình phạt bổ sung và phải chấp hành hình phạt tù nếu vi phạm.

**Phân tích & Hướng dẫn:**
Theo quy định của pháp luật, người được hưởng án treo hoặc được tha tù trước thời hạn có nghĩa vụ thực hiện các nghĩa vụ như sau:

1. **Đối với người được hưởng án treo:** 
   - Tòa án sẽ giao người này cho cơ quan, tổ chức nơi người đó làm việc hoặc chính quyền địa phương nơi người đó cư trú để giám sát, giáo dục. Gia đình người đó cũng có trách nhiệm phối hợp trong việc giám sát, giáo dục.
   - Người được hưởng án treo phải chấp hành các nghĩa vụ theo quy định của Luật Thi hành án hình sự, bao gồm việc khấu trừ một phần thu nhập để sung quỹ nhà nước, thực hiện công việc lao động phục vụ cộng đồng nếu có.

2. **Đối với người được tha tù trước thời hạn có điều kiện:**
   - Tòa án sẽ giao người này cho cơ quan, tổ chức nơi người đó làm việc hoặc chính quyền địa phương nơi người đó cư trú để giám sát, giáo dục.
   - Người được tha tù trước thời hạn có điều kiện cũng phải chấp hành các nghĩa vụ theo quy định của Luật Thi hành án hình sự, bao gồm việc khấu trừ một phần thu nhập để sung quỹ nhà nước, thực hiện công việc lao động phục vụ cộng đồng nếu có.
   - Nếu người này vi phạm nghĩa vụ, có thể bị hủy bỏ quyết định tha tù trước thời hạn và buộc phải chấp hành phần hình phạt tù còn lại.

**Công ty bạn cần làm:**
- Phản hồi và chấp nhận người nhân viên"
syn_506_1768631582,"Gia đình tôi có một hợp đồng mua bán với một công ty, nhưng công ty chỉ thực hiện nghĩa vụ với một thành viên trong gia đình. Vậy công ty có thể từ chối thực hiện nghĩa vụ với những thành viên khác không?",Điều 289 - Bộ luật Dân sự 2015,False,1.0,0.37414299706170423,"**Căn cứ pháp lý:**
--- [Tài liệu 1] ---
Văn bản: Luật Doanh nghiệp 2020
Nội dung: Điều 86. Hợp đồng, giao dịch của công ty với những người có liên quan

**Nội dung quy định:**
Trừ trường hợp Điều lệ công ty có quy định khác, hợp đồng, giao dịch giữa công ty trách nhiệm hữu hạn một thành viên do tổ chức làm chủ sở hữu với những người sau đây phải được Hội đồng thành viên hoặc Chủ tịch công ty, Giám đốc hoặc Tổng giám đốc và Kiểm soát viên chấp thuận: a) Chủ sở hữu công ty và người có liên quan của chủ sở hữu công ty; b) Thành viên Hội đồng thành viên, Chủ tịch công ty, Giám đốc hoặc Tổng giám đốc và Kiểm soát viên; c) Người có liên quan của người quy định tại điểm b khoản này; d) Người quản lý của chủ sở hữu công ty, người có thẩm quyền bổ nhiệm người quản lý đó; đ) Người có liên quan của những người quy định tại điểm d khoản này.

**Phân tích & Hướng dẫn:**
Theo Điều 86 của Luật Doanh nghiệp 2020, khi công ty trách nhiệm hữu hạn một thành viên do tổ chức làm chủ sở hữu ký kết hợp đồng, giao dịch với những người có liên quan, công ty phải thông qua sự chấp thuận của Hội đồng thành viên hoặc Chủ tịch công ty, Giám đốc hoặc Tổng giám đốc và Kiểm soát viên. Điều này bao gồm cả chủ sở hữu công ty và người có liên quan của chủ sở hữu công ty, cũng như thành viên Hội đồng thành viên, Chủ tịch công ty, Giám đốc hoặc Tổng giám đốc và Kiểm soát viên.

Trong trường hợp bạn đang đề cập, công ty chỉ thực hiện nghĩa vụ với một thành viên trong gia đình, điều này không tuân thủ quy định trên. Theo quy định, hợp đồng cần được chấp thuận bởi các thành viên Hội đồng thành viên, Chủ tịch công ty, Giám đốc hoặc Tổng giám đốc và Kiểm soát viên, chứ không chỉ đơn giản là với một thành viên cụ thể.

Do vậy, công ty không thể từ chối thực hiện nghĩa vụ với những thành viên khác trong gia đình trừ khi họ đã được chấp thuận theo quy định của pháp luật. Nếu công ty không thực hiện nghĩa vụ với những thành viên khác,"
syn_1309_1768640373_0,"Tôi có một chiếc xe máy bị mất trộm cách đây 6 tháng, và giờ tôi đã tìm được người đã lấy chiếc xe của tôi. Liệu tôi có quyền yêu cầu người đó phải trả lại xe cho tôi không?",Điều 48 - Bộ luật Hình sự (Văn bản hợp nhất 2017),False,0.6666666666666666,0.3318284424379232,"**Căn cứ pháp lý:**
--- [Tài liệu 1] ---
Văn bản: Bộ luật Dân sự 2015
Nội dung: Điều 447. Quyền yêu cầu bảo hành

**Căn cứ pháp lý:**
--- [Tài liệu 2] ---
Văn bản: Bộ luật Dân sự 2015
Nội dung: Điều 64. Yêu cầu thông báo tìm kiếm người vắng mặt tại nơi cư trú và quản lý tài sản của người đó

**Căn cứ pháp lý:**
--- [Tài liệu 3] ---
Văn bản: Bộ luật Dân sự 2015
Nội dung: Điều 582. Quyền yêu cầu người thứ ba hoàn trả

**Phân tích & Hướng dẫn:**

Theo quy định tại Điều 447 của Bộ Luật Dân sự 2015, trong thời hạn bảo hành, nếu bên mua phát hiện được khuyết tật của vật mua bán thì có quyền yêu cầu bên bán sửa chữa không phải trả tiền, giảm giá, đổi vật có khuyết tật lấy vật khác hoặc trả lại vật và lấy lại tiền. Tuy nhiên, đây là quy định liên quan đến việc mua bán và bảo hành sản phẩm, không áp dụng trực tiếp cho trường hợp mất trộm.

Tuy nhiên, theo Điều 64 của Bộ Luật Dân sự 2015, khi một người biệt tích (trong trường hợp này là người đã lấy đi chiếc xe của bạn) 6 tháng liền trở lên, những người có quyền, lợi ích liên quan có quyền yêu cầu Tòa án thông báo tìm kiếm người vắng mặt tại nơi cư trú và quản lý tài sản của người đó. Đây là cơ sở pháp lý để bạn yêu cầu người đó thông báo tìm kiếm.

Mặt khác, theo Điều 582 của Bộ Luật Dân sự 2015, nếu người chiếm hữu hoặc sử dụng tài sản không có căn cứ pháp luật đã giao tài sản cho người thứ ba thì khi bị chủ sở hữu, chủ thể có quyền khác yêu cầu hoàn trả, người thứ ba có nghĩa vụ hoàn trả tài sản đó. Trong trường hợp này, người đã lấy đi chiếc xe của bạn là người thứ ba, và bạn là chủ sở hữu, nên họ có nghĩa vụ hoàn trả tài sản đó.

Tuy"
syn_974_1768634646,"Tôi và vợ tôi đang ly thân, nhưng chúng tôi có một con gái 5 tuổi. Vậy quyền và nghĩa vụ của chúng tôi với con gái sẽ được bảo vệ như thế nào trong trường hợp này?",Điều 68 - Luật Hôn nhân và Gia đình 2014,False,1.0,0.3940520446096654,"**Căn cứ pháp lý:**
---
**[Tài liệu 1]** - [Luật Hôn nhân và Gia đình 2014]
---

**Nội dung quy định:**
---
**Điều 81. Việc trông nom, chăm sóc, nuôi dưỡng, giáo dục con sau khi ly hôn**
1. Sau khi ly hôn, cha mẹ vẫn có quyền, nghĩa vụ trông nom, chăm sóc, nuôi dưỡng, giáo dục con chưa thành niên, con đã thành niên mất năng lực hành vi dân sự hoặc không có khả năng lao động và không có tài sản để tự nuôi mình theo quy định của Luật này, Bộ luật dân sự và các luật khác có liên quan.
2. Vợ, chồng thỏa thuận về người trực tiếp nuôi con, nghĩa vụ, quyền của mỗi bên sau khi ly hôn đối với con; trường hợp không thỏa thuận được thì Tòa án quyết định giao con cho một bên trực tiếp nuôi căn cứ vào quyền lợi về mọi mặt của con; nếu con từ đủ 07 tuổi trở lên thì phải xem xét nguyện vọng của con.
3. Con dưới 36 tháng tuổi được giao cho mẹ trực tiếp nuôi, trừ trường hợp người mẹ không đủ điều kiện để trực tiếp trông nom, chăm sóc, nuôi dưỡng, giáo dục con hoặc cha mẹ có thỏa thuận khác phù hợp với lợi ích của con.
---

**Phân tích & Hướng dẫn:**
---
Trong trường hợp của bạn và vợ, sau khi ly thân, bạn và cô ấy đã có một thỏa thuận về việc trông nom, chăm sóc, nuôi dưỡng và giáo dục con gái 5 tuổi của cả hai. Theo Điều 81 của Luật Hôn nhân và Gia đình 2014, nếu vợ chồng đã thỏa thuận về người trực tiếp nuôi con, thì việc này sẽ được áp dụng. 

Đối với con gái 5 tuổi của bạn, theo quy định tại điểm 2, Điều 81 của Luật này, nếu không thỏa thuận được, Tòa án sẽ quyết định về việc nuôi dưỡng con căn cứ vào quyền lợi về mọi mặt của con. Đặc biệt, nếu con gái đã đủ 7 tuổi, thì Tòa án còn xem xét nguyện vọng của con.

Tuy nhiên, vì con gái bạn chỉ mới 5 tuổi nên theo điểm 3, Điều 81 của Luật này, con gái dưới 36 tháng tuổi sẽ được giao cho mẹ trực tiếp"
syn_805_1768633519,"Tôi đã bị mất tài sản do một vụ cháy nhà hàng xóm gây ra, nhưng phải 4 năm sau tôi mới biết rằng tôi có thể yêu cầu bồi thường, liệu tôi có thể khởi kiện không?",Điều 588 - Bộ luật Dân sự 2015,True,0.3333333333333333,0.4166666666666667,"**CĂN CỨ PHÁP LUẬT THAM KHẢO:**
---
[Tài liệu 1] -- Bộ luật Dân sự 2015 -- Điều 588. Thời hiệu khởi kiện yêu cầu bồi thường thiệt hại

[Tài liệu 2] -- Bộ luật Dân sự 2015 -- Điều 429. Thời hiệu khởi kiện về hợp đồng

[Tài liệu 3] -- Bộ luật Dân sự 2015 -- Điều 601. Bồi thường thiệt hại do nguồn nguy hiểm cao độ gây ra

---

**CÂU HỎI:**
Tôi đã bị mất tài sản do một vụ cháy nhà hàng xóm gây ra, nhưng phải 4 năm sau tôi mới biết rằng tôi có thể yêu cầu bồi thường, liệu tôi có thể khởi kiện không?

**PHÂN TÍCH VÀ HƯỚNG DẪN:**

Theo Điều 588 của Bộ Luật Dân sự 2015, thời hiệu khởi kiện yêu cầu bồi thường thiệt hại là 03 năm, kể từ ngày người có quyền yêu cầu biết hoặc phải biết quyền, lợi ích hợp pháp của mình bị xâm phạm. Trong trường hợp của bạn, vụ cháy nhà hàng xóm gây thiệt hại cho tài sản của bạn, và bạn chỉ phát hiện ra quyền yêu cầu bồi thường sau 4 năm kể từ lúc vụ cháy xảy ra. 

Điều này nghĩa là, mặc dù thời hạn 3 năm đã qua, nhưng do bạn chưa biết được quyền yêu cầu bồi thường, thời hiệu khởi kiện vẫn còn kéo dài. Theo Điều 588, thời hiệu khởi kiện bắt đầu tính từ lúc bạn ""bắt đầu biết hoặc phải biết"" quyền của mình bị xâm phạm. 

Tuy nhiên, theo Điều 601 (mục 2) của Bộ Luật Dân sự 2015, chủ sở hữu nguồn nguy hiểm cao độ phải bồi thường thiệt hại do nguồn nguy hiểm cao độ gây ra, kể cả khi không có lỗi. Do đó, dù thời hạn khởi kiện đã qua, bạn vẫn có quyền yêu cầu bồi thường cho thiệt hại mà bạn đã chịu đựng.

Vì vậy, mặc dù thời hạn khởi kiện đã hết, bạn vẫn có quyền khởi kiện lên Tòa án để yêu cầu bồi thường thiệt hại do vụ cháy nhà hàng xóm gây"
syn_1247_1768639961_0,"Tôi là một công nhân trong một nhà máy điện tử và gần đây chúng tôi đã quyết định đình công để yêu cầu tăng lương. Tuy nhiên, một số lãnh đạo của công ty đã đe dọa sẽ sa thải chúng tôi nếu tiếp tục đình công. Tôi muốn biết liệu họ có quyền làm như vậy không?",Điều 208 - Bộ luật Lao động 2019,False,1.0,0.3819784524975514,"**Căn cứ pháp lý:**
--- [Tài liệu 1] ---
Văn bản: Bộ luật Lao động 2019
Nội dung: Điều 203. Quyền của các bên trước và trong quá trình đình công 1. Tiếp tục thỏa thuận để giải quyết nội dung tranh chấp lao động tập thể hoặc cùng đề nghị hòa giải viên lao động, Hội đồng trọng tài lao động tiến hành hòa giải, giải quyết tranh chấp lao động. 2. Tổ chức đại diện người lao động có quyền tổ chức và lãnh đạo đình công theo quy định tại Điều 198 của Bộ luật này có quyền sau đây: a) Rút quyết định đình công nếu chưa đình công hoặc chấm dứt đình công nếu đang đình công; b) Yêu cầu Tòa án tuyên bố cuộc đình công là hợp pháp. 3. Người sử dụng lao động có quyền sau đây: a) Chấp nhận toàn bộ hoặc một phần yêu cầu và thông báo bằng văn bản cho tổ chức đại diện người lao động đang tổ chức và lãnh đạo đình công; b) Đóng cửa tạm thời nơi làm việc trong thời gian đình công do không đủ điều kiện để duy trì hoạt động bình thường hoặc để bảo vệ tài sản; c) Yêu cầu Tòa án tuyên bố cuộc đình công là bất hợp pháp.

---

**Nội dung quy định:**
Điều 203 quy định về quyền của các bên trước và trong quá trình đình công. Theo đó, người sử dụng lao động có quyền đóng cửa tạm thời nơi làm việc trong thời gian đình công nếu không đủ điều kiện để duy trì hoạt động bình thường hoặc để bảo vệ tài sản. Tuy nhiên, quyền này không cho phép người sử dụng lao động sa thải người lao động.

---

**Phân tích & Hướng dẫn:**
Theo quy định của Bộ Luật Lao động 2019, người sử dụng lao động có quyền đóng cửa tạm thời nơi làm việc trong thời gian đình công nếu không đủ điều kiện để duy trì hoạt động bình thường hoặc để bảo vệ tài sản. Tuy nhiên, quy định này không cho phép người sử dụng lao động sa thải người lao động trong quá trình đình công.

Trong trường hợp của bạn, lãnh đạo công ty đã đe dọa sẽ sa thải công nhân nếu tiếp tục đình công. Đây"
syn_883_1768634029,"Tôi là một doanh nghiệp xuất khẩu hàng hóa, và tôi muốn biết liệu tôi có thể áp dụng tập quán quốc tế trong hợp đồng xuất khẩu của mình không?",Điều 666 - Bộ luật Dân sự 2015,True,1.0,0.5019305019305019,"**Căn cứ pháp lý:**
Điều 666. Áp dụng tập quán quốc tế - Bộ Luật Dân sự 2015

**Nội dung quy định:**
Theo Điều 666 của Bộ Luật Dân sự 2015, các bên được lựa chọn áp dụng tập quán quốc tế trong trường hợp quy định tại khoản 2 Điều 664 của Bộ luật này. Tuy nhiên, nếu hậu quả của việc áp dụng tập quán quốc tế đó trái với các nguyên tắc cơ bản của pháp luật Việt Nam, thì pháp luật Việt Nam sẽ được áp dụng thay thế.

**Phân tích & Hướng dẫn:**
Trong trường hợp của bạn, doanh nghiệp xuất khẩu hàng hóa, việc áp dụng tập quán quốc tế trong hợp đồng xuất khẩu có thể được xem xét. Theo Điều 666 của Bộ Luật Dân sự 2015, bạn có quyền lựa chọn áp dụng tập quán quốc tế nếu hợp đồng xuất khẩu của bạn không có thỏa thuận khác về vấn đề này và pháp luật cũng không quy định khác.

Tuy nhiên, cần lưu ý rằng bất kỳ tập quán quốc tế nào mà bạn lựa chọn phải tuân theo các nguyên tắc cơ bản của pháp luật Việt Nam. Nếu tập quán quốc tế đó trái với các nguyên tắc như bảo vệ quyền và lợi ích hợp pháp của cá nhân, pháp nhân, đảm bảo tính minh bạch và công bằng trong quan hệ dân sự, hoặc tuân thủ các quy định về quyền sở hữu trí tuệ, an ninh quốc gia, quyền riêng tư và bảo mật thông tin cá nhân, thì pháp luật Việt Nam vẫn sẽ được áp dụng thay thế.

Do đó, trước khi lựa chọn áp dụng tập quán quốc tế, bạn nên cân nhắc kỹ các yếu tố trên và nếu cần thiết, có thể tìm đến sự tư vấn của chuyên gia pháp lý để đảm bảo rằng các quy định của tập quán quốc tế không gây ra bất đồng nào với pháp luật Việt Nam."
syn_516_1768631644,"Tôi đã vay tiền ngân hàng và tài sản của tôi là một bất động sản. Nếu đến hạn mà tôi không thể trả nợ, ngân hàng có quyền xử lý tài sản bảo đảm không?",Điều 299 - Bộ luật Dân sự 2015,False,1.0,0.332579185520362,"**Căn cứ pháp lý:**
- Văn bản: Bộ luật Dân sự 2015
- Nội dung: Điều 466 (1), Điều 469, Điều 470

**Nội dung quy định:**
- Điều 466: Về nghĩa vụ trả nợ của bên vay, nếu bên vay không thể trả vật mà phải trả bằng tiền, thì bên cho vay có quyền yêu cầu trả tiền với trị giá vật đã vay.
- Điều 469: Đối với hợp đồng vay không kỳ hạn và không có lãi, bên cho vay có quyền đòi lại tài sản bất cứ lúc nào, nhưng phải báo trước cho bên vay một thời gian hợp lý.
- Điều 470: Đối với hợp đồng vay có kỳ hạn và không có lãi, bên vay có quyền trả lại tài sản bất cứ lúc nào, nhưng phải báo trước cho bên cho vay một thời gian hợp lý.

**Phân tích & Hướng dẫn:**
Theo quy định tại Điều 466 của Bộ Luật Dân sự 2015, nếu bạn không thể trả vật tài sản mà cần trả bằng tiền, ngân hàng có quyền yêu cầu bạn trả tiền với trị giá của tài sản đã vay. Điều này đồng nghĩa với việc ngân hàng có quyền yêu cầu bạn trả lại bất động sản nếu bạn không thể thực hiện nghĩa vụ trả nợ bằng vật tài sản.

Đối với trường hợp vay không kỳ hạn và không có lãi, theo Điều 469, ngân hàng có quyền đòi lại tài sản bất cứ lúc nào, miễn là báo trước cho bạn một thời gian hợp lý. Tuy nhiên, trong trường hợp này, ngân hàng vẫn cần tuân thủ quy định về báo trước và thông báo cho bạn về quyết định của họ.

Về trường hợp vay có kỳ hạn, theo Điều 470, bên vay có quyền trả lại tài sản trước kỳ hạn, nhưng phải trả toàn bộ lãi theo kỳ hạn. Nếu không có thỏa thuận khác, ngân hàng chỉ được đòi lại tài sản trước kỳ hạn nếu bạn đồng ý.

Tóm lại, dựa trên các quy định trên, ngân hàng có quyền yêu cầu bạn trả lại bất động sản nếu bạn không thể trả nợ bằng vật tài sản, nhưng cần tuân thủ quy định về việc báo trước và thông báo cho bạn về quyết định của họ."
syn_953_1768634489,"Tôi và vợ tôi muốn xác lập chế độ tài sản theo thỏa thuận nhưng chúng tôi đã kết hôn được 2 năm, liệu chúng tôi có thể làm thỏa thuận này được không?",Điều 47 - Luật Hôn nhân và Gia đình 2014,True,1.0,0.5853658536585366,"**Căn cứ pháp lý:**
- [Tài liệu 1] - Điều 47 của Luật Hôn nhân và Gia đình 2014

**Nội dung quy định:**
Trong trường hợp hai bên kết hôn lựa chọn chế độ tài sản theo thỏa thuận thì thỏa thuận này phải được lập trước khi kết hôn, bằng hình thức văn bản có công chứng hoặc chứng thực. Chế độ tài sản của vợ chồng theo thỏa thuận được xác lập kể từ ngày đăng ký kết hôn.

**Phân tích & Hướng dẫn:**
Theo điều 47 của Luật Hôn nhân và Gia đình 2014, thỏa thuận về chế độ tài sản giữa vợ chồng cần được lập trước khi kết hôn, tức là trước khi hai bên chính thức đăng ký kết hôn. Việc kết hôn đã diễn ra trong thời gian 2 năm nêu trong câu hỏi không tuân thủ quy định này. 

Vì vậy, nếu bạn và vợ bạn muốn xác lập chế độ tài sản theo thỏa thuận, cần phải thực hiện lại quá trình đăng ký kết hôn và thực hiện thỏa thuận này trước khi tiến hành đăng ký kết hôn. Sau đó, thỏa thuận này sẽ được coi là có hiệu lực kể từ ngày đăng ký kết hôn.

Để tránh hiểu lầm và đảm bảo tính pháp lý của thỏa thuận, bạn nên tham khảo ý kiến của một chuyên gia tư vấn pháp luật để có thể hoàn thiện mọi thủ tục theo đúng quy định của pháp luật."
syn_39_1768628030,Tôi muốn mở một chi nhánh cho công ty của mình tại Hà Nội và không biết liệu tên chi nhánh của tôi có thể sử dụng ký tự đặc biệt không?,Điều 40 - Luật Doanh nghiệp 2020,True,1.0,0.7306889352818372,"**Căn cứ pháp lý:**
- Luật Doanh nghiệp 2020 - Điều 40. Tên chi nhánh, văn phòng đại diện và địa điểm kinh doanh

**Nội dung quy định:**
1. Tên chi nhánh, văn phòng đại diện, địa điểm kinh doanh phải được viết bằng các chữ cái trong bảng chữ cái tiếng Việt, các chữ cái F, J, Z, W, chữ số và ký hiệu.
2. Tên chi nhánh, văn phòng đại diện, địa điểm kinh doanh phải bao gồm tên doanh nghiệp kèm theo cụm từ ""Chi nhánh"" đối với chi nhánh, cụm từ ""Văn phòng đại diện"" đối với văn phòng đại diện, cụm từ ""Địa điểm kinh doanh"" đối với địa điểm kinh doanh.
3. Tên chi nhánh, văn phòng đại diện, địa điểm kinh doanh phải được viết hoặc gắn tại trụ sở chi nhánh, văn phòng đại diện và địa điểm kinh doanh.
4. Tên chi nhánh, văn phòng đại diện được in hoặc viết với khổ chữ nhỏ hơn tên tiếng Việt của doanh nghiệp trên các giấy tờ giao dịch, hồ sơ tài liệu và ấn phẩm do chi nhánh, văn phòng đại diện phát hành.

**Phân tích & Hướng dẫn:**
Theo Điều 40 của Luật Doanh nghiệp 2020, tên chi nhánh, văn phòng đại diện, địa điểm kinh doanh phải được viết bằng các chữ cái trong bảng chữ cái tiếng Việt, các chữ cái F, J, Z, W, chữ số và ký hiệu. Điều này cấm sử dụng ký tự đặc biệt như W, Z, J, F, W, Z, J, v.v. trong tên của chi nhánh, văn phòng đại diện hoặc địa điểm kinh doanh.

Việc sử dụng ký tự đặc biệt trong tên chi nhánh, văn phòng đại diện hoặc địa điểm kinh doanh của bạn sẽ vi phạm quy định trên. Do đó, tên chi nhánh của bạn nên tuân thủ các quy tắc về chữ cái và ký hiệu được quy định trong Luật Doanh nghiệp 2020.

Nếu bạn muốn mở một chi nhánh tại Hà Nội và đảm bảo tuân thủ quy định pháp luật, tên chi nhánh của bạn cần phải tuân theo các quy định về viết tắt"
syn_646_1768632496,"Gia đình tôi đã ký hợp đồng thuê đất từ 4 năm trước, và giờ chủ đất không cho tôi sử dụng đất nữa. Tôi có thể yêu cầu Tòa án can thiệp không?",Điều 429 - Bộ luật Dân sự 2015,False,1.0,0.2982885085574572,"**Căn cứ pháp lý:**
Điều 229. Tội vi phạm các quy định về quản lý đất đai - Văn bản hợp nhất của Bộ Luật Hình sự 2017

**Nội dung quy định:**
Theo Điều 229, người phạm tội vi phạm các quy định về quản lý đất đai sẽ bị phạt cải tạo không giam giữ đến 03 năm hoặc phạt tù từ 06 tháng đến 03 năm. Trong trường hợp vi phạm quy định về quản lý đất đai liên quan đến việc cho thuê đất, nếu chủ đất không cho người thuê sử dụng đất trái với quy định, người thuê đất có thể yêu cầu cơ quan chức năng can thiệp.

**Phân tích & Hướng dẫn:**
Theo quy định tại Điều 229, nếu chủ đất không cho người thuê đất sử dụng đất trái với quy định, người thuê đất có thể yêu cầu cơ quan chức năng can thiệp. Tuy nhiên, cần lưu ý rằng trong trường hợp này, chủ đất có thể đưa ra những lý do hợp lý để từ chối cho thuê đất, ví dụ như việc cải tạo, phục hồi môi trường hoặc tuân thủ các quy định khác của pháp luật về quản lý đất đai.

Để đảm bảo quyền lợi của mình, bạn nên tiến hành các bước sau:

1. **Hợp thức hóa quyền sử dụng đất:** Kiểm tra lại hợp đồng thuê đất đã ký và xác nhận thông tin về diện tích, vị trí và thời hạn thuê đất. Nếu hợp đồng chưa được chứng thực hoặc đăng ký, bạn cần thực hiện các thủ tục này.

2. **Liên hệ với chủ đất:** Nói chuyện với chủ đất về vấn đề không cho thuê đất. Xem xét giải pháp hòa giải để tránh tranh chấp pháp lý.

3. **Nhận biết các quyền và nghĩa vụ:** Tham khảo các quy định về quyền sử dụng đất trong Luật Đất đai 2013 và Luật Hôn nhân và Gia đình 2014. Điều 62 của Luật Hôn nhân và Gia đình quy định về việc chia quyền sử dụng đất khi ly hôn, có thể giúp bạn hiểu rõ hơn về quyền lợi của mình.

4. **Kiểm tra các quy định về quản lý đất đai:** Theo dõi các quy định mới nhất về quản lý đất đai và đảm bảo rằng bạn đang tuân"
syn_130_1768628716,Tôi muốn đầu tư vào một công ty cổ phần và muốn biết liệu tôi có thể sử dụng quyền sử dụng đất của mình để mua cổ phần không?,Điều 131 - Luật Doanh nghiệp 2020,True,1.0,0.4519350811485643,"**Căn cứ pháp lý:** 
- Điều 131 - Luật Doanh nghiệp 2020

**Nội dung quy định:**
Điều 131 của Luật Doanh nghiệp 2020 quy định rõ rằng ""Mua cổ phần, trái phiếu của công ty cổ phần có thể được mua bằng Đồng Việt Nam, ngoại tệ tự do chuyển đổi, vàng, quyền sử dụng đất, quyền sở hữu trí tuệ, công nghệ, bí quyết kỹ thuật, tài sản khác quy định tại Điều lệ công ty và phải được thanh toán đủ một lần.""

**Phân tích & Hướng dẫn:**
Theo quy định trên, bạn có thể sử dụng quyền sử dụng đất của mình để mua cổ phần của một công ty cổ phần. Tuy nhiên, cần lưu ý một số điểm sau:

1. **Quyền Sử Dụng Đất:** Bạn cần đảm bảo rằng quyền sử dụng đất của mình tuân thủ các quy định của pháp luật về đất đai và không vi phạm bất kỳ ràng buộc pháp lý nào khác (như các nghĩa vụ tài chính với cơ quan nhà nước có thẩm quyền).

2. **Thanh Toán:** Theo Điều 131, việc mua cổ phần phải được thanh toán đủ một lần. Do đó, bạn cần đảm bảo rằng quyền sử dụng đất của mình có thể được chuyển đổi thành tiền mặt hoặc các tài sản có thể chấp nhận được theo quy định của Điều lệ công ty mà bạn muốn đầu tư.

3. **Thủ Tục:** Trước khi thực hiện giao dịch, bạn nên tìm hiểu kỹ về quy trình chuyển quyền sử dụng đất thành tiền mặt hoặc tài sản khác, cũng như quy định cụ thể về việc chuyển quyền sử dụng đất thành cổ phần trong Điều lệ công ty.

4. **Quyền Sở Hữu:** Cần xác minh rằng quyền sử dụng đất của bạn không bị hạn chế hoặc giữ lại bởi các nghĩa vụ pháp lý khác và có thể được chuyển nhượng mà không gặp rào cản.

Như vậy, dựa trên quy định pháp luật, bạn hoàn toàn có thể sử dụng quyền sử dụng đất của mình để mua cổ phần, nhưng cần thực hiện các bước cần thiết để đảm bảo giao dịch tuân thủ đầy đủ quy định pháp luật và không gặp rắc rối về sau."
syn_1647_1768643277_1,"Trong một cuộc chiến, tôi đã lôi kéo một số đồng đội cùng cản trở việc thi hành nhiệm vụ của một sĩ quan cấp cao. Nếu bị phát hiện, tôi có thể phải chịu hình phạt nào?",Điều 396 - Bộ luật Hình sự (Văn bản hợp nhất 2017),True,0.6666666666666666,0.4549266247379455,"**CĂN CỨ PHÁP LUẬT THAM KHẢO:**
---
- [Tài liệu 1] - Bộ luật Hình sự (Văn bản hợp nhất 2017), Điều 396.
- [Tài liệu 2] - Bộ luật Hình sự (Văn bản hợp nhất 2017), Điều 394.
- [Tài liệu 3] - Bộ luật Hình sự (Văn bản hợp nhất 2017), Điều 333.

**Nội dung quy định:**

1. **Bộ luật Hình sự (Văn bản hợp nhất 2017), Điều 396:** Điều này quy định về tội cản trở đồng đội thực hiện nhiệm vụ. Theo Điều 396, người phạm tội sẽ bị phạt cải tạo không giam giữ đến 03 năm hoặc phạt tù từ 03 tháng đến 03 năm nếu cản trở đồng đội thực hiện nhiệm vụ dẫn đến người đó không thực hiện được hoặc thực hiện không đầy đủ nhiệm vụ được giao. 

2. **Bộ luật Hình sự (Văn bản hợp nhất 2017), Điều 394:** Điều này quy định về tội chống mệnh lệnh. Nếu phạm tội thuộc một trong các trường hợp như cản trở đồng đội thực hiện nhiệm vụ (như trong tình huống này), người phạm tội sẽ bị phạt tù từ 06 tháng đến 05 năm. 

3. **Bộ luật Hình sự (Văn bản hợp nhất 2017), Điều 333:** Điều này quy định về tội không chấp hành lệnh gọi quân nhân dự bị nhập ngũ. Tuy nhiên, điều này không trực tiếp liên quan đến trường hợp của bạn vì nó liên quan đến việc không chấp hành lệnh gọi nhập ngũ, không phải là việc cản trở hoặc chống lại việc thực hiện nhiệm vụ của đồng đội.

**Phân tích & Hướng dẫn:**

Trong trường hợp của bạn, việc lôi kéo đồng đội cản trở việc thực hiện nhiệm vụ của một sĩ quan cấp cao trong một cuộc chiến, nếu bị phát hiện, bạn có thể bị xử lý theo các điểm 2 và 3 của Điều 394. Điều này nghĩa là bạn có thể phải chịu hình phạt từ 03 năm đến 10 năm tù, tùy thuộc vào mức độ nghiêm trọng của hành vi"
syn_831_1768633692,"Mẹ tôi mất cách đây một tháng và bây giờ tôi mới biết mình là người thừa kế, vậy tôi có quyền gì và nghĩa vụ gì ngay bây giờ?",Điều 614 - Bộ luật Dân sự 2015,True,0.0,0.31309041835357626,"**CĂN CỨ PHÁP LUẬT THAM KHẢO:**
---
--- [Tài liệu 1] ---
Văn bản: Bộ luật Dân sự 2015
Nội dung: Điều 662. Phân chia di sản trong trường hợp có người thừa kế mới hoặc có người thừa kế bị bác bỏ quyền thừa kế 1. Trường hợp đã phân chia di sản mà xuất hiện người thừa kế mới thì không thực hiện việc phân chia lại di sản bằng hiện vật, nhưng những người thừa kế đã nhận di sản phải thanh toán cho người thừa kế mới một khoản tiền tương ứng với phần di sản của người đó tại thời điểm chia thừa kế theo tỷ lệ tương ứng với phần di sản đã nhận, trừ trường hợp có thỏa thuận khác. 2. Trường hợp đã phân chia di sản mà có người thừa kế bị bác bỏ quyền thừa kế thì người đó phải trả lại di sản hoặc thanh toán một khoản tiền tương đương với giá trị di sản được hưởng tại thời điểm chia thừa kế cho những người thừa kế, trừ trường hợp có thỏa thuận khác. Phần thứ năm PHÁP LUẬT ÁP DỤNG ĐỐI VỚI QUAN HỆ DÂN SỰ CÓ YẾU TỐ NƯỚC NGOÀI Chương XXV QUY ĐỊNH CHUNG

--- [Tài liệu 2] ---
Văn bản: Bộ luật Dân sự 2015
Nội dung: Điều 614. Thời điểm phát sinh quyền và nghĩa vụ của người thừa kế Kể từ thời điểm mở thừa kế, những người thừa kế có các quyền, nghĩa vụ tài sản do người chết để lại.

--- [Tài liệu 3] ---
Văn bản: Bộ luật Lao động 2019
Nội dung: Điều 137. Bảo vệ thai sản 1. Người sử dụng lao động không được sử dụng người lao động làm việc ban đêm, làm thêm giờ và đi công tác xa trong trường hợp sau đây: a) Mang thai từ tháng thứ 07 hoặc từ tháng thứ 06 nếu làm việc ở vùng cao, vùng sâu, vùng xa, biên giới, hải đảo; b) Đang nuôi con dưới 12 tháng tuổi, trừ trường hợp được người lao động đồng ý. 2. Lao động nữ làm nghề, công việc nặng nh"
syn_124_1768628669,Tôi có một công ty cổ phần không phải là công ty đại chúng và muốn chào bán cổ phần riêng lẻ cho 50 nhà đầu tư. Tôi có phải tuân thủ các điều kiện nào không?,Điều 125 - Luật Doanh nghiệp 2020,True,1.0,0.48857644991212656,"**Căn cứ pháp lý:** 
Điều 125 và Điều 128 - Luật Doanh nghiệp 2020

**Nội dung quy định:**
Điều 125 của Luật Doanh nghiệp 2020 quy định về chào bán cổ phần riêng lẻ của công ty cổ phần không phải là công ty đại chúng. Theo điều này, chào bán cổ phần riêng lẻ không được thông qua phương tiện thông tin đại chúng và chỉ được chào bán cho dưới 100 nhà đầu tư, trừ trường hợp chào bán cho nhà đầu tư chứng khoán chuyên nghiệp. 

Điều 128 của cùng văn bản luật quy định về chào bán trái phiếu riêng lẻ của công ty cổ phần không phải là công ty đại chúng. Điều này yêu cầu chào bán trái phiếu riêng lẻ không thông qua phương tiện thông tin đại chúng cho dưới 100 nhà đầu tư, không kể nhà đầu tư chứng khoán chuyên nghiệp. Tuy nhiên, chào bán trái phiếu riêng lẻ của công ty đại chúng và các tổ chức khác được thực hiện theo quy định của pháp luật về chứng khoán.

**Phân tích & Hướng dẫn:**
Theo Điều 125 của Luật Doanh nghiệp 2020, nếu bạn là một công ty cổ phần không phải là công ty đại chúng và muốn chào bán cổ phần riêng lẻ cho 50 nhà đầu tư, bạn cần tuân thủ các điều kiện sau:

1. **Không chào bán thông qua phương tiện thông tin đại chúng**: Điều này đã được tuân thủ bởi bạn chỉ chào bán cho 50 nhà đầu tư, không sử dụng phương tiện truyền thông đại chúng.

2. **Chào bán cho dưới 100 nhà đầu tư**: Bạn chỉ chào bán cho 50 nhà đầu tư, vì vậy điều này cũng tuân thủ quy định.

Tuy nhiên, bạn cần lưu ý rằng nếu công ty của bạn chào bán cổ phiếu cho nhiều hơn 50 nhà đầu tư, bạn sẽ phải tuân thủ các quy định khác về chào bán cổ phiếu riêng lẻ, như việc thông báo đến cổ đông và đảm bảo rằng số cổ phần được chào bán không vượt quá số cổ phần mà cổ đông có thể mua theo quy định.

**Bên cạnh đó, bạn cũng cần đảm bảo tuân thủ các quy định về chào bán trái phiếu riêng lẻ, nếu bạn đang cân nhắc chào bán"
syn_1099_1768639085_1,"Công ty tôi có một nhân viên đang làm việc trong bộ phận kỹ thuật, nhưng tôi có kế hoạch chuyển anh ấy sang bộ phận bán hàng. Tôi cần phải làm gì để đảm bảo anh ấy được đào tạo trước khi chuyển sang vị trí mới?",Điều 60 - Bộ luật Lao động 2019,True,1.0,0.5377258235919236,"**Căn cứ pháp lý:**
- [Tài liệu 1] - Điều 60 của Bộ Luật Lao động 2019

**Nội dung quy định:**
1. Người sử dụng lao động xây dựng kế hoạch hằng năm và dành kinh phí cho việc đào tạo, bồi dưỡng, nâng cao trình độ, kỹ năng nghề, phát triển kỹ năng nghề cho người lao động đang làm việc cho mình; đào tạo cho người lao động trước khi chuyển làm nghề khác cho mình.
2. Hằng năm, người sử dụng lao động thông báo kết quả đào tạo, bồi dưỡng, nâng cao trình độ, kỹ năng nghề cho cơ quan chuyên môn về lao động thuộc Ủy ban nhân dân cấp tỉnh.

**Phân tích & Hướng dẫn:**
Theo quy định tại Điều 60 của Bộ Luật Lao động 2019, công ty bạn cần phải thực hiện các bước sau để đảm bảo nhân viên đang làm việc trong bộ phận kỹ thuật được đào tạo trước khi chuyển sang bộ phận bán hàng:

1. **Xây dựng Kế Hoạch Đào Tạo:** Công ty bạn cần xây dựng một kế hoạch đào tạo cụ thể cho nhân viên này. Kế hoạch này cần bao gồm các nội dung đào tạo cần thiết cho vị trí mới, ví dụ như kiến thức về sản phẩm bán hàng, kỹ năng bán hàng, cách làm việc hiệu quả trong môi trường mới, v.v.

2. **Dành Kinh Phí Cho Đào Tạo:** Theo quy định, người sử dụng lao động cần dành kinh phí cho việc đào tạo. Công ty bạn nên phân bổ ngân sách đào tạo phù hợp cho nhân viên này, bao gồm cả chi phí đào tạo trực tiếp và chi phí liên quan đến việc thay đổi môi trường làm việc.

3. **Đào Tạo Trước Chuyển Vị Trí:** Công ty bạn cần tổ chức đào tạo cho nhân viên này trước khi chuyển sang bộ phận mới. Đào tạo này có thể được tổ chức thông qua các buổi học trực tuyến, các buổi tập huấn trực tiếp hoặc thậm chí là việc đưa nhân viên này đi học thêm tại các trung tâm đào tạo chuyên ngành.

4. **Thông Báo Kết Quả Đào Tạo:** Sau khi hoàn thành quá trình đào tạo, công ty bạn cần thông báo kết quả đào tạo cho cơ quan chuyên môn về lao động thuộc Ủy"
syn_231_1768629540,"Công ty tôi bị đối tác vi phạm hợp đồng, nhưng tôi không biết phải làm gì để yêu cầu bồi thường. Tôi có thể khởi kiện hay không?",Điều 14 - Bộ luật Dân sự 2015,False,0.6666666666666666,0.36034115138592754,"**CĂN CỨ PHÁP LUẬT THAM KHẢO:**
---
- **[Tài liệu 1]** - Luật Doanh nghiệp 2020, Điều 166
- **[Tài liệu 2]** - Bộ luật Dân sự 2015, Điều 429
- **[Tài liệu 3]** - Bộ luật Dân sự 2015, Điều 588

---

**Nội dung quy định:**

Theo Điều 166 của Luật Doanh nghiệp 2020, cổ đông, nhóm cổ đông sở hữu ít nhất 01% tổng số cổ phần phổ thông có quyền khởi kiện trách nhiệm cá nhân, trách nhiệm liên đới đối với các thành viên Hội đồng quản trị, Giám đốc hoặc Tổng giám đốc để yêu cầu hoàn trả lợi ích hoặc bồi thường thiệt hại cho công ty hoặc người khác. Điều này áp dụng cho các trường hợp vi phạm trách nhiệm theo quy định tại Điều 165 của Luật này, không thực hiện, thực hiện không đầy đủ, kịp thời hoặc trái với quy định của pháp luật hoặc Điều lệ công ty, nghị quyết, quyết định của Hội đồng quản trị đối với quyền và nghĩa vụ được giao, lạm dụng địa vị, chức vụ và sử dụng thông tin, bí quyết, cơ hội kinh doanh, tài sản khác của công ty để tư lợi hoặc phục vụ lợi ích của tổ chức, cá nhân khác.

Theo Điều 429 của Bộ luật Dân sự 2015, thời hiệu khởi kiện để yêu cầu Tòa án giải quyết tranh chấp hợp đồng là 03 năm, kể từ ngày người có quyền yêu cầu biết hoặc phải biết quyền và lợi ích hợp pháp của mình bị xâm phạm. Đối với hợp đồng mua bán tài sản, thời hiệu khởi kiện là 03 năm.

Theo Điều 588 của Bộ luật Dân sự 2015, thời hiệu khởi kiện yêu cầu bồi thường thiệt hại là 03 năm, kể từ ngày người có quyền yêu cầu biết hoặc phải biết quyền, lợi ích hợp pháp của mình bị xâm phạm. 

---

**Phân tích & Hướng dẫn:**

Trong trường hợp của bạn, nếu công ty đã xác định rõ đối tác đã vi phạm hợp đồng và bạn nắm chắc thông tin về hành vi vi phạm đó, bạn có quyền khởi"
syn_83_1768628360,Tôi muốn biết lương của Kiểm soát viên có phải chi trả từ quỹ của công ty hay có thể do cá nhân tôi chi trả không?,Điều 84 - Luật Doanh nghiệp 2020,True,1.0,0.6044538706256627,"**Căn cứ pháp lý:**
---
**Văn bản:** Luật Doanh nghiệp 2020
**Nội dung:** Điều 84. Tiền lương, thù lao, thưởng và lợi ích khác của người quản lý công ty và Kiểm soát viên

**Nội dung quy định:**
1. Người quản lý công ty và Kiểm soát viên được hưởng tiền lương, thù lao, thưởng và lợi ích khác theo kết quả và hiệu quả kinh doanh của công ty.
2. Chủ sở hữu công ty quyết định mức tiền lương, thù lao, thưởng và lợi ích khác của thành viên Hội đồng thành viên, Chủ tịch công ty và Kiểm soát viên.
3. Tiền lương, thù lao, thưởng và lợi ích khác của Kiểm soát viên có thể do chủ sở hữu công ty chi trả trực tiếp theo quy định tại Điều lệ công ty.

**Phân tích & Hướng dẫn:**
Theo Điều 84 của Luật Doanh nghiệp 2020, chủ sở hữu công ty (có thể là bạn) có quyền quyết định mức tiền lương, thù lao, thưởng và lợi ích khác của thành viên Hội đồng thành viên, Chủ tịch công ty và Kiểm soát viên. Điều này bao gồm khả năng chi trả trực tiếp từ nguồn tài chính cá nhân của bạn.

Tuy nhiên, cần lưu ý rằng, nếu có quy định cụ thể trong Điều lệ công ty về việc chi trả tiền lương, thù lao, thưởng và lợi ích khác của Kiểm soát viên, thì quy định trong Điều lệ công ty sẽ có ưu tiên. Nếu Điều lệ công ty không có quy định khác, chủ sở hữu công ty vẫn có quyền quyết định và chi trả trực tiếp như quy định tại Điều 84 của Luật Doanh nghiệp 2020.

Đồng thời, việc chi trả từ quỹ công ty cũng là một lựa chọn hợp lý, tuân thủ quy định về tài chính và kế toán của công ty. Bạn nên tham khảo Điều lệ công ty để xác định rõ ràng hơn về quy định cụ thể liên quan đến việc chi trả tiền lương, thù lao, thưởng và lợi ích khác cho Kiểm soát viên."
syn_76_1768628308,"Công ty tôi có một số tài sản cá nhân của tôi, liệu tôi có thể sử dụng tài sản đó cho các hoạt động của công ty không?",Điều 77 - Luật Doanh nghiệp 2020,False,1.0,0.3528161530286928,"**Căn cứ pháp lý:** 
- Điều 17, Luật Doanh nghiệp 2020 - Văn bản: Luật Doanh nghiệp 2020

**Nội dung quy định:**
Điều 17 của Luật Doanh nghiệp 2020 quy định rõ các trường hợp tổ chức, cá nhân không được thành lập và quản lý doanh nghiệp tại Việt Nam. Điều này cũng bao gồm những người đang bị cấm hành nghề, làm công việc nhất định hoặc bị cấm kinh doanh, hoạt động trong một số lĩnh vực nhất định do Tòa án cấm.

**Phân tích & Hướng dẫn:**
Theo quy định tại Điều 17 của Luật Doanh nghiệp 2020, nếu bạn đang bị cấm hành nghề, làm công việc nhất định hoặc bị cấm kinh doanh, hoạt động trong một số lĩnh vực nhất định do Tòa án cấm, thì bạn không được hành nghề, làm công việc đã bị cấm tại công ty đó hoặc công ty tạm ngừng, chấm dứt kinh doanh ngành, nghề có liên quan theo quyết định của Tòa án. 

Do đó, nếu bạn đang gặp tình huống như vậy, bạn không thể sử dụng tài sản cá nhân của mình cho các hoạt động của công ty. Nếu bạn muốn tiếp tục quản lý tài sản cá nhân đó, bạn cần xem xét việc tìm kiếm một phương án khác phù hợp với quy định pháp luật, hoặc liên hệ với cơ quan có thẩm quyền để giải quyết vấn đề pháp lý liên quan đến lệnh cấm hành nghề, làm công việc nhất định hoặc cấm kinh doanh, hoạt động trong một số lĩnh vực nhất định."
syn_406_1768630877,Gia đình tôi đang sở hữu một căn nhà và muốn cho con tôi sử dụng căn nhà này trong khi tôi sống ở nơi khác. Tôi cần phải làm gì để đảm bảo quyền sử dụng căn nhà cho con?,Điều 189 - Bộ luật Dân sự 2015,False,1.0,0.32686980609418287,"**Căn cứ pháp lý:**
--- [Tài liệu 1] ---
Văn bản: Luật Hôn nhân và Gia đình 2014
Nội dung: Điều 31. Giao dịch liên quan đến nhà là nơi ở duy nhất của vợ chồng

**Nội dung quy định:**
Việc xác lập, thực hiện, chấm dứt các giao dịch liên quan đến nhà là nơi ở duy nhất của vợ chồng phải có sự thỏa thuận của vợ chồng. Trong trường hợp nhà ở thuộc sở hữu riêng của vợ hoặc chồng thì chủ sở hữu có quyền xác lập, thực hiện, chấm dứt giao dịch liên quan đến tài sản đó nhưng phải bảo đảm chỗ ở cho vợ chồng.

**Phân tích & Hướng dẫn:**
Theo điều khoản trên, để đảm bảo quyền sử dụng căn nhà cho con bạn trong trường hợp bạn sống ở nơi khác, bạn cần phải có sự đồng ý của vợ bạn. Điều này đảm bảo rằng quyền của vợ chồng được tôn trọng và đảm bảo chỗ ở cho cả hai. 

Ngoài ra, nếu căn nhà đó thuộc sở hữu riêng của một trong hai vợ chồng, người sở hữu có quyền xác lập, thực hiện giao dịch liên quan đến tài sản đó, nhưng cần đảm bảo chỗ ở cho vợ chồng. 

Để tránh bất kỳ tranh chấp nào về việc sử dụng căn nhà, bạn nên thông báo rõ ràng với vợ bạn về ý định cho con bạn sử dụng căn nhà đó. Nếu có bất kỳ vấn đề nào liên quan đến việc lưu trú, bạn cũng nên tìm kiếm sự đồng ý từ vợ bạn.

Nếu vợ bạn đồng ý, bạn và con bạn có thể ký một thỏa thuận ghi rõ các điều khoản về việc sử dụng căn nhà đó, bao gồm thời gian sử dụng, trách nhiệm của cả hai bên, và các điều khoản khác. Điều này sẽ giúp giảm thiểu rủi ro về mặt pháp lý và tăng cường sự minh bạch trong mối quan hệ giữa bạn và con bạn."
syn_773_1768633287,"Tôi đã gửi một chiếc xe máy cho bạn tôi giữ, nhưng giờ tôi muốn lấy lại xe thì tôi cần làm gì?",Điều 556 - Bộ luật Dân sự 2015,True,1.0,0.49264705882352944,"**Căn cứ pháp lý:**
--- [Tài liệu 1] ---
Văn bản: Bộ luật Dân sự 2015
Nội dung: Điều 556. Quyền của bên gửi tài sản 1. Yêu cầu lấy lại tài sản bất cứ lúc nào, nếu hợp đồng gửi giữ không xác định thời hạn, nhưng phải báo trước cho bên giữ một thời gian hợp lý. 2. Yêu cầu bồi thường thiệt hại, nếu bên giữ làm mất, hư hỏng tài sản gửi giữ, trừ trường hợp bất khả kháng.

**Nội dung quy định:**
1. Yêu cầu lấy lại tài sản bất cứ lúc nào, nếu hợp đồng gửi giữ không xác định thời hạn, nhưng phải báo trước cho bên giữ một thời gian hợp lý.
2. Yêu cầu bồi thường thiệt hại, nếu bên giữ làm mất, hư hỏng tài sản gửi giữ, trừ trường hợp bất khả kháng.

**Phân tích & Hướng dẫn:**
Theo Điều 556 của Bộ Luật Dân sự 2015, bạn có quyền yêu cầu lấy lại tài sản bất cứ lúc nào nếu hợp đồng gửi giữ không xác định thời hạn. Tuy nhiên, bạn cũng cần báo trước cho người giữ một thời gian hợp lý.

Trong trường hợp này, bạn đã gửi chiếc xe máy cho bạn của mình giữ. Bạn có thể yêu cầu bạn ấy lấy lại xe ngay lập tức, miễn là bạn báo trước một thời gian hợp lý. Nếu bạn không báo trước, bạn vẫn có quyền yêu cầu lấy lại xe nhưng sẽ cần tuân theo quy định về thời gian báo trước.

Ngoài ra, nếu trong quá trình giữ xe xảy ra mất mát hoặc hư hỏng, bạn cũng có quyền yêu cầu bồi thường thiệt hại, trừ trường hợp đó là do nguyên nhân bất khả kháng.

Vì vậy, bạn nên:
1. Báo trước cho bạn của mình về ý định lấy lại xe.
2. Nếu xe bị mất mát hoặc hư hỏng, yêu cầu bồi thường thiệt hại theo quy định.

Hy vọng những thông tin trên sẽ giúp bạn giải quyết vấn đề một cách hiệu quả."
syn_347_1768630477,"Tôi ký hợp đồng mua bán tài sản nhưng một điều khoản trong hợp đồng đó bị vô hiệu, tôi có thể yêu cầu thực hiện hợp đồng không?",Điều 130 - Bộ luật Dân sự 2015,False,1.0,0.32,"**Căn cứ pháp lý:**
---
- **Tài liệu 1**: [Bộ luật Dân sự 2015], Điều 408 (thường xuyên được trích dẫn)

**Nội dung quy định:**
---
1. Trường hợp ngay từ khi giao kết, hợp đồng có đối tượng không thể thực hiện được thì hợp đồng này bị vô hiệu.
2. Trường hợp khi giao kết hợp đồng mà một bên biết hoặc phải biết về việc hợp đồng có đối tượng không thể thực hiện được nhưng không thông báo cho bên kia biết nên bên kia đã giao kết hợp đồng thì phải bồi thường thiệt hại cho bên kia, trừ trường hợp bên kia biết hoặc phải biết về việc hợp đồng có đối tượng không thể thực hiện được.
3. Quy định tại khoản 1 và khoản 2 Điều này cũng được áp dụng đối với trường hợp hợp đồng có một hoặc nhiều phần đối tượng không thể thực hiện được nhưng phần còn lại của hợp đồng vẫn có hiệu lực. Tiểu mục 2. THỰC HIỆN HỢP ĐỒNG

**Phân tích & Hướng dẫn:**
---
Trong trường hợp bạn ký hợp đồng mua bán tài sản nhưng một điều khoản trong hợp đồng bị vô hiệu, theo Điều 408 của Bộ Luật Dân sự 2015, quy định về hợp đồng vô hiệu do có đối tượng không thể thực hiện được, chúng ta có thể phân tích như sau:

1. **Hợp đồng có phần đối tượng không thể thực hiện**: Nếu hợp đồng của bạn có một hoặc nhiều phần đối tượng không thể thực hiện được, nhưng phần còn lại của hợp đồng vẫn có hiệu lực, theo Điều 408, khoản 3, quy định này cũng áp dụng.

2. **Hợp đồng không bị vô hiệu toàn bộ**: Như vậy, hợp đồng mua bán tài sản không bị vô hiệu toàn bộ, chỉ một phần của nó bị vô hiệu. Phần còn lại của hợp đồng vẫn giữ hiệu lực và có thể được thực hiện.

3. **Đối với phần hợp đồng còn hiệu lực**: Đối với phần hợp đồng còn hiệu lực, bạn có quyền yêu cầu thực hiện hợp đồng. Tuy nhiên, cần lưu ý rằng, phần hợp đồng bị vô hiệu sẽ không được thực hiện. 

4. **Quyền bồi thường thiệt hại**: Nếu một bên biết hoặc phải biết về việc hợp đồng có"
syn_907_1768634181,"Gia đình tôi có xảy ra mâu thuẫn thường xuyên, và tôi muốn biết trách nhiệm của tôi đối với việc xây dựng mối quan hệ gia đình tốt đẹp hơn theo quy định của luật là gì?",Điều 1 - Luật Hôn nhân và Gia đình 2014,True,1.0,0.33103448275862063,"**Căn cứ pháp lý:** 
Điều 103, Luật Hôn nhân và Gia đình 2014 - Văn bản: Luật Hôn nhân và Gia đình 2014

**Nội dung quy định:**
1. Các thành viên gia đình có quyền, nghĩa vụ quan tâm, chăm sóc, giúp đỡ, tôn trọng nhau.
2. Quyền, lợi ích hợp pháp về nhân thân và tài sản của các thành viên gia đình quy định tại Luật này, Bộ luật dân sự và các luật khác có liên quan được pháp luật bảo vệ.
3. Trong trường hợp sống chung, các thành viên gia đình có nghĩa vụ tham gia công việc gia đình, lao động tạo thu nhập; đóng góp công sức, tiền hoặc tài sản khác để duy trì đời sống chung của gia đình phù hợp với khả năng thực tế của mình.

**Phân tích & Hướng dẫn:**
Theo quy định của Luật Hôn nhân và Gia đình 2014, bạn có trách nhiệm xây dựng mối quan hệ gia đình tốt đẹp hơn thông qua việc quan tâm, chăm sóc và giúp đỡ các thành viên khác trong gia đình. Bạn cần đảm bảo rằng mọi thành viên đều được tôn trọng và được hỗ trợ trong quá trình xây dựng và duy trì gia đình ấm no, tiến bộ và hạnh phúc.

Trong trường hợp sống chung, bạn cũng cần tham gia vào việc tạo thu nhập và duy trì cuộc sống chung của gia đình, bằng cách đóng góp công sức, tiền hoặc tài sản khác phù hợp với khả năng của mình. Việc này không chỉ giúp gia đình ổn định kinh tế mà còn thể hiện sự cam kết và trách nhiệm của bạn đối với gia đình.

Ngoài ra, Luật cũng nhấn mạnh vai trò của mỗi cá nhân trong việc xây dựng gia đình văn hóa, duy trì và phát huy truyền thống tốt đẹp của gia đình Việt Nam. Điều này đòi hỏi bạn phải có trách nhiệm trong việc giáo dục, tuyên truyền, phổ biến pháp luật về hôn nhân và gia đình, đồng thời góp phần vào việc giữ gìn và phát huy truyền thống văn hóa tốt đẹp của gia đình Việt Nam.

Để giảm thiểu mâu thuẫn và xây dựng mối quan hệ gia đình tốt đẹp hơn, bạn nên tìm hiểu kỹ về các quyền và nghĩa vụ của mình theo quy định pháp luật, đồng thời chủ động trong việc giải quyết m"
syn_1512_1768642045_0,"Tôi đang lái xe và không may xảy ra tai nạn, làm chết một người. Tôi muốn biết mức phạt mà tôi có thể phải đối mặt?",Điều 260 - Bộ luật Hình sự (Văn bản hợp nhất 2017),False,0.6666666666666666,0.5229885057471265,"**Căn cứ pháp lý:**
Điều 264. Tội giao cho người không đủ điều kiện điều khiển phương tiện tham gia giao thông đường bộ - Bộ luật Hình sự (Văn bản hợp nhất 2017)

**Nội dung quy định:**
1. Người nào giao cho người mà biết rõ người đó không có giấy phép lái xe hoặc đang trong tình trạng có sử dụng rượu, bia mà trong máu hoặc hơi thở có nồng độ cồn vượt quá mức quy định, có sử dụng chất ma túy, chất kích thích mạnh khác hoặc không đủ các điều kiện khác theo quy định của pháp luật điều khiển phương tiện tham gia giao thông đường bộ gây thiệt hại cho người khác thuộc một trong các trường hợp sau đây, thì bị phạt tiền từ 10.000.000 đồng đến 50.000.000 đồng hoặc phạt cải tạo không giam giữ đến 03 năm: a) Làm chết người; b) Gây thương tích hoặc gây tổn hại cho sức khỏe của 01 người mà tỷ lệ tổn thương cơ thể 61% trở lên; c) Gây thương tích hoặc gây tổn hại cho sức khỏe của 02 người trở lên mà tổng tỷ lệ tổn thương cơ thể của những người này từ 61% đến 121%; d) Gây thiệt hại về tài sản từ 100.000.000 đồng đến dưới 500.000.000 đồng.
2. Phạm tội thuộc một trong các trường hợp sau đây, thì bị phạt tiền từ 50.000.000 đồng đến 200.000.000 đồng hoặc phạt tù từ 06 tháng đến 03 năm: a) Làm chết 02 người; b) Gây thương tích hoặc gây tổn hại cho sức khỏe của 02 người trở lên mà tổng tỷ lệ tổn thương cơ thể của những người này từ 122% đến 200%; c) Gây thiệt hại về tài sản từ 500.000.000 đồng đến dưới 1.500.000.000 đồng.
3. Phạm tội thuộc một trong các trường hợp sau đây, thì bị phạt tù từ 02 năm đến"
syn_637_1768632447,"Tôi đã ký hợp đồng xây dựng nhà nhưng do chi phí nguyên vật liệu tăng vọt, tôi không thể tiếp tục thực hiện hợp đồng theo giá đã thỏa thuận. Tôi có thể yêu cầu tòa án can thiệp không?",Điều 420 - Bộ luật Dân sự 2015,True,0.3333333333333333,0.4049382716049383,"**CĂN CỨ PHÁP LUẬT THAM KHẢO:**
---
**Tài liệu 1:** Bộ luật Dân sự 2015 - Điều 420
**Tài liệu 2:** Bộ luật Dân sự 2015 - Điều 419
**Tài liệu 3:** Bộ luật Dân sự 2015 - Điều 547

---

**CÂU HỎI:**
Tôi đã ký hợp đồng xây dựng nhà nhưng do chi phí nguyên vật liệu tăng vọt, tôi không thể tiếp tục thực hiện hợp đồng theo giá đã thỏa thuận. Tôi có thể yêu cầu tòa án can thiệp không?

---

**CĂN CỨ PHÁP LUẬT THAM KHẢO:**
---
**Tài liệu 1:** Bộ luật Dân sự 2015 - Điều 420
**Tài liệu 2:** Bộ luật Dân sự 2015 - Điều 419
**Tài liệu 3:** Bộ luật Dân sự 2015 - Điều 547

---

**PHÂN TÍCH VÀ HƯỚNG DẪN:**

Theo Điều 420 của Bộ Luật Dân sự 2015, một trong những trường hợp hoàn cảnh thay đổi cơ bản được quy định là ""sự thay đổi hoàn cảnh do nguyên nhân khách quan xảy ra sau khi giao kết hợp đồng"". Trong trường hợp của bạn, việc tăng vọt chi phí nguyên vật liệu là một nguyên nhân khách quan và xảy ra sau khi giao kết hợp đồng, do đó có thể coi là một trường hợp hoàn cảnh thay đổi cơ bản.

Điều 420 quy định rằng nếu một bên có lợi ích bị ảnh hưởng đã áp dụng mọi biện pháp cần thiết trong khả năng cho phép, phù hợp với tính chất của hợp đồng mà không thể ngăn chặn, giảm thiểu mức độ ảnh hưởng đến lợi ích, thì bên đó có quyền yêu cầu bên kia đàm phán lại hợp đồng trong một thời hạn hợp lý.

Tuy nhiên, để yêu cầu Tòa án can thiệp, bạn cần chứng minh rằng bạn đã áp dụng mọi biện pháp cần thiết trong khả năng cho phép, nhưng vẫn không thể ngăn chặn hoặc giảm thiểu mức độ ảnh hưởng đến lợi ích của mình. Nếu bạn có"
syn_664_1768632595,"Gia đình tôi đã mua một bộ ghế sofa nhưng sau 1 năm, ghế bị hỏng nặng. Tôi có thể trả lại bộ ghế và lấy lại tiền không?",Điều 447 - Bộ luật Dân sự 2015,False,0.6666666666666666,0.3345029239766082,"**CĂN CỨ PHÁP LUẬT THAM KHẢO:**
---
[Văn bản] Bộ luật Dân sự 2015

**Nội dung quy định:**
1. Theo Điều 448 của Bộ Luật Dân sự 2015, bên bán phải sửa chữa vật và bảo đảm vật có đủ các tiêu chuẩn chất lượng hoặc có đủ các đặc tính đã cam kết. Nếu bên bán không thể sửa chữa được hoặc không thể hoàn thành việc sửa chữa trong thời hạn đó, bên mua có quyền yêu cầu giảm giá, đổi vật có khuyết tật lấy vật khác hoặc trả lại vật và lấy lại tiền.
2. Theo Điều 332 của Bộ Luật Dân sự 2015, nếu bên mua không hoàn thành nghĩa vụ thanh toán cho bên bán theo thỏa thuận, bên bán có quyền đòi lại tài sản. Bên bán hoàn trả cho bên mua số tiền bên mua đã thanh toán sau khi trừ giá trị hao mòn tài sản do sử dụng. Trường hợp bên mua làm mất, hư hỏng tài sản, bên bán có quyền yêu cầu bồi thường thiệt hại.

**Phân tích & Hướng dẫn:**
Theo câu hỏi của bạn, sau 1 năm sử dụng, bộ ghế sofa của gia đình bạn đã bị hỏng nặng. Theo quy định tại Điều 448 của Bộ Luật Dân sự 2015, nếu bên bán không thể sửa chữa được hoặc không thể hoàn thành việc sửa chữa trong thời hạn do các bên thỏa thuận hoặc trong một thời gian hợp lý, bên mua có quyền yêu cầu giảm giá, đổi vật có khuyết tật lấy vật khác hoặc trả lại vật và lấy lại tiền.

Đồng thời, Điều 332 của Bộ Luật Dân sự 2015 cũng cho phép bên bán có quyền đòi lại tài sản nếu bên mua không hoàn thành nghĩa vụ thanh toán theo thỏa thuận, đồng thời bên bán có quyền yêu cầu bồi thường thiệt hại nếu tài sản bị mất hoặc hư hỏng do lỗi của bên mua.

Từ những quy định này, bạn có quyền yêu cầu bên bán sửa chữa, nếu không khả thi, bạn có thể yêu cầu giảm giá, đổi vật khác hoặc hoàn trả tiền. Tuy nhiên, cần lưu ý rằng bên mua vẫn có trách nhiệm bồi thường cho bất kỳ thiệt hại nào mà họ gây ra cho tài sản đó.

Ch"
syn_1622_1768643036_0,"Tôi là giám đốc một công ty xây dựng và trong quá trình thi công, tôi phát hiện một quyết định của cơ quan nhà nước yêu cầu ngừng hoạt động của chúng tôi là trái pháp luật. Tôi đã thông báo nhưng họ vẫn không thay đổi quyết định và công ty tôi chịu thiệt hại khoảng 150 triệu đồng. Tôi nên làm gì để bảo vệ quyền lợi của công ty tôi?",Điều 371 - Bộ luật Hình sự (Văn bản hợp nhất 2017),False,0.0,0.3112244897959183,"**CĂN CỨ PHÁP LUẬT THAM KHẢO:**
---
[Văn bản 1] - [Bộ luật Dân sự 2015]
Nội dung: Điều 177. Bảo đảm an toàn trong trường hợp cây cối, công trình có nguy cơ gây thiệt hại

[Văn bản 2] - [Bộ luật Hình sự (Văn bản hợp nhất 2017)]
Nội dung: Điều 226. Tội xâm phạm quyền sở hữu công nghiệp

[Văn bản 3] - [Luật Doanh nghiệp 2020]
Nội dung: Điều 107. Trách nhiệm của Kiểm soát viên

---

**CĂN CỨ PHÁP LUẬT THAM KHẢO:**
---
[Văn bản 1] - [Bộ luật Dân sự 2015]
Nội dung: Điều 177. Bảo đảm an toàn trong trường hợp cây cối, công trình có nguy cơ gây thiệt hại

[Văn bản 2] - [Bộ luật Hình sự (Văn bản hợp nhất 2017)]
Nội dung: Điều 226. Tội xâm phạm quyền sở hữu công nghiệp

[Văn bản 3] - [Luật Doanh nghiệp 2020]
Nội dung: Điều 107. Trách nhiệm của Kiểm soát viên

---

**CĂN CỨ PHÁP LUẬT THAM KHẢO:**
---
[Văn bản 1] - [Bộ luật Dân sự 2015]
Nội dung: Điều 177. Bảo đảm an toàn trong trường hợp cây cối, công trình có nguy cơ gây thiệt hại

[Văn bản 2] - [Bộ luật Hình sự (Văn bản hợp nhất 2017)]
Nội dung: Điều 226. Tội xâm phạm quyền sở hữu công nghiệp

[Văn bản 3] - [Luật Doanh nghiệp 2020]
Nội dung: Điều 107. Trách nhiệm của Kiểm soát viên

---

**CĂN CỨ PHÁP LUẬT THAM KHẢO:**
---
[Văn bản 1] - [Bộ luật Dân sự 2015]
Nội dung:"
syn_697_1768632799,Tôi thuê một căn hộ để ở nhưng lại sử dụng làm văn phòng cho công ty. Bên cho thuê có quyền chấm dứt hợp đồng không?,Điều 480 - Bộ luật Dân sự 2015,True,0.6666666666666666,0.47761194029850745,"**CĂN CỨ PHÁP LUẬT THAM KHẢO:**

- **Tài liệu 1:** Bộ luật Dân sự 2015, Điều 478
- **Tài liệu 2:** Bộ luật Dân sự 2015, Điều 480
- **Tài liệu 3:** Bộ luật Dân sự 2015, Điều 474

**Nội dung quy định:**

- **Điều 478:** ""Bên cho thuê phải bảo đảm quyền sử dụng tài sản ổn định cho bên thuê. Trường hợp có tranh chấp về quyền sở hữu đối với tài sản thuê mà bên thuê không được sử dụng tài sản ổn định thì bên thuê có quyền đơn phương chấm dứt thực hiện hợp đồng và yêu cầu bồi thường thiệt hại.""
- **Điều 480:** ""Bên thuê phải sử dụng tài sản thuê theo đúng công dụng của tài sản và đúng mục đích đã thỏa thuận. Trường hợp bên thuê sử dụng tài sản không đúng mục đích, không đúng công dụng thì bên cho thuê có quyền đơn phương chấm dứt thực hiện hợp đồng và yêu cầu bồi thường thiệt hại.""
- **Điều 474:** ""Thời hạn thuê do các bên thỏa thuận; nếu không có thỏa thuận thì được xác định theo mục đích thuê. Trường hợp các bên không thỏa thuận về thời hạn thuê và thời hạn thuê không thể xác định được theo mục đích thuê thì mỗi bên có quyền chấm dứt hợp đồng bất cứ lúc nào, nhưng phải thông báo cho bên kia trước một thời gian hợp lý.""

**Phân tích & Hướng dẫn:**

Theo quy định tại Điều 480 của Bộ Luật Dân sự 2015, bên thuê (trong trường hợp này là bạn) có nghĩa vụ sử dụng tài sản thuê (căn hộ) theo đúng công dụng của tài sản và đúng mục đích đã thỏa thuận. Trong trường hợp bạn sử dụng căn hộ để làm văn phòng cho công ty thay vì sử dụng như một nơi ở như đã thỏa thuận ban đầu, bạn đã vi phạm nghĩa vụ sử dụng tài sản thuê đúng công dụng và mục đích đã thỏa thuận.

Dựa vào đó, theo quy định tại Điều 480, bên cho thuê (bạn chủ căn hộ) có quyền đơn phương chấm dứt thực hiện"
syn_1477_1768641765_0,Tôi đã phát hành một cuốn sách vào năm 2021 và gần đây thấy có người sao chép nội dung cuốn sách của tôi để bán mà không xin phép. Tôi nên làm gì để bảo vệ quyền tác giả của mình?,Điều 225 - Bộ luật Hình sự (Văn bản hợp nhất 2017),True,0.3333333333333333,0.3934201507882111,"**CĂN CỨ PHÁP LUẬT THAM KHẢO:**

- **Tài liệu 1:** Bộ luật Hình sự (Văn bản hợp nhất 2017), Điều 225
- **Tài liệu 2:** Bộ luật Hình sự (Văn bản hợp nhất 2017), Điều 326

**Nội dung quy định:**

Theo Điều 225 của Bộ Luật Hình sự 2015, người nào không được phép của chủ thể quyền tác giả, quyền liên quan mà cố ý thực hiện hành vi sao chép tác phẩm, bản ghi âm, bản ghi hình, phân phối đến công chúng bản sao tác phẩm, bản sao bản ghi âm, bản sao bản ghi hình với quy mô thương mại hoặc thu lợi bất chính từ 50.000.000 đồng đến dưới 300.000.000 đồng hoặc gây thiệt hại cho chủ thể quyền tác giả, quyền liên quan từ 100.000.000 đồng đến dưới 500.000.000 đồng hoặc hàng hóa vi phạm trị giá từ 100.000.000 đồng đến dưới 500.000.000 đồng, thì bị phạt tiền từ 50.000.000 đồng đến 300.000.000 đồng hoặc phạt cải tạo không giam giữ đến 03 năm.

Đối với trường hợp sao chép dữ liệu số, theo Điều 326 của Bộ Luật Hình sự 2015, người nào làm ra, sao chép, lưu hành, vận chuyển, mua bán, tàng trữ nhằm phổ biến sách, báo, tranh, ảnh, phim, nhạc hoặc những vật phẩm khác có nội dung khiêu dâm, đồi trụy hoặc hành vi khác truyền bá vật phẩm đồi trụy, trong trường hợp phạm tội thuộc một trong các trường hợp cụ thể như số lượng ảnh từ 100 ảnh đến dưới 200 ảnh, sách in, báo in hoặc vật phẩm khác có số lượng từ 50 đơn vị đến dưới 100 đơn vị, hoặc phổ biến cho từ 10 người đến 20 người,"
syn_1281_1768640174_2,"Tôi là luật sư bào chữa cho một bị cáo. Trong quá trình bào chữa, tôi biết rõ rằng thân chủ của mình đã thực hiện các hành vi phạm tội nhưng lại không tố giác. Liệu tôi có bị truy cứu trách nhiệm hình sự không?",Điều 19 - Bộ luật Hình sự (Văn bản hợp nhất 2017),True,0.6666666666666666,0.45195729537366547,"**Căn cứ pháp lý:**
--- [Tài liệu 1] ---
Văn bản: Bộ luật Hình sự (Văn bản hợp nhất 2017)
Nội dung: Điều 19. Không tố giác tội phạm

**Căn cứ pháp lý:**
--- [Tài liệu 2] ---
Văn bản: Bộ luật Hình sự (Văn bản hợp nhất 2017)
Nội dung: Điều 390. Tội không tố giác tội phạm

**Phân tích & Hướng dẫn:**

Theo Điều 19 của Bộ Luật Hình sự 2015 (sửa đổi 2017), ai biết rõ một trong các tội phạm quy định tại khoản 2 hoặc khoản 3 Điều 14 của Bộ Luật này đang được chuẩn bị hoặc một trong các tội phạm quy định tại Điều 389 của Bộ Luật này đang được thực hiện hoặc đã được thực hiện mà không tố giác, nếu không thuộc trường hợp quy định tại khoản 2 và khoản 3 Điều 19 của Bộ Luật này, thì bị phạt cảnh cáo, phạt cải tạo không giam giữ đến 03 năm hoặc phạt tù từ 06 tháng đến 03 năm.

Theo Điều 390 của Bộ Luật Hình sự 2015 (sửa đổi 2017), người không tố giác tội phạm có thể bị phạt cảnh cáo, phạt cải tạo không giam giữ đến 03 năm hoặc phạt tù từ 06 tháng đến 03 năm, tùy theo mức độ nghiêm trọng của hành vi không tố giác.

Trong trường hợp này, luật sư của thân chủ đã biết rõ rằng thân chủ của mình đã thực hiện các hành vi phạm tội nhưng lại không tố giác. Do đó, theo quy định tại Điều 19 và Điều 390 của Bộ Luật Hình sự, luật sư cũng có thể bị truy cứu trách nhiệm hình sự nếu không tố giác tội phạm.

Tuy nhiên, cần phân biệt giữa việc không tố giác tội phạm và việc không tố giác các tội quy định tại Chương XIII của Bộ Luật Hình sự hoặc tội khác là tội phạm đặc biệt nghiêm trọng. Theo Điều 19 của Bộ Luật Hình sự, luật sư không phải chịu trách nhiệm hình sự nếu không tố giác các tội quy định tại Chương XIII của Bộ Luật Hình sự hoặc tội khác là tội phạm đặc biệt nghiêm trọng.

Nếu thân chủ của luật"
syn_1591_1768642747_0,"Tôi đã bị xử phạt vi phạm hành chính về việc sử dụng giấy tờ giả, nhưng gần đây tôi lại bị phát hiện sửa chữa thông tin trong hộ chiếu của mình. Tôi muốn biết mức phạt và hình phạt nào sẽ áp dụng cho tôi trong trường hợp này?",Điều 340 - Bộ luật Hình sự (Văn bản hợp nhất 2017),True,1.0,0.8007448789571696,"**Căn cứ pháp lý:**
Điều 340. Tội sửa chữa và sử dụng giấy chứng nhận, các tài liệu của cơ quan, tổ chức - Bộ luật Hình sự (Văn bản hợp nhất 2017)

**Nội dung quy định:**
1. Người nào sửa chữa, làm sai lệch nội dung hộ chiếu, thị thực, hộ khẩu, hộ tịch, các loại giấy chứng nhận hoặc tài liệu của cơ quan, tổ chức và sử dụng giấy tờ đó thực hiện tội phạm hoặc đã bị xử phạt vi phạm hành chính về hành vi này hoặc đã bị kết án về tội này, chưa được xóa án tích mà còn vi phạm, thì bị phạt cảnh cáo, phạt tiền từ 10.000.000 đồng đến 50.000.000 đồng, phạt cải tạo không giam giữ đến 03 năm hoặc phạt tù từ 06 tháng đến 03 năm.
2. Phạm tội thuộc một trong các trường hợp sau đây, thì bị phạt tù từ 02 năm đến 05 năm: a) Phạm tội 02 lần trở lên; b) Sử dụng giấy tờ, tài liệu đã bị sửa chữa hoặc làm sai lệch thực hiện tội phạm rất nghiêm trọng hoặc tội phạm đặc biệt nghiêm trọng.
3. Người phạm tội còn có thể bị phạt tiền từ 5.000.000 đồng đến 20.000.000 đồng, cấm đảm nhiệm chức vụ, cấm hành nghề hoặc làm công việc nhất định từ 01 năm đến 05 năm.

**Phân tích & Hướng dẫn:**
Theo Điều 340 của Bộ luật Hình sự, nếu bạn đã bị xử phạt vi phạm hành chính về việc sử dụng giấy tờ giả và nay lại bị phát hiện sửa chữa thông tin trong hộ chiếu của mình, thì bạn sẽ phải chịu trách nhiệm hình sự về hành vi này. 

Như vậy, theo quy định tại điểm 1 Điều 340, bạn sẽ bị phạt cảnh cáo, phạt tiền từ 10.000.000 đồng đến 50.000.000 đồng, phạt cải tạo không giam giữ đến 03 năm hoặc phạt tù từ 06 tháng đến 03 năm. 

Tuy nhiên, cần lưu ý rằng nếu bạn đã từng bị xử phạt vi phạm"
syn_1524_1768642149_2,Chồng tôi điều khiển phương tiện giao thông đường thủy trong tình trạng say rượu và gây ra tai nạn làm chết 3 người. Tôi lo lắng về hình phạt mà chồng tôi có thể phải đối mặt. Bạn có thể cho tôi biết không?,Điều 272 - Bộ luật Hình sự (Văn bản hợp nhất 2017),True,0.6666666666666666,0.6879895561357703,"**Căn cứ pháp lý:**
- Điều 272. Tội vi phạm quy định về điều khiển phương tiện giao thông đường thủy - Bộ luật Hình sự (Văn bản hợp nhất 2017)

**Nội dung quy định:**
1. Người nào điều khiển phương tiện giao thông đường thủy mà vi phạm quy định về an toàn giao thông đường thủy gây thiệt hại cho người khác thuộc một trong các trường hợp sau đây, thì bị phạt tiền từ 30.000.000 đồng đến 100.000.000 đồng, phạt cải tạo không giam giữ đến 03 năm hoặc phạt tù từ 01 năm đến 05 năm: a) Làm chết người; b) Gây thương tích hoặc gây tổn hại cho sức khỏe của 01 người mà tỷ lệ tổn thương cơ thể 61% trở lên; c) Gây thương tích hoặc gây tổn hại cho sức khỏe của 02 người trở lên mà tổng tỷ lệ tổn thương cơ thể của những người này từ 61% đến 121%; d) Gây thiệt hại về tài sản từ 100.000.000 đồng đến dưới 500.000.000 đồng.
2. Phạm tội thuộc một trong các trường hợp sau đây, thì bị phạt tù từ 03 năm đến 10 năm: a) Không có bằng, giấy chứng nhận khả năng chuyên môn hoặc chứng chỉ chuyên môn phù hợp với chức danh, loại phương tiện theo quy định; b) Trong tình trạng có sử dụng rượu, bia mà trong máu hoặc hơi thở có nồng độ cồn vượt quá mức quy định, có sử dụng chất ma túy hoặc chất kích thích mạnh khác; c) Bỏ chạy để trốn tránh trách nhiệm hoặc cố ý không cứu giúp người bị nạn; d) Không chấp hành hiệu lệnh của người chỉ huy hoặc người có thẩm quyền điều khiển, giữ gìn trật tự, an toàn giao thông đường thủy; đ) Làm chết 02 người; e) Gây thương tích hoặc gây tổn hại cho sức khỏe của 02 người trở lên mà tổng tỷ lệ tổn thương cơ thể của những người này từ 122% đến 200%; g) Gây thiệt hại về tài sản từ 500.00"
syn_1369_1768640918_0,Tôi có một người bạn thường xuyên chia sẻ thông tin từ các trang mạng xã hội mà tôi nghĩ là không chính thức và có thể gây hiểu lầm về chính quyền. Liệu tôi có bị trách nhiệm gì không nếu tôi biết điều đó nhưng không thể ngăn cản được anh ấy?,Điều 117 - Bộ luật Hình sự (Văn bản hợp nhất 2017),False,1.0,0.3693181818181818,"**Căn cứ pháp lý:**
Điều 288. Tội đưa hoặc sử dụng trái phép thông tin mạng máy tính, mạng viễn thông - Bộ luật Hình sự (Văn bản hợp nhất 2017)

**Nội dung quy định:**
Theo Điều 288 của Bộ luật Hình sự, hành vi đưa hoặc sử dụng trái phép thông tin mạng máy tính, mạng viễn thông nếu thu lợi bất chính từ 50.000.000 đồng đến dưới 200.000.000 đồng hoặc gây thiệt hại từ 100.000.000 đồng đến dưới 500.000.000 đồng hoặc gây dư luận xấu làm giảm uy tín của cơ quan, tổ chức, cá nhân sẽ bị phạt tiền từ 30.000.000 đồng đến 200.000.000 đồng, phạt cải tạo không giam giữ đến 03 năm hoặc bị phạt tù từ 06 tháng đến 03 năm.

**Phân tích & Hướng dẫn:**
Theo quy định trên, hành vi đưa hoặc sử dụng trái phép thông tin mạng máy tính, mạng viễn thông có thể dẫn đến trách nhiệm hình sự nếu gây hậu quả nghiêm trọng như gây thiệt hại tài sản, làm giảm uy tín của cơ quan, tổ chức, cá nhân, hoặc thu lợi bất chính đáng kể. 

Trong trường hợp của bạn, bạn chỉ là người chứng kiến và không trực tiếp thực hiện hành vi đưa hoặc sử dụng thông tin trái phép, mà chỉ là nhận biết được hành vi của người bạn. Tuy nhiên, nếu bạn biết rõ người bạn đang chia sẻ thông tin không chính xác từ các trang mạng xã hội mà bạn nghĩ có thể gây hiểu lầm về chính quyền, và hành vi này có thể ảnh hưởng tiêu cực đến uy tín của chính quyền, thì có thể bạn cần cân nhắc về trách nhiệm của mình trong việc ngăn chặn.

Một số hướng xử lý có thể bao gồm việc:
1. **Gửi thông báo cảnh báo:** Bạn có thể gửi một email hoặc tin nhắn tới người bạn để cảnh báo về hành vi của họ và khuyến nghị họ ngừng chia sẻ thông tin không chính xác.
2. **Tham gia phản biện công bằng:** Nếu bạn cảm thấy rằng thông tin mà người bạn chia sẻ không chính xác"
syn_163_1768628968,Công ty tôi muốn lưu giữ danh sách người có liên quan và lợi ích có liên quan ở đâu là hợp lý và có quyền truy cập như thế nào?,Điều 164 - Luật Doanh nghiệp 2020,True,1.0,0.42922899884925203,"**Căn cứ pháp lý:** 
- Điều 164 và Điều 167 của Luật Doanh nghiệp 2020

**Nội dung quy định:**
- Theo Điều 164 của Luật Doanh nghiệp 2020, công ty phải lưu giữ danh sách người có liên quan và lợi ích có liên quan tại trụ sở chính của doanh nghiệp. Trường hợp cần thiết, danh sách có thể được lưu giữ tại các chi nhánh của công ty.
- Theo Điều 167 của Luật Doanh nghiệp 2020, công ty phải tạo điều kiện cho cổ đông, đại diện theo ủy quyền của cổ đông, thành viên Hội đồng quản trị, Ban kiểm soát, Giám đốc hoặc Tổng giám đốc và người quản lý khác xem xét, trích lục và sao chép danh sách người có liên quan và lợi ích có liên quan một cách nhanh nhất, thuận lợi nhất. Không được ngăn cản, gây khó khăn đối với họ trong thực hiện quyền này.

**Phân tích & Hướng dẫn:**
Để đáp ứng yêu cầu về lưu giữ và truy cập danh sách người có liên quan và lợi ích có liên quan theo quy định của pháp luật, công ty nên lưu trữ danh sách này tại trụ sở chính của công ty. Trường hợp cần thiết, danh sách có thể được lưu giữ tại các chi nhánh của công ty. 

Công ty cũng cần tạo điều kiện thuận lợi cho cổ đông, đại diện theo ủy quyền của cổ đông, thành viên Hội đồng quản trị, Ban kiểm soát, Giám đốc hoặc Tổng giám đốc và người quản lý khác xem xét, trích lục và sao chép danh sách này. Cụ thể, công ty nên:
1. Thông báo danh sách người có liên quan và lợi ích có liên quan cho Đại hội đồng cổ đông tại cuộc họp thường niên.
2. Lưu giữ danh sách này tại trụ sở chính của công ty, hoặc tại các chi nhánh nếu cần thiết.
3. Cung cấp điều kiện thuận lợi cho cổ đông, đại diện theo ủy quyền của cổ đông, thành viên Hội đồng quản trị, Ban kiểm soát, Giám đốc hoặc Tổng giám đốc và người quản lý khác xem xét, trích lục và sao chép danh sách này một cách nhanh nhất, thuận lợi nhất.
4. Không được ngăn cản"
syn_601_1768632216,"Tôi là giám đốc của một công ty sắp phá sản, liệu tôi có thể từ chối thực hiện các hợp đồng đã ký với khách hàng không?",Điều 384 - Bộ luật Dân sự 2015,False,1.0,0.2967741935483871,"**Căn cứ pháp lý:**
- Điều 86, Điều 167 và Điều 67 của Luật Doanh nghiệp 2020

**Nội dung quy định:**
Theo Điều 86 của Luật Doanh nghiệp 2020, đối với công ty trách nhiệm hữu hạn một thành viên, hợp đồng và giao dịch giữa công ty với những người có liên quan cần được Hội đồng thành viên hoặc Chủ tịch công ty, Giám đốc hoặc Tổng giám đốc và Kiểm soát viên chấp thuận. Điều 167 quy định tương tự về việc chấp thuận hợp đồng và giao dịch giữa công ty với người có liên quan. Điều 67 cũng yêu cầu các hợp đồng và giao dịch giữa công ty với đối tượng có liên quan cần được Hội đồng thành viên chấp thuận.

**Phân tích & Hướng dẫn:**
Để trả lời câu hỏi của bạn, chúng ta cần phân tích từng quy định cụ thể trong các điều luật trên.

1. **Quyền từ chối thực hiện hợp đồng:**
   - Theo Điều 86 của Luật Doanh nghiệp 2020, hợp đồng và giao dịch giữa công ty trách nhiệm hữu hạn một thành viên với những người có liên quan (bao gồm cả chủ sở hữu công ty và người có liên quan của chủ sở hữu) phải được Hội đồng thành viên hoặc Chủ tịch công ty, Giám đốc hoặc Tổng giám đốc và Kiểm soát viên chấp thuận.
   - Điều 167 quy định tương tự về việc chấp thuận hợp đồng và giao dịch giữa công ty với người có liên quan.

2. **Khi nào hợp đồng và giao dịch bị vô hiệu?**
   - Theo Điều 86, hợp đồng và giao dịch bị vô hiệu nếu được ký kết không đúng với quy định tại các khoản 1, 2, 3 và 4 Điều này. Điều này bao gồm việc không được chấp thuận theo quy định của Điều 86.

3. **Việc từ chối thực hiện hợp đồng:**
   - Nếu hợp đồng và giao dịch đã được ký nhưng chưa được chấp thuận theo quy định (ví dụ, nếu không có sự đồng ý của Hội đồng thành viên hoặc Chủ tịch công ty), thì hợp đồng và giao dịch đó có thể bị vô hiệu theo quy định của Điều 86.
   - Trong trường hợp công ty đang gặp"
syn_1196_1768639637_0,"Tôi là một người nước ngoài bị khuyết tật và đang làm việc tại Việt Nam, nhưng giấy phép lao động của tôi sắp hết hạn. Tôi cần làm gì để gia hạn giấy phép lao động này?",Điều 157 - Bộ luật Lao động 2019,True,1.0,0.5396825396825397,"**Căn cứ pháp lý:**
---
[Tài liệu 1] --- 
Văn bản: Bộ luật Lao động 2019
Nội dung: Điều 157. Cấp, cấp lại, gia hạn, thu hồi giấy phép lao động, giấy xác nhận không thuộc diện cấp giấy phép lao động Chính phủ quy định điều kiện, trình tự, thủ tục cấp, cấp lại, gia hạn, thu hồi giấy phép lao động và giấy xác nhận không thuộc diện cấp giấy phép lao động đối với người lao động nước ngoài làm việc tại Việt Nam. Mục 4. LAO ĐỘNG LÀ NGƯỜI KHUYẾT TẬT

---

**Nội dung quy định:**
---
Điều 157 của Bộ luật Lao động 2019 quy định về việc cấp, cấp lại, gia hạn, thu hồi giấy phép lao động, giấy xác nhận không thuộc diện cấp giấy phép lao động cho người lao động nước ngoài. Đối với người lao động khuyết tật, nếu giấy phép lao động hết hạn, họ có quyền đề nghị gia hạn giấy phép lao động theo quy định của pháp luật.

---

**Phân tích & Hướng dẫn:**
---
Theo Điều 157 của Bộ luật Lao động 2019, người lao động nước ngoài, bao gồm cả người khuyết tật, có quyền đề nghị gia hạn giấy phép lao động khi giấy phép lao động của họ sắp hết hạn. Để thực hiện yêu cầu gia hạn giấy phép lao động, bạn cần thực hiện các bước sau:

1. **Liên hệ với Cơ quan quản lý lao động nước ngoài**: Bạn nên liên hệ trực tiếp với Cơ quan quản lý lao động nước ngoài (có thể là Sở Lao động – Thương binh và Xã hội) để tìm hiểu về thủ tục và điều kiện để gia hạn giấy phép lao động. 

2. **Chuẩn bị hồ sơ cần thiết**: Thông thường, hồ sơ sẽ bao gồm giấy tờ cá nhân như chứng minh nhân dân, hộ chiếu, giấy khuyết tật, giấy xác nhận việc làm, và các tài liệu liên quan đến giấy phép lao động hiện tại.

3. **Đóng phí gia hạn**: Theo quy định, bạn cần phải đóng phí gia hạn giấy phép lao động. Chi tiết về số"
syn_1210_1768639721_1,"Công ty tôi đã hoạt động được 5 năm, và hiện tại chúng tôi muốn giải thể công đoàn cơ sở mà chúng tôi đã thành lập. Tôi cần biết quy trình và các quy định nào cần tuân thủ để thực hiện việc giải thể này?",Điều 171 - Bộ luật Lao động 2019,True,1.0,0.4049382716049382,"**Căn cứ pháp lý:**
Văn bản: Bộ luật Lao động 2019 - Điều 171
Văn bản: Luật Doanh nghiệp 2020 - Điều 208

**Nội dung quy định:**
1. Theo Điều 171 của Bộ luật Lao động 2019, Công đoàn cơ sở thuộc hệ thống tổ chức Công đoàn Việt Nam được thành lập ở các cơ quan, tổ chức, đơn vị, doanh nghiệp.
2. Theo Điều 208 của Luật Doanh nghiệp 2020, việc giải thể doanh nghiệp được thực hiện theo các bước cụ thể như thông qua nghị quyết, quyết định giải thể, thanh lý tài sản, thanh toán nợ, niêm yết thông tin trên Cổng thông tin quốc gia về đăng ký doanh nghiệp và đăng tải phương án giải quyết nợ (nếu có), và chia phần còn lại cho các chủ sở hữu.

**Phân tích & Hướng dẫn:**
Để giải thể công đoàn cơ sở của bạn, cần tuân thủ các bước quy định bởi cả hai văn bản pháp luật trên. Dưới đây là các bước cụ thể:

1. **Thành lập và Thông qua Nghị Quyết Giải Thể:**
   - Bạn cần thông qua một nghị quyết hoặc quyết định giải thể công đoàn cơ sở. Nội dung nghị quyết cần bao gồm thông tin về tên, địa chỉ trụ sở chính của công đoàn, lý do giải thể, thời hạn thanh lý hợp đồng và thanh toán nợ, phương án xử lý nghĩa vụ phát sinh từ hợp đồng lao động, và thông tin cá nhân của chủ doanh nghiệp hoặc người chịu trách nhiệm.

2. **Thanh Lý Tài Sản và Thanh Toán Nợ:**
   - Bạn phải thực hiện việc thanh lý tài sản công đoàn theo quy định của pháp luật và phương án giải quyết nợ mà công đoàn đã đề ra. Nợ phải được thanh toán theo thứ tự ưu tiên, bao gồm lương, trợ cấp thôi việc, bảo hiểm xã hội, bảo hiểm y tế, bảo hiểm thất nghiệp và các quyền lợi khác của người lao động.

3. **Niêm Yết Thông Tin và Đăng Ký:**
   - Sau khi đã thanh toán hết nợ và phương án giải quyết nợ (nếu có), bạn cần niêm yết thông tin trên Cổng thông"
syn_1323_1768640498_2,Công ty tôi đang gặp khó khăn tài chính do thiên tai và một số hợp đồng bị hủy. Chúng tôi đã bị phạt tiền nhưng không thể tiếp tục chấp hành phần còn lại. Chúng tôi có thể xin miễn chấp hành phần tiền phạt không?,Điều 62 - Bộ luật Hình sự (Văn bản hợp nhất 2017),True,1.0,0.4365284974093264,"**Căn cứ pháp lý:**
- Điều 62, Điều 105 và Điều 106, Bộ luật Hình sự (Văn bản hợp nhất 2017)

**Nội dung quy định:**
1. Theo Điều 62, nếu người bị kết án phạt tù hoặc phạt tiền và đã lập công hoặc mắc bệnh hiểm nghèo, xét thấy không còn nguy hiểm cho xã hội nữa, thì theo đề nghị của Viện trưởng Viện kiểm sát hoặc Tòa án có thể quyết định miễn chấp hành phần hình phạt còn lại.
2. Điều 105 quy định về việc giảm mức hình phạt đã tuyên, trong đó có trường hợp giảm hoặc miễn việc chấp hành phần tiền phạt còn lại cho người dưới 18 tuổi nếu họ lập công lớn hoặc mắc bệnh hiểm nghèo.
3. Điều 106 quy định về việc tha tù trước thời hạn có điều kiện, trong đó có trường hợp miễn chấp hành phần tiền phạt còn lại cho người dưới 18 tuổi.

**Phân tích & Hướng dẫn:**
Theo thông tin bạn cung cấp, công ty của bạn đã bị phạt tiền và hiện tại không thể tiếp tục chấp hành phần còn lại do gặp khó khăn tài chính do thiên tai. Theo quy định của Bộ luật Hình sự, trường hợp này có thể được miễn chấp hành phần tiền phạt còn lại nếu bạn đáp ứng các điều kiện sau:

1. **Lập công lớn**: Nếu công ty của bạn đã có những thành tựu đáng kể trong việc khắc phục hậu quả thiên tai, hỗ trợ cộng đồng hoặc duy trì hoạt động kinh doanh hiệu quả.
2. **Mắc bệnh hiểm nghèo**: Nếu công ty của bạn hoặc một thành viên có thể chứng minh rằng tình trạng sức khỏe đang rất nghiêm trọng và cần được chăm sóc đặc biệt.
3. **Hoàn cảnh đặc biệt khó khăn**: Nếu công ty của bạn đang gặp khó khăn tài chính do thiên tai và không thể tiếp tục chấp hành phần tiền phạt do nguyên nhân khách quan như thiên tai.

Để được miễn chấp hành phần tiền phạt, bạn cần chuẩn bị đầy đủ hồ sơ chứng minh các điều kiện trên, bao gồm:
- Các bằng chứng về việc lập công lớn (ví dụ: các hoạt động cộng đồng, đóng góp tài chính cho cộng đồng, v.v.).
- Chứng nhận sức khỏe từ bác sĩ hoặc cơ quan y tế có thẩm quyền.
- Các tài liệu về tình hình tài chính và"
syn_1233_1768639870_1,"Tôi là đại diện cho một tập thể lao động đã thông báo đến Hội đồng trọng tài lao động về một hành vi vi phạm quyền lợi cách đây 8 tháng, nhưng chưa nhận được phản hồi. Tôi phải làm gì nếu thời hiệu yêu cầu giải quyết của chúng tôi sắp hết?",Điều 194 - Bộ luật Lao động 2019,True,1.0,0.6641000962463908,"**Căn cứ pháp lý:** 
- Bộ luật Lao động 2019 - [Tài liệu 1]

**Nội dung quy định:**
- Điều 194. Thời hiệu yêu cầu giải quyết tranh chấp lao động tập thể về quyền (Mục 1) - Thời hiệu yêu cầu hòa giải viên lao động thực hiện hòa giải tranh chấp lao động tập thể về quyền là 06 tháng kể từ ngày phát hiện ra hành vi mà bên tranh chấp cho rằng quyền hợp pháp của mình bị vi phạm.
- Điều 194. Thời hiệu yêu cầu giải quyết tranh chấp lao động tập thể về quyền (Mục 2) - Thời hiệu yêu cầu Hội đồng trọng tài lao động giải quyết tranh chấp lao động tập thể về quyền là 09 tháng kể từ ngày phát hiện ra hành vi mà bên tranh chấp cho rằng quyền hợp pháp của mình bị vi phạm.
- Điều 194. Thời hiệu yêu cầu giải quyết tranh chấp lao động tập thể về quyền (Mục 3) - Thời hiệu yêu cầu Tòa án giải quyết tranh chấp lao động tập thể về quyền là 01 năm kể từ ngày phát hiện ra hành vi mà bên tranh chấp cho rằng quyền hợp pháp của mình bị vi phạm.

**Phân tích & Hướng dẫn:**
Theo quy định tại Điều 194 của Bộ Luật Lao động 2019, thời hiệu yêu cầu giải quyết tranh chấp lao động tập thể về quyền đối với bạn là 09 tháng kể từ ngày phát hiện ra hành vi mà bên tranh chấp cho rằng quyền hợp pháp của mình bị vi phạm. Bạn đã thông báo cho Hội đồng trọng tài lao động hành vi vi phạm quyền của bạn cách đây 8 tháng, do đó thời hiệu yêu cầu giải quyết đã hết vào ngày 8 tháng trước hôm nay.

Để giải quyết tình huống này, bạn cần phải nhanh chóng thực hiện các bước sau:

1. **Kiểm tra lại hồ sơ:** Đảm bảo rằng tất cả các giấy tờ, chứng cứ liên quan đến hành vi vi phạm quyền của bạn đã đầy đủ và được lưu giữ tốt.

2. **Xác định quyền lợi cụ thể bị vi phạm:** Nêu rõ chi tiết về hành vi vi phạm và quyền hợp pháp nào của bạn bị ảnh hưởng.

3. **Thủ tục tiếp theo:**"
syn_1369_1768640918_2,"Chồng tôi thường xuyên xem những video phê phán chính quyền và có ý kiến rất mạnh mẽ về chính trị. Nếu anh ấy quyết định tự sản xuất một video tuyên truyền và tôi tham gia hỗ trợ anh ấy trong quá trình làm video đó, thì chúng tôi có gặp rắc rối pháp lý không?",Điều 117 - Bộ luật Hình sự (Văn bản hợp nhất 2017),False,1.0,0.32427366447985007,"**Căn cứ pháp lý:** 
- Luật Hôn nhân và Gia đình 2014 - Điều 23: ""Vợ, chồng có quyền, nghĩa vụ tạo điều kiện, giúp đỡ nhau chọn nghề nghiệp; học tập, nâng cao trình độ văn hóa, chuyên môn, nghiệp vụ; tham gia hoạt động chính trị, kinh tế, văn hóa, xã hội.""

**Nội dung quy định:**
Điều 23 của Luật Hôn nhân và Gia đình 2014 quy định rõ quyền và nghĩa vụ về hoạt động chính trị của vợ và chồng. Theo đó, vợ, chồng có quyền và nghĩa vụ giúp đỡ nhau trong việc tham gia hoạt động chính trị, bao gồm cả việc tham gia sản xuất và phân phối thông tin chính trị.

**Phân tích & Hướng dẫn:**
Theo quy định trên, bạn và chồng đều có quyền và nghĩa vụ giúp đỡ nhau trong việc tham gia hoạt động chính trị. Việc chồng bạn tự sản xuất một video tuyên truyền và bạn hỗ trợ anh ấy trong quá trình làm video đó hoàn toàn nằm trong phạm vi quyền và nghĩa vụ theo Luật Hôn nhân và Gia đình 2014. 

Tuy nhiên, cần lưu ý rằng việc tham gia hoạt động chính trị không phải lúc nào cũng an toàn hoàn toàn vì có thể gặp rủi ro pháp lý nếu hành vi đó vi phạm pháp luật. Ví dụ, việc sản xuất và phân phối thông tin có thể bị coi là hành vi xúc phạm, đe dọa hoặc gây rối loạn trật tự công cộng nếu thông tin đó chứa đựng nội dung chống phá chính phủ hoặc gây ảnh hưởng tiêu cực đến an ninh, trật tự xã hội.

Để đảm bảo an toàn pháp lý, bạn và chồng nên cân nhắc kỹ lưỡng nội dung của video và đảm bảo rằng nó tuân thủ các quy định về pháp luật Việt Nam, đặc biệt là các quy định về an ninh, trật tự và an toàn xã hội. Đồng thời, hai bên cũng nên thảo luận và nhất trí trước khi thực hiện dự án này để tránh bất kỳ tranh chấp nào về quyền lợi và nghĩa vụ trong tương lai.

Nếu bạn và chồng quyết định thực hiện dự án này, hãy tìm kiếm sự tư vấn của luật sư chuyên về quyền lợi và nghĩa vụ hôn nhân và gia đình để chắc chắn rằng hành động của cả hai không"
syn_730_1768633019,Tôi muốn thuê một công ty làm dịch vụ vệ sinh cho văn phòng của tôi. Tôi có cần phải ký hợp đồng dịch vụ không?,Điều 513 - Bộ luật Dân sự 2015,False,1.0,0.3015463917525773,"**Căn cứ pháp lý:**
- Văn bản: Bộ luật Lao động 2019
- Nội dung: Điều 55. Hợp đồng cho thuê lại lao động

**Nội dung quy định:**
1. Doanh nghiệp cho thuê lại lao động và bên thuê lại lao động phải ký kết hợp đồng cho thuê lại lao động bằng văn bản và được làm thành 02 bản, mỗi bên giữ 01 bản.
2. Hợp đồng cho thuê lại lao động gồm các nội dung chủ yếu sau đây: a) Địa điểm làm việc, vị trí việc làm cần sử dụng lao động thuê lại, nội dung cụ thể của công việc, yêu cầu cụ thể đối với người lao động thuê lại; b) Thời hạn thuê lại lao động; thời gian bắt đầu làm việc của người lao động thuê lại; c) Thời giờ làm việc, thời giờ nghỉ ngơi, điều kiện an toàn, vệ sinh lao động tại nơi làm việc; d) Trách nhiệm bồi thường tai nạn lao động, bệnh nghề nghiệp; đ) Nghĩa vụ của mỗi bên đối với người lao động.

**Phân tích & Hướng dẫn:**
Theo Điều 55 của Bộ luật Lao động 2019, hợp đồng cho thuê lại lao động (trong trường hợp này, việc thuê dịch vụ vệ sinh) phải được ký kết bằng văn bản và được làm thành hai bản, mỗi bên giữ một bản. Do đó, để đảm bảo tuân thủ quy định pháp luật, bạn cần phải ký kết một hợp đồng dịch vụ vệ sinh với công ty dịch vụ vệ sinh. Hợp đồng này nên bao gồm các nội dung như địa điểm làm việc, thời hạn thuê, thời gian bắt đầu làm việc, thời giờ làm việc và nghỉ ngơi, điều kiện an toàn và vệ sinh lao động, trách nhiệm bồi thường tai nạn lao động và bệnh nghề nghiệp, và nghĩa vụ của mỗi bên liên quan đến người lao động thuê lại.

Việc ký kết hợp đồng này không chỉ đảm bảo quyền lợi của cả hai bên mà còn giúp tránh các tranh chấp về sau. Nếu công ty dịch vụ vệ sinh không tuân thủ các điều khoản trong hợp đồng, bạn có thể yêu cầu họ tuân thủ hoặc thậm chí kiện tụng nếu cần thiết."
syn_944_1768634426,"Trong trường hợp tôi và vợ tôi không thể thỏa thuận về việc chia tài sản chung, tôi nên làm gì?",Điều 38 - Luật Hôn nhân và Gia đình 2014,True,0.3333333333333333,0.4917672886937432,"**CĂN CỨ PHÁP LUẬT THAM KHẢO:**
---
[Văn bản] Luật Hôn nhân và Gia đình 2014
[Nội dung] Điều 38. Chia tài sản chung trong thời kỳ hôn nhân

**CÂU HỎI:**
Trong trường hợp tôi và vợ tôi không thể thỏa thuận về việc chia tài sản chung, tôi nên làm gì?

**PHÂN TÍCH VÀ HƯỚNG DẪN:**
Theo Căn cứ pháp luật tham khảo, Điều 38 của Luật Hôn nhân và Gia đình 2014 quy định về việc chia tài sản chung trong thời kỳ hôn nhân. Khoản 1 của Điều này nêu rõ rằng, vợ chồng có quyền thỏa thuận chia một phần hoặc toàn bộ tài sản chung, trừ trường hợp quy định tại Điều 42 của Luật này. Nếu không thỏa thuận được, vợ chồng có quyền yêu cầu Tòa án giải quyết.

Trong trường hợp bạn và vợ bạn không thể thỏa thuận về việc chia tài sản chung, bạn cần thực hiện các bước sau:

1. **Hãy yêu cầu Tòa án giải quyết:** Theo Điều 38, nếu không thỏa thuận được về việc chia tài sản chung, vợ chồng có quyền yêu cầu Tòa án giải quyết. Bạn nên viết đơn yêu cầu chia tài sản chung theo quy định tại Điều 38, kèm theo các bằng chứng cần thiết về tài sản chung và công sức đóng góp của cả hai trong quan hệ hôn nhân.

2. **Ghi nhận thỏa thuận trong văn bản:** Trước khi nộp đơn yêu cầu chia tài sản chung, tốt hơn hết là bạn và vợ bạn nên cố gắng thỏa thuận về việc chia tài sản chung. Nếu có thể, hãy ghi nhận thỏa thuận này trong một văn bản công chứng, nếu có thể, hoặc theo yêu cầu của pháp luật. Điều này sẽ giúp tránh tranh chấp về việc chia tài sản sau này.

3. **Lưu ý về hậu quả của việc chia tài sản chung:** Theo Điều 38, nếu chia tài sản chung, phần tài sản được chia, hoa lợi, lợi tức phát sinh từ tài sản riêng của mỗi bên sau khi chia tài sản chung là tài sản riêng của vợ, chồng. Phần tài"
syn_711_1768632890,"Tôi mượn một chiếc xe hơi của bạn tôi để tham gia một sự kiện trong 5 ngày, nhưng sau đó tôi có kế hoạch sử dụng thêm. Tôi có thể giữ xe lâu hơn mà không cần thỏa thuận mới không?",Điều 494 - Bộ luật Dân sự 2015,False,0.6666666666666666,0.4296081277213353,"**CĂN CỨ PHÁP LUẬT THAM KHẢO:**
---
[Văn bản] Bộ luật Dân sự 2015  
[Nội dung] Điều 496. Nghĩa vụ của bên mượn tài sản

---

**Nội dung quy định:**
1. Giữ gìn, bảo quản tài sản mượn, không được tự ý thay đổi tình trạng của tài sản;
2. Không được cho người khác mượn lại, nếu không có sự đồng ý của bên cho mượn;
3. Trả lại tài sản mượn đúng thời hạn; nếu không có thỏa thuận về thời hạn trả lại tài sản thì bên mượn phải trả lại tài sản ngay sau khi mục đích mượn đã đạt được.

---

**Phân tích & Hướng dẫn:**
Theo Điều 496 của Bộ luật Dân sự 2015, khi mượn tài sản, bên mượn (trong trường hợp này là bạn) phải trả lại tài sản đó khi hết thời hạn mượn hoặc mục đích mượn đã đạt được. Nếu không có thỏa thuận về thời hạn trả lại tài sản, bên mượn (tức là bạn) phải trả lại tài sản ngay sau khi mục đích mượn đã đạt được. 

Trong trường hợp bạn đã mượn xe của bạn trong 5 ngày để tham gia một sự kiện, và sau đó bạn muốn tiếp tục sử dụng xe trong thời gian dài hơn mà không có sự đồng ý từ bên cho mượn (tức là bạn), bạn sẽ vi phạm nghĩa vụ của bên mượn tài sản theo quy định tại Điều 496.

Để đảm bảo quyền lợi của cả hai bên, bạn nên có một thỏa thuận rõ ràng về thời hạn sử dụng xe. Nếu không, bạn có thể gặp rắc rối pháp lý về việc giữ xe lâu hơn không được phép."
syn_627_1768632380,"Tôi đã ký hợp đồng mua bán với một công ty, nhưng họ chưa giao hàng đúng hạn. Tôi có quyền hoãn thanh toán không?",Điều 410 - Bộ luật Dân sự 2015,False,0.6666666666666666,0.3830687830687831,"**Căn cứ pháp lý:**
--- [Tài liệu 1] ---
Văn bản: Bộ luật Dân sự 2015
Nội dung: Điều 434. Thời hạn thực hiện hợp đồng mua bán 1. Thời hạn thực hiện hợp đồng mua bán do các bên thỏa thuận. Bên bán phải giao tài sản cho bên mua đúng thời hạn đã thỏa thuận; bên bán chỉ được giao tài sản trước hoặc sau thời hạn nếu được bên mua đồng ý. 2. Khi các bên không thỏa thuận thời hạn giao tài sản thì bên mua có quyền yêu cầu bên bán giao tài sản và bên bán cũng có quyền yêu cầu bên mua nhận tài sản bất cứ lúc nào, nhưng phải báo trước cho nhau một thời gian hợp lý.

**Phân tích & Hướng dẫn:**
Theo Điều 434 của Bộ Luật Dân sự 2015, bên mua có quyền yêu cầu bên bán giao tài sản và bên bán cũng có quyền yêu cầu bên mua nhận tài sản bất cứ lúc nào, nhưng phải báo trước cho nhau một thời gian hợp lý. Trong trường hợp bạn đã ký hợp đồng mua bán với một công ty và họ chưa giao hàng đúng hạn, bạn hoàn toàn có quyền yêu cầu bên bán giao hàng đúng thời hạn đã thỏa thuận. Tuy nhiên, bạn cũng cần tuân thủ quy định về thời gian báo trước mà cả hai bên đã thỏa thuận. Nếu không có thỏa thuận về thời gian báo trước, theo quy định tại điểm 2 Điều 434, bên mua có quyền yêu cầu bên bán giao hàng bất cứ lúc nào, nhưng phải báo trước cho nhau một thời gian hợp lý. 

Nếu bạn đã báo trước cho bên bán về quyết định không nhận hàng và họ vẫn không giao hàng đúng thời hạn, bạn có thể lựa chọn một trong các phương án sau:
- Nhận và yêu cầu bên bán giao tiếp phần hoặc bộ phận còn thiếu.
- Hoặc hủy bỏ hợp đồng và yêu cầu bồi thường thiệt hại. 

Ngoài ra, nếu bên bán đã nhận tiền mà chưa giao hàng, bạn có quyền yêu cầu bên bán trả lãi theo quy định tại Điều 438 của Bộ Luật Dân sự 2015."
syn_632_1768632415,"Công ty tôi đã ký một hợp đồng với nhà cung cấp để cung cấp sản phẩm cho khách hàng của tôi. Nếu nhà cung cấp không thực hiện hợp đồng, tôi có thể yêu cầu bên có nghĩa vụ thực hiện hợp đồng không?",Điều 415 - Bộ luật Dân sự 2015,False,0.6666666666666666,0.37985309548793283,"**Căn cứ pháp lý:**
--- [Tài liệu 1] ---
Văn bản: Bộ luật Dân sự 2015
Nội dung: Điều 443. Nghĩa vụ cung cấp thông tin và hướng dẫn cách sử dụng Bên bán có nghĩa vụ cung cấp cho bên mua thông tin cần thiết về tài sản mua bán và hướng dẫn cách sử dụng tài sản đó; nếu bên bán không thực hiện nghĩa vụ này thì bên mua có quyền yêu cầu bên bán phải thực hiện trong một thời hạn hợp lý; nếu bên bán vẫn không thực hiện làm cho bên mua không đạt được mục đích giao kết hợp đồng thì bên mua có quyền hủy bỏ hợp đồng và yêu cầu bồi thường thiệt hại.

---

**Phân tích & Hướng dẫn:**

Theo Điều 443 của Bộ Luật Dân sự 2015, bên bán (trong trường hợp này là nhà cung cấp) có nghĩa vụ cung cấp thông tin cần thiết cho bên mua (trong trường hợp này là bạn, người mua sản phẩm) về tài sản mua bán và hướng dẫn cách sử dụng tài sản đó. Nếu nhà cung cấp không thực hiện nghĩa vụ này, bên mua có quyền yêu cầu nhà cung cấp thực hiện trong một thời hạn hợp lý. 

Nếu nhà cung cấp vẫn không thực hiện nghĩa vụ này, bạn (bên mua) có quyền hủy bỏ hợp đồng và yêu cầu bồi thường thiệt hại. 

Tuy nhiên, trong trường hợp này, bạn đang hỏi về trường hợp nhà cung cấp (bên bán) không thực hiện hợp đồng cung cấp sản phẩm, thay vì thông tin và hướng dẫn, nên quy định cụ thể về trách nhiệm của bên bán không hoàn toàn phù hợp. Tuy nhiên, căn cứ vào Điều 413 của Bộ Luật Dân sự 2015, khi một bên không thực hiện được nghĩa vụ của mình do lỗi của bên kia, bên còn lại có quyền yêu cầu bên kia vẫn phải thực hiện nghĩa vụ đối với mình hoặc hủy bỏ hợp đồng và yêu cầu bồi thường thiệt hại.

Do đó, dựa trên quy định tại Điều 413 của Bộ Luật Dân sự 2015, bạn có thể yêu cầu nhà cung cấp (bên bán) phải thực hiện nghĩa vụ cung cấp sản phẩm theo hợp đồng hoặc hủy bỏ hợp đồng"
syn_1429_1768641393_1,Vợ tôi đã dùng một chiếc máy tính trị giá 600 triệu đồng của công ty mà không có sự đồng ý của tôi. Nếu tôi tố cáo vợ tôi thì hậu quả pháp lý sẽ như thế nào?,Điều 177 - Bộ luật Hình sự (Văn bản hợp nhất 2017),False,0.6666666666666666,0.42105263157894735,"**Căn cứ pháp lý:**
- Điều 288 của Bộ luật Hình sự (Văn bản hợp nhất 2017)

**Nội dung quy định:**
1. Người nào thực hiện một trong các hành vi sau đây, thu lợi bất chính từ 50.000.000 đồng đến dưới 200.000.000 đồng hoặc gây thiệt hại từ 100.000.000 đồng đến dưới 500.000.000 đồng hoặc gây dư luận xấu làm giảm uy tín của cơ quan, tổ chức, cá nhân, thì bị phạt tiền từ 30.000.000 đồng đến 200.000.000 đồng, phạt cải tạo không giam giữ đến 03 năm hoặc bị phạt tù từ 06 tháng đến 03 năm:
   - a) Đưa lên mạng máy tính, mạng viễn thông những thông tin trái với quy định của pháp luật, nếu không thuộc một trong các trường hợp quy định tại các điều 117, 155, 156 và 326 của Bộ luật này;
   - b) Mua bán, trao đổi, tặng cho, sửa chữa, thay đổi hoặc công khai hóa thông tin riêng hợp pháp của cơ quan, tổ chức, cá nhân trên mạng máy tính, mạng viễn thông mà không được phép của chủ sở hữu thông tin đó;
   - c) Hành vi khác sử dụng trái phép thông tin trên mạng máy tính, mạng viễn thông.
   
2. Phạm tội thuộc một trong các trường hợp sau đây, thì bị phạt tiền từ 200.000.000 đồng đến 1.000.000.000 đồng hoặc phạt tù từ 02 năm đến 07 năm:
   - a) Có tổ chức;
   - b) Lợi dụng quyền quản trị mạng máy tính, mạng viễn thông;
   - c) Thu lợi bất chính 200.000.000 đồng trở lên;
   - d) Gây thiệt hại 500.000.000 đồng trở lên;
   - đ) Xâm phạm bí mật cá nhân dẫn đến người bị xâm phạm tự sát;
   - e) Gây ảnh hưởng"
syn_550_1768631875,"Tôi đã thỏa thuận với bên bán về việc bảo lưu quyền sở hữu trong 6 tháng. Nếu tôi không sử dụng tài sản trong thời gian này, tôi có mất quyền lợi gì không?",Điều 333 - Bộ luật Dân sự 2015,True,0.3333333333333333,0.463768115942029,"**CĂN CỨ PHÁP LUẬT THAM KHẢO:**
---
[Tài liệu 1] Văn bản: Bộ luật Dân sự 2015
[Nội dung]: Điều 333. Quyền và nghĩa vụ của bên mua tài sản
1. Sử dụng tài sản và hưởng hoa lợi, lợi tức từ tài sản trong thời hạn bảo lưu quyền sở hữu có hiệu lực.
2. Chịu rủi ro về tài sản trong thời hạn bảo lưu quyền sở hữu, trừ trường hợp có thỏa thuận khác.

[Tài liệu 2] Văn bản: Bộ luật Dân sự 2015
[Nội dung]: Điều 334. Chấm dứt bảo lưu quyền sở hữu
Bảo lưu quyền sở hữu chấm dứt trong trường hợp sau đây:
1. Nghĩa vụ thanh toán cho bên bán được thực hiện xong.
2. Bên bán nhận lại tài sản bảo lưu quyền sở hữu.
3. Theo thỏa thuận của các bên. Tiểu mục 6. BẢO LÃNH

[Tài liệu 3] Văn bản: Bộ luật Dân sự 2015
[Nội dung]: Điều 331. Bảo lưu quyền sở hữu
1. Trong hợp đồng mua bán, quyền sở hữu tài sản có thể được bên bán bảo lưu cho đến khi nghĩa vụ thanh toán được thực hiện đầy đủ.
2. Bảo lưu quyền sở hữu phải được lập thành văn bản riêng hoặc được ghi trong hợp đồng mua bán.
3. Bảo lưu quyền sở hữu phát sinh hiệu lực đối kháng với người thứ ba kể từ thời điểm đăng ký.

---

**PHÂN TÍCH VÀ HƯỚNG DẪN:**

Theo quy định tại Điều 333 của Bộ Luật Dân sự 2015, bên mua (bạn) có quyền sử dụng tài sản và hưởng hoa lợi, lợi tức từ tài sản trong thời hạn bảo lưu quyền sở hữu có hiệu lực. Điều này có nghĩa là nếu bạn không sử dụng tài sản trong thời gian bảo lưu quyền sở hữu, bạn sẽ không có quyền lợi cụ thể về việc sử dụng và hưởng lợi từ tài sản đó.

Tuy nhiên, bạn cũng cần tuân thủ nghĩa vụ về việc sử dụng tài sản theo thỏa thuận giữa bạn và bên bán. Nếu bạn không sử dụng tài sản, có thể gây hiểu lầm hoặc vi"
syn_817_1768633604,Tôi muốn biết nếu một người học nghề trong công ty tôi gây ra thiệt hại thì ai là người phải bồi thường?,Điều 600 - Bộ luật Dân sự 2015,True,0.6666666666666666,0.4387397899649942,"**CĂN CỨ PHÁP LUẬT THAM KHẢO:**
---
- **[Tài liệu 1]**: Bộ luật Dân sự 2015 - Điều 600.
- **[Tài liệu 2]**: Bộ luật Dân sự 2015 - Điều 599.
- **[Tài liệu 3]**: Bộ luật Dân sự 2015 - Điều 577.

**Nội dung quy định:**
---
- **[Tài liệu 1]**: Cá nhân, pháp nhân phải bồi thường thiệt hại do người làm công, người học nghề gây ra trong khi thực hiện công việc được giao và có quyền yêu cầu người làm công, người học nghề có lỗi trong việc gây thiệt hại phải hoàn trả một khoản tiền theo quy định của pháp luật.
- **[Tài liệu 2]**: Người chưa đủ mười lăm tuổi trong thời gian trường học trực tiếp quản lý mà gây thiệt hại thì trường học phải bồi thường thiệt hại xảy ra. Person mất năng lực hành vi dân sự gây thiệt hại cho người khác trong thời gian bệnh viện, pháp nhân khác trực tiếp quản lý thì bệnh viện, pháp nhân khác phải bồi thường thiệt hại xảy ra. Trường học, bệnh viện, pháp nhân khác quy định tại khoản 1 và khoản 2 Điều này không phải bồi thường nếu chứng minh được mình không có lỗi trong quản lý; trong trường hợp này, cha, mẹ, người giám hộ của người dưới mười lăm tuổi, người mất năng lực hành vi dân sự phải bồi thường.
- **[Tài liệu 3]**: Khi người thực hiện công việc không có ủy quyền cố ý gây thiệt hại trong khi thực hiện công việc thì phải bồi thường thiệt hại cho người có công việc được thực hiện. Nếu người thực hiện công việc không có ủy quyền do vô ý mà gây thiệt hại trong khi thực hiện công việc thì căn cứ vào hoàn cảnh đảm nhận công việc, người đó có thể được giảm mức bồi thường.

**Phân tích & Hướng dẫn:**
---
Theo Điều 600 của Bộ Luật Dân sự 2015, cá nhân hoặc pháp nhân (trong trường hợp này là bạn, doanh nghiệp) sẽ phải chịu trách nhiệm bồi thường thiệt hại nếu người làm công hoặc người học nghề gây ra thiệt hại trong quá trình thực hiện công việc được"
syn_184_1768629136,Tôi bị chấm dứt tư cách thành viên hợp danh vì vi phạm quy định của công ty. Tôi có phải chịu trách nhiệm về nợ nần của công ty không?,Điều 185 - Luật Doanh nghiệp 2020,True,0.6666666666666666,0.43902439024390244,"**CĂN CỨ PHÁP LUẬT THAM KHẢO:**
---
- **Tài liệu 1:** Điều 185 của Luật Doanh nghiệp 2020
- **Tài liệu 2:** Điều 181 của Luật Doanh nghiệp 2020
- **Tài liệu 3:** Điều 97 của Luật Doanh nghiệp 2020

**Câu hỏi:**
Tôi bị chấm dứt tư cách thành viên hợp danh vì vi phạm quy định của công ty. Tôi có phải chịu trách nhiệm về nợ nần của công ty không?

**Căn cứ pháp lý:**
Điều 185 của Luật Doanh nghiệp 2020 quy định về việc chấm dứt tư cách thành viên hợp danh và trách nhiệm liên đới. Theo điều này, thành viên hợp danh có thể bị chấm dứt tư cách trong nhiều trường hợp, trong đó có việc vi phạm quy định của công ty. 

Điều 185(3) quy định rằng ""Trường hợp chấm dứt tư cách thành viên của thành viên bị hạn chế hoặc mất năng lực hành vi dân sự, có khó khăn trong nhận thức, làm chủ hành vi thì phần vốn góp của thành viên đó được hoàn trả công bằng và thỏa đáng."" Điều này cho thấy rằng khi thành viên bị chấm dứt tư cách vì lý do liên quan đến năng lực hành vi, phần vốn góp của họ sẽ được hoàn trả, nhưng họ vẫn có thể phải chịu trách nhiệm liên đới cho các khoản nợ phát sinh trước khi bị chấm dứt tư cách thành viên.

**Phân tích & Hướng dẫn:**
Theo quy định tại Điều 185(3), bạn có thể bị chấm dứt tư cách thành viên hợp danh vì vi phạm quy định của công ty. Tuy nhiên, nếu lý do chấm dứt tư cách thành viên của bạn là do ""hạn chế hoặc mất năng lực hành vi dân sự"", thì phần vốn góp của bạn sẽ được hoàn trả công bằng và thỏa đáng. Điều này có nghĩa là bạn không phải chịu trách nhiệm liên đới về các khoản nợ phát sinh trước khi bị chấm dứt tư cách thành viên.

Tuy nhiên, Điều 185(5) của Luật Doanh nghiệp 2020 cũng quy định rằng ""Trong thời hạn 02 năm kể từ ngày"
syn_1467_1768641690_1,"Vợ tôi đã được cấp thẻ bảo hiểm y tế nhưng vì lý do nào đó, thẻ của cô ấy đã bị thu hồi mà không có thông báo. Gần đây, cô ấy đã sử dụng thẻ này để khám bệnh. Tôi muốn biết liệu chúng tôi có vi phạm pháp luật không và có thể bị xử lý như thế nào?",Điều 215 - Bộ luật Hình sự (Văn bản hợp nhất 2017),True,0.3333333333333333,0.3890274314214464,"**CĂN CỨ PHÁP LUẬT THAM KHẢO:**
---
--- [Tài liệu 1] ---
Văn bản: Bộ luật Hình sự (Văn bản hợp nhất 2017)
Nội dung: Điều 215. Tội gian lận bảo hiểm y tế

--- [Tài liệu 2] ---
Văn bản: Bộ luật Hình sự (Văn bản hợp nhất 2017)
Nội dung: Điều 290. Tội sử dụng mạng máy tính, mạng viễn thông, phương tiện điện tử thực hiện hành vi chiếm đoạt tài sản

---

**CĂN CỨ PHÁP LUẬT THAM KHẢ REFERENCE:**

Bộ luật Hình sự (Văn bản hợp nhất 2017) quy định về các tội liên quan đến gian lận bảo hiểm y tế và sử dụng mạng máy tính, mạng viễn thông, phương tiện điện tử để chiếm đoạt tài sản.

**CÂU HỎI:**
Vợ tôi đã được cấp thẻ bảo hiểm y tế nhưng vì lý do nào đó, thẻ của cô ấy đã bị thu hồi mà không có thông báo. Gần đây, cô ấy đã sử dụng thẻ này để khám bệnh. Tôi muốn biết liệu chúng tôi có vi phạm pháp luật không và có thể bị xử lý như thế nào?

**CĂN CỨ PHÁP LUẬT THAM KHẢO:**
---
--- [Tài liệu 1] ---
Văn bản: Bộ luật Hình sự (Văn bản hợp nhất 2017)
Nội dung: Điều 215. Tội gian lận bảo hiểm y tế

---

**CĂN CỨ PHÁP LUẬT THAM KHẢO:**
---
--- [Tài liệu 2] ---
Văn bản: Bộ luật Hình sự (Văn bản hợp nhất 2017)
Nội dung: Điều 290. Tội sử dụng mạng máy tính, mạng viễn thông, phương tiện điện tử thực hiện hành vi chiếm đoạt tài sản

---

**NỘI DUNG QUY ĐỊNH:**

**Điều 215. Tội gian lận bảo hiểm y tế:**
1. Người nào thực hiện một trong các hành vi sau đây, chiếm đoạt tiền bảo hiểm y tế từ 10.0"
syn_1097_1768639075_2,Gia đình tôi đang gặp vấn đề khi bên thuê lao động yêu cầu tôi làm việc ngoài giờ mà không có thỏa thuận trước. Liệu tôi có quyền từ chối làm việc thêm giờ đó không?,Điều 58 - Bộ luật Lao động 2019,False,1.0,0.38679245283018865,"**Căn cứ pháp lý:**
- Điều 108, Bộ Luật Lao động 2019 - [Tài liệu 1]

**Nội dung quy định:**
Người sử dụng lao động có quyền yêu cầu người lao động làm thêm giờ vào bất kỳ ngày nào mà không bị giới hạn về số giờ làm thêm theo quy định tại Điều 107 của Bộ Luật này và người lao động không được từ chối trong trường hợp sau đây: 1. Thực hiện lệnh động viên, huy động bảo đảm nhiệm vụ quốc phòng, an ninh theo quy định của pháp luật; 2. Thực hiện các công việc nhằm bảo vệ tính mạng con người, tài sản của cơ quan, tổ chức, cá nhân trong phòng ngừa, khắc phục hậu quả thiên tai, hỏa hoạn, dịch bệnh nguy hiểm và thảm họa, trừ trường hợp có nguy cơ ảnh hưởng đến tính mạng, sức khỏe của người lao động theo quy định của pháp luật về an toàn, vệ sinh lao động.

**Phân tích & Hướng dẫn:**
Theo Điều 108 của Bộ Luật Lao động 2019, nếu bạn cần làm việc thêm giờ vì thực hiện lệnh động viên, huy động bảo đảm nhiệm vụ quốc phòng, an ninh hoặc thực hiện các công việc nhằm bảo vệ tính mạng con người, tài sản của cơ quan, tổ chức, cá nhân trong phòng ngừa, khắc phục hậu quả thiên tai, hỏa hoạn, dịch bệnh nguy hiểm và thảm họa, trừ trường hợp có nguy cơ ảnh hưởng đến tính mạng, sức khỏe của người lao động theo quy định của pháp luật về an toàn, vệ sinh lao động, thì bạn không được từ chối làm việc thêm giờ.

Tuy nhiên, trong trường hợp không thuộc các trường hợp nêu trên, bạn hoàn toàn có quyền từ chối làm việc thêm giờ mà không cần phải có sự đồng ý trước của người sử dụng lao động. Việc từ chối làm việc thêm giờ trong trường hợp này không vi phạm pháp luật.

Do đó, nếu bên thuê lao động yêu cầu bạn làm việc thêm giờ mà không có thỏa thuận trước, bạn có quyền từ chối và không phải chịu trách nhiệm về việc này. Bạn nên lưu ý ghi nhận các yêu cầu làm việc thêm giờ và thảo luận với người sử dụng lao động về việc này"
syn_721_1768632952,"Tôi có một ý tưởng khởi nghiệp và muốn mời một người bạn cùng tham gia, nhưng không biết có cần điều gì đặc biệt trong hợp đồng hợp tác không?",Điều 504 - Bộ luật Dân sự 2015,True,1.0,0.34307496823379924,"**Căn cứ pháp lý:**
---
**Căn cứ pháp lý tham khảo:**
---
- **Tài liệu 1:** Bộ luật Dân sự 2015, Điều 101
- **Tài liệu 2:** Bộ luật Dân sự 2015, Điều 508
- **Tài liệu 3:** Bộ luật Dân sự 2015, Điều 504

**Nội dung quy định:**
---
1. Theo Điều 101 của Bộ luật Dân sự 2015, khi hai hoặc nhiều người tham gia hợp tác kinh doanh (ví dụ như hợp tác kinh doanh khởi nghiệp), họ có thể không có tư cách pháp nhân riêng. Trong trường hợp này, mỗi thành viên hợp tác có thể tham gia xác lập và thực hiện giao dịch dân sự hoặc ủy quyền cho người đại diện tham gia xác lập và thực hiện giao dịch dân sự.
   
   - Việc ủy quyền phải được lập thành văn bản, ngoại trừ trường hợp có thỏa thuận khác.
   
   - Khi có sự thay đổi người đại diện, cần thông báo cho bên tham gia quan hệ dân sự biết.
   
   - Nếu một thành viên không có tư cách pháp nhân tham gia hợp tác không được ủy quyền cho người khác đại diện thì thành viên đó là chủ thể của quan hệ dân sự do mình xác lập và thực hiện.

2. Theo Điều 508 của Bộ luật Dân sự 2015, khi các thành viên hợp tác cử người đại diện, người đại diện đó sẽ là người đại diện trong xác lập và thực hiện giao dịch dân sự. Nếu không cử người đại diện, các thành viên hợp tác phải cùng tham gia xác lập và thực hiện giao dịch dân sự, trừ trường hợp có thỏa thuận khác.

3. Hợp đồng hợp tác phải được lập thành văn bản theo Điều 504 của Bộ luật Dân sự 2015.

**Phân tích & Hướng dẫn:**
---
Để đảm bảo rằng hợp đồng hợp tác của bạn tuân thủ đầy đủ các quy định của pháp luật, bạn nên làm rõ các quy định về người đại diện và quyền, nghĩa vụ của từng thành viên trong hợp tác. Dưới đây là một số hướng dẫn cụ thể:

1. **Điều Khoản Về Người Đại Diện"
syn_375_1768630662,"Tôi có một chiếc xe hơi mà tôi đã sử dụng hơn 5 năm, tôi muốn cho bạn của tôi mượn xe trong một tháng, liệu tôi có quyền làm điều đó không?",Điều 158 - Bộ luật Dân sự 2015,False,0.6666666666666666,0.31917631917631917,"**Căn cứ pháp luật:**
- [Tài liệu 1] - Văn bản: Bộ luật Dân sự 2015
- [Tài liệu 3] - Văn bản: Bộ luật Dân sự 2015

**Nội dung quy định:**
- [Tài liệu 1] Điều 497: ""Bên mượn tài sản được sử dụng tài sản mượn theo đúng công dụng của tài sản và đúng mục đích đã thỏa thuận.""
- [Tài liệu 3] Điều 499: ""Đòi lại tài sản ngay sau khi bên mượn đạt được mục đích nếu không có thỏa thuận về thời hạn mượn.""

**Phân tích & Hướng dẫn:**
Theo Điều 497 của Bộ luật Dân sự 2015, bên mượn tài sản được sử dụng tài sản mượn theo đúng công dụng của tài sản và đúng mục đích đã thỏa thuận. Trong trường hợp của bạn, bạn đã sử dụng chiếc xe hơi của mình trong vòng hơn 5 năm và muốn cho bạn của mình mượn trong một tháng, điều này hoàn toàn tuân thủ quy định về việc sử dụng tài sản theo mục đích đã thỏa thuận.

Đối với trường hợp bạn muốn yêu cầu bạn của mình trả lại chiếc xe ngay sau khi bạn đạt được mục đích sử dụng, theo Điều 499 của cùng một văn bản pháp luật, nếu bên mượn có nhu cầu đột xuất và cấp bách cần sử dụng tài sản cho mượn thì được đòi lại tài sản đó mặc dù bên cho mượn chưa đạt được mục đích, nhưng phải báo trước một thời gian hợp lý. 

Tuy nhiên, trong trường hợp của bạn, mục đích sử dụng của bạn là cho bạn của mình mượn trong một tháng, và không có bất kỳ sự thay đổi hay yêu cầu đột xuất nào về việc sử dụng chiếc xe đó. Do đó, bạn không có quyền yêu cầu bạn của mình trả lại chiếc xe ngay lập tức sau khi bạn đạt được mục đích sử dụng.

Như vậy, bạn có quyền cho bạn của mình mượn chiếc xe trong một tháng theo thỏa thuận đã ký, và bạn không cần phải trả lại chiếc xe ngay lập tức sau khi bạn của bạn sử dụng xong, trừ khi có sự thay đổi hoặc yêu cầu đột xuất"
syn_8_1768627768,"Tôi là một doanh nghiệp cung ứng dịch vụ công ích và muốn biết về cách hạch toán chi phí, liệu tôi có phải tuân theo một quy định cụ thể nào không?",Điều 9 - Luật Doanh nghiệp 2020,True,1.0,0.5572413793103448,"**Căn cứ pháp lý:** 
Điều 9, Luật Doanh nghiệp 2020 - Văn bản: Luật Doanh nghiệp 2020

**Nội dung quy định:**
1. Quyền và nghĩa vụ của doanh nghiệp cung ứng sản phẩm, dịch vụ công ích quy định tại Điều 7, Điều 8 và quy định khác có liên quan của Luật này.
2. Được hạch toán và bù đắp chi phí theo giá do pháp luật về đấu thầu quy định hoặc thu phí sử dụng dịch vụ theo quy định của cơ quan nhà nước có thẩm quyền.

**Phân tích & Hướng dẫn:**
Theo quy định tại Điều 9 của Luật Doanh nghiệp 2020, doanh nghiệp cung ứng sản phẩm, dịch vụ công ích được hạch toán và bù đắp chi phí theo giá do pháp luật về đấu thầu quy định hoặc thu phí sử dụng dịch vụ theo quy định của cơ quan nhà nước có thẩm quyền. 

Do đó, bạn, một doanh nghiệp cung ứng dịch vụ công ích, có quyền và nghĩa vụ được hạch toán và bù đắp chi phí theo giá do pháp luật về đấu thầu quy định hoặc thu phí sử dụng dịch vụ theo quy định của cơ quan nhà nước có thẩm quyền. Bạn không cần tuân theo bất kỳ quy định cụ thể nào khác ngoài những quy định này để thực hiện việc hạch toán và bù đắp chi phí."
syn_16_1768627841,Tôi đang làm cán bộ công chức và muốn mở một cửa hàng kinh doanh online thì có được không?,Điều 17 - Luật Doanh nghiệp 2020,True,0.6666666666666666,0.3337765957446809,"**Căn cứ pháp luật:** 
- Điều 17. Quyền thành lập, góp vốn, mua cổ phần, mua phần vốn góp và quản lý doanh nghiệp - Luật Doanh nghiệp 2020

**Nội dung quy định:**
Theo Điều 17 của Luật Doanh nghiệp 2020, tổ chức, cá nhân có quyền thành lập và quản lý doanh nghiệp tại Việt Nam theo quy định của Luật này, trừ trường hợp quy định tại khoản 2 Điều này. Trong đó, điểm b khoản 2 quy định rằng ""cán bộ, công chức theo quy định của Luật Cán bộ, công chức và Luật Viên chức"" không có quyền thành lập và quản lý doanh nghiệp.

**Phân tích & Hướng dẫn:**
Theo quy định trên, bạn là một cán bộ công chức nên không có quyền thành lập và quản lý doanh nghiệp, bao gồm cả việc mở cửa hàng kinh doanh online. Việc thành lập và quản lý doanh nghiệp chỉ dành cho những tổ chức, cá nhân khác không nằm trong danh sách không được thành lập theo Luật này.

Để mở cửa hàng kinh doanh online, bạn cần tìm kiếm một đối tác hoặc thành lập một doanh nghiệp với người khác, không phải là cá nhân mình. Bạn có thể tham khảo các quy định về thành lập doanh nghiệp và quản lý doanh nghiệp để hiểu rõ hơn về quy trình và thủ tục liên quan."
syn_1630_1768643119_0,"Gia đình tôi đang phải thi hành án nhưng người có thẩm quyền lại không ra quyết định thi hành, trong khi tôi đã thông báo cho họ về trường hợp này. Vậy tôi có thể làm gì để buộc họ thực hiện nghĩa vụ của mình?",Điều 379 - Bộ luật Hình sự (Văn bản hợp nhất 2017),False,0.3333333333333333,0.35565476190476186,"**Căn cứ pháp lý:**
---
**Căn cứ pháp lý tham khảo:**
---
- Văn bản: Luật Hôn nhân và Gia đình 2014
- Nội dung: Điều 125. Công nhận, ghi chú bản án, quyết định của Tòa án, cơ quan có thẩm quyền của nước ngoài về hôn nhân và gia đình
  1. Việc công nhận bản án, quyết định về hôn nhân và gia đình của Tòa án nước ngoài có yêu cầu thi hành tại Việt Nam được thực hiện theo quy định của Bộ luật tố tụng dân sự.
  2. Chính phủ quy định việc ghi vào sổ hộ tịch các việc về hôn nhân và gia đình theo bản án, quyết định của Tòa án nước ngoài mà không có yêu cầu thi hành tại Việt Nam hoặc không có đơn yêu cầu không công nhận tại Việt Nam; quyết định về hôn nhân và gia đình của cơ quan khác có thẩm quyền của nước ngoài.

- Văn bản: Bộ luật Dân sự 2015
- Nội dung: Điều 288. Thực hiện nghĩa vụ liên đới
  1. Nghĩa vụ liên đới là nghĩa vụ do nhiều người cùng phải thực hiện và bên có quyền có thể yêu cầu bất cứ ai trong số những người có nghĩa vụ phải thực hiện toàn bộ nghĩa vụ.
  2. Trường hợp một người đã thực hiện toàn bộ nghĩa vụ thì có quyền yêu cầu những người có nghĩa vụ liên đối khác phải thực hiện phần nghĩa vụ liên đới của họ đối với mình.

- Văn bản: Bộ luật Hình sự (Văn bản hợp nhất 2017)
- Nội dung: Điều 60. Thời hiệu thi hành bản án
  1. Thời hiệu thi hành bản án hình sự là thời hạn do Bộ luật này quy định mà khi hết thời hạn đó người bị kết án, pháp nhân thương mại bị kết án không phải chấp hành bản án đã tuyên.
  2. Thời hiệu thi hành bản án hình sự đối với người bị kết án được quy định như sau: a) 05 năm đối với các trường hợp xử phạt tiền, cải tạo không giam giữ hoặc xử phạt tù từ 03 năm trở xuống; b) 10 năm đối với các trường hợp xử phạt tù từ trên 03 năm đến 15 năm; c) 15 năm đối với các trường hợp xử phạt"
syn_1610_1768642925_1,"Chồng tôi, một thư ký của một sở ban ngành, đã bị cáo buộc làm giả chữ ký của cấp trên để cấp giấy tờ giả cho một doanh nghiệp. Nếu sự việc này bị đưa ra xét xử, hình phạt cho anh ấy có thể là gì?",Điều 359 - Bộ luật Hình sự (Văn bản hợp nhất 2017),True,1.0,0.8477508650519032,"**Căn cứ pháp lý:** 
Điều 359. Tội giả mạo trong công tác - Văn bản: Bộ luật Hình sự (Văn bản hợp nhất 2017)

**Nội dung quy định:**
1. Người nào vì vụ lợi hoặc động cơ cá nhân khác mà lợi dụng chức vụ, quyền hạn thực hiện một trong các hành vi sau đây, thì bị phạt tù từ 01 năm đến 05 năm: a) Sửa chữa, làm sai lệch nội dung giấy tờ, tài liệu; b) Làm, cấp giấy tờ giả; c) Giả mạo chữ ký của người có chức vụ, quyền hạn.
2. Phạm tội thuộc một trong các trường hợp sau đây, thì bị phạt tù từ 03 năm đến 10 năm: a) Có tổ chức; b) Người phạm tội là người có trách nhiệm lập hoặc cấp các giấy tờ, tài liệu; c) Làm, cấp giấy tờ giả với số lượng từ 02 giấy tờ giả đến 05 giấy tờ giả.
3. Phạm tội thuộc một trong các trường hợp sau đây, thì bị phạt tù từ 07 năm đến 15 năm: a) Làm, cấp giấy tờ giả với số lượng từ 06 giấy tờ giả[364] đến 10 giấy tờ giả; b) Để thực hiện tội phạm ít nghiêm trọng hoặc tội phạm nghiêm trọng.
4. Phạm tội thuộc một trong các trường hợp sau đây, thì bị phạt tù từ 12 năm đến 20 năm: a) Làm, cấp giấy tờ giả với số lượng[365] 11 giấy tờ giả trở lên; b) Để thực hiện tội phạm rất nghiêm trọng hoặc tội phạm đặc biệt nghiêm trọng.
5. Người phạm tội còn bị cấm đảm nhiệm chức vụ hoặc làm công việc nhất định từ 01 năm đến 05 năm, có thể bị phạt tiền từ 10.000.000 đồng đến 100.000.000 đồng. Mục 2. Các tội phạm khác về chức vụ

**Phân tích & Hướng dẫn:**
Theo Điều 359 của Bộ luật Hình sự, hành vi của chồng bạn, nếu được chứng minh, có thể bị truy cứu tội ""Giả mạo trong công tác"". Cụ thể, hành vi của anh ta đã sử dụng chức vụ thư ký của"
syn_780_1768633341,"Tôi có thể ủy quyền cho bạn tôi thực hiện một giao dịch thương mại, nhưng chúng tôi không thỏa thuận về thời hạn ủy quyền. Vậy thời hạn ủy quyền của chúng tôi sẽ là bao lâu?",Điều 563 - Bộ luật Dân sự 2015,True,1.0,0.6419213973799127,"**Căn cứ pháp lý:** 
Điều 563 - Bộ luật Dân sự 2015

**Nội dung quy định:**
Theo Điều 563 của Bộ luật Dân sự 2015, ""Thời hạn ủy quyền do các bên thỏa thuận hoặc do pháp luật quy định; nếu không có thỏa thuận và pháp luật không có quy định thì hợp đồng ủy quyền có hiệu lực 01 năm, kể từ ngày xác lập việc ủy quyền.""

**Phân tích & Hướng dẫn:**
Trong trường hợp của bạn, mặc dù hai bên chưa thỏa thuận về thời hạn ủy quyền, nhưng theo quy định của Bộ luật Dân sự 2015, thời hạn ủy quyền sẽ là 01 năm, kể từ ngày xác lập việc ủy quyền. Vì vậy, thời hạn ủy quyền giữa bạn và người bạn ủy quyền sẽ là 01 năm kể từ ngày xác lập hợp đồng ủy quyền."
syn_1107_1768639123_1,"Công ty tôi có hai tổ chức đại diện người lao động, nhưng tổ chức của tôi có ít thành viên hơn. Nếu tổ chức của tôi muốn tham gia vào thương lượng tập thể cùng tổ chức nhiều thành viên hơn, tôi cần phải có sự đồng ý của tổ chức đó. Vậy làm cách nào tôi có thể xin được sự đồng ý này?",Điều 68 - Bộ luật Lao động 2019,True,1.0,0.5097345132743363,"**Căn cứ pháp lý:**
---
[Tài liệu 1] - [Tài liệu 2] - [Tài liệu 3] - [Bộ luật Lao động 2019]

---

**Nội dung quy định:**
---
Theo Điều 68 của Bộ Luật Lao động 2019, tổ chức đại diện người lao động tại cơ sở có quyền yêu cầu thương lượng tập thể khi đạt tỷ lệ thành viên tối thiểu trên tổng số người lao động trong doanh nghiệp theo quy định của Chính phủ. Điều này cũng đề cập đến trường hợp khi có nhiều tổ chức đại diện người lao động tại cơ sở, họ có thể tham gia thương lượng tập thể nếu được tổ chức có quyền yêu cầu thương lượng tập thể đồng ý. 

Điều 69 của Bộ Luật Lao động 2019 quy định rằng mỗi bên thương lượng tập thể có quyền mời tổ chức đại diện cấp trên của mình cử người tham gia là đại diện thương lượng và bên kia không được từ chối. 

Điều 76 của Bộ Luật Lao động 2019 quy định rằng trước khi ký kết thỏa ước lao động tập thể, dự thảo thỏa ước lao động tập thể phải được lấy ý kiến của toàn bộ người lao động trong doanh nghiệp. Thỏa ước lao động tập thể chỉ được ký kết khi có trên 50% người lao động biểu quyết tán thành.

---

**Phân tích & Hướng dẫn:**
---
Theo quy định trên, để tổ chức đại diện người lao động của bạn tham gia vào thương lượng tập thể với tổ chức có nhiều thành viên hơn, bạn cần phải thực hiện các bước sau:

1. **Đưa ra yêu cầu:** Đầu tiên, bạn cần chính thức gửi thư hoặc văn bản yêu cầu đến tổ chức có nhiều thành viên hơn, xác định rõ rằng bạn muốn tham gia vào thương lượng tập thể và mong muốn được sự đồng ý của họ.

2. **Thỏa thuận:** Nếu tổ chức có nhiều thành viên hơn đồng ý, hai bên sẽ cần thảo luận và thỏa thuận về số lượng đại diện tham gia thương lượng tập thể. Theo Điều 69 của Bộ Luật Lao động 2019, mỗi bên thương lượng tập thể có quyền quyết định về số lượng đại diện của mình, ngoại trừ trường hợp được bên kia đồng ý"
syn_387_1768630736,Gia đình tôi đang gặp khó khăn vì một người hàng xóm đã xâm phạm vào quyền sử dụng đất của chúng tôi. Tôi nên làm gì để yêu cầu bồi thường thiệt hại?,Điều 170 - Bộ luật Dân sự 2015,False,0.3333333333333333,0.3603385731559855,"**CĂN CỨ PHÁP LUẬT THAM KHẢO:**
---
--- [Tài liệu 1] ---
Văn bản: Bộ luật Dân sự 2015
Nội dung: Điều 607. Bồi thường thiệt hại do xâm phạm mồ mả 1. Cá nhân, pháp nhân xâm phạm đến mồ mả của người khác phải bồi thường thiệt hại. 2. Thiệt hại do xâm phạm mồ mả gồm chi phí hợp lý để hạn chế, khắc phục thiệt hại. 3. Người chịu trách nhiệm bồi thường trong trường hợp mồ mả của người khác bị xâm phạm phải bồi thường theo quy định tại khoản 2 Điều này và một khoản tiền khác để bù đắp tổn thất về tinh thần cho những người thân thích theo thứ tự hàng thừa kế của người chết; nếu không có những người này thì người trực tiếp nuôi dưỡng người chết được hưởng khoản tiền này. Mức bồi thường bù đắp tổn thất về tinh thần do các bên thỏa thuận; nếu không thỏa thuận được thì mức tối đa đối với mỗi mồ mả bị xâm phạm không quá mười lần mức lương cơ sở do Nhà nước quy định.

---

**PHÂN TÍCH VÀ HƯỚNG DẪN:**

Trong trường hợp của bạn, người hàng xóm đã xâm phạm vào quyền sử dụng đất của gia đình bạn, đây có thể coi là hành vi xâm phạm quyền sử dụng đất. Theo Điều 607 của Bộ Luật Dân sự 2015, nếu cá nhân hoặc pháp nhân xâm phạm đến mồ mả của người khác, họ phải bồi thường thiệt hại. Trong trường hợp này, nếu người hàng xóm đã xâm phạm vào đất của gia đình bạn, bạn có thể coi đây là hành vi xâm phạm mồ mả (nếu có mồ mả của bất kỳ thành viên nào trong gia đình bị xâm phạm).

Để yêu cầu bồi thường thiệt hại, bạn cần thực hiện các bước sau:

1. **Nhận diện và xác định thiệt hại:** Bạn cần xác định rõ ràng chi phí hợp lý để hạn chế, khắc phục thiệt hại mà hành vi xâm phạm đã gây ra. Nếu có mồ mả bị xâm phạm, bạn cũng cần xác định thiệt hại về tinh thần mà"
syn_154_1768628894,Chồng tôi là cổ đông lớn của công ty mà tôi muốn tham gia Hội đồng quản trị. Liệu điều này có ảnh hưởng đến khả năng của tôi không?,Điều 155 - Luật Doanh nghiệp 2020,True,1.0,0.39688249400479614,"**Căn cứ pháp lý:**
- Điều 155, Điều 137 và Điều 115, Luật Doanh nghiệp 2020

**Nội dung quy định:**
- Điều 155 quy định về tiêu chuẩn và điều kiện làm thành viên Hội đồng quản trị, trong đó nêu rõ không phải là người có quan hệ gia đình của Giám đốc, Tổng giám đốc và người quản lý khác của công ty.
- Điều 137 quy định về cơ cấu tổ chức quản lý công ty cổ phần, trong đó quy định về số lượng thành viên độc lập trong Hội đồng quản trị.
- Điều 115 quy định quyền của cổ đông phổ thông, trong đó nêu rõ việc tham dự, phát biểu trong cuộc họp Đại hội đồng cổ đông và thực hiện quyền biểu quyết trực tiếp hoặc thông qua người đại diện.

**Phân tích & Hướng dẫn:**
Theo quy định của Luật Doanh nghiệp 2020, nếu bạn muốn tham gia Hội đồng quản trị công ty mà chồng bạn là cổ đông lớn, cần xem xét các tiêu chuẩn và điều kiện cụ thể mà Điều 155 quy định. Theo đó, bạn không được là người có quan hệ gia đình của Giám đốc, Tổng giám đốc và người quản lý khác của công ty, trừ trường hợp Điều lệ công ty có quy định khác.

Trong trường hợp của bạn, nếu chồng bạn là cổ đông lớn và là người có quan hệ gia đình với Giám đốc, Tổng giám đốc hoặc người quản lý khác của công ty, thì điều này có thể ảnh hưởng đến khả năng của bạn tham gia Hội đồng quản trị. 

Tuy nhiên, điều này không đồng nghĩa với việc hoàn toàn không thể tham gia. Bạn cần kiểm tra kỹ Điều lệ công ty xem có quy định nào đặc biệt dành cho trường hợp này hay không. Nếu có, Điều lệ có thể tạo ra các ngoại lệ hoặc yêu cầu thêm để đảm bảo rằng bạn vẫn đáp ứng các tiêu chuẩn và điều kiện cần thiết.

Nếu Điều lệ không có quy định cụ thể, bạn nên thảo luận với Hội đồng quản trị và Đại hội đồng cổ đông để tìm hiểu cách tiếp cận phù hợp. Việc này có thể bao gồm việc thuyết phục họ rằng bạn vẫn đáp ứng các tiêu chuẩn và điều kiện cần thiết, hoặc thậm chí đề xuất việc điều chỉnh Điều lệ công ty để tạo điều kiện cho bạn tham gia.

Cu"
syn_816_1768633599,Con tôi dưới 15 tuổi đã gây thiệt hại cho người khác nhưng trường học cho biết họ không có lỗi trong quản lý. Ai sẽ phải bồi thường trong trường hợp này?,Điều 599 - Bộ luật Dân sự 2015,True,1.0,0.7616221562809099,"**Căn cứ pháp lý:**
- [Tài liệu 1] - Bộ luật Dân sự 2015

**Nội dung quy định:**
1. Điều 599. Bồi thường thiệt hại do người dưới mười lăm tuổi, người mất năng lực hành vi dân sự gây ra trong thời gian trường học, bệnh viện, pháp nhân khác trực tiếp quản lý
   1. Người chưa đủ mười lăm tuổi trong thời gian trường học trực tiếp quản lý mà gây thiệt hại thì trường học phải bồi thường thiệt hại xảy ra.
   2. Người mất năng lực hành vi dân sự gây thiệt hại cho người khác trong thời gian bệnh viện, pháp nhân khác trực tiếp quản lý thì bệnh viện, pháp nhân khác phải bồi thường thiệt hại xảy ra.
   3. Trường học, bệnh viện, pháp nhân khác quy định tại khoản 1 và khoản 2 Điều này không phải bồi thường nếu chứng minh được mình không có lỗi trong quản lý; trong trường hợp này, cha, mẹ, người giám hộ của người dưới mười lăm tuổi, người mất năng lực hành vi dân sự phải bồi thường.

**Phân tích & Hướng dẫn:**
Theo quy định tại Điều 599 của Bộ luật Dân sự 2015, trường hợp con bạn dưới 15 tuổi gây thiệt hại cho người khác, trường học (nếu trường học trực tiếp quản lý con bạn) không phải bồi thường nếu chứng minh được mình không có lỗi trong quản lý. Tuy nhiên, nếu trường học không chứng minh được lỗi quản lý, thì trường hợp này sẽ chuyển sang phía cha, mẹ hoặc người giám hộ của trẻ phải bồi thường thiệt hại.

Trong trường hợp này, vì trường học cho biết họ không có lỗi trong quản lý, nên họ không phải chịu trách nhiệm bồi thường. Nếu cha, mẹ hoặc người giám hộ của con bạn không có tài sản hoặc tài sản không đủ để bồi thường, họ cũng sẽ không phải chịu trách nhiệm. Tuy nhiên, nếu có tài sản riêng, họ sẽ phải sử dụng tài sản đó để bồi thường phần còn thiếu."
syn_433_1768631073,"Gia đình tôi có một ngôi nhà chung, nhưng hiện tại có một thành viên không đồng ý với cách quản lý tài sản. Tôi có thể yêu cầu điều chỉnh cách quản lý tài sản chung không?",Điều 216 - Bộ luật Dân sự 2015,False,0.0,0.30614805520702637,"**CĂN CỨ PHÁP LUẬT THAM KHẢO:**
--- [Tài liệu 1] ---
Văn bản: Luật Hôn nhân và Gia đình 2014
Nội dung: Điều 44. Chiếm hữu, sử dụng, định đoạt tài sản riêng 1. Vợ, chồng có quyền chiếm hữu, sử dụng, định đoạt tài sản riêng của mình; nhập hoặc không nhập tài sản riêng vào tài sản chung. 2. Trong trường hợp vợ hoặc chồng không thể tự mình quản lý tài sản riêng và cũng không ủy quyền cho người khác quản lý thì bên kia có quyền quản lý tài sản đó. Việc quản lý tài sản phải bảo đảm lợi ích của người có tài sản. 3. Nghĩa vụ riêng về tài sản của mỗi người được thanh toán từ tài sản riêng của người đó. 4. Trong trường hợp vợ, chồng có tài sản riêng mà hoa lợi, lợi tức từ tài sản riêng đó là nguồn sống duy nhất của gia đình thì việc định đoạt tài sản này phải có sự đồng ý của chồng, vợ.

--- [Tài liệu 2] ---
Văn bản: Bộ luật Dân sự 2015
Nội dung: Điều 102. Tài sản chung của các thành viên hộ gia đình, tổ hợp tác, tổ chức khác không có tư cách pháp nhân 1. Việc xác định tài sản chung của các thành viên hộ gia đình, quyền, nghĩa vụ đối với tài sản này được xác định theo quy định tại Điều 212 của Bộ luật này. 2. Việc xác định tài sản chung của các thành viên tổ hợp tác, quyền, nghĩa vụ đối với tài sản này được xác định theo quy định tại Điều 506 của Bộ luật này. 3. Việc xác định tài sản chung của các thành viên của tổ chức khác không có tư cách pháp nhân, quyền, nghĩa vụ đối với tài sản này được xác định theo thỏa thuận của các thành viên, trừ trường hợp pháp luật có quy định khác.

--- [Tài liệu 3] ---
Văn bản: Bộ luật Dân sự 2015
Nội dung: Điều 219. Chia tài sản thuộc sở hữu chung 1. Trường hợp sở hữu chung có thể phân chia thì mỗi chủ sở hữu chung đều có quyền"
syn_1167_1768639468_1,"Chồng tôi làm việc tại một công ty sản xuất và hiện tại anh ấy bị tạm đình chỉ công việc do công ty cần điều tra một vụ việc vi phạm. Trong thời gian tạm đình chỉ, anh ấy chỉ được nhận 50% lương. Tôi lo lắng về tài chính gia đình vì chúng tôi có một đứa con nhỏ. Nếu công ty xác định rằng chồng tôi không vi phạm thì anh ấy có được nhận lại toàn bộ số lương không?",Điều 128 - Bộ luật Lao động 2019,True,1.0,0.7059907834101382,"**Căn cứ pháp lý:**
- [Tên điều luật] - [Tên văn bản luật]

**Nội dung quy định:**
Điều 128 Bộ Luật Lao động 2019 quy định về việc tạm đình chỉ công việc của người lao động. Theo đó, người sử dụng lao động có quyền tạm đình chỉ công việc của người lao động khi vụ việc vi phạm có những tình tiết phức tạp. Việc tạm đình chỉ công việc chỉ được thực hiện sau khi tham khảo ý kiến của tổ chức đại diện người lao động tại cơ sở mà người lao động đang bị xem xét tạm đình chỉ công việc là thành viên. Thời hạn tạm đình chỉ công việc không được quá 15 ngày, trường hợp đặc biệt không quá 90 ngày. Trong thời gian bị tạm đình chỉ công việc, người lao động được tạm ứng 50% tiền lương trước khi bị đình chỉ công việc. Hết thời hạn tạm đình chỉ công việc, người sử dụng lao động phải nhận người lao động trở lại làm việc. Trường hợp người lao động bị xử lý kỷ luật lao động, họ không phải trả lại số tiền lương đã tạm ứng. Trường hợp người lao động không bị xử lý kỷ luật lao động thì được người sử dụng lao động trả đủ tiền lương cho thời gian bị tạm đình chỉ công việc.

**Phân tích & Hướng dẫn:**
Theo quy định tại Điều 128 Bộ Luật Lao động 2019, nếu công ty xác định rằng chồng bạn không vi phạm và không bị xử lý kỷ luật lao động, thì theo quy định, chồng bạn sẽ được trả đủ tiền lương cho thời gian bị tạm đình chỉ công việc. Vì vậy, chồng bạn sẽ được nhận lại toàn bộ số lương đã tạm ứng trong thời gian tạm đình chỉ công việc. Điều này đảm bảo rằng chồng bạn không chỉ được trả lương bình thường mà còn được hưởng 50% lương trong thời gian tạm đình chỉ công việc, giúp giảm bớt khó khăn về tài chính gia đình của bạn."
syn_176_1768629077,"Tôi và một người bạn muốn thành lập công ty hợp danh, nhưng bạn tôi không có tài sản cá nhân nào. Liệu chúng tôi có thể thành lập công ty hợp danh không?",Điều 177 - Luật Doanh nghiệp 2020,True,1.0,0.640081799591002,"**Căn cứ pháp lý:**
---
**[Tài liệu 1]**
- **Luật Doanh nghiệp 2020** - Điều 177

---

**Nội dung quy định:**
---
1. Công ty hợp danh là doanh nghiệp, trong đó: a) Phải có ít nhất 02 thành viên là chủ sở hữu chung của công ty, cùng nhau kinh doanh dưới một tên chung (sau đây gọi là thành viên hợp danh).
2. Thành viên hợp danh phải là cá nhân, chịu trách nhiệm bằng toàn bộ tài sản của mình về các nghĩa vụ của công ty.
3. Thành viên góp vốn là tổ chức, cá nhân và chỉ chịu trách nhiệm về các khoản nợ của công ty trong phạm vi số vốn đã cam kết góp vào công ty.
4. Công ty hợp danh có tư cách pháp nhân kể từ ngày được cấp Giấy chứng nhận đăng ký doanh nghiệp.
5. Công ty hợp danh không được phát hành bất kỳ loại chứng khoán nào.

---

**Phân tích & Hướng dẫn:**
---
Theo quy định tại Điều 177 của Luật Doanh nghiệp 2020, thành viên hợp danh của công ty hợp danh phải là cá nhân, chịu trách nhiệm bằng toàn bộ tài sản của mình về các nghĩa vụ của công ty. Bạn của bạn không có tài sản cá nhân nào, do đó không thể là thành viên hợp danh của công ty hợp danh.

Tuy nhiên, theo Điều 188 của Luật Doanh nghiệp 2020, doanh nghiệp tư nhân không được phát hành bất kỳ loại chứng khoán nào và mỗi cá nhân chỉ được quyền thành lập một doanh nghiệp tư nhân. Điều này cũng hạn chế khả năng thành lập một công ty hợp danh vì cả hai thành viên đều phải là cá nhân và không có tài sản cá nhân riêng để trở thành thành viên hợp danh.

Tóm lại, vì không có thành viên hợp danh đủ điều kiện theo quy định của pháp luật, bạn và bạn của bạn không thể thành lập một công ty hợp danh. Thay vào đó, các bạn nên cân nhắc việc thành lập một doanh nghiệp tư nhân, nơi cả hai cá nhân có thể cùng làm chủ và chịu trách nhiệm về hoạt động kinh doanh của doanh nghiệp."
syn_1478_1768641772_0,Tôi có một công ty chuyên sản xuất đồ điện tử và đã phát hiện một đối thủ cạnh tranh của tôi đang bán hàng giả mạo nhãn hiệu của chúng tôi. Họ thu lợi khoảng 250 triệu đồng từ việc này. Tôi có thể làm gì để bảo vệ quyền lợi của mình?,Điều 226 - Bộ luật Hình sự (Văn bản hợp nhất 2017),False,0.6666666666666666,0.3628750872295883,"**Căn cứ pháp lý:**
Điều 195. Tội sản xuất, buôn bán hàng giả là thức ăn dùng để chăn nuôi, phân bón, thuốc thú y, thuốc bảo vệ thực vật, giống cây trồng, giống vật nuôi - Bộ luật Hình sự (Văn bản hợp nhất 2017)

**Nội dung quy định:**
1. Người nào sản xuất, buôn bán hàng giả là thức ăn dùng để chăn nuôi, phân bón, thuốc thú y, thuốc bảo vệ thực vật, giống cây trồng, giống vật nuôi thuộc một trong các trường hợp sau đây, thì bị phạt tiền từ 100.000.000 đồng đến 1.000.000.000 đồng hoặc phạt tù từ 01 năm đến 05 năm:
   - Hàng giả tương đương với số lượng của hàng thật hoặc hàng hóa có cùng tính năng kỹ thuật, công dụng trị giá từ 30.000.000 đồng đến dưới 150.000.000 đồng hoặc dưới 30.000.000 đồng nhưng đã bị xử phạt vi phạm hành chính về một trong các hành vi quy định tại Điều này hoặc tại một trong các điều 188, 189, 190, 191, 193, 194, 195, 196 và 200 của Bộ luật này hoặc đã bị kết án về một trong các tội này, chưa được xóa án tích mà còn vi phạm;
   - Gây thiệt hại về tài sản từ 100.000.000 đồng đến dưới 500.000.000 đồng;
   - Thu lợi bất chính từ 50.000.000 đồng đến dưới 100.000.000 đồng.
   
2. Phạm tội thuộc một trong các trường hợp sau đây, thì bị phạt tù từ 05 năm đến 10 năm:
   - Có tổ chức;
   - Có tính chất chuyên nghiệp;
   - Tái phạm nguy hiểm;
   - Lợi dụng chức vụ, quyền hạn;
   - Lợi dụng danh nghĩa cơ quan, tổ chức;
   - Buôn bán qua biên giới;
   - Hàng giả tương đương với"
syn_153_1768628884,"Công ty tôi đã bầu thành viên Hội đồng quản trị được 5 năm, liệu tôi có thể bầu lại họ không?",Điều 154 - Luật Doanh nghiệp 2020,True,1.0,0.39501779359430605,"**Căn cứ pháp lý:** 
- Điều 154. Nhiệm kỳ và số lượng thành viên Hội đồng quản trị - Luật Doanh nghiệp 2020

**Nội dung quy định:**  
Hội đồng quản trị có thể được bầu lại với số nhiệm kỳ không hạn chế. 

**Phân tích & Hướng dẫn:**  
Theo quy định tại Điều 154 của Luật Doanh nghiệp 2020, Hội đồng quản trị có thể được bầu lại với số nhiệm kỳ không hạn chế. Do đó, bạn hoàn toàn có thể bầu lại thành viên Hội đồng quản trị sau 5 năm, tuân thủ theo quy định của Điều lệ công ty về số lượng và nhiệm kỳ cụ thể."
syn_422_1768630993,"Tôi là một cá nhân và đang sở hữu một căn nhà, nhưng tôi không biết liệu tài sản này có được coi là sở hữu riêng hay không?",Điều 205 - Bộ luật Dân sự 2015,True,0.6666666666666666,0.5047923322683706,"**CĂN CỨ PHÁP LUẬT THAM KHẢO:**

- Văn bản: Bộ luật Dân sự 2015
- Nội dung: Điều 205. Sở hữu riêng và tài sản thuộc sở hữu riêng

**Nội dung quy định:**
1. Sở hữu riêng là sở hữu của một cá nhân hoặc một pháp nhân.
2. Tài sản hợp pháp thuộc sở hữu riêng không bị hạn chế về số lượng, giá trị.

**Phân tích & Hướng dẫn:**

Theo Điều 205 của Bộ Luật Dân sự 2015, tài sản hợp pháp thuộc sở hữu riêng không bị hạn chế về số lượng và giá trị. Do đó, nếu bạn là cá nhân và đang sở hữu một căn nhà, căn nhà đó sẽ được coi là tài sản thuộc sở hữu riêng của bạn, miễn là căn nhà đó là tài sản hợp pháp và bạn là chủ sở hữu hợp pháp của căn nhà đó.

Để chắc chắn hơn, bạn nên kiểm tra giấy tờ pháp lý liên quan đến sở hữu căn nhà đó, như Giấy chứng nhận quyền sử dụng đất, Giấy chứng nhận quyền sở hữu nhà ở và tài sản khác gắn liền với đất. Nếu tất cả giấy tờ đều hợp lệ và chứng minh bạn là chủ sở hữu hợp pháp của căn nhà, thì tài sản này hoàn toàn có thể được coi là sở hữu riêng của bạn.

Nếu bạn cần thêm thông tin chi tiết hoặc có bất kỳ thắc mắc nào khác liên quan đến sở hữu và quyền sở hữu, tôi khuyên bạn nên liên hệ với một chuyên gia pháp lý để được tư vấn cụ thể hơn."
syn_698_1768632806,"Tôi và bên cho thuê có thỏa thuận không ghi rõ thời hạn trả tiền thuê, nhưng tôi có thể trả tiền vào lúc nào cũng được không?",Điều 481 - Bộ luật Dân sự 2015,True,1.0,0.49887640449438203,"**Căn cứ pháp lý:**
- Văn bản: Bộ luật Dân sự 2015
- Nội dung: Điều 481 (1) và Điều 474 (2)

**Nội dung quy định:**
- Điều 481 của Bộ Luật Dân sự 2015 quy định rằng bên thuê phải trả tiền thuê đúng thời hạn đã thỏa thuận; nếu không có thỏa thuận về thời hạn trả tiền thuê thì thời hạn trả tiền thuê được xác định theo tập quán nơi trả tiền; nếu không thể xác định được thời hạn theo tập quán thì bên thuê phải trả tiền khi trả lại tài sản thuê.
- Điều 474 của Bộ Luật Dân sự 2015 quy định rằng nếu các bên không thỏa thuận về thời hạn thuê và thời hạn thuê không thể xác định được theo mục đích thuê, thì mỗi bên có quyền chấm dứt hợp đồng bất cứ lúc nào, nhưng phải thông báo cho bên kia trước một thời gian hợp lý.

**Phân tích & Hướng dẫn:**
Theo quy định tại Điều 481 và Điều 474 của Bộ Luật Dân sự 2015, nếu bạn và bên cho thuê không ghi rõ thời hạn trả tiền thuê, thì theo quy định, thời hạn trả tiền thuê sẽ được xác định theo tập quán nơi trả tiền. Tuy nhiên, nếu không thể xác định được theo tập quán, thì bạn vẫn cần trả tiền khi trả lại tài sản thuê. Điều này đồng nghĩa với việc bạn có thể trả tiền vào bất kỳ thời điểm nào, miễn là bạn đã trả lại tài sản thuê. Tuy nhiên, bạn cần nhớ rằng, theo quy định, bạn phải thông báo cho bên cho thuê trước một thời gian hợp lý về việc trả tiền.

Điều này cũng phù hợp với quy định tại Điều 469 của Bộ Luật Dân sự 2015, về thực hiện hợp đồng vay không kỳ hạn, trong đó cũng có quy định tương tự về việc báo trước cho bên cho vay một thời gian hợp lý khi trả nợ.

Tóm lại, bạn có thể trả tiền vào bất kỳ thời điểm nào, nhưng phải đảm bảo rằng bạn đã trả lại tài sản thuê và báo trước cho bên cho thuê một thời gian hợp lý."
syn_559_1768631931,"Tôi đã ký hợp đồng bảo lãnh cho một người bạn vay tiền, nhưng giờ bạn tôi không trả được nợ. Tôi phải làm gì?",Điều 342 - Bộ luật Dân sự 2015,False,1.0,0.3488888888888889,"**Căn cứ pháp lý:**
---
[Văn bản] Bộ luật Dân sự 2015
[Nội dung] Điều 336. Phạm vi bảo lãnh

**Nội dung quy định:**
1. Bên bảo lãnh có thể cam kết bảo lãnh một phần hoặc toàn bộ nghĩa vụ cho bên được bảo lãnh.
2. Nghĩa vụ bảo lãnh bao gồm cả tiền lãi trên nợ gốc, tiền phạt, tiền bồi thường thiệt hại, lãi trên số tiền chậm trả, trừ trường hợp có thỏa thuận khác.
3. Các bên có thể thỏa thuận sử dụng biện pháp bảo đảm bằng tài sản để bảo đảm thực hiện nghĩa vụ bảo lãnh.
4. Trường hợp nghĩa vụ được bảo lãnh là nghĩa vụ phát sinh trong tương lai thì phạm vi bảo lãnh không bao gồm nghĩa vụ phát sinh sau khi người bảo lãnh chết hoặc pháp nhân bảo lãnh chấm dứt tồn tại.

**Phân tích & Hướng dẫn:**
---
Theo Điều 336 của Bộ Luật Dân sự 2015, bạn đã cam kết bảo lãnh cho người bạn vay tiền, nghĩa vụ bảo lãnh của bạn sẽ bao gồm cả tiền lãi, tiền phạt, tiền bồi thường thiệt hại và lãi trên số tiền chậm trả. Tuy nhiên, cần chú ý rằng phạm vi bảo lãnh không bao gồm các nghĩa vụ phát sinh sau khi bạn chết hoặc pháp nhân bảo lãnh chấm dứt tồn tại.

Hiện tại, bạn bạn không thể trả nợ cho bên cho vay, vì vậy bạn cần liên hệ với bên cho vay để tìm hiểu về các biện pháp xử lý hợp đồng. Theo Điều 466 của Bộ Luật Dân sự 2015, bên vay có trách nhiệm trả nợ theo thỏa thuận trong hợp đồng, trừ trường hợp có thỏa thuận khác hoặc luật có quy định khác.

Bạn nên báo cho bên cho vay về tình hình khó khăn của bạn và xem xét khả năng thực hiện nghĩa vụ bảo lãnh. Có thể hai bên sẽ thảo luận về việc thay đổi hoặc giảm bớt nghĩa vụ bảo lãnh phù hợp với khả năng của bạn. 

Nếu không thể thực hiện nghĩa vụ bảo lãnh, bạn nên tìm kiếm sự hỗ trợ từ bên cho vay để giảm nhẹ nghĩa vụ. Điều 469 của Bộ Luật Dân sự 2015 cho phép bên cho vay đòi lại tài sản bất cứ lúc nào, nhưng phải báo trước cho bên vay"
syn_1015_1768638661_1,"Công ty chúng tôi có ba cổ đông, và chúng tôi quyết định cấp dưỡng cho một tổ chức từ thiện. Tuy nhiên, một trong ba cổ đông muốn giảm mức đóng góp của mình vì lý do tài chính cá nhân. Chúng tôi có thể làm gì để giải quyết tranh chấp này?",Điều 109 - Luật Hôn nhân và Gia đình 2014,False,0.6666666666666666,0.33774834437086093,"**CĂN CỨ PHÁP LUẬT THAM KHẢO:**
---
**[Tài liệu 1]** - **Luật Doanh nghiệp 2020**

**Nội dung quy định:**
a) Cổ đông có quyền tự do chuyển nhượng cổ phần của mình cho người khác, trừ trường hợp quy định tại khoản 3 Điều 120 và khoản 1 Điều 127 của Luật này.
b) Điều lệ công ty có quyền quy định hạn chế chuyển nhượng cổ phần.
c) Cổ đông chỉ chịu trách nhiệm về các khoản nợ và nghĩa vụ tài sản khác của doanh nghiệp trong phạm vi số vốn đã góp vào doanh nghiệp.

**Phân tích & Hướng dẫn:**
Trong tình huống này, một trong ba cổ đông muốn giảm mức đóng góp của mình, dẫn đến tranh chấp về quyền chuyển nhượng cổ phần. Theo điều 127 của Luật Doanh nghiệp 2020, cổ phần được tự do chuyển nhượng, trừ trường hợp quy định tại khoản 3 Điều 120 của Luật này và Điều lệ công ty có quy định hạn chế chuyển nhượng cổ phần.

Để giải quyết tranh chấp này, công ty cần tuân thủ các bước sau:

1. **Kiểm tra Điều lệ công ty:** Xem xét Điều lệ công ty để xem có quy định nào về hạn chế chuyển nhượng cổ phần không. Nếu có, quy định đó sẽ áp dụng cho cổ đông muốn giảm mức đóng góp.

2. **Thảo luận với cổ đông muốn giảm đóng góp:** Công ty nên thảo luận trực tiếp với cổ đông muốn giảm đóng góp về ý tưởng này. Có thể có giải pháp hòa giải để giảm mức đóng góp mà vẫn duy trì quyền chuyển nhượng cổ phần.

3. **Thỏa thuận với các cổ đông còn lại:** Nói chuyện với hai cổ đông còn lại về khả năng chấp nhận mức đóng góp mới của cổ đông muốn giảm đóng góp. Có thể tìm ra một thỏa thuận công bằng giữa tất cả các cổ đông.

4. **Đảm bảo quyền lợi cho tổ chức từ thiện:** Trong quá trình này, công ty cần đảm bảo rằng việc cấp dưỡng cho tổ chức từ thiện vẫn diễn ra theo đúng quy định của pháp luật và không gây ra bất kỳ tranh chấp nào khác.

5. **Thực hiện theo quy định của pháp luật về chuyển nhượng cổ phần:**"
syn_344_1768630457,"Tôi bị đe dọa khi ký hợp đồng vay tiền và hiện tại tôi muốn hủy hợp đồng này, liệu tôi có quyền yêu cầu Tòa án can thiệp không?",Điều 127 - Bộ luật Dân sự 2015,False,0.6666666666666666,0.39790575916230364,"**CĂN CỨ PHÁP LUẬT THAM KHẢO:**
---
- **Tài liệu 1:** Bộ luật Dân sự 2015
- **Tài liệu 3:** Luật Hôn nhân và Gia đình 2014

---

**Nội dung quy định:**
Theo Điều 132 của Bộ luật Dân sự 2015, thời hiệu yêu cầu Tòa án tuyên bố giao dịch dân sự vô hiệu là 2 năm, kể từ ngày người đại diện của người chưa thành niên, người mất năng lực hành vi dân sự, người có khó khăn trong nhận thức, làm chủ hành vi, người bị hạn chế năng lực hành vi dân sự biết hoặc phải biết người được đại diện tự mình xác lập, thực hiện giao dịch; hoặc người bị nhầm lẫn, bị lừa dối biết hoặc phải biết giao dịch được xác lập do bị nhầm lẫn, do bị lừa dối; hoặc người có hành vi đe dọa, cưỡng ép chấm dứt hành vi đe dọa, cưỡng ép; hoặc người không nhận thức và làm chủ được hành vi của mình xác lập giao dịch. 

Điều 10 của Luật Hôn nhân và Gia đình 2014 cũng quy định rằng người bị cưỡng ép kết hôn, bị lừa dối kết hôn có quyền yêu cầu Tòa án hủy việc kết hôn trái pháp luật do việc kết hôn vi phạm quy định tại điểm b khoản 1 Điều 8 của Luật này.

---

**Phân tích & Hướng dẫn:**
Theo thông tin bạn cung cấp, bạn đã bị đe dọa khi ký hợp đồng vay tiền. Theo quy định tại Điều 132 của Bộ luật Dân sự 2015, nếu bạn là người bị đe dọa và biết hoặc phải biết giao dịch được xác lập do bị đe dọa, thì bạn có quyền yêu cầu Tòa án tuyên bố hợp đồng vay tiền vô hiệu. 

Tuy nhiên, cần lưu ý rằng thời hiệu yêu cầu này là 2 năm kể từ ngày bạn biết hoặc phải biết về hành vi đe dọa. Nếu thời gian đã trôi qua từ khi bạn biết hoặc phải biết hành vi đe dọa mà bạn chưa có hành động yêu cầu Tòa án can thiệp, thì hợp đồng v"
syn_1053_1768638855_2,Tôi làm việc cho một công ty và hợp đồng lao động của tôi đã được ký bằng hình thức điện tử. Điều này có được coi là hợp lệ không?,Điều 14 - Bộ luật Lao động 2019,True,1.0,0.5755053507728893,"**Căn cứ pháp lý:** 
Điều 14. Hình thức hợp đồng lao động - Bộ luật Lao động 2019

**Nội dung quy định:**
Hợp đồng lao động phải được giao kết bằng văn bản và được làm thành 02 bản, người lao động giữ 01 bản, người sử dụng lao động giữ 01 bản, trừ trường hợp quy định tại khoản 2 Điều này. Hợp đồng lao động được giao kết thông qua phương tiện điện tử dưới hình thức thông điệp dữ liệu theo quy định của pháp luật về giao dịch điện tử có giá trị như hợp đồng lao động bằng văn bản.

**Phân tích & Hướng dẫn:**
Theo Điều 14 của Bộ luật Lao động 2019, hợp đồng lao động được giao kết thông qua phương tiện điện tử dưới hình thức thông điệp dữ liệu theo quy định của pháp luật về giao dịch điện tử có giá trị như hợp đồng lao động bằng văn bản. Điều này có nghĩa là hợp đồng lao động được ký bằng hình thức điện tử vẫn được coi là hợp lệ nếu tuân thủ các quy định về giao dịch điện tử.

Tuy nhiên, cần lưu ý rằng hợp đồng lao động vẫn phải được giao kết bằng văn bản và phải có hai bản, trong đó một bản cho người lao động và một bản cho người sử dụng lao động. 

Trong trường hợp của bạn, nếu hợp đồng lao động đã được ký bằng hình thức điện tử và tuân thủ các quy định về giao dịch điện tử, thì điều này có thể coi là hợp lệ. Tuy nhiên, bạn nên lưu trữ hai bản hợp đồng (một bản cho người lao động và một bản cho người sử dụng lao động) để đảm bảo compliance với quy định của pháp luật. 

Ngoài ra, nếu công ty của bạn không có quy định riêng về hợp đồng lao động bằng văn bản, thì việc tuân thủ theo quy định chung của Bộ luật Lao động 2019 là đủ."
syn_584_1768632117,"Tôi đã chuyển nhượng quyền yêu cầu một khoản nợ cho một người khác, nhưng bên nợ không trả. Tôi có phải chịu trách nhiệm gì không?",Điều 367 - Bộ luật Dân sự 2015,True,0.6666666666666666,0.5628930817610063,"**Căn cứ pháp lý:**
--- [Tài liệu 1] ---
Văn bản: Bộ luật Dân sự 2015
Nội dung: Điều 367. Không chịu trách nhiệm sau khi chuyển giao quyền yêu cầu Người chuyển giao quyền yêu cầu không phải chịu trách nhiệm về khả năng thực hiện nghĩa vụ của bên có nghĩa vụ sau khi chuyển giao quyền yêu cầu, trừ trường hợp có thỏa thuận khác.

**Phân tích & Hướng dẫn:**
Theo Điều 367 của Bộ Luật Dân sự 2015, bạn, người chuyển giao quyền yêu cầu, không phải chịu trách nhiệm về khả năng thực hiện nghĩa vụ của bên có nghĩa vụ sau khi bạn chuyển giao quyền yêu cầu, ngoại trừ trường hợp có thỏa thuận khác. 

Trong trường hợp này, bạn đã chuyển quyền yêu cầu một khoản nợ cho một người khác, và bên nợ (bên có nghĩa vụ trả nợ) không trả nợ. Do đó, căn cứ vào điều luật trên, bạn không phải chịu trách nhiệm về khả năng thực hiện nghĩa vụ trả nợ của bên nợ sau khi bạn đã chuyển quyền yêu cầu.

Tuy nhiên, cần lưu ý rằng, nếu bên chuyển giao quyền yêu cầu và bên nhận quyền yêu cầu có thỏa thuận khác về trách nhiệm sau khi chuyển giao quyền yêu cầu, điều này sẽ thay đổi quy định trên. Nếu bạn và người nhận quyền yêu cầu đã có thỏa thuận cụ thể về trách nhiệm sau khi chuyển giao quyền yêu cầu, bạn nên tuân theo những thỏa thuận đó."
syn_962_1768634552,Tôi biết rằng chồng tôi đã có hành vi bạo lực gia đình và điều này đã ảnh hưởng nghiêm trọng đến sức khỏe và tinh thần của tôi. Tôi có thể xin ly hôn không?,Điều 56 - Luật Hôn nhân và Gia đình 2014,True,1.0,0.5434782608695652,"**Căn cứ pháp lý:** 
Điều 51 và Điều 56 - Luật Hôn nhân và Gia đình 2014

**Nội dung quy định:**
Điều 51: Vợ, chồng hoặc cả hai người có quyền yêu cầu Tòa án giải quyết ly hôn. Điều 56: Khi vợ hoặc chồng yêu cầu ly hôn mà hòa giải tại Tòa án không thành thì Tòa án giải quyết cho ly hôn nếu có căn cứ về việc vợ, chồng có hành vi bạo lực gia đình hoặc vi phạm nghiêm trọng quyền, nghĩa vụ của vợ, chồng làm cho hôn nhân lâm vào tình trạng trầm trọng, đời sống chung không thể kéo dài, mục đích của hôn nhân không đạt được.

**Phân tích & Hướng dẫn:**
Theo Điều 51 và Điều 56 của Luật Hôn nhân và Gia đình 2014, bạn có quyền yêu cầu ly hôn nếu bạn chứng minh rằng chồng bạn đã có hành vi bạo lực gia đình và điều này đã gây ra hậu quả nghiêm trọng đối với sức khỏe và tinh thần của bạn. 

Trong trường hợp của bạn, vì chồng bạn đã có hành vi bạo lực gia đình và đã gây ra ảnh hưởng nghiêm trọng đến sức khỏe và tinh thần của bạn, bạn hoàn toàn có thể yêu cầu ly hôn. Việc này cần được chứng minh thông qua các tài liệu, bằng chứng phù hợp và bạn nên liên hệ với Tòa án để trình bày hồ sơ yêu cầu ly hôn.

Tuy nhiên, trước khi đưa ra quyết định ly hôn, bạn nên cân nhắc kỹ lưỡng về các phương án hòa giải, vì hòa giải vẫn là bước đầu tiên và thường là phương án tốt nhất trong việc giải quyết các tranh chấp hôn nhân. Nếu hòa giải không thành công, Tòa án sẽ xem xét yêu cầu của bạn và đưa ra phán quyết cuối cùng.

Ngoài ra, cần lưu ý rằng việc chứng minh hành vi bạo lực gia đình cần phải đầy đủ và hợp lệ. Bạn nên tìm kiếm sự hỗ trợ từ luật sư để đảm bảo rằng tất cả các bằng chứng và yêu cầu đều được xử lý một cách hợp pháp và hiệu quả."
syn_312_1768630229,"Công ty tôi đã nợ ngân hàng và không còn khả năng thanh toán, nhưng tôi không biết bắt đầu từ đâu để tiến hành thủ tục phá sản.",Điều 95 - Bộ luật Dân sự 2015,False,1.0,0.27210884353741494,"**Căn cứ pháp lý:** 
- Điều 207 và Điều 208 của Luật Doanh nghiệp 2020

**Nội dung quy định:**
1. Điều 207 của Luật Doanh nghiệp 2020 quy định các trường hợp và điều kiện giải thể doanh nghiệp, trong đó có trường hợp doanh nghiệp không thể thanh toán hết các khoản nợ, nghĩa vụ tài sản khác và đang trong quá trình giải quyết tranh chấp tại Tòa án hoặc Trọng tài.
2. Điều 208 của Luật Doanh nghiệp 2020 quy định trình tự, thủ tục giải thể doanh nghiệp, trong đó bao gồm việc thông qua nghị quyết, quyết định giải thể, thanh lý tài sản, thanh toán các khoản nợ, niêm yết công khai, và chia phần còn lại cho chủ doanh nghiệp.

**Phân tích & Hướng dẫn:**

Bắt đầu quá trình phá sản (hoặc giải thể doanh nghiệp) cần tuân theo các bước quy định trong Luật Doanh nghiệp 2020:

1. **Đánh giá tình hình tài chính:** Bạn cần kiểm tra lại tình hình tài chính hiện tại của công ty, xem xét mức độ khả năng thanh toán các khoản nợ. Nếu công ty không thể thanh toán hết các khoản nợ, bạn cần tìm hiểu kỹ các biện pháp giải quyết như vay thêm từ ngân hàng hoặc đối tác kinh doanh, hoặc tìm kiếm các nguồn tài chính khác.

2. **Thực hiện các thủ tục giải thể:** Theo Điều 208 của Luật Doanh nghiệp 2020, bạn cần thực hiện các bước sau:
   - **Thông qua nghị quyết, quyết định giải thể:** Đây là bước bắt buộc đầu tiên, bạn cần thông qua nghị quyết, quyết định giải thể doanh nghiệp theo quy định của Luật. Nội dung nghị quyết, quyết định cần bao gồm các thông tin như tên, địa chỉ trụ sở chính của doanh nghiệp, lý do giải thể, thời hạn thanh lý hợp đồng và thanh toán các khoản nợ, phương án xử lý nghĩa vụ lao động, và tên, chữ ký của chủ doanh nghiệp.
   - **Thanh lý tài sản và thanh toán nợ:** Bạn cần tổ chức thanh lý tài sản doanh nghiệp và thanh toán các khoản nợ, bao gồm cả nợ với ngân hàng."
syn_305_1768630179,"Nếu công ty tôi hợp nhất với một công ty khác, quyền lợi và nghĩa vụ của công ty cũ sẽ được chuyển giao như thế nào?",Điều 88 - Bộ luật Dân sự 2015,False,0.3333333333333333,0.11451942740286299,"**Căn cứ pháp lý:**
Điều 200, Điều 201, Điều 202, Điều 203, Điều 204, Điều 205, Điều 206, Điều 207, Điều 208, Điều 209, Điều 210, Điều 211, Điều 212, Điều 213, Điều 214, Điều 215, Điều 216, Điều 217, Điều 218, Điều 219, Điều 220, Điều 221, Điều 222, Điều 223, Điều 224, Điều 225, Điều 226, Điều 227, Điều 228, Điều 229, Điều 230, Điều 231, Điều 232, Điều 233, Điều 234, Điều 235, Điều 236, Điều 237, Điều 238, Điều 239, Điều 240, Điều 241, Điều 242, Điều 243, Điều 244, Điều 245, Điều 246, Điều 247, Điều 248, Điều 249, Điều 250, Điều 251, Điều 252, Điều 253, Điều 254, Điều 255, Điều 256, Điều 257, Điều 258, Điều 259, Điều 260, Điều 261, Điều 262, Điều 263, Điều 264, Điều 265, Điều 266, Điều 267, Điều 268, Điều 269, Điều 270, Điều 271, Điều 272, Điều 273, Điều 274, Điều 275, Điều 276, Điều 277, Điều 278, Điều 279, Điều 280, Điều 281, Điều 282, Điều 28"
syn_848_1768633796,"Tôi muốn lập di chúc để lại tài sản cho các con, nhưng không biết nội dung cần có trong di chúc là gì?",Điều 631 - Bộ luật Dân sự 2015,True,1.0,0.6688241639697952,"**Căn cứ pháp lý:**
- Điều 631, Bộ Luật Dân sự 2015

**Nội dung quy định:**
1. Di chúc gồm các nội dung chủ yếu sau: a) Ngày, tháng, năm lập di chúc; b) Họ, tên và nơi cư trú của người lập di chúc; c) Họ, tên người, cơ quan, tổ chức được hưởng di sản; d) Di sản để lại và nơi có di sản. 2. Ngoài các nội dung quy định tại khoản 1 Điều này, di chúc có thể có các nội dung khác. 3. Di chúc không được viết tắt hoặc viết bằng ký hiệu, nếu di chúc gồm nhiều trang thì mỗi trang phải được ghi số thứ tự và có chữ ký hoặc điểm chỉ của người lập di chúc. Trường hợp di chúc có sự tẩy xóa, sửa chữa thì người tự viết di chúc hoặc người làm chứng di chúc phải ký tên bên cạnh chỗ tẩy xóa, sửa chữa.

**Phân tích & Hướng dẫn:**
Để lập di chúc hợp pháp để lại tài sản cho các con, bạn cần tuân thủ các nội dung quy định trong Điều 631 của Bộ Luật Dân sự 2015. Theo đó, nội dung di chúc cần bao gồm:

1. Ngày, tháng, năm lập di chúc.
2. Họ, tên và nơi cư trú của người lập di chúc.
3. Họ, tên người, cơ quan, tổ chức được hưởng di sản (trong trường hợp bạn muốn để lại tài sản cho các con, bạn cần ghi rõ họ tên của từng con).
4. Di sản để lại và nơi có di sản.

Ngoài ra, di chúc có thể bao gồm thêm các nội dung khác tùy thuộc vào nhu cầu cụ thể của bạn. Tuy nhiên, tất cả các thông tin trên đều cần được ghi rõ ràng và chính xác, đảm bảo tính pháp lý của di chúc.

Lưu ý rằng, di chúc của bạn cần phải được lập thành văn bản và được ghi rõ các nội dung trên. Nếu di chúc có nhiều trang, mỗi trang cần được ghi số thứ tự và có chữ ký hoặc điểm chỉ của người lập di chúc. Trường hợp có sự tẩy xóa, sửa chữa, cần có người tự viết di"
syn_323_1768630321,Tôi vừa mua một chiếc ô tô và tôi muốn biết liệu tôi có phải đăng ký quyền sở hữu chiếc ô tô này hay không?,Điều 106 - Bộ luật Dân sự 2015,True,1.0,0.6394779771615009,"**Căn cứ pháp lý:**
---
[Văn bản] Bộ luật Dân sự 2015  
[Nội dung] Điều 106. Đăng ký tài sản

**Nội dung quy định:**
---
1. Quyền sở hữu, quyền khác đối với tài sản là bất động sản được đăng ký theo quy định của Bộ luật này và pháp luật về đăng ký tài sản.
2. Quyền sở hữu, quyền khác đối với tài sản là động sản không phải đăng ký, trừ trường hợp pháp luật về đăng ký tài sản có quy định khác.
3. Việc đăng ký tài sản phải được công khán.

**Phân tích & Hướng dẫn:**
---
Theo Điều 106 của Bộ luật Dân sự 2015, quyền sở hữu đối với tài sản là động sản không bắt buộc phải đăng ký, ngoại trừ khi có quy định cụ thể khác trong pháp luật về đăng ký tài sản. 

Do đó, vì chiếc ô tô là tài sản động sản, không phải bất động sản, nên bạn không cần phải đăng ký quyền sở hữu chiếc ô tô này theo quy định của Bộ luật Dân sự 2015. Tuy nhiên, nếu có quy định cụ thể nào khác trong pháp luật về đăng ký tài sản yêu cầu bạn phải đăng ký quyền sở hữu chiếc ô tô, bạn cần tuân theo quy định đó.

Trong trường hợp này, nếu không có quy định cụ thể nào khác, bạn hoàn toàn có quyền không đăng ký quyền sở hữu chiếc ô tô."
syn_82_1768628354,"Nếu tôi phát hiện ra rằng một thành viên trong Hội đồng thành viên đang lạm dụng thông tin của công ty để tư lợi cá nhân, tôi nên làm gì để báo cáo tình huống này?",Điều 83 - Luật Doanh nghiệp 2020,False,0.6666666666666666,0.38579654510556627,"**Căn cứ pháp lý:**
---
[Tài liệu 1] - [Điều 97 của Luật Doanh nghiệp 2020]
Nội dung: Điều 97. Trách nhiệm của Chủ tịch và thành viên khác của Hội đồng thành viên 1. ... 7. Trường hợp thành viên Hội đồng thành viên phát hiện có thành viên Hội đồng thành viên khác có hành vi vi phạm trong thực hiện quyền và nghĩa vụ được giao thì có trách nhiệm báo cáo bằng văn bản với cơ quan đại diện chủ sở hữu; yêu cầu thành viên vi phạm chấm dứt hành vi vi phạm và khắc phục hậu quả.
---

**Phân tích & Hướng dẫn:**

Theo Điều 97 của Luật Doanh nghiệp 2020, nếu bạn phát hiện một thành viên trong Hội đồng thành viên đang lạm dụng thông tin của công ty để tư lợi cá nhân, bạn có quyền và nghĩa vụ báo cáo bằng văn bản với cơ quan đại diện chủ sở hữu. 

Bằng cách báo cáo hành vi lạm dụng thông tin của công ty này, bạn đang tuân thủ quy định về trách nhiệm của thành viên Hội đồng thành viên, cụ thể là điểm 7 của Điều 97. Theo đó, bạn cần yêu cầu thành viên vi phạm chấm dứt hành vi vi phạm và khắc phục hậu quả. 

Sau khi báo cáo, bạn cũng có quyền yêu cầu cơ quan đại diện chủ sở hữu thực hiện các biện pháp cần thiết để ngăn chặn hành vi vi phạm và bảo vệ quyền lợi của công ty. Việc này giúp bảo vệ lợi ích hợp pháp của công ty và đảm bảo compliance với các quy định pháp luật.

Lưu ý rằng việc báo cáo cần được thực hiện một cách kịp thời và chính xác để đảm bảo hiệu lực của quy định. Đồng thời, bạn nên có thêm thông tin về cơ quan đại diện chủ sở hữu để có thể tiến hành báo cáo một cách chính xác và kịp thời."
syn_1128_1768639234_0,Tôi là chủ một công ty nhỏ và đang thương lượng thỏa ước lao động tập thể với công đoàn. Vậy chi phí cho việc thương lượng và ký kết thỏa ước này ai sẽ phải chi trả?,Điều 89 - Bộ luật Lao động 2019,True,1.0,0.5263157894736843,"**Căn cứ pháp lý:**
---
[Văn bản] Bộ luật Lao động 2019 - [Tên điều luật]
---

**Nội dung quy định:**
---
[Trích dẫn chính xác nội dung điều luật áp dụng]
Điều 89. Chi phí thương lượng, ký kết thỏa ước lao động tập thể Mọi chi phí cho việc thương lượng, ký kết, sửa đổi, bổ sung, gửi và công bố thỏa ước lao động tập thể do phía người sử dụng lao động chi trả. Chương VI TIỀN LƯƠNG
---

**Phân tích & Hướng dẫn:**
---
Theo Điều 89 của Bộ Luật Lao động 2019, mọi chi phí cho việc thương lượng, ký kết, sửa đổi, bổ sung, gửi và công bố thỏa ước lao động tập thể đều do phía người sử dụng lao động chi trả. Trong trường hợp của bạn, chủ một công ty nhỏ đang thương lượng thỏa ước lao động tập thể với công đoàn, thì tất cả các chi phí liên quan đến quá trình thương lượng và ký kết thỏa ước này đều thuộc trách nhiệm của bạn, người sử dụng lao động.

Như vậy, bạn cần đảm bảo rằng đã chuẩn bị đầy đủ và chi trả cho tất cả các khoản phí liên quan đến quá trình thương lượng và ký kết thỏa ước lao động tập thể với công đoàn. Điều này bao gồm cả chi phí cho việc thuê chuyên gia tư vấn lao động, tổ chức cuộc họp, chuẩn bị tài liệu, và các chi phí phát sinh khác trong quá trình thương lượng.
---
Trên đây là phân tích và hướng dẫn theo căn cứ pháp lý mà bạn yêu cầu. Nếu có thêm thông tin hoặc câu hỏi cụ thể, tôi sẽ rất vui lòng hỗ trợ bạn thêm."
syn_1217_1768639768_0,Tôi là đại diện cho một nhóm công nhân tại công ty và chúng tôi đang gặp khó khăn trong việc thương lượng về mức lương. Tôi muốn biết liệu bên công ty có quyền từ chối tham gia thương lượng với chúng tôi không?,Điều 178 - Bộ luật Lao động 2019,False,0.0,0.3834710743801653,"**CĂN CỨ PHÁP LUẬT THAM KHẢO:**
---
--- [Tài liệu 1] ---
Văn bản: Bộ luật Lao động 2019
Nội dung: Điều 69. Đại diện thương lượng tập thể tại doanh nghiệp 1. Số lượng người tham gia thương lượng tập thể của mỗi bên do các bên thỏa thuận. 2. Thành phần tham gia thương lượng tập thể của mỗi bên do bên đó quyết định. Trường hợp bên người lao động có nhiều tổ chức đại diện tham gia thương lượng tập thể theo quy định tại khoản 2 Điều 68 của Bộ luật này thì tổ chức đại diện có quyền yêu cầu thương lượng quyết định số lượng đại diện của mỗi tổ chức tham gia thương lượng. Trường hợp bên người lao động có nhiều tổ chức đại diện tham gia thương lượng tập thể theo quy định tại khoản 3 Điều 68 của Bộ luật này thì số lượng đại diện của mỗi tổ chức do các tổ chức đó thỏa thuận. Trường hợp không thỏa thuận được thì từng tổ chức xác định số lượng đại diện tham gia tương ứng theo số lượng thành viên của tổ chức mình trên tổng số thành viên của các tổ chức. 3. Mỗi bên thương lượng tập thể có quyền mời tổ chức đại diện cấp trên của mình cử người tham gia là đại diện thương lượng và bên kia không được từ chối. Đại diện thương lượng tập thể của mỗi bên không được vượt quá số lượng quy định tại khoản 1 Điều này, trừ trường hợp được bên kia đồng ý.

--- [Tài liệu 2] ---
Văn bản: Bộ luật Lao động 2019
Nội dung: Điều 70. Quy trình thương lượng tập thể tại doanh nghiệp 1. Khi có yêu cầu thương lượng tập thể của tổ chức đại diện người lao động tại cơ sở có quyền yêu cầu thương lượng tập thể theo quy định tại Điều 68 của Bộ luật này hoặc yêu cầu của người sử dụng lao động thì bên nhận được yêu cầu không được từ chối việc thương lượng. Trong thời hạn 07 ngày làm việc kể từ ngày nhận được yêu cầu và nội dung thương lượng, các bên thỏa thuận về địa điểm, thời gian bắt đầu thương lượng. Người sử dụng lao động có trách nhiệm bố trí thời gian, địa điểm và các điều kiện cần"
syn_975_1768634652,"Gia đình tôi gặp khó khăn tài chính, tôi có thể yêu cầu con tôi làm việc để giúp đỡ gia đình không, hay điều đó có vi phạm pháp luật?",Điều 69 - Luật Hôn nhân và Gia đình 2014,True,0.3333333333333333,0.39004975124378105,"**CĂN CỨ PHÁP LUẬT THAM KHẢO:**

- **[Tài liệu 1]**
  - **Điều 72**: Cha mẹ có quyền và nghĩa vụ hướng dẫn con chọn nghề; tôn trọng quyền chọn nghề, quyền tham gia hoạt động chính trị, kinh tế, văn hóa, xã hội của con.
- **[Tài liệu 2]**
  - **Điều 70**: Con chưa thành niên, con đã thành niên mất năng lực hành vi dân sự hoặc không có khả năng lao động và không có tài sản để tự nuôi mình thì có quyền sống chung với cha mẹ, được cha mẹ trông nom, nuôi dưỡng, chăm sóc. Con chưa thành niên tham gia công việc gia đình phù hợp với lứa tuổi và không trái với quy định của pháp luật về bảo vệ, chăm sóc và giáo dục trẻ em.
  - **Điều 70**: Con đã thành niên có quyền tự do lựa chọn nghề nghiệp, nơi cư trú, học tập, nâng cao trình độ văn hóa, chuyên môn, nghiệp vụ; tham gia hoạt động chính trị, kinh tế, văn hóa, xã hội theo nguyện vọng và khả năng của mình. Khi sống cùng với cha mẹ, con có nghĩa vụ tham gia công việc gia đình, lao động, sản xuất, tạo thu nhập nhằm bảo đảm đời sống chung của gia đình; đóng góp thu nhập vào việc đáp ứng nhu cầu của gia đình phù hợp với khả năng của mình.
- **[Tài liệu 3]**
  - **Điều 69**: Cha mẹ có nghĩa vụ chăm lo việc học tập, giáo dục để con phát triển lành mạnh về thể chất, trí tuệ, đạo đức, trở thành người con hiếu thảo của gia đình, công dân có ích cho xã hội. 3. Cha mẹ có nghĩa vụ giám hộ hoặc đại diện theo quy định của Bộ luật dân sự cho con chưa thành niên, con đã thành niên mất năng lực hành vi dân sự.

**Nội dung quy định:**

Theo Điều 70 của Luật Hôn nhân và Gia đình 2014, nếu con chưa thành niên hoặc đã thành niên nhưng mất năng lực hành vi dân sự hoặc không có khả năng lao động và không có tài sản để tự nuôi mình, con có quyền sống chung với cha mẹ, được cha mẹ"
syn_912_1768634214,"Tôi và vợ tôi đang có tranh chấp về tài sản trong thời kỳ hôn nhân, nhưng chúng tôi không tìm thấy quy định nào cụ thể trong Luật Hôn nhân và Gia đình. Vậy chúng tôi có thể áp dụng quy định nào từ Bộ luật dân sự không?",Điều 6 - Luật Hôn nhân và Gia đình 2014,True,1.0,0.45512010113780027,"**Căn cứ pháp lý:**
- **Tài liệu 1**: Luật Hôn nhân và Gia đình 2014 - Điều 38
- **Tài liệu 2**: Luật Hôn nhân và Gia đình 2014 - Điều 6
- **Tài liệu 3**: Luật Hôn nhân và Gia đình 2014 - Điều 60

**Nội dung quy định:**
1. Theo Điều 38 của Luật Hôn nhân và Gia đình 2014, vợ chồng có quyền thỏa thuận chia tài sản chung trong thời kỳ hôn nhân, trừ trường hợp quy định tại Điều 42 của Luật này.
2. Theo Điều 6 của Luật Hôn nhân và Gia đình 2014, các quy định của Bộ luật dân sự và các luật khác có liên quan đến quan hệ hôn nhân và gia đình được áp dụng đối với quan hệ hôn nhân và gia đình trong trường hợp Luật này không quy định.
3. Theo Điều 60 của Luật Hôn nhân và Gia đình 2014, nếu vợ chồng và người thứ ba có tranh chấp về quyền, nghĩa vụ tài sản, thì áp dụng quy định tại các điều 27, 37 và 45 của Luật này cùng với quy định của Bộ luật dân sự để giải quyết.

**Phân tích & Hướng dẫn:**
Theo Điều 6 của Luật Hôn nhân và Gia đình 2014, khi không có quy định cụ thể trong Luật này, các quy định của Bộ luật dân sự sẽ được áp dụng. 

Trong trường hợp của bạn, mặc dù không có quy định cụ thể về việc giải quyết tranh chấp tài sản giữa vợ chồng trong thời kỳ hôn nhân, nhưng quy định tại Điều 60 của Luật Hôn nhân và Gia đình 2014 chỉ ra rằng nếu có tranh chấp về quyền, nghĩa vụ tài sản, thì sẽ áp dụng quy định tương ứng tại các điều 27, 37 và 45 của Luật này cùng với quy định của Bộ luật dân sự.

Để giải quyết tranh chấp tài sản, bạn nên:

1. Thỏa thuận với vợ về việc chia tài sản chung, nếu có thể.
2. Nếu không thể thỏa thuận được, bạn có thể yêu cầu Tòa án giải quyết theo quy định tại"
syn_1296_1768640284_0,"Tôi là một chủ doanh nghiệp nhỏ và gần đây tôi đã bị khởi tố vì một lỗi vi phạm trong báo cáo thuế. Nếu tôi bị kết án, mức phạt tiền có thể là bao nhiêu và có cách nào để giảm mức phạt không?",Điều 35 - Bộ luật Hình sự (Văn bản hợp nhất 2017),False,1.0,0.35182998819362454,"**Căn cứ pháp lý:** 
- Điều 200. Tội trốn thuế - Điều 223. Tội thông đồng, bao che cho người nộp thuế gây hậu quả nghiêm trọng - Điều 63. Giảm mức hình phạt - Văn bản: Bộ luật Hình sự (Văn bản hợp nhất 2017)

**Nội dung quy định:**

**Phân tích & Hướng dẫn:**

Theo quy định tại Điều 200 của Bộ luật Hình sự (Văn bản hợp nhất 2017), nếu bạn bị kết án tội trốn thuế với số tiền từ 100.000.000 đồng đến dưới 300.000.000 đồng hoặc dưới 100.000.000 đồng, nhưng đã bị xử phạt vi phạm hành chính về hành vi trốn thuế hoặc đã bị kết án về tội này hoặc về một trong các tội quy định tại các điều 188, 189, 190, 191, 192, 193, 194, 195, 196, 250, 251, 253, 254, 304, 305, 306, 309 và 311 của Bộ luật này, chưa được xóa án tích mà còn vi phạm, thì mức phạt tiền có thể là từ 100.000.000 đồng đến 500.000.000 đồng hoặc phạt tù từ 03 tháng đến 01 năm. 

Nếu phạm tội thuộc một trong các trường hợp quy định tại các điểm a, b, d và đ khoản 2 Điều 200 của Bộ luật Hình sự, thì mức phạt tiền có thể tăng lên từ 500.000.000 đồng đến 1.500.000.000 đồng hoặc phạt tù từ 01 năm đến 03 năm.

Nếu phạm tội trốn thuế với số tiền 1.000.000.000 đồng trở lên, thì mức phạt tiền có thể là từ 1.500.000.000 đồng đến 4.500"
syn_1087_1768639029_2,Công ty của tôi đã thông báo sẽ sáp nhập với một công ty khác. Tôi muốn biết quyền lợi của tôi có bị ảnh hưởng và thời gian nào để tôi nhận đủ các khoản thanh toán không?,Điều 48 - Bộ luật Lao động 2019,False,0.3333333333333333,0.3375224416517056,"**CĂN CỨ PHÁP LUẬT THAM KHẢO:**
---
**Tài liệu 1:**
- **Luật Doanh nghiệp 2020** - Điều 201: Quy định về sáp nhập công ty.
- **Tài liệu 2:**
  - **Bộ luật Dân sự 2015** - Điều 225: Quy định về xác lập quyền sở hữu trong trường hợp sáp nhập.
---
**Tài liệu 3:**
- **Luật Doanh nghiệp 2020** - Điều 113: Quy định về thanh toán cổ phần đã đăng ký mua khi đăng ký thành lập doanh nghiệp.

**CÂU HỎI:**
Công ty của tôi đã thông báo sẽ sáp nhập với một công ty khác. Tôi muốn biết quyền lợi của tôi có bị ảnh hưởng và thời gian nào để tôi nhận đủ các khoản thanh toán không?

**CĂN CỨ PHÁP LUẬT THAM KHẢO:**
---
**Tài liệu 1:**
- Điều 201 của Luật Doanh nghiệp 2020 quy định về sáp nhập công ty. Theo điều này, một hoặc một số công ty có thể sáp nhập vào một công ty khác, đồng thời chấm dứt sự tồn tại của công ty bị sáp nhập. Thủ tục sáp nhập được quy định cụ thể, trong đó bao gồm việc chuẩn bị hợp đồng sáp nhập, đăng ký doanh nghiệp công ty nhận sáp nhập, và việc chấm dứt tồn tại của công ty bị sáp nhập.

**Phân tích & Hướng dẫn:**
---
**Phân tích quy định:**
Theo Điều 201 của Luật Doanh nghiệp 2020, khi công ty của bạn thông báo sáp nhập với một công ty khác, quyền lợi của bạn có thể bị ảnh hưởng tùy thuộc vào cách thức sáp nhập được thực hiện. Nếu sáp nhập diễn ra theo đúng quy định và thủ tục, quyền lợi của bạn sẽ không bị ảnh hưởng. 

**Thời gian nhận thanh toán:**
1. **Hợp đồng sáp nhập:** Trước khi sáp nhập, bạn cần chuẩn bị hợp đồng sáp nhập và thông qua nó. Hợp đồng này sẽ xác định thời gian cụ thể mà công ty"
syn_1508_1768642013_0,Tôi là chủ một quán cà phê và gần đây có khách hàng bị bắt vì sử dụng ma túy trong quán của tôi. Tôi không biết họ sử dụng ma túy và đã cho họ thuê chỗ ngồi. Tôi có bị truy cứu trách nhiệm hình sự không?,Điều 256 - Bộ luật Hình sự (Văn bản hợp nhất 2017),True,1.0,0.5881168177240684,"**Căn cứ pháp lý:**
Điều 256. Tội chứa chấp việc sử dụng trái phép chất ma túy - Bộ luật Hình sự (Văn bản hợp nhất 2017)

**Nội dung quy định:**
Theo Điều 256, người nào cho thuê, cho mượn địa điểm hoặc có bất kỳ hành vi nào khác chứa chấp việc sử dụng trái phép chất ma túy, nếu không thuộc trường hợp quy định tại Điều 255 của Bộ luật này, thì bị phạt tù từ 02 năm đến 07 năm. Phạm tội thuộc một trong các trường hợp sau đây, thì bị phạt tù từ 07 năm đến 15 năm: a) Lợi dụng chức vụ, quyền hạn; b) Phạm tội 02 lần trở lên; c) Đối với người dưới 16 tuổi; d) Đối với 02 người trở lên; đ) Tái phạm nguy hiểm.

**Phân tích & Hướng dẫn:**
Theo thông tin bạn cung cấp, bạn là chủ quán cà phê và khách hàng đã bị bắt vì sử dụng ma túy trong quán của bạn. Bạn không biết họ sử dụng ma túy và đã cho họ thuê chỗ ngồi. Trong trường hợp này, bạn có thể không phải chịu trách nhiệm hình sự vì đã vô tình tạo điều kiện cho hành vi sử dụng ma túy trái phép của khách hàng.

Theo Điều 256, bạn chỉ bị truy cứu trách nhiệm hình sự khi có một trong các hành vi sau:
- Cho thuê, cho mượn địa điểm hoặc có hành vi khác chứa chấp việc sử dụng trái phép chất ma túy.
- Phải thuộc một trong các trường hợp đặc biệt như lợi dụng chức vụ, quyền hạn, tái phạm nguy hiểm, v.v...

Bạn đã không biết khách hàng sử dụng ma túy và chỉ đơn thuần cho họ thuê chỗ ngồi. Do đó, bạn không thể bị coi là đã chứa chấp hành vi sử dụng ma túy trái phép. Bạn không có lỗi hình sự trong trường hợp này.

Tuy nhiên, bạn nên tuân thủ các quy định về quản lý chất ma túy và thông báo ngay cho cơ quan chức năng khi phát hiện hành vi sử dụng ma túy trái phép tại quán cà phê của mình. Đây là trách nhiệm pháp lý của một chủ cơ sở kinh doanh."
syn_214_1768629386,Tôi là chủ doanh nghiệp và muốn biết về trách nhiệm của cơ quan nhà nước khi có quyết định xử phạt đối với công ty tôi. Ai sẽ là người chịu trách nhiệm về việc này?,Điều 215 - Luật Doanh nghiệp 2020,True,1.0,0.8230980751604032,"**Căn cứ pháp lý:**
---
[Văn bản] Luật Doanh nghiệp 2020 - [Tên văn bản luật]
---

**Nội dung quy định:**
---
Điều 215. Trách nhiệm các cơ quan quản lý nhà nước

1. Chính phủ thống nhất quản lý nhà nước đối với doanh nghiệp.
2. Bộ, cơ quan ngang Bộ chịu trách nhiệm trước Chính phủ về việc thực hiện nhiệm vụ được phân công trong quản lý nhà nước đối với doanh nghiệp.
3. Ủy ban nhân dân cấp tỉnh thực hiện quản lý nhà nước đối với doanh nghiệp trong phạm vi địa phương.
4. Bộ, cơ quan ngang Bộ và cơ quan có liên quan, Ủy ban nhân dân cấp tỉnh, trong phạm vi nhiệm vụ, quyền hạn được phân công, chịu trách nhiệm thiết lập kết nối, liên thông và chia sẻ thông tin với Cơ sở dữ liệu quốc gia về đăng ký doanh nghiệp các thông tin sau đây: 
   a) Thông tin về giấy phép kinh doanh, giấy chứng nhận đủ điều kiện kinh doanh, chứng chỉ hành nghề, giấy chứng nhận hoặc văn bản chấp thuận về điều kiện kinh doanh đã cấp cho doanh nghiệp và quyết định xử phạt đối với hành vi vi phạm hành chính của doanh nghiệp;
   b) Thông tin về tình hình hoạt động và nộp thuế của doanh nghiệp từ báo cáo thuế; báo cáo tài chính của doanh nghiệp;
   c) Phối hợp, chia sẻ thông tin về tình hình hoạt động doanh nghiệp để nâng cao hiệu lực quản lý nhà nước.

5. Chính phủ quy định chi tiết Điều này.
---

**Phân tích & Hướng dẫn:**
---
Theo Điều 215 của Luật Doanh nghiệp 2020, các cơ quan quản lý nhà nước có trách nhiệm chịu trách nhiệm về việc chia sẻ thông tin liên quan đến quyết định xử phạt đối với doanh nghiệp. Cụ thể:

- Chính phủ (trong vai trò là cơ quan trung tâm) chịu trách nhiệm chung về việc thiết lập kết nối và chia sẻ thông tin với Cơ sở dữ liệu quốc gia về đăng ký doanh nghiệp.

- Bộ, cơ quan ngang Bộ chịu trách nhiệm trước Chính phủ về việc thực hiện nhiệm vụ được phân công trong quản lý nhà nước đối với doanh nghiệp, bao gồm việc chia sẻ thông tin liên qu"
syn_1296_1768640284_1,"Chồng tôi bị bắt vì tội phạm rất nghiêm trọng liên quan đến bảo vệ môi trường. Tôi lo lắng rằng nếu anh ấy bị kết án, mức phạt tiền sẽ ảnh hưởng đến tài chính gia đình chúng tôi. Liệu có thể yêu cầu xem xét tình hình tài sản của gia đình để giảm nhẹ hình phạt không?",Điều 35 - Bộ luật Hình sự (Văn bản hợp nhất 2017),False,1.0,0.5134899912967797,"**Căn cứ pháp lý:** 
Điều 35. Phạt tiền 1. Phạt tiền được áp dụng là hình phạt chính đối với các trường hợp sau đây: a) Người phạm tội ít nghiêm trọng, phạm tội nghiêm trọng do Bộ luật này quy định; b) Người phạm tội rất nghiêm trọng xâm phạm trật tự quản lý kinh tế, môi trường, trật tự công cộng, an toàn công cộng và một số tội phạm khác do Bộ luật này quy định. 

**Nội dung quy định:**  
Hình phạt tiền được áp dụng là hình phạt chính đối với các trường hợp phạm tội rất nghiêm trọng, trong đó có tội vi phạm quy định về phòng ngừa, ứng phó, khắc phục sự cố môi trường. 

**Phân tích & Hướng dẫn:**  
Theo quy định của Điều 35 Bộ Luật Hình sự, hình phạt tiền được áp dụng đối với tội phạm rất nghiêm trọng, bao gồm cả tội vi phạm quy định về phòng ngừa, ứng phó, khắc phục sự cố môi trường. 

Để xem xét tình hình tài sản của gia đình trong việc giảm nhẹ hình phạt, cần phân tích cụ thể về mức độ nghiêm trọng của tội phạm và tình hình tài chính của gia đình. Theo Điều 51 Bộ Luật Hình sự, có các tình tiết giảm nhẹ trách nhiệm hình sự, trong đó có tình tiết ""tình hình tài sản của người phạm tội"". 

Tuy nhiên, việc xem xét tình hình tài sản để giảm nhẹ hình phạt phải tuân theo quy định cụ thể của từng tội danh cụ thể. Trong trường hợp tội vi phạm quy định về phòng ngừa, ứng phó, khắc phục sự cố môi trường, có thể áp dụng các tình tiết giảm nhẹ khác như: 

- Người phạm tội đã ngăn chặn hoặc làm giảm bớt tác hại của tội phạm; 
- Người phạm tội tự nguyện sửa chữa, bồi thường thiệt hại hoặc khắc phục hậu quả;
- Phạm tội trong trường hợp vượt quá giới hạn phòng vệ chính đáng; 
- Phạm tội trong trường hợp vượt quá yêu cầu của tình thế cấp thiết.

Nếu chồng bạn có các tình tiết giảm nhẹ trên, thì có thể đề nghị cơ quan tố tụng xem xét. Việc này đòi hỏi chứng cứ đầy đủ và hợp lệ để chứng minh các tình tiết giảm nhẹ trên. 

Cuối cùng, quyết định giảm nhẹ hình phạt thuộc thẩm quyền của Toà án, nên bạn cần chuẩn bị"
syn_433_1768631073,"Tôi và chị gái cùng sở hữu một mảnh đất, nhưng chị tôi muốn bán mà tôi không đồng ý. Tôi có quyền ngăn cản việc này không?",Điều 216 - Bộ luật Dân sự 2015,False,0.3333333333333333,0.328011611030479,"**CĂN CỨ PHÁP LUẬT THAM KHẢO:**
--- [Tài liệu 1] ---
Văn bản: Bộ luật Dân sự 2015
Nội dung: Điều 176. Mốc giới ngăn cách các bất động sản

**CĂN CỨ PHÁP LUẬT THAM KHẢO:**
--- [Tài liệu 2] ---
Văn bản: Bộ luật Dân sự 2015
Nội dung: Điều 271. Nội dung của quyền bề mặt

**CĂN CỨ PHÁP LUẬT THAM KHẢO:**
--- [Tài liệu 3] ---
Văn bản: Bộ luật Dân sự 2015
Nội dung: Điều 218. Định đoạt tài sản chung

---

**PHÂN TÍCH VÀ HƯỚNG DẪN:**

Theo Điều 176 của Bộ Luật Dân sự 2015, nếu bạn và chị bạn cùng sở hữu một mảnh đất, và chị bạn muốn bán mảnh đất này, bạn có quyền ngăn cản việc này nếu:

1. **Mốc giới ngăn cách:** Theo Điều 176, chủ sở hữu bất động sản chỉ được dựng cột mốc, hàng rào, trồng cây, xây tường ngăn trên phần đất thuộc quyền sử dụng của mình. Nếu mốc giới ngăn cách chỉ do một bên tạo nên (chị bạn) và được bạn đồng ý, mốc giới đó trở thành sở hữu chung của hai bên. Tuy nhiên, bạn có quyền yêu cầu dỡ bỏ nếu chị bạn không đồng ý và không có lý do chính đáng.

2. **Quyền bề mặt:** Theo Điều 271, quyền bề mặt chỉ được khai thác, sử dụng theo quy định và không trái với các quy định khác. Nếu mảnh đất của bạn và chị bạn được chia sẻ một phần, và chị bạn muốn bán, bạn có quyền ngăn cản nếu bạn không đồng ý với việc chia sẻ hoặc sử dụng phần đất đó theo quy định.

3. **Định đoạt tài sản chung:** Theo Điều 218, mỗi chủ sở hữu chung có quyền định đoạt phần quyền sở hữu của mình. Nếu bạn và chị bạn cùng sở hữu mảnh đất, bạn có quyền ngăn cản việc"
syn_1355_1768640788_1,"Cháu tôi mới 15 tuổi và đã tham gia vào một vụ trộm cắp. Nếu bị kết tội, cháu tôi phải đối mặt với hình phạt nào và liệu có khả năng nào để cháu không phải đi tù không?",Điều 100 - Bộ luật Hình sự (Văn bản hợp nhất 2017),False,0.6666666666666666,0.3486901535682023,"**Căn cứ pháp lý:**
- Điều 173 Bộ luật Hình sự (Văn bản hợp nhất 2017)

**Nội dung quy định:**
Điều 173. Tội trộm cắp tài sản 1. Người nào trộm cắp tài sản của người khác trị giá từ 2.000.000 đồng đến dưới 50.000.000 đồng hoặc dưới 2.000.000 đồng nhưng thuộc một trong các trường hợp sau đây, thì bị phạt cải tạo không giam giữ đến 03 năm hoặc phạt tù từ 06 tháng đến 03 năm: a) Đã bị xử phạt vi phạm hành chính về hành vi chiếm đoạt tài sản mà còn vi phạm; b) Đã bị kết án về tội này hoặc về một trong các tội quy định tại các điều 168, 169, 170, 171, 172, 174, 175 và 290 của Bộ luật này, chưa được xóa án tích mà còn vi phạm; c) Gây ảnh hưởng xấu đến an ninh, trật tự, an toàn xã hội; d) Tài sản là phương tiện kiếm sống chính của người bị hại và gia đình họ; đ) Tài sản là di vật, cổ vật. 2. Phạm tội thuộc một trong các trường hợp sau đây, thì bị phạt tù từ 02 năm đến 07 năm: a) Có tổ chức; b) Có tính chất chuyên nghiệp; c) Chiếm đoạt tài sản trị giá từ 50.000.000 đồng đến dưới 200.000.000 đồng; d) Dùng thủ đoạn xảo quyệt, nguy hiểm; đ) Hành hung để tẩu thoát; e) Tài sản là bảo vật quốc gia; g) Tái phạm nguy hiểm. 3. Phạm tội thuộc một trong các trường hợp sau đây, thì bị phạt tù từ 07 năm đến 15 năm: a) Chiếm đoạt tài sản trị giá từ 200.000.000 đồng đến dưới 500.000.000 đồng; b) Lợi dụng thiên tai, dịch bệnh. 4. Phạm tội thuộc"
syn_1418_1768641306_0,"Tôi đã nộp đơn khiếu nại về việc công ty tôi không thanh toán đúng hạn cho các nhà cung cấp, nhưng giám đốc công ty đã đe dọa tôi nếu tiếp tục khiếu nại. Tôi muốn biết liệu hành động này của giám đốc có vi phạm pháp luật không?",Điều 166 - Bộ luật Hình sự (Văn bản hợp nhất 2017),True,1.0,0.5892040256175664,"**Căn cứ pháp lý:** 
- Điều 166, Bộ luật Hình sự (Văn bản hợp nhất 2017)

**Nội dung quy định:**
Người nào thực hiện một trong các hành vi sau đây, thì bị phạt cải tạo không giam giữ đến 03 năm hoặc phạt tù từ 06 tháng đến 03 năm: a) Dùng vũ lực, đe dọa dùng vũ lực hoặc hành vi khác cản trở việc khiếu nại, tố cáo, việc xét và giải quyết khiếu nại, tố cáo hoặc việc xử lý người bị khiếu nại, tố cáo; b) Lợi dụng chức vụ, quyền hạn cản trở việc thi hành quyết định của cơ quan có thẩm quyền xét và giải quyết khiếu nại, tố cáo gây thiệt hại cho người khiếu nại, tố cáo.

**Phân tích & Hướng dẫn:**
Theo Điều 166, Bộ luật Hình sự, hành vi đe dọa dùng vũ lực nhằm cản trở việc khiếu nại, tố cáo hoặc việc xử lý người bị khiếu nại, tố cáo là hành vi vi phạm pháp luật. Trong trường hợp của bạn, giám đốc công ty đã đe dọa dùng vũ lực nhằm cản trở việc khiếu nại của bạn về việc công ty không thanh toán đúng hạn cho các nhà cung cấp. Đây rõ ràng là hành vi vi phạm quy định tại điểm a) khoản 1 Điều 166.

Việc đe dọa này không chỉ cản trở việc khiếu nại mà còn vi phạm quyền khiếu nại và tố cáo của bạn, do đó, hành động của giám đốc công ty đã vi phạm pháp luật hình sự.

Để đảm bảo quyền lợi hợp pháp của mình, bạn nên:
1. Ghi chép lại thông tin cụ thể về hành vi đe dọa của giám đốc.
2. Nếu có thể, lưu lại chứng cứ như video, email, tin nhắn, v.v., để hỗ trợ khiếu nại.
3. Liên hệ với cơ quan chức năng có thẩm quyền như Công an hoặc Thanh tra Sở Công Thương để báo cáo hành vi vi phạm.
4. Nếu cần thiết, bạn có thể khởi kiện giám đốc công ty ra Tòa án để đòi lại quyền lợi hợp pháp.

Hãy chắc chắn rằng bạn tuân thủ đúng các quy định"
syn_1302_1768640324_2,"Công ty tôi đang tuyển nhân viên kế toán nhưng một ứng viên đã từng bị án treo vì tội trốn thuế. Tôi thắc mắc không biết liệu người này có thể được nhận vào làm hay không, và nếu có thì trong thời gian bao lâu thì họ mới có thể làm việc trong lĩnh vực này một cách hợp pháp?",Điều 41 - Bộ luật Hình sự (Văn bản hợp nhất 2017),False,1.0,0.384,"**Căn cứ pháp lý:** 
Điều 65. Án treo 1 - Điều 200. Tội trốn thuế - Bộ luật Hình sự (Văn bản hợp nhất 2017)

**Nội dung quy định:**
- Theo Điều 65 của Bộ luật Hình sự, khi xử phạt tù không quá 03 năm, nếu xét thấy không cần phải bắt chấp hành hình phạt tù, Tòa án có thể cho hưởng án treo và ấn định thời gian thử thách từ 01 năm đến 05 năm.
- Theo Điều 200 của Bộ luật Hình sự, người nào thực hiện một trong các hành vi trốn thuế quy định trong Điều này, thậm chí nếu đã từng bị xử phạt về tội trốn thuế hoặc đã từng bị kết án về tội này hoặc một trong các tội quy định tại các điều 188, 189, 190, 191, 192, 193, 194, 195, 196, 202, 250, 251, 253, 254, 304, 305, 306, 309 và 311 của Bộ luật này, chưa được xóa án tích mà còn vi phạm, sẽ bị phạt tiền hoặc phạt tù tùy mức độ vi phạm.

**Phân tích & Hướng dẫn:**
Theo Điều 200, nếu người ứng viên đã từng bị kết án về tội trốn thuế, bất kể mức độ của tội danh, họ vẫn có thể bị truy cứu trách nhiệm hình sự nếu tái phạm hoặc vi phạm các quy định liên quan. Tuy nhiên, điều quan trọng là phải xem xét từng trường hợp cụ thể để xác định xem người này có tiếp tục vi phạm hoặc có tiến bộ đáng kể trong việc tuân thủ pháp luật không.

1. **Vi phạm mới:** Nếu người này thực hiện hành vi trốn thuế mới, mặc dù họ đã từng bị án treo về tội trốn thuế, họ sẽ bị truy cứu hình sự theo quy định của Điều 200. Theo đó, nếu người này bị kết án về tội trốn thuế, họ sẽ phải chấp hành hình phạt tù theo bản án đã được tuyên.

2. **Thời gian"
syn_624_1768632362,Tôi đã ký hợp đồng mua bán nhà nhưng sau đó tôi phát hiện ra rằng bên bán không có quyền sở hữu tài sản. Vậy hợp đồng của tôi có bị vô hiệu không?,Điều 407 - Bộ luật Dân sự 2015,False,0.3333333333333333,0.38333333333333336,"**CĂN CỨ PHÁP LUẬT THAM KHẢO:**
--- [Tài liệu 1] ---
Văn bản: Bộ luật Dân sự 2015
Nội dung: Điều 133. Bảo vệ quyền lợi của người thứ ba ngay tình khi giao dịch dân sự vô hiệu

**CÂU HỎI:**
Tôi đã ký hợp đồng mua bán nhà nhưng sau đó tôi phát hiện ra rằng bên bán không có quyền sở hữu tài sản. Vậy hợp đồng của tôi có bị vô hiệu không?

**PHÂN TÍCH VÀ HƯỚNG DẪN:**

Theo Điều 133 của Bộ Luật Dân sự 2015, trường hợp giao dịch dân sự vô hiệu nhưng đối tượng của giao dịch là tài sản không phải đăng ký đã được chuyển giao cho người thứ ba ngay tình thì giao dịch được xác lập, thực hiện với người thứ ba vẫn có hiệu lực, trừ trường hợp quy định tại Điều 167 của Bộ luật này. 

Trong trường hợp này, bạn đã ký hợp đồng mua bán nhà, và sau đó phát hiện ra rằng bên bán không có quyền sở hữu tài sản. Do tài sản là nhà, nó thuộc loại tài sản phải đăng ký tại cơ quan nhà nước có thẩm quyền (theo Điều 440 Bộ Luật Dân sự 2015). 

Bởi vì tài sản (nhà) không được đăng ký, theo Điều 133 của Bộ Luật Dân sự 2015, hợp đồng mua bán nhà của bạn sẽ bị vô hiệu, trừ trường hợp quy định tại Điều 167 của Bộ luật này. Tuy nhiên, trong trường hợp này, Điều 167 không áp dụng vì không có quy định cụ thể liên quan đến trường hợp bạn nêu.

Do đó, theo quy định của Bộ Luật Dân sự 2015, hợp đồng mua bán nhà của bạn sẽ bị vô hiệu do tài sản không được đăng ký, bất chấp việc bạn đã ký hợp đồng ngay tình với bên bán. Bạn cần phải khởi kiện bên bán để yêu cầu họ hoàn trả tiền đã thanh toán và bồi thường thiệt hại nếu có."
syn_1591_1768642747_1,"Vợ tôi đã từng bị kết án về tội sử dụng giấy tờ giả, và bây giờ cô ấy lại bị bắt khi bị phát hiện sử dụng một giấy tờ khác đã bị sửa chữa. Tôi muốn biết liệu cô ấy có phải đối mặt với hình phạt nặng hơn không?",Điều 340 - Bộ luật Hình sự (Văn bản hợp nhất 2017),True,1.0,0.8011049723756906,"**Căn cứ pháp lý:**
Điều 340. Tội sửa chữa và sử dụng giấy chứng nhận, các tài liệu của cơ quan, tổ chức - Bộ luật Hình sự (Văn bản hợp nhất 2017)

**Nội dung quy định:**
1. Người nào sửa chữa, làm sai lệch nội dung giấy chứng nhận, hộ chiếu, thị thực, hộ khẩu, hộ tịch, các loại giấy chứng nhận hoặc tài liệu của cơ quan, tổ chức và sử dụng giấy tờ đó thực hiện tội phạm hoặc đã bị xử phạt vi phạm hành chính về hành vi này hoặc đã bị kết án về tội này, chưa được xóa án tích mà còn vi phạm, thì bị phạt cảnh cáo, phạt tiền từ 10.000.000 đồng đến 50.000.000 đồng, phạt cải tạo không giam giữ đến 03 năm hoặc phạt tù từ 06 tháng đến 03 năm.
2. Phạm tội thuộc một trong các trường hợp sau đây, thì bị phạt tù từ 02 năm đến 05 năm: a) Phạm tội 02 lần trở lên; b) Sử dụng giấy tờ, tài liệu đã bị sửa chữa hoặc làm sai lệch thực hiện tội phạm rất nghiêm trọng hoặc tội phạm đặc biệt nghiêm trọng.
3. Người phạm tội còn có thể bị phạt tiền từ 5.000.000 đồng đến 20.000.000 đồng, cấm đảm nhiệm chức vụ, cấm hành nghề hoặc làm công việc nhất định từ 01 năm đến 05 năm.

**Phân tích & Hướng dẫn:**
Theo Điều 340 của Bộ luật Hình sự, vợ của bạn đã từng bị kết án về tội sử dụng giấy tờ giả. Hiện tại, cô ấy bị phát hiện sử dụng một giấy tờ đã bị sửa chữa. 

Việc sửa chữa giấy tờ đã bị kết án trước đây sẽ không được tính là ""vi phạm mới"" trong trường hợp này. Điều này có nghĩa là cô ấy không phải đối mặt với hình phạt nặng hơn so với trường hợp thông thường. Cô ấy vẫn sẽ phải chịu hình phạt theo quy định tại khoản 1 của Điều 340, cụ thể là phạt tiền từ 10.000.000 đồng đến 50.000.000 đồng, phạt cải tạo"
syn_1038_1768638778_0,"Tôi và vợ tôi đã kết hôn từ năm 2010. Chúng tôi muốn biết rằng, nếu chúng tôi muốn ly hôn, thì các quy định nào áp dụng cho chúng tôi theo luật mới này từ năm 2015?",Điều 132 - Luật Hôn nhân và Gia đình 2014,False,1.0,0.3128760529482551,"**Căn cứ pháp lý:**
- Luật Hôn nhân và Gia đình 2014

**Nội dung quy định:**
Điều 60. Giải quyết tài sản chung của vợ chồng khi ly hôn: 
Trong trường hợp ly hôn, tài sản chung của vợ chồng được chia đôi, nhưng có tính đến các yếu tố sau đây: hoàn cảnh của gia đình và của vợ, chồng; công sức đóng góp của vợ, chồng vào việc tạo lập, duy trì và phát triển khối tài sản chung; bảo vệ lợi ích chính đáng của mỗi bên trong sản xuất, kinh doanh và nghề nghiệp để các bên có điều kiện tiếp tục lao động tạo thu nhập; lỗi của mỗi bên trong vi phạm quyền, nghĩa vụ của vợ chồng.

**Phân tích & Hướng dẫn:**

Theo quy định tại Điều 60 của Luật Hôn nhân và Gia đình 2014, khi ly hôn, tài sản chung của vợ chồng sẽ được chia đôi, nhưng phải xem xét các yếu tố sau:
1. Hoàn cảnh của gia đình và của vợ, chồng.
2. Công sức đóng góp của vợ, chồng vào việc tạo lập, duy trì và phát triển khối tài sản chung.
3. Bảo vệ lợi ích chính đáng của mỗi bên trong sản xuất, kinh doanh và nghề nghiệp để các bên có điều kiện tiếp tục lao động tạo thu nhập.
4. Lỗi của mỗi bên trong vi phạm quyền, nghĩa vụ của vợ chồng.

Đối với trường hợp cụ thể của bạn và vợ, nếu bạn muốn ly hôn, các bên nên thỏa thuận về việc chia tài sản. Nếu không thỏa thuận được, bạn có thể yêu cầu Tòa án giải quyết theo quy định tại Điều 60 của Luật này. 

Lưu ý rằng, việc chia tài sản còn phụ thuộc vào nhiều yếu tố cụ thể như giá trị tài sản, tình hình kinh tế của từng bên, nhu cầu sống hàng ngày, và khả năng lao động của mỗi bên. 

Ngoài ra, cần lưu ý đến các quy định về cấp dưỡng và bảo vệ quyền lợi của vợ, con nếu có. Luật cũng quy định về việc chia tài sản sử dụng đất khi ly hôn, cần tuân thủ các quy định cụ thể trong Điều 59 và Điều 62 của Luật này.

Cuối cùng, việc ly hôn cần được thực hiện theo"
syn_1251_1768639986_0,"Tôi là giám đốc một công ty mới thành lập vào năm 2022 và gần đây tôi đã gặp khó khăn trong việc tìm kiếm lao động phù hợp. Tôi muốn biết liệu tôi có thể áp dụng chính sách nào để thu hút lao động được đào tạo nghề, và pháp luật quy định như thế nào về việc sử dụng lao động đã qua đào tạo?",Điều 212 - Bộ luật Lao động 2019,False,0.6666666666666666,0.3567099567099567,"**CĂN CỨ PHÁP LUẬT THAM KHẢO:**

- **Tài liệu 1:** Bộ luật Lao động 2019
- **Tài liệu 2:** Bộ luật Lao động 2019
- **Tài liệu 3:** Bộ luật Lao động 2019

**Nội dung quy định:**

- **Tài liệu 1:** Điều 59 của Bộ luật Lao động 2019 quy định rằng người lao động có quyền tự do lựa chọn đào tạo nghề nghiệp, tham gia đánh giá, công nhận kỹ năng nghề quốc gia, phát triển năng lực nghề nghiệp phù hợp với nhu cầu việc làm và khả năng của mình. Nhà nước khuyến khích người sử dụng lao động đào tạo, đào tạo lại, bồi dưỡng, nâng cao trình độ, kỹ năng nghề cho người lao động đang làm việc cho mình và người lao động khác trong xã hội.
- **Tài liệu 2:** Điều 62 của Bộ luật Lao động 2019 quy định về hợp đồng đào tạo nghề, trong đó quy định rõ về việc ký kết hợp đồng đào tạo nghề, nội dung hợp đồng, trách nhiệm của các bên, cũng như chi phí đào tạo nghề.
- **Tài liệu 3:** Điều 61 của Bộ luật Lao động 2019 quy định về việc học nghề và tập nghề để làm việc cho người sử dụng lao động, bao gồm cả việc tuyển người vào học nghề hoặc tập nghề tại nơi làm việc, thời gian học nghề, tập nghề, điều kiện tham gia, quyền lợi và nghĩa vụ của người học nghề và người tập nghề.

**Phân tích & Hướng dẫn:**

Theo quy định của Bộ luật Lao động 2019, bạn có quyền và trách nhiệm trong việc thu hút lao động được đào tạo nghề. Bạn có thể áp dụng các chính sách sau để thu hút lao động:

1. **Đào tạo và phát triển kỹ năng nghề:** Theo Điều 59, bạn có thể thành lập cơ sở giáo dục nghề nghiệp hoặc mở lớp đào tạo nghề tại nơi làm việc để đào tạo, đào tạo lại, bồi dưỡng, nâng cao trình độ, kỹ năng nghề cho người lao động. Bạn cũng có thể phối hợp với cơ sở giáo dục nghề nghiệp để đào tạo các trình độ sơ cấp"
syn_1008_1768638618_2,Tôi là người giám hộ cho một đứa trẻ chưa thành niên và tôi cần xác định cha của đứa trẻ này để bảo vệ quyền lợi cho nó. Tôi có thể làm gì để yêu cầu xác định này?,Điều 102 - Luật Hôn nhân và Gia đình 2014,True,0.6666666666666666,0.7896825396825397,"**Căn cứ pháp lý:**
--- [Tài liệu 1] ---
Văn bản: Luật Hôn nhân và Gia đình 2014
Nội dung: Điều 102. Người có quyền yêu cầu xác định cha, mẹ, con 1. Cha, mẹ, con đã thành niên không bị mất năng lực hành vi dân sự có quyền yêu cầu cơ quan đăng ký hộ tịch xác định con, cha, mẹ cho mình trong trường hợp được quy định tại khoản 1 Điều 101 của Luật này. 2. Cha, mẹ, con, theo quy định của pháp luật về tố tụng dân sự, có quyền yêu cầu Tòa án xác định con, cha, mẹ cho mình trong trường hợp được quy định tại khoản 2 Điều 101 của Luật này. 3. Cá nhân, cơ quan, tổ chức sau đây, theo quy định của pháp luật về tố tụng dân sự, có quyền yêu cầu Tòa án xác định cha, mẹ cho con chưa thành niên, con đã thành niên mất năng lực hành vi dân sự; xác định con cho cha, mẹ chưa thành niên hoặc mất năng lực hành vi dân sự trong các trường hợp được quy định tại khoản 2 Điều 101 của Luật này: a) Cha, mẹ, con, người giám hộ; b) Cơ quan quản lý nhà nước về gia đình; c) Cơ quan quản lý nhà nước về trẻ em; d) Hội liên hiệp phụ nữ. Chương VI QUAN HỆ GIỮA CÁC THÀNH VIÊN KHÁC CỦA GIA ĐÌNH

---

**Nội dung quy định:**
Theo Điều 102 của Luật Hôn nhân và Gia đình 2014, người có quyền yêu cầu xác định cha, mẹ, con bao gồm: cha, mẹ, con đã thành niên không bị mất năng lực hành vi dân sự; cha, mẹ, con, theo quy định của pháp luật về tố tụng dân sự; người giám hộ; cơ quan quản lý nhà nước về gia đình; cơ quan quản lý nhà nước về trẻ em; hội liên hiệp phụ nữ. Đối với trường hợp xác định cha cho con chưa thành niên, Điều 102 quy định rõ rằng người có quyền yêu cầu xác định cha là những cá nhân và tổ chức đã được liệt kê trên.

---

**Phân tích"
syn_659_1768632565,Gia đình tôi đang chuyển nhượng một tài sản nhưng không có thỏa thuận về chi phí vận chuyển. Tôi có phải chịu chi phí này không?,Điều 442 - Bộ luật Dân sự 2015,True,0.0,0.7604846225535881,"**CĂN CỨ PHÁP LUẬT THAM KHẢO:**
---
--- [Tài liệu 1] ---
Văn bản: Bộ luật Dân sự 2015
Nội dung: Điều 442. Chi phí vận chuyển và chi phí liên quan đến việc chuyển quyền sở hữu 1. Chi phí vận chuyển và chi phí liên quan đến việc chuyển quyền sở hữu do các bên thỏa thuận, trừ trường hợp pháp luật có quy định khác. 2. Trường hợp các bên không có thỏa thuận hoặc thỏa thuận không rõ ràng thì chi phí vận chuyển và chi phí liên quan đến việc chuyển quyền sở hữu được xác định theo chi phí đã được công bố, quy định của cơ quan có thẩm quyền hoặc theo tiêu chuẩn ngành nghề. 3. Trường hợp không có căn cứ xác định theo quy định tại khoản 1 và khoản 2 Điều này thì chi phí vận chuyển và chi phí liên quan đến việc chuyển quyền sở hữu được xác định theo tiêu chuẩn thông thường hoặc theo tiêu chuẩn riêng phù hợp với mục đích giao kết hợp đồng. 4. Trường hợp các bên không có thỏa thuận và pháp luật không quy định về chi phí vận chuyển và chi phí liên quan đến việc chuyển quyền sở hữu thì bên bán phải chịu chi phí vận chuyển đến địa điểm giao tài sản và chi phí liên quan đến việc chuyển quyền sở hữu.
---
--- [Tài liệu 2] ---
Văn bản: Bộ luật Dân sự 2015
Nội dung: Điều 532. Giao tài sản cho bên vận chuyển 1. Bên thuê vận chuyển có nghĩa vụ giao tài sản cho bên vận chuyển đúng thời hạn, địa điểm và đóng gói theo đúng quy cách đã thỏa thuận; phải chịu chi phí xếp, dỡ tài sản lên phương tiện vận chuyển, trừ trường hợp có thỏa thuận khác. 2. Trường hợp bên thuê vận chuyển giao tài sản không đúng thời hạn, địa điểm đã thỏa thuận thì phải thanh toán chi phí chờ đợi và tiền vận chuyển tài sản đến địa điểm đã thỏa thuận trong hợp đồng cho bên vận chuyển. Trường hợp bên vận chuyển chậm tiếp nhận tài sản tại địa điểm đã thỏa thuận thì phải chịu chi phí phát sinh do việc chậm tiếp nhận.
---
--- [Tài liệu 3] ---
Văn bản: Bộ luật Dân sự 2015
Nội dung:"
syn_166_1768628998,"Nếu một hợp đồng mà công ty tôi ký kết với người có liên quan không được chấp thuận theo quy định, tôi có phải chịu trách nhiệm gì không?",Điều 167 - Luật Doanh nghiệp 2020,False,1.0,0.39485981308411217,"**Căn cứ pháp lý:**
Điều 67 và Điều 86 - Luật Doanh nghiệp 2020

**Nội dung quy định:**
Theo Điều 67 và Điều 86 của Luật Doanh nghiệp 2020, hợp đồng, giao dịch giữa công ty với đối tượng có liên quan (như Thành viên, người đại diện theo ủy quyền của thành viên, Giám đốc hoặc Tổng giám đốc, người đại diện theo pháp luật của công ty; người có liên quan của người quy định tại điểm a khoản này; người quản lý công ty mẹ, người có thẩm quyền bổ nhiệm người quản lý công ty mẹ; người có liên quan của người quy định tại điểm c khoản này) phải được Hội đồng thành viên hoặc Kiểm soát viên chấp thuận. 

Điều 67 quy định rõ ràng rằng nếu hợp đồng, giao dịch không được Hội đồng thành viên chấp thuận theo quy định, thì hợp đồng, giao dịch sẽ bị vô hiệu theo quyết định của Tòa án và công ty sẽ phải hoàn trả cho công ty các khoản lợi thu được từ việc thực hiện hợp đồng, giao dịch đó.

**Phân tích & Hướng dẫn:**
Trong trường hợp bạn ký kết một hợp đồng với người có liên quan mà không được Hội đồng thành viên hoặc Kiểm soát viên chấp thuận theo quy định của pháp luật, hợp đồng, giao dịch đó sẽ bị vô hiệu theo quyết định của Tòa án. Theo Điều 67 của Luật Doanh nghiệp 2020, bạn sẽ cần phải bồi thường thiệt hại phát sinh và hoàn trả cho công ty các khoản lợi thu được từ việc thực hiện hợp đồng, giao dịch đó.

Do đó, bạn cần đảm bảo rằng tất cả các hợp đồng, giao dịch với người có liên quan đều được thông báo và được chấp thuận bởi Hội đồng thành viên hoặc Kiểm soát viên. Việc này không chỉ tuân thủ quy định pháp luật mà còn giúp giảm thiểu rủi ro pháp lý và đảm bảo quyền lợi cho công ty."
syn_1492_1768641893_0,"Tôi có một người bạn đã du lịch từ vùng có dịch bệnh về và không khai báo cho cơ quan chức năng. Giờ tôi lo lắng rằng nếu có ai đó bị lây bệnh, bạn tôi có thể bị xử lý như thế nào?",Điều 240 - Bộ luật Hình sự (Văn bản hợp nhất 2017),True,1.0,0.87248322147651,"**Căn cứ pháp lý:** 
- Điều 240. Tội làm lây lan dịch bệnh truyền nhiễm nguy hiểm cho người - Bộ Luật Hình sự (Văn bản hợp nhất 2017)

**Nội dung quy định:**
Điều 240. Tội làm lây lan dịch bệnh truyền nhiễm nguy hiểm cho người
1. Người nào thực hiện một trong các hành vi sau đây, làm lây lan dịch bệnh truyền nhiễm nguy hiểm cho người, thì bị phạt tiền từ 50.000.000 đồng đến 200.000.000 đồng hoặc phạt tù từ 01 năm đến 05 năm: a) Đưa ra hoặc cho phép đưa ra khỏi vùng có dịch bệnh động vật, thực vật, sản phẩm động vật, thực vật hoặc vật phẩm khác có khả năng lây truyền dịch bệnh nguy hiểm cho người, trừ trường hợp pháp luật có quy định khác; b) Đưa vào hoặc cho phép đưa vào lãnh thổ Việt Nam động vật, thực vật hoặc sản phẩm động vật, thực vật bị nhiễm bệnh hoặc mang mầm bệnh nguy hiểm có khả năng lây truyền cho người; c) Hành vi khác làm lây lan dịch bệnh nguy hiểm cho người.
2. Phạm tội thuộc một trong các trường hợp sau đây, thì bị phạt tù từ 05 năm đến 10 năm: a) Dẫn đến phải công bố dịch thuộc thẩm quyền của Chủ tịch Ủy ban nhân dân cấp tỉnh hoặc Bộ trưởng Bộ Y tế; b) Làm chết người. 3. Phạm tội thuộc một trong các trường hợp sau đây, thì bị phạt tù từ 10 năm đến 12 năm: a) Dẫn đến phải công bố dịch thuộc thẩm quyền của Thủ tướng Chính phủ; b) Làm chết 02 người trở lên. 4. Người phạm tội còn có thể bị phạt tiền từ 20.000.000 đồng đến 100.000.000 đồng, cấm đảm nhiệm chức vụ, cấm hành nghề hoặc làm công việc nhất định từ 01 năm đến 05 năm.

**Phân tích & Hướng dẫn:**
Theo Điều 240 của Bộ Luật Hình sự, hành vi của người bạn của bạn có thể bị coi là tội phạm nếu họ đã đưa ra khỏi vùng có dịch bệnh về lãnh thổ Việt"
syn_460_1768631270,Tôi đang sở hữu một mảnh đất mà Nhà nước thông báo trưng mua. Vậy quyền sở hữu của tôi sẽ chấm dứt từ khi nào?,Điều 243 - Bộ luật Dân sự 2015,True,1.0,0.6178571428571429,"**Căn cứ pháp lý:**
--- [Tài liệu 1] ---
Văn bản: Bộ luật Dân sự 2015
Nội dung: Điều 243. Tài sản bị trưng mua Trường hợp Nhà nước trưng mua tài sản theo quy định của luật thì quyền sở hữu đối với tài sản của chủ sở hữu đó chấm dứt kể từ thời điểm quyết định của cơ quan nhà nước có thẩm quyền có hiệu lực pháp luật.

---

**Nội dung quy định:**
Quyền sở hữu đối với tài sản của chủ sở hữu sẽ chấm dứt kể từ thời điểm quyết định của cơ quan nhà nước có thẩm quyền có hiệu lực pháp luật về việc trưng mua tài sản.

---

**Phân tích & Hướng dẫn:**
Theo quy định tại Điều 243 của Bộ Luật Dân sự 2015, quyền sở hữu đối với tài sản của chủ sở hữu sẽ chấm dứt kể từ thời điểm quyết định của cơ quan nhà nước có thẩm quyền có hiệu lực pháp luật về việc trưng mua tài sản. 

Trong trường hợp bạn đang sở hữu một mảnh đất mà Nhà nước thông báo trưng mua, quyền sở hữu của bạn sẽ chấm dứt kể từ thời điểm quyết định trưng mua của cơ quan nhà nước có thẩm quyền có hiệu lực pháp luật. Do đó, bạn cần密切关注相关的决定和通知，以确定何时您的所有权将被正式终止。建议您咨询专业的法律人士或联系相关政府部门获取具体的日期信息。"
syn_1338_1768640639_1,"Tôi là giám đốc một công ty và mới nhận thông báo đình chỉ hoạt động do vi phạm về bảo vệ môi trường. Thời gian đình chỉ là 2 năm. Nếu tôi thực hiện các biện pháp khắc phục, liệu có khả năng được xem xét rút ngắn thời gian đình chỉ không?",Điều 78 - Bộ luật Hình sự (Văn bản hợp nhất 2017),True,0.0,0.5280172413793103,"**CĂN CỨ PHÁP LUẬT THAM KHẢO:**
--- [Tài liệu 1] ---
Văn bản: Bộ luật Hình sự (Văn bản hợp nhất 2017)
Nội dung: Điều 78. Đình chỉ hoạt động có thời hạn 1. Đình chỉ hoạt động có thời hạn là tạm dừng hoạt động của pháp nhân thương mại trong một hoặc một số lĩnh vực mà pháp nhân thương mại phạm tội gây thiệt hại đến tính mạng, sức khỏe con người, môi trường hoặc an ninh, trật tự, an toàn xã hội và hậu quả gây ra có khả năng khắc phục trên thực tế. 2. Thời hạn đình chỉ hoạt động từ 06 tháng đến 03 năm.

--- [Tài liệu 2] ---
Văn bản: Bộ luật Hình sự (Văn bản hợp nhất 2017)
Nội dung: Điều 79. Đình chỉ hoạt động vĩnh viễn 1. Đình chỉ hoạt động vĩnh viễn là chấm dứt hoạt động của pháp nhân thương mại trong một hoặc một số lĩnh vực mà pháp nhân thương mại phạm tội gây thiệt hại hoặc có khả năng thực tế gây thiệt hại đến tính mạng của nhiều người, gây sự cố môi trường hoặc gây ảnh hưởng xấu đến an ninh, trật tự, an toàn xã hội và không có khả năng khắc phục hậu quả gây ra. 2. Pháp nhân thương mại được thành lập chỉ để thực hiện tội phạm thì bị đình chỉ vĩnh viễn toàn bộ hoạt động.

--- [Tài liệu 3] ---
Văn bản: Bộ luật Lao động 2019
Nội dung: Điều 128. Tạm đình chỉ công việc 1. Người sử dụng lao động có quyền tạm đình chỉ công việc của người lao động khi vụ việc vi phạm có những tình tiết phức tạp nếu xét thấy để người lao động tiếp tục làm việc sẽ gây khó khăn cho việc xác minh. Việc tạm đình chỉ công việc của người lao động chỉ được thực hiện sau khi tham khảo ý kiến của tổ chức đại diện người lao động tại cơ sở mà người lao động đang bị xem xét tạm đình chỉ công việc là thành viên. 2. Thời hạn tạm đình chỉ công việc không được quá 15 ngày, trường hợp đặc biệt không được quá 90 ngày. Trong thời gian bị tạm đình chỉ công"
syn_1623_1768643048_1,"Vợ tôi đã bị một chủ tịch xã ép phải ký vào một văn bản không đúng sự thật để phục vụ cho lợi ích riêng của ông ta. Nếu vợ tôi không ký, ông ta đe dọa sẽ gây khó khăn trong việc xin giấy phép kinh doanh của gia đình tôi. Tôi muốn biết, nếu sự việc này được xác minh đúng sự thật thì ông ta có thể bị xử lý như thế nào?",Điều 372 - Bộ luật Hình sự (Văn bản hợp nhất 2017),False,0.6666666666666666,0.44922547332185886,"**CĂN CỨ PHÁP LUẬT THAM KHẢO:**
--- [Tài liệu 1] ---
Văn bản: Bộ luật Hình sự (Văn bản hợp nhất 2017)
Nội dung: Điều 384. Tội mua chuộc hoặc cưỡng ép người khác trong việc khai báo, cung cấp tài liệu 1. Người nào mua chuộc hoặc cưỡng ép người làm chứng, người bị hại, đương sự trong các vụ án hình sự, hành chính, dân sự khai báo gian dối, cung cấp tài liệu sai sự thật hoặc không khai báo, không cung cấp tài liệu; mua chuộc hoặc cưỡng ép người giám định, người định giá tài sản kết luận gian dối, người phiên dịch, người dịch thuật dịch xuyên tạc, thì bị phạt cải tạo không giam giữ đến 03 năm hoặc phạt tù từ 03 tháng đến 03 năm. 2. Phạm tội thuộc một trong các trường hợp sau đây, thì bị phạt tù từ 02 năm đến 07 năm: a) Dùng vũ lực, đe dọa dùng vũ lực hoặc dùng thủ đoạn nguy hiểm khác; b) Lợi dụng chức vụ, quyền hạn; c) Dẫn đến việc giải quyết vụ án, vụ việc bị sai lệch.

**Nội dung quy định:**
Theo Điều 384 của Bộ luật Hình sự, người nào mua chuộc hoặc cưỡng ép người làm chứng, người bị hại, đương sự trong các vụ án hình sự, hành chính, dân sự khai báo gian dối, cung cấp tài liệu sai sự thật hoặc không khai báo, không cung cấp tài liệu; mua chuộc hoặc cưỡng ép người giám định, người định giá tài sản kết luận gian dối, người phiên dịch, người dịch thuật dịch xuyên tạc, thì bị phạt cải tạo không giam giữ đến 03 năm hoặc phạt tù từ 03 tháng đến 03 năm. 

**Phân tích & Hướng dẫn:**
Trong trường hợp này, việc vợ bạn bị một chủ tịch xã ép phải ký vào một văn bản không đúng sự thật để phục vụ cho lợi ích riêng của ông ta, có thể coi là hành vi mua chuộc hoặc cưỡng ép người làm chứng, người bị hại, đương sự khai báo g"
syn_1393_1768641102_0,"Tôi có một người bạn đã từng bị hiếp dâm khi đi công tác. Khi đó, cô ấy không thể tự vệ được vì bị khống chế. Cô ấy rất hoang mang và không biết liệu có thể làm gì để báo cáo vụ việc này không?",Điều 141 - Bộ luật Hình sự (Văn bản hợp nhất 2017),True,1.0,0.3940809968847352,"**Căn cứ pháp lý:**
---
- **Điều 141 Bộ Luật Hình sự (Văn bản hợp nhất 2017)** - Điều 141. Tội hiếp dâm
- **Điều 142 Bộ Luật Hình sự (Văn bản hợp nhất 2017)** - Điều 142. Tội hiếp dâm người dưới 16 tuổi

**Nội dung quy định:**
---
1. Theo Điều 141 của Bộ Luật Hình sự, nếu hành vi hiếp dâm được thực hiện bằng cách dùng vũ lực, đe dọa dùng vũ lực hoặc lợi dụng tình trạng không thể tự vệ được của nạn nhân, thì người phạm tội sẽ bị phạt tù từ 2 năm đến 7 năm.
2. Nếu hành vi hiếp dâm được thực hiện với người dưới 16 tuổi, theo Điều 142 của Bộ Luật Hình sự, người phạm tội sẽ bị phạt tù từ 7 năm đến 15 năm. Trong trường hợp phạm tội thuộc một trong các trường hợp nghiêm trọng như có tổ chức, nhiều người hiếp một người, hoặc tái phạm nguy hiểm, mức án có thể tăng lên từ 12 năm đến 20 năm hoặc tù chung thân.

**Phân tích & Hướng dẫn:**
---
Theo tình huống của bạn, người bạn đã bị hiếp dâm khi không thể tự vệ do bị khống chế. Đây là trường hợp cụ thể mà Điều 141 của Bộ Luật Hình sự áp dụng, bởi hành vi hiếp dâm được thực hiện bằng cách sử dụng vũ lực (khống chế) khiến nạn nhân không thể tự vệ.

Dựa vào điều này, bạn có quyền và nghĩa vụ báo cáo vụ việc này cho cơ quan chức năng. Việc báo cáo sớm có thể giúp cơ quan điều tra tiến hành điều tra nhanh chóng và kịp thời, từ đó bảo vệ quyền lợi của nạn nhân và ngăn chặn hành vi tội phạm tiếp diễn.

Khi báo cáo, bạn cần cung cấp thông tin chi tiết về vụ việc, bao gồm thời điểm, địa điểm, người liên quan, hình thức hành vi và bất kỳ bằng chứng nào có thể hỗ trợ điều tra. Cơ quan điều tra sẽ tiến hành điều tra và xác minh thông tin, có thể yêu cầu người bạn cung cấp thêm thông tin hoặc làm các xét nghiệm"
syn_188_1768629163,Tôi đang muốn mở một doanh nghiệp tư nhân và không biết quy trình đăng ký vốn đầu tư như thế nào?,Điều 189 - Luật Doanh nghiệp 2020,True,0.3333333333333333,0.7855711422845693,"**Căn cứ pháp lý:**
--- [Tài liệu 1] ---
Văn bản: Luật Doanh nghiệp 2020
Nội dung: Điều 189. Vốn đầu tư của chủ doanh nghiệp tư nhân 1. Vốn đầu tư của chủ doanh nghiệp tư nhân do chủ doanh nghiệp tự đăng ký. Chủ doanh nghiệp tư nhân có nghĩa vụ đăng ký chính xác tổng số vốn đầu tư, trong đó nêu rõ số vốn bằng Đồng Việt Nam, ngoại tệ tự do chuyển đổi, vàng và tài sản khác; đối với vốn bằng tài sản khác còn phải ghi rõ loại tài sản, số lượng và giá trị còn lại của mỗi loại tài sản. 2. Toàn bộ vốn và tài sản kể cả vốn vay và tài sản thuê được sử dụng vào hoạt động kinh doanh của doanh nghiệp phải được ghi chép đầy đủ vào sổ kế toán và báo cáo tài chính của doanh nghiệp theo quy định của pháp luật. 3. Trong quá trình hoạt động, chủ doanh nghiệp tư nhân có quyền tăng hoặc giảm vốn đầu tư của mình vào hoạt động kinh doanh của doanh nghiệp. Việc tăng hoặc giảm vốn đầu tư của chủ doanh nghiệp tư nhân phải được ghi chép đầy đủ vào sổ kế toán. Trường hợp giảm vốn đầu tư xuống thấp hơn vốn đầu tư đã đăng ký thì chủ doanh nghiệp tư nhân chỉ được giảm vốn sau khi đã đăng ký với Cơ quan đăng ký kinh doanh.

**Căn cứ pháp lý:**
--- [Tài liệu 3] ---
Văn bản: Luật Doanh nghiệp 2020
Nội dung: Điều 23. Nội dung giấy đề nghị đăng ký doanh nghiệp Giấy đề nghị đăng ký doanh nghiệp bao gồm các nội dung chủ yếu sau đây: 1. Tên doanh nghiệp; 2. Địa chỉ trụ sở chính của doanh nghiệp, số điện thoại; số fax, thư điện tử (nếu có); 3. Ngành, nghề kinh doanh; 4. Vốn điều lệ; vốn đầu tư của chủ doanh nghiệp tư nhân; 5. Các loại cổ phần, mệnh giá mỗi loại cổ phần và tổng số cổ phần được quyền chào bán của từng loại cổ phần đối với công ty cổ phần; 6. Thông tin đăng ký thuế; 7. Số lượng lao động dự kiến;"
syn_496_1768631513,"Tôi đang thực hiện hợp đồng giao hàng, nhưng không được bên giao hàng thông báo về chi phí giao vật. Tôi có phải chịu mọi chi phí không?",Điều 279 - Bộ luật Dân sự 2015,False,0.3333333333333333,0.3572984749455338,"**CĂN CỨ PHÁP LUẬT THAM KHẢO:**
---
--- [Tài liệu 3] ---
Văn bản: Bộ luật Dân sự 2015
Nội dung: Điều 442. Chi phí vận chuyển và chi phí liên quan đến việc chuyển quyền sở hữu 1. Chi phí vận chuyển và chi phí liên quan đến việc chuyển quyền sở hữu do các bên thỏa thuận, trừ trường hợp pháp luật có quy định khác. 2. Trường hợp các bên không có thỏa thuận hoặc thỏa thuận không rõ ràng thì chi phí vận chuyển và chi phí liên quan đến việc chuyển quyền sở hữu được xác định theo chi phí đã được công bố, quy định của cơ quan có thẩm quyền hoặc theo tiêu chuẩn ngành nghề. 3. Trường hợp không có căn cứ xác định theo quy định tại khoản 1 và khoản 2 Điều này thì chi phí vận chuyển và chi phí liên quan đến việc chuyển quyền sở hữu được xác định theo tiêu chuẩn thông thường hoặc theo tiêu chuẩn riêng phù hợp với mục đích giao kết hợp đồng. 4. Trường hợp các bên không có thỏa thuận và pháp luật không quy định về chi phí vận chuyển và chi phí liên quan đến việc chuyển quyền sở hữu thì bên bán phải chịu chi phí vận chuyển đến địa điểm giao tài sản và chi phí liên quan đến việc chuyển quyền sở hữu.

---

**CÂU HỎI:**
Tôi đang thực hiện hợp đồng giao hàng, nhưng không được bên giao hàng thông báo về chi phí giao vật. Tôi có phải chịu mọi chi phí không?

**PHÂN TÍCH VÀ HƯỚNG DẪN:**
Theo Điều 442 của Bộ Luật Dân sự 2015, trong trường hợp các bên không có thỏa thuận về chi phí vận chuyển và chi phí liên quan đến việc chuyển quyền sở hữu, hoặc thỏa thuận không rõ ràng, các bên phải xác định chi phí này theo các tiêu chuẩn được quy định. Theo Điều 442, nếu không có cơ sở xác định chi phí cụ thể theo các tiêu chuẩn nêu trên, chi phí vận chuyển và chi phí liên quan sẽ được xác định theo tiêu chuẩn thông thường hoặc tiêu chuẩn riêng phù hợp với mục đích giao kết hợp đồng.

Trong trường hợp bạn chưa nhận được thông tin chi tiết về chi phí vận chuyển từ bên"
syn_866_1768633905,"Cha mẹ tôi đã qua đời mà không để lại di chúc, tôi là con duy nhất, vậy tôi có quyền thừa kế toàn bộ tài sản của họ không?",Điều 649 - Bộ luật Dân sự 2015,False,1.0,0.2940397350993377,"**Căn cứ pháp lý:**
--- [Tài liệu 1] ---
Văn bản: Bộ luật Dân sự 2015
Nội dung: Điều 644. Người thừa kế không phụ thuộc vào nội dung của di chúc 1. Những người sau đây vẫn được hưởng phần di sản bằng hai phần ba suất của một người thừa kế theo pháp luật nếu di sản được chia theo pháp luật, trong trường hợp họ không được người lập di chúc cho hưởng di sản hoặc chỉ cho hưởng phần di sản ít hơn hai phần ba suất đó: a) Con chưa thành niên, cha, mẹ, vợ, chồng; b) Con thành niên mà không có khả năng lao động. 2. Quy định tại khoản 1 Điều này không áp dụng đối với người từ chối nhận di sản theo quy định tại Điều 620 hoặc họ là những người không có quyền hưởng di sản theo quy định tại khoản 1 Điều 621 của Bộ luật này.

**Nội dung quy định:**
Theo Điều 644 của Bộ luật Dân sự 2015, những người sau đây vẫn được hưởng phần di sản bằng hai phần ba suất của một người thừa kế theo pháp luật nếu di sản được chia theo pháp luật, trong trường hợp họ không được người lập di chúc cho hưởng di sản hoặc chỉ cho hưởng phần di sản ít hơn hai phần ba suất đó: a) Con chưa thành niên, cha, mẹ, vợ, chồng; b) Con thành niên mà không có khả năng lao động.

**Phân tích & Hướng dẫn:**
Theo quy định trên, bạn là con duy nhất của cha mẹ, do đó bạn thuộc nhóm người được hưởng phần di sản bằng hai phần ba suất của một người thừa kế theo pháp luật. Điều này có nghĩa là bạn có quyền thừa kế toàn bộ tài sản của cha mẹ, trừ khi họ đã có sự thỏa thuận khác hoặc bạn từ chối nhận di sản theo quy định tại Điều 620 của Bộ luật Dân sự 2015. 

Trong trường hợp này, vì bạn là con duy nhất và không có bất kỳ thông tin nào về việc từ chối nhận di sản, bạn có quyền thừa kế toàn bộ tài sản của cha mẹ theo quy định của pháp luật."
syn_1566_1768642537_2,"Gia đình tôi đã đầu tư vào một công ty sản xuất thuốc và gần đây công ty đó bị phát hiện sản xuất thuốc kém chất lượng, gây thiệt hại cho sức khỏe của nhiều người và có thể dẫn đến tử vong. Liệu chúng tôi có bị truy cứu trách nhiệm hình sự không?",Điều 315 - Bộ luật Hình sự (Văn bản hợp nhất 2017),True,1.0,0.45996592844974454,"**Căn cứ pháp lý:** 
Điều 315. Tội vi phạm quy định về khám bệnh, chữa bệnh, sản xuất, pha chế, cấp phát, bán thuốc hoặc dịch vụ y tế khác - Bộ luật Hình sự (Văn bản hợp nhất 2017)

**Nội dung quy định:**
Theo Điều 315 của Bộ luật Hình sự, người nào vi phạm quy định về sản xuất, pha chế, cấp phát, bán thuốc hoặc dịch vụ y tế khác mà làm chết người hoặc gây tổn hại cho sức khỏe của người khác với tỷ lệ tổn thương cơ thể 61% trở lên, sẽ bị phạt tù từ 01 năm đến 05 năm. 

**Phân tích & Hướng dẫn:**
Trong trường hợp của bạn, công ty sản xuất thuốc đã bị phát hiện sản xuất thuốc kém chất lượng, gây thiệt hại cho sức khỏe của nhiều người và có thể dẫn đến tử vong. Theo quy định trên, nếu công ty này vi phạm quy định về sản xuất, pha chế, cấp phát, bán thuốc hoặc dịch vụ y tế khác và gây ra hậu quả nghiêm trọng như làm chết người hoặc gây tổn hại cho sức khỏe của người khác với tỷ lệ tổn thương cơ thể 61% trở lên, thì chủ công ty có thể bị truy cứu trách nhiệm hình sự.

Tuy nhiên, cần lưu ý rằng đây chỉ là phân tích dựa trên quy định pháp luật. Thực tế việc truy cứu trách nhiệm hình sự còn phụ thuộc vào nhiều yếu tố khác như khả năng chứng minh tội phạm, vai trò của cá nhân trong việc vi phạm pháp luật, và các yếu tố khác. Bạn nên liên hệ với cơ quan chức năng hoặc luật sư để được tư vấn cụ thể hơn về trường hợp của mình."
syn_1551_1768642399_0,"Gia đình tôi đang gặp khó khăn tài chính, và có người bạn đề nghị tôi giúp họ chuyển tiền cho một tổ chức từ thiện mà họ nói là có liên quan đến khủng bố. Tôi không biết điều này có vi phạm pháp luật không?",Điều 300 - Bộ luật Hình sự (Văn bản hợp nhất 2017),False,1.0,0.3394160583941606,"**Căn cứ pháp lý:** 
- Văn bản: Luật Hôn nhân và Gia đình 2014
- Nội dung: Điều 120. Khuyến khích việc trợ giúp của tổ chức, cá nhân Nhà nước và xã hội khuyến khích tổ chức, cá nhân trợ giúp bằng tiền hoặc tài sản khác cho gia đình, cá nhân có hoàn cảnh đặc biệt khó khăn, túng thiếu. Chương VIII QUAN HỆ HÔN NHÂN VÀ GIA ĐÌNH CÓ YẾU TỐ NƯỚC NGOÀI

**Nội dung quy định:**
Điều 120 của Luật Hôn nhân và Gia đình 2014 khuyến khích việc trợ giúp của tổ chức, cá nhân Nhà nước và xã hội cho gia đình, cá nhân có hoàn cảnh đặc biệt khó khăn, túng thiếu. Tuy nhiên, đây là khuyến khích và không phải là bắt buộc. 

**Phân tích & Hướng dẫn:**
Theo quy định trên, việc gia đình bạn muốn trợ giúp bằng cách chuyển tiền cho một tổ chức từ thiện có thể không vi phạm pháp luật nếu tổ chức đó không có liên quan đến khủng bố. Tuy nhiên, việc bạn nhận thông tin từ một người bạn rằng tổ chức từ thiện này liên quan đến khủng bố có thể là dấu hiệu đáng nghi ngờ. 

Việc chuyển tiền cho một tổ chức từ thiện cần phải đảm bảo tính minh bạch và tuân thủ các quy định về phòng chống rửa tiền và chống khủng bố. Nếu bạn nghi ngờ về tính minh bạch của tổ chức từ thiện, bạn nên tìm hiểu kỹ thông tin về tổ chức đó, ví dụ như thông qua các cơ quan quản lý nhà nước về từ thiện như Bộ Tài chính, Bộ Công an, hoặc thông qua các tổ chức phi lợi nhuận độc lập như Tổ chức Trách nhiệm xã hội (IFC), Tổ chức Từ thiện Quốc tế (IFRC).

Nếu bạn quyết định chuyển tiền, hãy chắc chắn rằng:
1. Tổ chức từ thiện được đăng ký và hoạt động hợp pháp.
2. Có giấy tờ minh bạch về việc sử dụng nguồn tài trợ.
3. Không có bất kỳ dấu hiệu nào cho thấy tổ chức từ thiện liên quan đến hoạt động khủng bố.

Nếu bạn lo ngại về việc tổ chức từ thiện có thể liên quan đến khủng bố, bạn nên liên hệ với cơ quan chức năng để được"
syn_951_1768634477,Vợ tôi tự ý bán một chiếc xe mà tôi đứng tên mà không có sự đồng ý của tôi. Tôi có quyền yêu cầu bồi thường không?,Điều 45 - Luật Hôn nhân và Gia đình 2014,False,1.0,0.3326403326403326,"**Căn cứ pháp lý:**
- Văn bản: Bộ luật Dân sự 2015
- Nội dung: Điều 444. Bảo đảm quyền sở hữu của bên mua đối với tài sản mua bán

**Nội dung quy định:**
1. Bên bán có nghĩa vụ bảo đảm quyền sở hữu đối với tài sản đã bán cho bên mua không bị người thứ ba tranh chấp.
2. Trường hợp tài sản bị người thứ ba tranh chấp thì bên bán phải đứng về phía bên mua để bảo vệ quyền lợi của bên mua; nếu người thứ ba có quyền sở hữu một phần hoặc toàn bộ tài sản mua bán thì bên mua có quyền hủy bỏ hợp đồng và yêu cầu bên bán bồi thường thiệt hại.
3. Trường hợp bên mua biết hoặc phải biết tài sản mua bán thuộc sở hữu của người thứ ba mà vẫn mua thì phải trả lại tài sản cho chủ sở hữu và không có quyền yêu cầu bồi thường thiệt hại.

**Phân tích & Hướng dẫn:**
Theo quy định tại Điều 444 của Bộ Luật Dân sự 2015, nếu tài sản mua bán thuộc sở hữu của người thứ ba và người mua (bạn) biết hoặc nên biết về việc đó nhưng vẫn mua, thì bạn sẽ mất quyền yêu cầu bồi thường thiệt hại từ bên bán. Điều này cũng tương ứng với trường hợp mà bạn đã nêu trong câu hỏi.

Tuy nhiên, nếu tài sản mua bán không thuộc sở hữu của người thứ ba và bạn chỉ phát hiện ra sự việc sau khi vợ bạn đã bán xe, thì bạn có quyền yêu cầu bên bán bồi thường thiệt hại do việc bán tài sản mà không có sự đồng ý của bạn. 

Như vậy, để có thể xác định quyền và nghĩa vụ cụ thể, cần xem xét thêm thông tin về việc tài sản (xe) đó có thuộc sở hữu của người thứ ba hay không, và bạn có biết hoặc nên biết về việc đó hay không. Nếu tài sản thuộc sở hữu của người thứ ba và bạn biết hoặc nên biết điều này, thì bạn không có quyền yêu cầu bồi thường từ bên bán. Trong trường hợp khác, bạn có thể yêu cầu bồi thường thiệt hại từ bên bán theo quy định của pháp luật."
syn_178_1768629092,Gia đình tôi đang xem xét thành lập một công ty hợp danh. Tôi muốn biết nếu công ty phát sinh tài sản từ hoạt động kinh doanh thì những tài sản đó thuộc về ai?,Điều 179 - Luật Doanh nghiệp 2020,True,1.0,0.6843657817109144,"**Căn cứ pháp lý:**
- **Điều 179** - **Luật Doanh nghiệp 2020**

**Nội dung quy định:**
Theo Điều 179 của Luật Doanh nghiệp 2020, tài sản của công ty hợp danh bao gồm: 1. Tài sản góp vốn của các thành viên đã được chuyển quyền sở hữu cho công ty; 2. Tài sản tạo lập được mang tên công ty; 3. Tài sản thu được từ hoạt động kinh doanh do thành viên hợp danh thực hiện nhân danh công ty và từ hoạt động kinh doanh của công ty do thành viên hợp danh nhân danh cá nhân thực hiện; 4. Tài sản khác theo quy định của pháp luật.

**Phân tích & Hướng dẫn:**
Theo quy định trên, tài sản phát sinh từ hoạt động kinh doanh của công ty hợp danh sẽ thuộc về công ty hợp danh. Điều này có nghĩa là bất kỳ tài sản nào do các thành viên hợp danh thực hiện hoạt động kinh doanh của công ty, kể cả hoạt động kinh doanh nhân danh cá nhân, cũng đều được công ty hợp danh nắm giữ và quản lý. 

Vì vậy, nếu công ty phát sinh tài sản từ hoạt động kinh doanh, tài sản đó sẽ thuộc về công ty hợp danh mà không phân biệt tài sản đó do thành viên nào tạo lập hoặc quản lý. Điều này giúp đảm bảo tính minh bạch và ổn định trong việc quản lý và sử dụng tài sản của công ty hợp danh."
syn_1011_1768638632_0,"Tôi có một em gái đã 18 tuổi và đang gặp khó khăn trong việc chi trả học phí đại học. Tôi muốn giúp đỡ em ấy, nhưng không biết liệu tôi có nghĩa vụ pháp lý nào không? Liệu tôi có thể yêu cầu em gái ký một thỏa thuận về việc tôi sẽ hỗ trợ tài chính cho em không?",Điều 105 - Luật Hôn nhân và Gia đình 2014,False,0.6666666666666666,0.33555555555555555,"**CĂN CỨ PHÁP LUẬT THAM KHẢO:**

- Văn bản: Luật Hôn nhân và Gia đình 2014
- Nội dung: Điều 112. Nghĩa vụ cấp dưỡng giữa anh, chị, em

**Nội dung quy định:**
Trong trường hợp không còn cha mẹ hoặc cha mẹ không có khả năng lao động và không có tài sản để cấp dưỡng cho con thì anh, chị đã thành niên không sống chung với em có nghĩa vụ cấp dưỡng cho em chưa thành niên không có tài sản để tự nuôi mình hoặc em đã thành niên không có khả năng lao động và không có tài sản để tự nuôi mình; em đã thành niên không sống chung với anh, chị có nghĩa vụ cấp dưỡng cho anh, chị không có khả năng lao động và không có tài sản để tự nuôi mình.

**Phân tích & Hướng dẫn:**
Theo Điều 112 của Luật Hôn nhân và Gia đình 2014, bạn có nghĩa vụ cấp dưỡng cho em gái nếu em gái chưa thành niên, không có tài sản để tự nuôi mình, hoặc em gái đã thành niên nhưng không có khả năng lao động và không có tài sản để tự nuôi mình. 

Bằng cách này, chúng ta thấy rằng bạn có nghĩa vụ cấp dưỡng cho em gái, bất kể hai anh em có sống chung hay không. Tuy nhiên, việc cấp dưỡng không nhất thiết phải thông qua việc ký kết một thỏa thuận viết. Việc này chủ yếu nhằm đảm bảo rằng bạn đã thực hiện nghĩa vụ của mình theo quy định pháp luật.

Để đảm bảo rằng bạn đã thực hiện đúng nghĩa vụ này, bạn có thể yêu cầu em gái ký vào một giấy cam kết hoặc biên nhận về việc bạn đã hỗ trợ học phí cho em. Điều này không chỉ làm tăng tính minh bạch mà còn giúp bạn tránh những tranh chấp không cần thiết về sau.

Tuy nhiên, nếu muốn có một thỏa thuận rõ ràng hơn về việc cấp dưỡng, bạn có thể thảo luận và ký kết một thỏa thuận riêng giữa hai anh em. Đây là một lựa chọn tốt nếu bạn muốn có một thỏa thuận cụ thể về thời gian, số tiền và cách thức hỗ trợ.

Nhớ rằng, việc hỗ trợ tài chính cho người thân không chỉ tuân thủ theo quy định pháp luật mà còn dựa trên tình cảm và trách nhiệm"
syn_118_1768628630,"Gia đình tôi có một cổ đông trong công ty, nhưng họ không chấp hành nghị quyết của Đại hội đồng cổ đông. Điều này có ảnh hưởng đến họ không?",Điều 119 - Luật Doanh nghiệp 2020,False,1.0,0.3955014058106841,"**Căn cứ pháp lý:** 
- Điều 167, Điều 115 và Điều 149, Luật Doanh nghiệp 2020

**Nội dung quy định:**
- Điều 167 của Luật Doanh nghiệp 2020 quy định về việc chấp thuận hợp đồng, giao dịch giữa công ty với người có liên quan. Theo đó, các cổ đông, người đại diện theo ủy quyền của cổ đông sở hữu trên 10% tổng số cổ phần phổ thông của công ty và người có liên quan của họ, cùng với các thành viên Hội đồng quản trị, Giám đốc hoặc Tổng giám đốc và người có liên quan của họ, đều có quyền phê duyệt các hợp đồng, giao dịch. 

- Điều 115 của Luật Doanh nghiệp 2020 quy định về quyền của cổ đông phổ thông, trong đó có quyền tham dự, phát biểu và thực hiện quyền biểu quyết. 

- Điều 149 của Luật Doanh nghiệp 2020 quy định về thẩm quyền và thể thức lấy ý kiến cổ đông bằng văn bản để thông qua nghị quyết Đại hội đồng cổ đông. 

**Phân tích & Hướng dẫn:**
Theo quy định trên, cổ đông trong công ty, dù chỉ là cổ đông thường xuyên (sở hữu trên 10% tổng số cổ phần phổ thông), vẫn có quyền phê duyệt các hợp đồng, giao dịch giữa công ty và các bên liên quan. Nếu họ không chấp hành nghị quyết của Đại hội đồng cổ đông, công ty có quyền kiện họ ra Tòa án về vi phạm quyền của cổ đông và có thể yêu cầu bồi thường thiệt hại phát sinh từ việc vi phạm.

Tuy nhiên, nếu cổ đông này không chấp hành nghị quyết của Đại hội đồng cổ đông, điều này có thể ảnh hưởng đến họ như sau:
1. **Thực hiện hợp đồng không hợp pháp:** Nếu họ ký kết các hợp đồng mà không tuân thủ nghị quyết của Đại hội đồng cổ đông, hợp đồng có thể bị vô hiệu theo quyết định của Tòa án.
2. **Thừa hưởng thiệt hại:** Nếu công ty yêu cầu bồi thường cho thiệt hại phát sinh từ việc vi phạm nghị quyết, cổ đông này có thể phải chịu trách nhiệm bồi thường.
3. **Nguy cơ mất quyền sở hữu:** Nếu vi phạm nghiêm trọng, cổ đông này có thể bị剥夺"
syn_558_1768631924,"Tôi có hai người bạn cùng bảo lãnh cho một khoản vay. Nếu một người được miễn nghĩa vụ, tôi có phải thực hiện nghĩa vụ đối với người còn lại không?",Điều 341 - Bộ luật Dân sự 2015,True,0.6666666666666666,0.7285024154589371,"**CĂN CỨ PHÁP LUẬT THAM KHẢO:**
---
[Văn bản] Bộ luật Dân sự 2015
[Nội dung] Điều 341. Miễn việc thực hiện nghĩa vụ bảo lãnh

---

**NỘI DUNG QUY ĐỊNH:**
1. Trường hợp bên bảo lãnh phải thực hiện nghĩa vụ bảo lãnh mà bên nhận bảo lãnh miễn việc thực hiện nghĩa vụ cho bên bảo lãnh thì bên được bảo lãnh không phải thực hiện nghĩa vụ đối với bên nhận bảo lãnh, trừ trường hợp có thỏa thuận hoặc pháp luật có quy định khác.
2. Trường hợp chỉ một trong số nhiều người cùng bảo lãnh liên đới được miễn việc thực hiện phần nghĩa vụ bảo lãnh của mình thì những người khác vẫn phải thực hiện nghĩa vụ bảo lãnh của họ.
3. Trường hợp một trong số những người nhận bảo lãnh liên đới miễn cho bên bảo lãnh không phải thực hiện phần nghĩa vụ đối với mình thì bên bảo lãnh vẫn phải thực hiện phần nghĩa vụ còn lại đối với những người nhận bảo lãnh liên đới còn lại.

---

**PHÂN TÍCH VÀ HƯỚNG DẪN:**
Trong trường hợp của bạn, hai người bạn cùng bảo lãnh cho một khoản vay. Nếu một người bạn được miễn nghĩa vụ, bạn cần tuân thủ các quy định về miễn nghĩa vụ bảo lãnh từ Bộ Luật Dân sự 2015.

Theo Điều 341, nếu một trong số những người bảo lãnh được miễn nghĩa vụ, những người khác vẫn phải thực hiện nghĩa vụ bảo lãnh của mình. Trong trường hợp này, bạn sẽ không phải thực hiện nghĩa vụ đối với người bạn đã được miễn nghĩa vụ.

Do đó, bạn không cần phải thực hiện nghĩa vụ đối với người bạn còn lại. Bạn chỉ cần đảm bảo rằng người bạn được miễn nghĩa vụ thực hiện đúng nghĩa vụ của mình (nếu có), và người bạn còn lại vẫn thực hiện nghĩa vụ bảo lãnh như thông lệ.

Lưu ý rằng, nếu có thỏa thuận hoặc pháp luật khác quy định khác, bạn nên xem xét thêm để đảm bảo compliance hoàn toàn với quy định pháp luật."
syn_603_1768632229,"Tôi là một doanh nghiệp đang đàm phán với một nhà cung cấp và đã gửi một đề nghị giao kết hợp đồng. Nếu nhà cung cấp không trả lời trong thời gian quy định, tôi có thể ký hợp đồng với nhà cung cấp khác không?",Điều 386 - Bộ luật Dân sự 2015,True,0.0,0.44048943270300334,"**CĂN CỨ PHÁP LUẬT THAM KHẢO:**
---
--- [Tài liệu 1] ---
Văn bản: Bộ luật Dân sự 2015
Nội dung: Điều 394. Thời hạn trả lời chấp nhận giao kết hợp đồng 1. Khi bên đề nghị có ấn định thời hạn trả lời thì việc trả lời chấp nhận chỉ có hiệu lực khi được thực hiện trong thời hạn đó; nếu bên đề nghị giao kết hợp đồng nhận được trả lời khi đã hết thời hạn trả lời thì chấp nhận này được coi là đề nghị mới của bên chậm trả lời. Khi bên đề nghị không nêu rõ thời hạn trả lời thì việc trả lời chấp nhận chỉ có hiệu lực nếu được thực hiện trong một thời hạn hợp lý. 2. Trường hợp thông báo chấp nhận giao kết hợp đồng đến chậm vì lý do khách quan mà bên đề nghị biết hoặc phải biết về lý do khách quan này thì thông báo chấp nhận giao kết hợp đồng vẫn có hiệu lực, trừ trường hợp bên đề nghị trả lời ngay không đồng ý với chấp nhận đó của bên được đề nghị. 3. Khi các bên trực tiếp giao tiếp với nhau, kể cả trong trường hợp qua điện thoại hoặc qua phương tiện khác thì bên được đề nghị phải trả lời ngay có chấp nhận hoặc không chấp nhận, trừ trường hợp các bên có thỏa thuận về thời hạn trả lời.

--- [Tài liệu 2] ---
Văn bản: Bộ luật Dân sự 2015
Nội dung: Điều 386. Đề nghị giao kết hợp đồng 1. Đề nghị giao kết hợp đồng là việc thể hiện rõ ý định giao kết hợp đồng và chịu sự ràng buộc về đề nghị này của bên đề nghị đối với bên đã được xác định hoặc tới công chúng (sau đây gọi chung là bên được đề nghị). 2. Trường hợp đề nghị giao kết hợp đồng có nêu rõ thời hạn trả lời, nếu bên đề nghị lại giao kết hợp đồng với người thứ ba trong thời hạn chờ bên được đề nghị trả lời thì phải bồi thường thiệt hại cho bên được đề nghị mà không được giao kết hợp đồng nếu có thiệt hại phát sinh.

--- [Tài liệu 3] ---
Văn bản: Bộ luật Dân sự 2015
Nội dung: Điều 391"
syn_1618_1768642998_0,Gia đình tôi đang gặp khó khăn vì tôi bị cáo buộc oan sai trong một vụ án hình sự. Có ai đó đã cung cấp thông tin sai lệch cho cơ quan chức năng và tôi muốn biết liệu hành vi này có được coi là tội xâm phạm hoạt động tư pháp không?,Điều 367 - Bộ luật Hình sự (Văn bản hợp nhất 2017),False,0.0,0.32994923857868025,"**CĂN CỨ PHÁP LUẬT THAM KHẢO:**
--- [Tài liệu 1] ---
Văn bản: Bộ luật Hình sự (Văn bản hợp nhất 2017)
Nội dung: Điều 382. Tội cung cấp tài liệu sai sự thật hoặc khai báo gian dối 1. Người làm chứng, người giám định, người định giá tài sản, người phiên dịch, người dịch thuật, người bào chữa nào mà kết luận, dịch, khai gian dối hoặc cung cấp những tài liệu mà mình biết rõ là sai sự thật, thì bị phạt cảnh cáo, phạt cải tạo không giam giữ đến 01 năm hoặc phạt tù từ 03 tháng đến 01 năm. 2. Phạm tội thuộc một trong các trường hợp sau đây, thì bị phạt tù từ 01 năm đến 03 năm: a) Có tổ chức; b) Dẫn đến việc giải quyết vụ án, vụ việc bị sai lệch. 3. Phạm tội thuộc một trong các trường hợp sau đây, thì bị phạt tù từ 03 năm đến 07 năm: a) Phạm tội 02 lần trở lên; b) Dẫn đến việc kết án oan người vô tội hoặc bỏ lọt tội phạm hoặc người phạm tội[395]. 4. Người phạm tội còn có thể bị cấm đảm nhiệm chức vụ, cấm hành nghề hoặc làm công việc nhất định từ 01 năm đến 05 năm.

--- [Tài liệu 2] ---
Văn bản: Bộ luật Hình sự (Văn bản hợp nhất 2017)
Nội dung: Điều 375. Tội làm sai lệch hồ sơ vụ án, vụ việc 1.[387] Điều tra viên, Kiểm sát viên, Thẩm phán, Hội thẩm, Thư ký Tòa án, người khác có nhiệm vụ, quyền hạn trong hoạt động tư pháp, người bào chữa, người bảo vệ quyền và lợi ích hợp pháp của bị hại, đương sự thêm, bớt, sửa đổi, đánh tráo, hủy hoặc làm hư hỏng tài liệu, vật chứng của vụ án, vụ việc hoặc bằng thủ đoạn khác nhằm làm sai lệch nội dung vụ án, vụ việc, thì bị phạt tù từ 01 năm đến 05 năm. 2. Phạm tội thuộc một trong các trường hợp"
syn_71_1768628273,"Tôi muốn biết nếu tôi khởi kiện người quản lý công ty nhưng yêu cầu bị bác, tôi có phải chịu chi phí khởi kiện không?",Điều 72 - Luật Doanh nghiệp 2020,True,1.0,0.47368421052631576,"**Căn cứ pháp lý:** 
- [Tài liệu 1] - Điều 72 của Luật Doanh nghiệp 2020
- [Tài liệu 2] - Điều 166 của Luật Doanh nghiệp 2020

**Nội dung quy định:**
- Theo Điều 72 của Luật Doanh nghiệp 2020, thành viên công ty có quyền khởi kiện người quản lý (Chủ tịch Hội đồng thành viên, Giám đốc hoặc Tổng giám đốc) nếu họ vi phạm quyền, nghĩa vụ và trách nhiệm của người quản lý.
- Điều 166 của Luật Doanh nghiệp 2020 cũng nêu rõ rằng cổ đông hoặc nhóm cổ đông có quyền khởi kiện người quản lý công ty nếu họ vi phạm trách nhiệm của người quản lý, không tuân thủ quy định pháp luật hoặc Điều lệ công ty, hoặc lạm dụng địa vị, chức vụ và thông tin, bí quyết, cơ hội kinh doanh của công ty.

**Phân tích & Hướng dẫn:**
Theo quy định của Luật Doanh nghiệp 2020, khi khởi kiện người quản lý công ty và yêu cầu bị bác, thành viên hoặc cổ đông có quyền khởi kiện sẽ phải chịu các chi phí liên quan đến việc khởi kiện. Điều này được quy định cụ thể trong cả hai điều khoản trên, cụ thể như sau:

- Theo Điều 72, thành viên công ty có quyền khởi kiện và chi phí khởi kiện được tính vào chi phí của công ty, trừ trường hợp bị bác yêu cầu khởi kiện.
- Theo Điều 166, cổ đông hoặc nhóm cổ đông cũng có quyền khởi kiện và chi phí khởi kiện tương tự như thành viên công ty, cũng được tính vào chi phí của công ty, trừ trường hợp bị bác yêu cầu khởi kiện.

Do đó, nếu yêu cầu khởi kiện của bạn bị bác, bạn sẽ phải chịu các chi phí liên quan đến việc khởi kiện theo quy định của pháp luật. Bạn nên kiểm tra hồ sơ vụ án để xác định chi tiết các chi phí cụ thể phải trả. Nếu cần, bạn có thể yêu cầu tòa án giải thích chi tiết về các chi phí này."
syn_87_1768628391,Gia đình tôi đang có ý định thành lập một công ty cổ phần mà Nhà nước nắm giữ trên 50% vốn điều lệ. Liệu chúng tôi có thể làm điều này không?,Điều 88 - Luật Doanh nghiệp 2020,True,0.3333333333333333,0.8805346700083543,"**Căn cứ pháp lý:**
--- [Tài liệu 1] ---
Văn bản: Luật Doanh nghiệp 2020
Nội dung: Điều 88. Doanh nghiệp nhà nước 1. Doanh nghiệp nhà nước được tổ chức quản lý dưới hình thức công ty trách nhiệm hữu hạn, công ty cổ phần, bao gồm: a) Doanh nghiệp do Nhà nước nắm giữ 100% vốn điều lệ; b) Doanh nghiệp do Nhà nước nắm giữ trên 50% vốn điều lệ hoặc tổng số cổ phần có quyền biểu quyết, trừ doanh nghiệp quy định tại điểm a khoản 1 Điều này. 2. Doanh nghiệp do Nhà nước nắm giữ 100% vốn điều lệ theo quy định tại điểm a khoản 1 Điều này bao gồm: a) Công ty trách nhiệm hữu hạn một thành viên do Nhà nước nắm giữ 100% vốn điều lệ là công ty mẹ của tập đoàn kinh tế nhà nước, công ty mẹ của tổng công ty nhà nước, công ty mẹ trong nhóm công ty mẹ - công ty con; b) Công ty trách nhiệm hữu hạn một thành viên là công ty độc lập do Nhà nước nắm giữ 100% vốn điều lệ. 3. Doanh nghiệp do Nhà nước nắm giữ trên 50% vốn điều lệ hoặc tổng số cổ phần có quyền biểu quyết theo quy định tại điểm b khoản 1 Điều này bao gồm: a) Công ty trách nhiệm hữu hạn hai thành viên trở lên, công ty cổ phần do Nhà nước nắm giữ trên 50% vốn điều lệ, tổng số cổ phần có quyền biểu quyết là công ty mẹ của tập đoàn kinh tế, công ty mẹ của tổng công ty nhà nước, công ty mẹ trong nhóm công ty mẹ - công ty con; b) Công ty trách nhiệm hữu hạn hai thành viên trở lên, công ty cổ phần là công ty độc lập do Nhà nước nắm giữ trên 50% vốn điều lệ, tổng số cổ phần có quyền biểu quyết.

**Căn cứ pháp lý:**
--- [Tài liệu 2] ---
Văn bản: Luật Doanh nghiệp 2020
Nội dung: Điều 89. Áp dụng quy định đối với doanh nghiệp nhà nước 1. Doanh nghiệp do Nhà nước nắm giữ 100% vốn điều lệ theo quy định tại điểm a khoản 1 Điều 8"
syn_1069_1768638932_2,Vợ tôi đang mang thai và chúng tôi đang lo lắng về việc hợp đồng lao động của cô ấy có bị tạm hoãn trong thời gian thai sản không. Tôi muốn biết quyền lợi của vợ tôi trong trường hợp này là gì?,Điều 30 - Bộ luật Lao động 2019,False,1.0,0.36315789473684207,"**Căn cứ pháp lý:**
---
**Điều 138. Quyền đơn phương chấm dứt, tạm hoãn hợp đồng lao động của lao động nữ mang thai** - Bộ Luật Lao động 2019

**Nội dung quy định:**
---
1. Lao động nữ mang thai nếu có xác nhận của cơ sở khám bệnh, chữa bệnh có thẩm quyền về việc tiếp tục làm việc sẽ ảnh hưởng xấu tới thai nhi thì có quyền đơn phương chấm dứt hợp đồng lao động hoặc tạm hoãn thực hiện hợp đồng lao động. Trường hợp đơn phương chấm dứt hợp đồng lao động hoặc tạm hoãn thực hiện hợp đồng lao động thì phải thông báo cho người sử dụng lao động kèm theo xác nhận của cơ sở khám bệnh, chữa bệnh có thẩm quyền về việc tiếp tục làm việc sẽ ảnh hưởng xấu tới thai nhi.
2. Trường hợp tạm hoãn thực hiện hợp đồng lao động, thời gian tạm hoãn do người lao động thỏa thuận với người sử dụng lao động nhưng tối thiểu phải bằng thời gian do cơ sở khám bệnh, chữa bệnh có thẩm quyền chỉ định tạm nghỉ. Trường hợp không có chỉ định của cơ sở khám bệnh, chữa bệnh có thẩm quyền về thời gian tạm nghỉ thì hai bên thỏa thuận về thời gian tạm hoãn thực hiện hợp đồng lao động.

**Phân tích & Hướng dẫn:**
---
Theo quy định tại Điều 138 Bộ Luật Lao động 2019, vợ bạn đang mang thai và nếu có xác nhận của cơ sở khám bệnh, chữa bệnh có thẩm quyền rằng việc tiếp tục làm việc sẽ ảnh hưởng xấu tới thai nhi, cô ấy có quyền đơn phương chấm dứt hợp đồng lao động hoặc tạm hoãn thực hiện hợp đồng lao động. 

Trong trường hợp tạm hoãn thực hiện hợp đồng lao động, thời gian tạm hoãn phải do vợ bạn và người sử dụng lao động thỏa thuận, với tối thiểu thời gian do cơ sở khám bệnh, chữa bệnh có thẩm quyền chỉ định. Nếu không có chỉ định về thời gian tạm nghỉ, hai bên có thể thỏa thuận về thời gian tạm hoãn thực hiện hợp đồng lao động.

Ngoài ra, theo Điều 137 Bộ Luật Lao động 2019, người sử dụng lao động không được sa thải hoặc đơn"
syn_661_1768632576,"Nếu tôi biết rằng chiếc xe mình mua là của người khác nhưng vẫn quyết định mua, thì tôi có quyền gì trong trường hợp xảy ra tranh chấp?",Điều 444 - Bộ luật Dân sự 2015,True,1.0,0.6213408876298394,"**Căn cứ pháp lý:**
--- [Tài liệu 1] ---
Văn bản: Bộ luật Dân sự 2015
Nội dung: Điều 444. Bảo đảm quyền sở hữu của bên mua đối với tài sản mua bán

**Nội dung quy định:**
1. Bên bán có nghĩa vụ bảo đảm quyền sở hữu đối với tài sản đã bán cho bên mua không bị người thứ ba tranh chấp.
2. Trường hợp tài sản bị người thứ ba tranh chấp thì bên bán phải đứng về phía bên mua để bảo vệ quyền lợi của bên mua; nếu người thứ ba có quyền sở hữu một phần hoặc toàn bộ tài sản mua bán thì bên mua có quyền hủy bỏ hợp đồng và yêu cầu bên bán bồi thường thiệt hại.
3. Trường hợp bên mua biết hoặc phải biết tài sản mua bán thuộc sở hữu của người thứ ba mà vẫn mua thì phải trả lại tài sản cho chủ sở hữu và không có quyền yêu cầu bồi thường thiệt hại.

**Phân tích & Hướng dẫn:**
Theo quy định tại Điều 444 của Bộ Luật Dân sự 2015, bạn có quyền yêu cầu hủy bỏ hợp đồng mua bán và yêu cầu bên bán bồi thường thiệt hại nếu bạn biết hoặc nên biết rằng tài sản mua bán thuộc sở hữu của người khác mà vẫn quyết định mua. Tuy nhiên, điều kiện cần thiết là bạn phải biết hoặc nên biết rằng tài sản đó thuộc sở hữu của người khác. Nếu bạn không có thông tin về sở hữu tài sản trước khi mua, và mua với tư cách là một người bình thường không có trách nhiệm về việc xác định sở hữu tài sản, thì quyền của bạn sẽ hạn chế hơn. Bạn có thể phải trả lại tài sản cho chủ sở hữu và không có quyền yêu cầu bồi thường thiệt hại.

Do đó, trong trường hợp này, bạn cần xác định rõ mình có biết hoặc nên biết về sở hữu tài sản trước khi quyết định mua. Nếu bạn đã biết hoặc có lý do để biết tài sản mua bán thuộc sở hữu của người khác, bạn có thể yêu cầu hủy bỏ hợp đồng và yêu cầu bên bán bồi thường thiệt hại. Ngược lại, nếu bạn không biết hoặc không nên biết về sở hữu tài sản, bạn chỉ có thể yêu cầu trả lại tài sản cho chủ sở hữu và không có quyền yêu cầu bồi thường thiệt hại"
syn_1236_1768639893_0,"Công ty tôi đã không đạt được thỏa thuận với người lao động về việc tăng lương sau nhiều lần hòa giải không thành. Vậy, tôi có thể yêu cầu Hội đồng trọng tài lao động giải quyết tranh chấp này không?",Điều 197 - Bộ luật Lao động 2019,True,1.0,0.48442367601246106,"**Căn cứ pháp lý:**
- [Tên điều luật] - [Tên văn bản luật]
- [Tài liệu 1] - [Tên văn bản luật]
- [Tài liệu 2] - [Tên văn bản luật]
- [Tài liệu 3] - [Tên văn bản luật]

**Nội dung quy định:**
Theo các điều khoản của Bộ Luật Lao động 2019, khi hai bên không đạt được thỏa thuận về việc tăng lương sau nhiều lần hòa giải không thành, họ có quyền yêu cầu Hội đồng trọng tài lao động giải quyết tranh chấp. Điều này được quy định cụ thể tại các khoản 1, 2 và 3 Điều 197 của Bộ Luật Lao động 2019.

**Phân tích & Hướng dẫn:**
Theo quy định tại Điều 197 của Bộ Luật Lao động 2019, khi hòa giải không thành và hết thời hạn hòa giải quy định tại khoản 2 Điều 188 của Bộ luật này mà hòa giải viên lao động không tiến hành hòa giải hoặc một trong các bên không thực hiện thỏa thuận trong biên bản hòa giải thành, các bên có quyền yêu cầu Hội đồng trọng tài lao động giải quyết tranh chấp. 

Trong trường hợp của bạn, nếu công ty và người lao động đã không đạt được thỏa thuận về việc tăng lương sau nhiều lần hòa giải không thành, bạn có quyền yêu cầu Hội đồng trọng tài lao động giải quyết tranh chấp này. Công ty cần tuân thủ quy định về việc thành lập Ban trọng tài lao động và ra quyết định giải quyết tranh chấp theo đúng thời hạn quy định. Nếu Ban trọng tài lao động không ra quyết định giải quyết tranh chấp hoặc không được thành lập, người lao động có quyền yêu cầu Tòa án giải quyết tranh chấp này.

Nên nhớ rằng, trong quá trình giải quyết tranh chấp, bạn cần đảm bảo tuân thủ các quy định về việc không tiến hành đình công (trừ trường hợp đặc biệt được quy định) và tuân thủ các quy định về việc không đồng thời yêu cầu Tòa án giải quyết tranh chấp."
syn_258_1768629788,"Con tôi 12 tuổi, hiện tại đang học xa nhà. Tôi có thể đăng ký nơi cư trú khác cho cháu không, hay bắt buộc phải để theo nơi cư trú của tôi?",Điều 41 - Bộ luật Dân sự 2015,True,0.6666666666666666,0.5357142857142858,"**CĂN CỨ PHÁP LUẬT THAM KHẢO:**
---
[Văn bản] Bộ luật Dân sự 2015
[Nội dung] Điều 41. Nơi cư trú của người chưa thành niên 1. Nơi cư trú của người chưa thành niên là nơi cư trú của cha, mẹ; nếu cha, mẹ có nơi cư trú khác nhau thì nơi cư trú của người chưa thành niên là nơi cư trú của cha hoặc mẹ mà người chưa thành niên thường xuyên chung sống. 2. Người chưa thành niên có thể có nơi cư trú khác với nơi cư trú của cha, mẹ nếu được cha, mẹ đồng ý hoặc pháp luật có quy định.

---

**Nội dung quy định:**
Theo Điều 41 của Bộ Luật Dân sự 2015, nơi cư trú của người chưa thành niên là nơi cư trú của cha hoặc mẹ, tùy thuộc vào hoàn cảnh cụ thể. Nếu người chưa thành niên thường xuyên chung sống với một trong hai cha hoặc mẹ, thì nơi cư trú của họ sẽ là nơi cư trú của cha hoặc mẹ đó. Ngoài ra, nếu cha hoặc mẹ đồng ý và tuân theo pháp luật, người chưa thành niên có thể có nơi cư trú khác với nơi cư trú của cha hoặc mẹ.

---

**Phân tích & Hướng dẫn:**
Đối với trường hợp của bạn, con gái 12 tuổi đang học xa nhà, bạn có thể đăng ký nơi cư trú khác cho con. Tuy nhiên, điều kiện cần thiết là con bạn phải thường xuyên sống ở nơi mới đó. Nếu con bạn vẫn thường xuyên sống với cha hoặc mẹ hoặc nếu cha hoặc mẹ đồng ý và tuân theo pháp luật, thì bạn có thể đăng ký nơi cư trú khác cho con. 

Tuy nhiên, nếu con bạn không thường xuyên sống với cha hoặc mẹ, và không có sự đồng ý từ cha hoặc mẹ hoặc không tuân theo quy định của pháp luật, thì bạn không thể đơn phương đăng ký nơi cư trú khác cho con mà không có sự đồng ý của cha hoặc mẹ.

Do đó, trước khi thực hiện bất kỳ thay đổi nào về nơi cư trú cho con, bạn nên trao đổi với cha hoặc mẹ để đảm bảo rằng mọi thứ tuân thủ đúng quy định của pháp luật."
syn_791_1768633415,"Tôi thấy hàng xóm của mình bị ngã và tôi đã đưa họ đến bệnh viện mà không hỏi ý kiến, liệu tôi có vi phạm gì không?",Điều 574 - Bộ luật Dân sự 2015,False,0.3333333333333333,0.30227272727272725,"**CĂN CỨ PHÁP LUẬT THAM KHẢO:**
--- [Tài liệu 1] ---
Văn bản: Bộ luật Dân sự 2015
Nội dung: Điều 599. Bồi thường thiệt hại do người dưới mười lăm tuổi, người mất năng lực hành vi dân sự gây ra trong thời gian trường học, bệnh viện, pháp nhân khác trực tiếp quản lý

**CÂU HỎI:**
Tôi thấy hàng xóm của mình bị ngã và tôi đã đưa họ đến bệnh viện mà không hỏi ý kiến, liệu tôi có vi phạm gì không?

**PHÂN TÍCH VÀ HƯỚNG DẪN:**

Theo Điều 599 của Bộ Luật Dân sự 2015, trường hợp người dưới mười lăm tuổi hoặc người mất năng lực hành vi dân sự gây thiệt hại trong thời gian đang được trực tiếp quản lý bởi trường học, bệnh viện hoặc pháp nhân khác, thì đơn vị trực tiếp quản lý phải chịu trách nhiệm bồi thường thiệt hại. 

Trong trường hợp này, bạn đã đưa hàng xóm của mình đến bệnh viện, nhưng không rõ họ có thuộc trường hợp người dưới mười lăm tuổi hay người mất năng lực hành vi dân sự hay không. Nếu họ thuộc trường hợp này, bạn sẽ phải chịu trách nhiệm bồi thường thiệt hại theo quy định của Bộ Luật Dân sự 2015.

Tuy nhiên, trong tình huống này, bạn không có trách nhiệm bồi thường vì bạn không biết rõ họ có thuộc trường hợp người dưới mười lăm tuổi hay người mất năng lực hành vi dân sự hay không. Nếu bạn đã đưa họ đến bệnh viện mà không có dấu hiệu họ thuộc một trong hai trường hợp trên, bạn không vi phạm pháp luật.

Ngoài ra, theo Điều 33 của Bộ Luật Dân sự 2015, không ai được tước đoạt tính mạng trái luật. Bạn không có trách nhiệm về tính mạng của người hàng xóm của mình, trừ khi bạn đã vi phạm quy tắc nghề nghiệp hoặc quy tắc hành chính, gây thương tích hoặc tổn hại cho sức khỏe của người khác.

Tóm lại, dựa trên thông tin cung cấp, bạn không vi phạm pháp luật vì không có bằng chứng cho thấy hàng xóm của bạn thuộc trường hợp người dưới mười lăm tuổi hoặc người mất năng lực hành vi dân"
syn_1190_1768639602_0,"Tôi đang có một nhân viên người nước ngoài có quốc tịch Đức, 28 tuổi, nhưng chưa có giấy phép lao động. Tôi có thể làm gì để anh ấy có thể tiếp tục làm việc tại công ty chúng tôi?",Điều 151 - Bộ luật Lao động 2019,False,0.6666666666666666,0.40202702702702703,"**Căn cứ pháp lý:**
--- [Tài liệu 1] ---
Văn bản: Bộ luật Lao động 2019
Nội dung: Điều 154. Người lao động nước ngoài làm việc tại Việt Nam không thuộc diện cấp giấy phép lao động 1. Là chủ sở hữu hoặc thành viên góp vốn của công ty trách nhiệm hữu hạn có giá trị góp vốn theo quy định của Chính phủ. 2. Là Chủ tịch Hội đồng quản trị hoặc thành viên Hội đồng quản trị của công ty cổ phần có giá trị góp vốn theo quy định của Chính phủ. 3. Là Trưởng văn phòng đại diện, dự án hoặc chịu trách nhiệm chính về hoạt động của tổ chức quốc tế, tổ chức phi chính phủ nước ngoài tại Việt Nam. 4. Vào Việt Nam với thời hạn dưới 03 tháng để thực hiện chào bán dịch vụ. 5. Vào Việt Nam với thời hạn dưới 03 tháng để xử lý sự cố, tình huống kỹ thuật, công nghệ phức tạp nảy sinh làm ảnh hưởng hoặc có nguy cơ ảnh hưởng tới sản xuất, kinh doanh mà các chuyên gia Việt Nam và các chuyên gia nước ngoài hiện đang ở Việt Nam không xử lý được. 6. Là luật sư nước ngoài đã được cấp Giấy phép hành nghề luật sư tại Việt Nam theo quy định của Luật Luật sư. 7. Trường hợp theo quy định của điều ước quốc tế mà nước Cộng hòa xã hội chủ nghĩa Việt Nam là thành viên. 8. Người nước ngoài kết hôn với người Việt Nam và sinh sống trên lãnh thổ Việt Nam. 9. Trường hợp khác theo quy định của Chính phủ.

---

**Nội dung quy định:**
Theo Điều 154 của Bộ luật Lao động 2019, một số trường hợp người lao động nước ngoài không thuộc diện phải cấp giấy phép lao động. Trong đó, điểm 4 quy định rằng ""Vào Việt Nam với thời hạn dưới 03 tháng để xử lý sự cố, tình huống kỹ thuật, công nghệ phức tạp nảy sinh làm ảnh hưởng hoặc có nguy cơ ảnh hưởng tới sản xuất, kinh doanh mà các chuyên gia Việt Nam và các chuyên gia nước ngoài hiện đang ở Việt Nam không xử lý được."" Đây là trường hợp phù hợp với tình huống của bạn, vì nhân viên của bạn có thể đang cần đến thời"
syn_936_1768634372,"Tôi và chồng tôi đang sống cùng nhau nhưng không có tài sản chung, liệu tôi có thể yêu cầu anh ấy đóng góp tài sản riêng để mua sắm những thứ cần thiết cho gia đình không?",Điều 30 - Luật Hôn nhân và Gia đình 2014,True,1.0,0.5687203791469194,"**Căn cứ pháp lý:**
---
[Tài liệu 1] --- 
Văn bản: Luật Hôn nhân và Gia đình 2014
Nội dung: Điều 30. Quyền, nghĩa vụ của vợ, chồng trong việc đáp ứng nhu cầu thiết yếu của gia đình 1. Vợ, chồng có quyền, nghĩa vụ thực hiện giao dịch nhằm đáp ứng nhu cầu thiết yếu của gia đình. 2. Trong trường hợp vợ chồng không có tài sản chung hoặc tài sản chung không đủ để đáp ứng nhu cầu thiết yếu của gia đình thì vợ, chồng có nghĩa vụ đóng góp tài sản riêng theo khả năng kinh tế của mỗi bên.
---

**Nội dung quy định:**
---
Điều 30 của Luật Hôn nhân và Gia đình 2014 quy định rằng vợ, chồng có quyền và nghĩa vụ thực hiện giao dịch nhằm đáp ứng nhu cầu thiết yếu của gia đình. Đặc biệt, khi không có tài sản chung hoặc tài sản chung không đủ để đáp ứng nhu cầu thiết yếu, vợ và chồng có nghĩa vụ đóng góp tài sản riêng theo khả năng kinh tế của mỗi bên.
---

**Phân tích & Hướng dẫn:**
---
Theo quy định tại Điều 30 của Luật Hôn nhân và Gia đình 2014, khi không có tài sản chung hoặc tài sản chung không đủ để đáp ứng nhu cầu thiết yếu của gia đình, vợ chồng có nghĩa vụ đóng góp tài sản riêng. Điều này bao gồm cả trường hợp bạn và chồng không có tài sản chung. 

Nên bạn hoàn toàn có quyền yêu cầu chồng đóng góp tài sản riêng để mua sắm những thứ cần thiết cho gia đình. Đây là quyền và nghĩa vụ được quy định rõ ràng trong luật, giúp đảm bảo nhu cầu thiết yếu của gia đình khi không có tài sản chung.

Nếu hai bên không đạt được thỏa thuận về việc đóng góp tài sản riêng, bạn có thể đề xuất với gia đình hoặc yêu cầu Tòa án giải quyết theo quy định tại Điều 61 của Luật Hôn nhân và Gia đình 2014.
---

Nếu bạn còn có bất kỳ thắc mắc nào, vui lòng liên hệ với một chuyên gia tư vấn pháp luật để được hỗ trợ thêm."
syn_595_1768632183,"Tôi có nghĩa vụ trả tiền cho một dịch vụ, nhưng bên cung cấp dịch vụ cũng nợ tôi một khoản tiền tương đương. Khi đến hạn, chúng tôi có thể tự động bù trừ không?",Điều 378 - Bộ luật Dân sự 2015,True,1.0,0.5867861142217244,"**Căn cứ pháp lý:**
---
[Văn bản]: Bộ luật Dân sự 2015
[Nội dung]: Điều 378. Chấm dứt nghĩa vụ do bù trừ nghĩa vụ

**Nội dung quy định:**
1. Trường hợp các bên cùng có nghĩa vụ về tài sản cùng loại đối với nhau thì khi cùng đến hạn họ không phải thực hiện nghĩa vụ đối với nhau và nghĩa vụ được xem là chấm dứt, trừ trường hợp luật có quy định khác.
2. Trường hợp giá trị của tài sản hoặc công việc không tương đương với nhau thì các bên thanh toán cho nhau phần giá trị chênh lệch.
3. Những vật được định giá thành tiền cũng có thể bù trừ với nghĩa vụ trả tiền.

**Phân tích & Hướng dẫn:**
Theo Điều 378 của Bộ Luật Dân sự 2015, khi hai bên cùng có nghĩa vụ về tài sản cùng loại và cùng đến hạn, nghĩa vụ của họ sẽ được xem là chấm dứt, trừ trường hợp có quy định khác. Tuy nhiên, nếu giá trị của tài sản hoặc công việc không tương đương, các bên vẫn phải thanh toán cho nhau phần giá trị chênh lệch.

Trong trường hợp của bạn, nếu bạn nợ một khoản tiền dịch vụ cho bên cung cấp dịch vụ và bên cung cấp dịch vụ cũng nợ bạn một khoản tiền tương đương, thì theo quy định trên, hai bên có thể tự động bù trừ nghĩa vụ. Tuy nhiên, nếu giá trị của dịch vụ không tương đương với giá trị của khoản nợ tiền, bạn cần phải xác định và thanh toán phần giá trị chênh lệch theo quy định.

Ngoài ra, Điều 519 của Bộ Luật Dân sự 2015 quy định về việc xác định giá dịch vụ và nghĩa vụ trả tiền, nhưng không liên quan trực tiếp đến trường hợp bù trừ nghĩa vụ giữa hai bên như trong trường hợp này. Tuy nhiên, quy định này đảm bảo rằng nếu không có thỏa thuận về giá dịch vụ, giá dịch vụ sẽ được xác định căn cứ vào giá thị trường.

Vì vậy, bạn và bên cung cấp dịch vụ có thể tự động bù trừ nghĩa vụ khi đến hạn, miễn là giá trị của dịch vụ không bị chênh lệch đáng kể. Nếu có sự chê"
syn_942_1768634414,Gia đình tôi có một căn nhà chung và tôi muốn đưa nó vào kinh doanh. Nếu chỉ tôi ký thỏa thuận mà vợ tôi không ký thì có hợp lệ không?,Điều 36 - Luật Hôn nhân và Gia đình 2014,True,0.0,0.3488372093023256,"**CĂN CỨ PHÁP LUẬT THAM KHẢO:**
---
[Tài liệu 1] Văn bản: Luật Hôn nhân và Gia đình 2014 - Điều 36
[Tài liệu 2] Văn bản: Luật Hôn nhân và Gia đình 2014 - Điều 25
[Tài liệu 3] Văn bản: Luật Hôn nhân và Gia đình 2014 - Điều 64

---

**CĂN CỨ PHÁP LUẬT THAM KHẢO:**
---
[Tài liệu 1] Văn bản: Luật Hôn nhân và Gia đình 2014 - Điều 36
[Tài liệu 2] Văn bản: Luật Hôn nhân và Gia đình 2014 - Điều 25
[Tài liệu 3] Văn bản: Luật Hôn nhân và Gia đình 2014 - Điều 64

---

**CĂN CỨ PHÁP LUẬT THAM KHẢO:**
---
[Tài liệu 1] Văn bản: Luật Hôn nhân và Gia đình 2014 - Điều 36
[Tài liệu 2] Văn bản: Luật Hôn nhân và Gia đình 2014 - Điều 25
[Tài liệu 3] Văn bản: Luật Hôn nhân và Gia đình 2014 - Điều 64

---

**CĂN CỨ PHÁP LUẬT THAM KHẢO:**
---
[Tài liệu 1] Văn bản: Luật Hôn nhân và Gia đình 2014 - Điều 36
[Tài liệu 2] Văn bản: Luật Hôn nhân và Gia đình 2014 - Điều 25
[Tài liệu 3] Văn bản: Luật Hôn nhân và Gia đình 2014 - Điều 64

---

**CĂN CỨ PHÁP LUẬT THAM KHẢO:**
---
[Tài liệu 1] Văn bản: Luật Hôn nhân và Gia đình 2014 - Điều 36
[Tài liệu 2] Văn bản: Luật Hôn nhân và Gia đình 2014 - Điều 25
[Tài liệu 3] Văn bản: Luật Hôn nhân và Gia"
syn_201_1768629282,Tôi đang điều hành một công ty TNHH và muốn chuyển đổi sang công ty cổ phần mà không huy động thêm vốn từ tổ chức hay cá nhân khác. Tôi cần thực hiện những bước nào để hoàn tất quy trình này?,Điều 202 - Luật Doanh nghiệp 2020,True,0.0,0.8406275805119735,"**CĂN CỨ PHÁP LUẬT THAM KHẢO:**
---
--- [Tài liệu 1] ---
Văn bản: Luật Doanh nghiệp 2020
Nội dung: Điều 202. Chuyển đổi công ty trách nhiệm hữu hạn thành công ty cổ phần 1. Doanh nghiệp nhà nước chuyển đổi thành công ty cổ phần thực hiện theo quy định của pháp luật có liên quan. 2. Công ty trách nhiệm hữu hạn có thể chuyển đổi thành công ty cổ phần theo phương thức sau đây: a) Chuyển đổi thành công ty cổ phần mà không huy động thêm tổ chức, cá nhân khác cùng góp vốn, không bán phần vốn góp cho tổ chức, cá nhân khác; b) Chuyển đổi thành công ty cổ phần bằng cách huy động thêm tổ chức, cá nhân khác góp vốn; c) Chuyển đổi thành công ty cổ phần bằng cách bán toàn bộ hoặc một phần phần vốn góp cho một hoặc một số tổ chức, cá nhân khác; d) Kết hợp phương thức quy định tại các điểm a, b và c khoản này và các phương thức khác. 3. Công ty phải đăng ký chuyển đổi công ty với Cơ quan đăng ký kinh doanh trong thời hạn 10 ngày kể từ ngày hoàn thành việc chuyển đổi. Trong thời hạn 03 ngày làm việc kể từ ngày nhận hồ sơ chuyển đổi, Cơ quan đăng ký kinh doanh cấp lại Giấy chứng nhận đăng ký doanh nghiệp và cập nhật tình trạng pháp lý của công ty trên Cơ sở dữ liệu quốc gia về đăng ký doanh nghiệp. 4. Công ty chuyển đổi đương nhiên kế thừa toàn bộ quyền và lợi ích hợp pháp, chịu trách nhiệm về các khoản nợ, gồm cả nợ thuế, hợp đồng lao động và nghĩa vụ khác của công ty được chuyển đổi.
---
--- [Tài liệu 2] ---
Văn bản: Luật Doanh nghiệp 2020
Nội dung: Điều 203. Chuyển đổi công ty cổ phần thành công ty trách nhiệm hữu hạn một thành viên 1. Công ty cổ phần có thể chuyển đổi thành công ty trách nhiệm hữu hạn một thành viên theo phương thức sau đây: a) Một cổ đông nhận chuyển nhượng toàn bộ cổ phần tương ứng của tất cả cổ đông còn lại; b) Một tổ chức hoặc cá nhân không phải là cổ đông nhận chuyển nhượng toàn bộ"
syn_860_1768633865,"Tôi để lại một phần tài sản trong di chúc cho con gái tôi nhưng sau đó tôi đã bán tài sản đó trước khi qua đời, di chúc của tôi có còn hiệu lực cho phần tài sản khác không?",Điều 643 - Bộ luật Dân sự 2015,True,1.0,0.5786993402450519,"**Căn cứ pháp lý:**
--- [Tài liệu 1] ---
Văn bản: Bộ luật Dân sự 2015
Nội dung: Điều 643. Hiệu lực của di chúc

**Nội dung quy định:**
1. Di chúc có hiệu lực từ thời điểm mở thừa kế.
2. Di chúc không có hiệu lực toàn bộ hoặc một phần trong trường hợp sau đây: a) Người thừa kế theo di chúc chết trước hoặc chết cùng thời điểm với người lập di chúc; b) Cơ quan, tổ chức được chỉ định là người thừa kế không còn tồn tại vào thời điểm mở thừa kế.

**Phân tích & Hướng dẫn:**
Trong trường hợp này, bạn đã để lại một phần tài sản trong di chúc cho con gái bạn, nhưng sau đó bạn đã bán tài sản đó. Theo Điều 643 của Bộ Luật Dân sự 2015, di chúc không có hiệu lực nếu di sản để lại cho người thừa kế không còn vào thời điểm mở thừa kế. 

Trong trường hợp này, vì tài sản đã được bán trước khi bạn qua đời, nghĩa là nó không còn ở trạng thái ""di sản"" như ban đầu, mà đã trở thành tài sản thuộc sở hữu của bên mua. Vì vậy, phần di chúc của bạn liên quan đến tài sản đã bán không còn có hiệu lực, mặc dù di chúc còn hiệu lực đối với phần tài sản khác mà bạn chưa bán.

Điều này không ảnh hưởng đến hiệu lực của phần di chúc khác mà bạn đã để lại cho con gái bạn, nếu nó vẫn còn di sản (tài sản chưa được bán). Tuy nhiên, phần di chúc liên quan đến tài sản đã bán sẽ không có hiệu lực.

Tóm lại, di chúc của bạn vẫn có hiệu lực đối với phần tài sản khác mà bạn chưa bán, nhưng phần di chúc liên quan đến tài sản đã bán không có hiệu lực."
syn_1293_1768640265_0,Tôi là một chủ doanh nghiệp nhỏ và gần đây công ty tôi bị xử phạt vì vi phạm một quy định pháp luật. Tôi đang lo lắng về hình phạt này có thể ảnh hưởng đến tâm lý làm việc của nhân viên như thế nào và liệu nó có thể giúp chúng tôi cải thiện ý thức tuân thủ pháp luật không?,Điều 31 - Bộ luật Hình sự (Văn bản hợp nhất 2017),True,1.0,0.49295774647887325,"**Căn cứ pháp lý:**
- Văn bản: Bộ luật Hình sự (Văn bản hợp nhất 2017)
- Nội dung: Điều 31. Mục đích của hình phạt

**Nội dung quy định:**
Hình phạt không chỉ nhằm trừng trị người, pháp nhân thương mại phạm tội mà còn giáo dục họ ý thức tuân theo pháp luật và các quy tắc của cuộc sống, ngăn ngừa họ phạm tội mới; giáo dục người, pháp nhân thương mại khác tôn trọng pháp luật, phòng ngừa và đấu tranh chống tội phạm.

**Phân tích & Hướng dẫn:**
Theo quy định của Bộ luật Hình sự năm 2017, hình phạt không chỉ là một phương tiện trừng phạt mà còn có mục đích giáo dục và cải thiện ý thức tuân thủ pháp luật. Điều này có nghĩa là hình phạt mà công ty bạn vừa phải chịu cũng sẽ góp phần vào việc nâng cao ý thức tuân thủ pháp luật của nhân viên.

Việc công ty bị xử phạt có thể tạo ra sự lo ngại và áp lực đối với nhân viên, đặc biệt là nếu mức phạt là lớn hoặc nghiêm khắc. Tuy nhiên, đó cũng có thể là cơ hội để nhân viên hiểu rõ hơn về những rủi ro pháp lý và tầm quan trọng của việc tuân thủ các quy định pháp luật.

Để giảm thiểu tác động tiêu cực lên nhân viên, công ty có thể thực hiện một số biện pháp như:

1. **Tạo thông tin minh bạch:** Giải thích rõ ràng về lý do và hậu quả của việc vi phạm pháp luật. Điều này giúp nhân viên hiểu rằng việc tuân thủ pháp luật không chỉ là trách nhiệm của lãnh đạo mà còn là trách nhiệm chung của toàn bộ tổ chức.

2. **Khóa học pháp luật:** Tổ chức các khóa học hoặc đào tạo pháp luật để nâng cao kiến thức pháp lý cho nhân viên. Điều này không chỉ giúp họ hiểu rõ hơn về các quy định pháp luật mà còn tăng cường lòng tin vào việc tuân thủ pháp luật.

3. **Đánh giá và khích lệ:** Đánh giá lại và khích lệ nhân viên khi họ tuân thủ pháp luật một cách tốt. Điều này không chỉ tạo động lực cho nhân viên mà còn tạo ra một môi trường làm việc tích cực và tôn trọng pháp luật.

4. **Tạo điều kiện cho cải thiện:** Nâng cao chất lượng hoạt động nội bộ"
syn_298_1768630137,Tôi đang điều hành một công ty và muốn biết nếu tôi sử dụng tài sản cá nhân để phục vụ cho công ty thì tài sản đó có được coi là tài sản của pháp nhân không?,Điều 81 - Bộ luật Dân sự 2015,True,1.0,0.5327754532775453,"**Căn cứ pháp lý:** 
Điều 81 - Bộ luật Dân sự 2015

**Nội dung quy định:**
""Tài sản của pháp nhân bao gồm vốn góp của chủ sở hữu, sáng lập viên, thành viên của pháp nhân và tài sản khác mà pháp nhân được xác lập quyền sở hữu theo quy định của Bộ luật này, luật khác có liên quan.""

**Phân tích & Hướng dẫn:**
Theo Điều 81 của Bộ luật Dân sự 2015, tài sản của pháp nhân bao gồm cả vốn góp của các thành viên pháp nhân, nhưng không bao gồm tài sản cá nhân của cá nhân thành viên pháp nhân. 

Trong trường hợp bạn, một cá nhân điều hành một công ty, tài sản cá nhân của bạn không được coi là tài sản của pháp nhân. Tuy nhiên, nếu bạn sử dụng tài sản cá nhân để góp vốn hoặc đầu tư vào công ty (vốn góp), tài sản đó sẽ trở thành tài sản của pháp nhân theo quy định của Bộ luật Dân sự.

Trong trường hợp bạn đang sử dụng tài sản cá nhân để phục vụ cho công ty, đó chỉ là tài sản cá nhân và không thuộc tài sản của pháp nhân. Tuy nhiên, việc sử dụng tài sản cá nhân này cần tuân thủ các quy định về trách nhiệm pháp lý của cá nhân trong việc quản lý và sử dụng tài sản của pháp nhân.

Nếu bạn có bất kỳ thắc mắc cụ thể hơn về quy định này hoặc về cách quản lý tài sản cá nhân trong công ty, tôi khuyên bạn nên tìm kiếm sự tư vấn của một luật sư chuyên nghiệp để đảm bảo tuân thủ đầy đủ các quy định pháp luật."
syn_802_1768633494,"Tôi đã thỏa thuận với bên gây thiệt hại về mức bồi thường, nhưng giờ tôi thấy mức bồi thường đó không còn phù hợp với thực tế, tôi có thể yêu cầu thay đổi không?",Điều 585 - Bộ luật Dân sự 2015,True,1.0,0.5343347639484979,"**Căn cứ pháp lý:**
--- [Tài liệu 1] ---
Văn bản: Bộ luật Dân sự 2015
Nội dung: Điều 585. Nguyên tắc bồi thường thiệt hại 3. Khi mức bồi thường không còn phù hợp với thực tế thì bên bị thiệt hại hoặc bên gây thiệt hại có quyền yêu cầu Tòa án hoặc cơ quan nhà nước có thẩm quyền khác thay đổi mức bồi thường.

**Nội dung quy định:**
3. Khi mức bồi thường không còn phù hợp với thực tế thì bên bị thiệt hại hoặc bên gây thiệt hại có quyền yêu cầu Tòa án hoặc cơ quan nhà nước có thẩm quyền khác thay đổi mức bồi thường.

**Phân tích & Hướng dẫn:**
Theo quy định tại Điều 585 của Bộ Luật Dân sự 2015, khi mức bồi thường không còn phù hợp với thực tế, bên bị thiệt hại hoặc bên gây thiệt hại có quyền yêu cầu Tòa án hoặc cơ quan nhà nước có thẩm quyền khác thay đổi mức bồi thường. 

Trong trường hợp của bạn, mặc dù đã thỏa thuận mức bồi thường ban đầu, nhưng sau đó bạn cảm thấy mức bồi thường đó không còn phù hợp với thực tế. Theo quy định này, bạn hoàn toàn có quyền yêu cầu thay đổi mức bồi thường. Tuy nhiên, cần lưu ý rằng việc này phải được chứng minh thông qua chứng cứ và yêu cầu một cuộc xét xử để tòa án đánh giá lại mức bồi thường dựa trên các yếu tố cụ thể của trường hợp của bạn."
syn_1384_1768641024_1,"Vợ tôi là bác sĩ nhưng khi thấy một người say rượu gặp tai nạn, cô ấy không can thiệp và người đó đã tử vong. Liệu vợ tôi có bị xử lý hình sự không?",Điều 132 - Bộ luật Hình sự (Văn bản hợp nhất 2017),False,1.0,0.4192229038854806,"**Căn cứ pháp lý:** Điều 417. Tội cố ý bỏ thương binh, tử sĩ hoặc không chăm sóc, cứu chữa thương binh - Bộ luật Hình sự (Văn bản hợp nhất 2017)

**Nội dung quy định:**
1. Người nào có trách nhiệm mà cố ý bỏ thương binh, tử sĩ tại trận địa hoặc không chăm sóc, cứu chữa thương binh dẫn đến không tìm thấy thương binh, tử sĩ hoặc thương binh bị chết, thì bị phạt cải tạo không giam giữ đến 03 năm hoặc phạt tù từ 06 tháng đến 05 năm.
2. Phạm tội thuộc một trong các trường hợp sau đây, thì bị phạt tù từ 03 năm đến 10 năm: a) Là chỉ huy hoặc sĩ quan; b) Đối với 02 thương binh hoặc 02 tử sĩ trở lên.

**Phân tích & Hướng dẫn:**
Trong trường hợp của người dùng, vợ người dùng là bác sĩ và khi thấy một người say rượu gặp tai nạn, cô ấy không can thiệp và người đó đã tử vong. Từ thông tin này, chúng ta có thể phân tích như sau:

1. **Thành phần tội phạm:** Theo quy định tại Điều 417 của Bộ luật Hình sự, người phạm tội là những người có trách nhiệm, cụ thể là bác sĩ. 

2. **Nguyên nhân gây ra hậu quả:** Trong trường hợp này, nguyên nhân gây ra hậu quả là do người say rượu gặp tai nạn, chứ không phải do bác sĩ không can thiệp. 

3. **Hậu quả xảy ra:** Người đó đã tử vong, tức là có hậu quả thương binh bị chết. 

4. **Độ nghiêm trọng của tội danh:** Theo quy định, nếu bác sĩ có trách nhiệm và cố ý bỏ thương binh, tử sĩ dẫn đến thương binh bị chết, thì bị phạt cải tạo không giam giữ đến 03 năm hoặc phạt tù từ 06 tháng đến 05 năm. Tuy nhiên, bác sĩ không phải là chỉ huy hoặc sĩ quan, cũng không phạm tội đối với 02 thương binh hoặc 02 tử sĩ trở lên. 

Từ phân tích trên, chúng ta thấy rằng trong trường hợp này, bác sĩ không phải là người có trách nhiệm và cố ý bỏ thương binh, tử sĩ. Hơn nữa,"
syn_265_1768629849,"Nếu con tôi đã đủ tuổi trưởng thành nhưng vẫn cần giám hộ do không đủ khả năng quyết định, tôi có thể lựa chọn ai để làm người giám hộ cho con không?",Điều 48 - Bộ luật Dân sự 2015,True,1.0,0.6193390452876377,"**Căn cứ pháp lý:**
--- [Tài liệu 1] ---
Văn bản: Bộ luật Dân sự 2015
Nội dung: Điều 48. Người giám hộ 1. Cá nhân, pháp nhân có đủ điều kiện quy định tại Bộ luật này được làm người giám hộ. 2. Trường hợp người có năng lực hành vi dân sự đầy đủ lựa chọn người giám hộ cho mình thì khi họ ở tình trạng cần được giám hộ, cá nhân, pháp nhân được lựa chọn là người giám hộ nếu người này đồng ý. Việc lựa chọn người giám hộ phải được lập thành văn bản có công chứng hoặc chứng thực.

**Nội dung quy định:**
Điều 48 của Bộ Luật Dân sự 2015 quy định rằng cá nhân hoặc pháp nhân có đủ điều kiện quy định tại Bộ luật này có thể làm người giám hộ. Trường hợp người có năng lực hành vi dân sự đầy đủ lựa chọn người giám hộ cho mình, khi họ ở tình trạng cần được giám hộ, cá nhân hoặc pháp nhân được lựa chọn là người giám hộ nếu người này đồng ý. Việc lựa chọn người giám hộ phải được lập thành văn bản có công chứng hoặc chứng thực.

**Phân tích & Hướng dẫn:**
Theo Điều 48 của Bộ Luật Dân sự 2015, nếu con bạn đã đủ tuổi trưởng thành (đủ 18 tuổi), nhưng vẫn cần giám hộ do không đủ khả năng quyết định, bạn có thể lựa chọn người khác để làm người giám hộ cho con bạn. Điều này tuân thủ nguyên tắc về việc lựa chọn người giám hộ theo nguyện vọng của người có năng lực hành vi dân sự đầy đủ. Bạn cần đảm bảo rằng người bạn lựa chọn đồng ý làm người giám hộ và việc lựa chọn này được lập thành văn bản có công chứng hoặc chứng thực. Đây là cách tuân thủ đúng quy định pháp luật để đảm bảo quyền lợi của con bạn."
syn_511_1768631611,"Tôi có một hợp đồng vay tiền với ngân hàng và muốn đảm bảo nghĩa vụ trả nợ trong tương lai, tôi cần làm gì?",Điều 294 - Bộ luật Dân sự 2015,False,0.3333333333333333,0.336969696969697,"**CĂN CỨ PHÁP LUẬT THAM KHẢO:**

--- [Tài liệu 1] ---
Văn bản: Bộ luật Dân sự 2015
Nội dung: Điều 466. Nghĩa vụ trả nợ của bên vay

**CÂU HỎI:**
Tôi có một hợp đồng vay tiền với ngân hàng và muốn đảm bảo nghĩa vụ trả nợ trong tương lai, tôi cần làm gì?

**PHÂN TÍCH VÀ HƯỚNG DẪN:**

Theo Điều 466 của Bộ Luật Dân sự 2015, bên vay có thể đảm bảo nghĩa vụ trả nợ trong tương lai thông qua việc hình thành nghĩa vụ bảo đảm. 

Điều 466 nêu rõ:
1. Bên vay tài sản là tiền thì phải trả đủ tiền khi đến hạn; nếu tài sản là vật thì phải trả vật cùng loại đúng số lượng, chất lượng, trừ trường hợp có thỏa thuận khác.
2. Trường hợp bên vay không thể trả vật thì có thể trả bằng tiền theo trị giá của vật đã vay tại địa điểm và thời điểm trả nợ, nếu được bên cho vay đồng ý.
3. Địa điểm trả nợ là nơi cư trú hoặc nơi đặt trụ sở của bên cho vay, trừ trường hợp có thỏa thuận khác.
4. Trường hợp vay không có lãi mà khi đến hạn bên vay không trả nợ hoặc trả không đầy đủ thì bên cho vay có quyền yêu cầu trả tiền lãi với mức lãi suất theo quy định tại khoản 2 Điều 468 của Bộ luật này trên số tiền chậm trả tương ứng với thời gian chậm trả, trừ trường hợp có thỏa thuận khác hoặc luật có quy định khác.
5. Trường hợp vay có lãi mà khi đến hạn bên vay không trả hoặc trả không đầy đủ thì bên vay phải trả lãi như sau: a) Lãi trên nợ gốc theo lãi suất thỏa thuận trong hợp đồng tương ứng với thời hạn vay mà đến hạn chưa trả; trường hợp chậm trả thì còn phải trả lãi theo mức lãi suất quy định tại khoản 2 Điều 468 của Bộ luật này; b) Lãi trên nợ gốc quá hạn chưa trả bằng 150% lãi suất vay theo hợp đồng tương ứng với thời gian chậm trả, trừ trường hợp có thỏa thuận khác.

Đi"
syn_373_1768630650,Tôi muốn khởi kiện nhưng đang gặp khó khăn về tài chính và không thể thuê luật sư. Thời gian này có được tính vào thời hiệu khởi kiện không?,Điều 156 - Bộ luật Dân sự 2015,True,1.0,0.6405425772418991,"**Căn cứ pháp lý:** 
- Điều 156, Bộ luật Dân sự 2015 - [Tài liệu 1]

**Nội dung quy định:**
Thời gian không tính vào thời hiệu khởi kiện vụ án dân sự, thời hiệu yêu cầu giải quyết việc dân sự là khoảng thời gian xảy ra một trong các sự kiện sau đây:
1. Sự kiện bất khả kháng hoặc trở ngại khách quan làm cho chủ thể có quyền khởi kiện, quyền yêu cầu không thể khởi kiện, yêu cầu trong phạm vi thời hiệu.
2. Chưa có người đại diện trong trường hợp người có quyền khởi kiện, người có quyền yêu cầu là người chưa thành niên, mất năng lực hành vi dân sự, có khó khăn trong nhận thức, làm chủ hành vi hoặc bị hạn chế năng lực hành vi dân sự.
3. Người chưa thành niên, người mất năng lực hành vi dân sự, người có khó khăn trong nhận thức, làm chủ hành vi, người bị hạn chế năng lực hành vi dân sự chưa có người đại diện khác thay thế trong trường hợp sau đây: a) Người đại diện chết nếu là cá nhân, chấm dứt tồn tại nếu là pháp nhân; b) Người đại diện vì lý do chính đáng mà không thể tiếp tục đại diện được.

**Phân tích & Hướng dẫn:**
Theo quy định tại Điều 156, Bộ luật Dân sự 2015, thời gian không tính vào thời hiệu khởi kiện khi xảy ra các sự kiện như: sự kiện bất khả kháng hoặc trở ngại khách quan, chưa có người đại diện, hoặc người đại diện mất khả năng đại diện do lý do chính đáng. 

Trong trường hợp của bạn, nếu bạn gặp khó khăn về tài chính và không thể thuê luật sư, thì có thể xem xét việc này như là một sự kiện bất khả kháng hoặc trở ngại khách quan, khiến việc khởi kiện của bạn không thể thực hiện trong thời gian quy định. Điều này có thể giúp bạn không phải tính thời gian này vào thời hiệu khởi kiện.

Tuy nhiên, để đảm bảo quyền lợi hợp pháp của mình, bạn nên tìm kiếm các nguồn hỗ trợ pháp lý miễn phí hoặc thông qua các tổ chức phi chính phủ nhằm giải quyết khó khăn tài chính. Đồng thời, bạn cũng nên tham khảo ý kiến của một chuyên gia tư vấn pháp luật để có thêm hướng dẫn cụ thể và chính xác hơn trong từng trường"
syn_225_1768629489,"Tôi và một đối tác đã ký kết hợp đồng miệng nhưng không có giấy tờ, vậy quyền dân sự của tôi có được xác lập không?",Điều 8 - Bộ luật Dân sự 2015,False,1.0,0.34230355220667386,"**Căn cứ pháp lý:**
--- [Tài liệu 1] ---
Văn bản: Bộ luật Dân sự 2015
Nội dung: Điều 101. Chủ thể trong quan hệ dân sự có sự tham gia của hộ gia đình, tổ hợp tác, tổ chức khác không có tư cách pháp nhân 1. Trường hợp hộ gia đình, tổ hợp tác, tổ chức khác không có tư cách pháp nhân tham gia quan hệ dân sự thì các thành viên của hộ gia đình, tổ hợp tác, tổ chức khác không có tư cách pháp nhân là chủ thể tham gia xác lập, thực hiện giao dịch dân sự hoặc ủy quyền cho người đại diện tham gia xác lập, thực hiện giao dịch dân sự. Việc ủy quyền phải được lập thành văn bản, trừ trường hợp có thỏa thuận khác. Khi có sự thay đổi người đại diện thì phải thông báo cho bên tham gia quan hệ dân sự biết. Trường hợp thành viên của hộ gia đình, tổ hợp tác, tổ chức khác không có tư cách pháp nhân tham gia quan hệ dân sự không được các thành viên khác ủy quyền làm người đại diện thì thành viên đó là chủ thể của quan hệ dân sự do mình xác lập, thực hiện. 2. Việc xác định chủ thể của quan hệ dân sự có sự tham gia của hộ gia đình sử dụng đất được thực hiện theo quy định của Luật đất đai.

**Nội dung quy định:**
Trong trường hợp hộ gia đình, tổ hợp tác, tổ chức khác không có tư cách pháp nhân tham gia quan hệ dân sự, các thành viên của hộ gia đình, tổ hợp tác, tổ chức khác không có tư cách pháp nhân là chủ thể tham gia xác lập, thực hiện giao dịch dân sự hoặc ủy quyền cho người đại diện tham gia xác lập, thực hiện giao dịch dân sự. Việc ủy quyền phải được lập thành văn bản, trừ trường hợp có thỏa thuận khác. 

**Phân tích & Hướng dẫn:**
Trong trường hợp bạn và đối tác đã ký kết hợp đồng miệng nhưng không có giấy tờ, chúng ta cần phân tích theo các quy định của Bộ luật Dân sự 2015. Theo Điều 101 của Bộ luật Dân sự, nếu hộ gia đình, tổ hợp tác, tổ chức khác không có tư cách pháp nhân tham gia quan hệ dân"
