id,query,ground_truth_citation,citation_accurate,format_adherence,rouge_l,generated_answer
syn_150_1768628866,"Tôi là một nhóm cổ đông của công ty ABC, và chúng tôi đã nhận được nghị quyết mà chúng tôi cho là không hợp lệ. Nếu chúng tôi muốn yêu cầu hủy bỏ nghị quyết, chúng tôi có cần phải lập công văn hay có hình thức nào khác không?",Điều 151 - Luật Doanh nghiệp 2020,True,1.0,0.6775119617224881,"**Căn cứ pháp lý:**
---
Văn bản: Luật Doanh nghiệp 2020
Nội dung: Điều 151. Yêu cầu hủy bỏ nghị quyết Đại hội đồng cổ đông

**Nội dung quy định:**
Trong thời hạn 90 ngày kể từ ngày nhận được nghị quyết hoặc biên bản họp Đại hội đồng cổ đông hoặc biên bản kết quả kiểm phiếu lấy ý kiến Đại hội đồng cổ đông, cổ đông, nhóm cổ đông quy định tại khoản 2 Điều 115 của Luật này có quyền yêu cầu Tòa án hoặc Trọng tài xem xét, hủy bỏ nghị quyết hoặc một phần nội dung nghị quyết Đại hội đồng cổ đông trong các trường hợp sau đây: 1. Trình tự, thủ tục triệu tập họp và ra quyết định của Đại hội đồng cổ đông vi phạm nghiêm trọng quy định của Luật này và Điều lệ công ty, trừ trường hợp quy định tại khoản 2 Điều 152 của Luật này; 2. Nội dung nghị quyết vi phạm pháp luật hoặc Điều lệ công ty.

**Phân tích & Hướng dẫn:**
Theo quy định tại Điều 151 của Luật Doanh nghiệp 2020, nếu bạn là một nhóm cổ đông của công ty ABC và bạn nhận thấy rằng nghị quyết Đại hội đồng cổ đông mà công ty đã thông qua là không hợp lệ, bạn có quyền yêu cầu Tòa án hoặc Trọng tài xem xét và hủy bỏ nghị quyết hoặc một phần nội dung nghị quyết đó. 

Điều 151 không chỉ rõ về việc bạn cần phải lập công văn hay sử dụng hình thức nào khác để thực hiện yêu cầu này. Tuy nhiên, thông thường, việc yêu cầu hủy bỏ nghị quyết sẽ được thực hiện thông qua việc gửi đơn yêu cầu tới cơ quan có thẩm quyền (tùy thuộc vào hình thức tố tụng mà bạn chọn, đó có thể là Tòa án hoặc Trọng tài). 

Bạn nên lưu ý rằng, để đảm bảo yêu cầu của mình được chấp nhận, bạn cần tuân thủ thời hạn 90 ngày quy định tại Điều 151. Đồng thời, bạn cũng cần chứng minh được rằng trình tự và thủ tục triệu tập họp và ra quyết định của Đại hội đồng cổ đông đã vi phạm nghiêm trọng quy định của Luật này và Điều lệ công ty, hoặc nội dung nghị quyết đã vi phạm pháp luật hoặc Điều lệ công ty.

Nếu bạn lựa chọn sử dụng"
syn_1421_1768641326_0,"Gia đình tôi đang bị đe dọa bởi một nhóm người đòi tiền chuộc, họ đã bắt cóc con tôi và yêu cầu chúng tôi phải trả 300 triệu đồng. Tôi nên làm gì để xử lý tình huống này?",Điều 169 - Bộ luật Hình sự (Văn bản hợp nhất 2017),True,0.6666666666666666,0.8035569927243331,"**Căn cứ pháp lý:**
Điều 169. Tội bắt cóc nhằm chiếm đoạt tài sản - Bộ luật Hình sự (Văn bản hợp nhất 2017)

**Nội dung quy định:**
1. Người nào bắt cóc người khác làm con tin nhằm chiếm đoạt tài sản, thì bị phạt tù từ 02 năm đến 07 năm.
2. Phạm tội thuộc một trong các trường hợp sau đây, thì bị phạt tù từ 05 năm đến 12 năm: a) Có tổ chức; b) Có tính chất chuyên nghiệp; c) Dùng vũ khí, phương tiện hoặc thủ đoạn nguy hiểm khác; d) Đối với người dưới 16 tuổi; đ) Đối với 02 người trở lên; e) Chiếm đoạt tài sản trị giá từ 50.000.000 đồng đến dưới 200.000.000 đồng; g) Gây thương tích, gây tổn hại cho sức khỏe hoặc gây rối loạn tâm thần và hành vi của nạn nhân mà tỷ lệ tổn thương cơ thể từ 11% đến 30%; h) Gây ảnh hưởng xấu đến an ninh, trật tự, an toàn xã hội; i) Tái phạm nguy hiểm.
3. Phạm tội thuộc một trong các trường hợp sau đây, thì bị phạt tù từ 10 năm đến 18 năm: a) Chiếm đoạt tài sản trị giá từ 200.000.000 đồng đến dưới 500.000.000 đồng; b) Gây thương tích, gây tổn hại cho sức khỏe hoặc gây rối loạn tâm thần và hành vi của nạn nhân mà tỷ lệ tổn thương cơ thể từ 31% đến 60%.
4. Phạm tội thuộc một trong các trường hợp sau đây, thì bị phạt tù từ 15 năm đến 20 năm hoặc tù chung thân: a) Chiếm đoạt tài sản trị giá 500.000.000 đồng trở lên; b) Làm chết người; c) Gây thương tích, gây tổn hại cho sức khỏe hoặc gây rối loạn tâm thần và hành vi của nạn nhân mà tỷ lệ tổn thương cơ thể 61% trở lên.
5. Người chuẩn bị phạm tội này, thì bị phạt tù"
syn_262_1768629823,"Gia đình tôi đã sống trên tàu cá trong một thời gian dài, nhưng chúng tôi vẫn chưa đăng ký nơi cư trú. Vậy liệu chúng tôi có bị ảnh hưởng gì không?",Điều 45 - Bộ luật Dân sự 2015,True,0.6666666666666666,0.4305732484076433,"**CĂN CỨ PHÁP LUẬT THAM KHẢO:**
- **Tài liệu 1:** Bộ luật Dân sự 2015 - Điều 45
- **Tài liệu 2:** Luật Hôn nhân và Gia đình 2014 - Điều 14

**Nội dung quy định:**
Theo Điều 45 của Bộ luật Dân sự 2015, nơi cư trú của người làm nghề lưu động trên tàu, thuyền, phương tiện hành nghề lưu động khác là nơi đăng ký tàu, thuyền, phương tiện đó, trừ trường hợp họ có nơi cư trú theo quy định tại khoản 1 Điều 40 của Bộ luật này. Điều 40 quy định nơi cư trú của cá nhân là nơi người đó thường xuyên sinh sống. 

Theo Điều 14 của Luật Hôn nhân và Gia đình 2014, nam, nữ chung sống với nhau như vợ chồng mà không đăng ký kết hôn sẽ không làm phát sinh quyền, nghĩa vụ giữa vợ và chồng, nhưng quyền, nghĩa vụ đối với con, tài sản, nghĩa vụ và hợp đồng giữa các bên được giải quyết theo quy định tại Điều 15 và Điều 16 của Luật này.

**Phân tích & Hướng dẫn:**
Theo quy định của Bộ luật Dân sự 2015, nơi cư trú của người làm nghề lưu động trên tàu, thuyền, phương tiện hành nghề lưu động khác là nơi đăng ký tàu, thuyền, phương tiện đó. Tuy nhiên, nếu người đó không đăng ký nơi cư trú, thì căn cứ vào Điều 40 của Bộ luật Dân sự 2015, nơi cư trú của người đó là nơi người đó thường xuyên sinh sống.

Vì vậy, nếu gia đình bạn đã sống trên tàu cá trong một thời gian dài và được coi là thường xuyên sinh sống trên tàu, thì nơi cư trú của bạn là nơi đăng ký tàu cá. Tuy nhiên, nếu không đăng ký, thì nơi cư trú của bạn là nơi bạn thường xuyên sinh sống trên tàu.

Đối với tình huống chung sống như vợ chồng mà không đăng ký kết hôn, theo Điều 14 của Luật Hôn nhân và Gia đình 2014, quyền, nghĩa vụ đối với con, tài sản, nghĩa vụ và hợp đồng giữa các bên sẽ được giải quyết theo quy"
syn_1047_1768638814_0,"Tôi đã làm việc ở công ty A được 3 năm. Gần đây, tôi phát hiện rằng có một đồng nghiệp thường xuyên quấy rối tôi bằng những lời nói không phù hợp. Tôi cảm thấy rất khó chịu và không biết có thể làm gì để bảo vệ bản thân.",Điều 8 - Bộ luật Lao động 2019,False,0.6666666666666666,0.3556851311953353,"**CĂN CỨ PHÁP LUẬT THAM KHẢO:**
---
- **Bộ luật Lao động 2019** (tài liệu 1)
- **Bộ luật Hình sự (Văn bản hợp nhất 2017)** (tài liệu 2)

---

**Nội dung quy định:**
Theo Bộ luật Lao động 2019, người lao động có quyền không bị phân biệt đối xử, quấy rối tình dục tại nơi làm việc. Đồng thời, Bộ luật Hình sự cũng quy định về tội quấy rối và trách nhiệm hình sự đối với hành vi này.

**Phân tích & Hướng dẫn:**

Theo Điều 5 của Bộ luật Lao động 2019, người lao động có quyền không bị phân biệt đối xử, quấy rối tình dục tại nơi làm việc. Điều này cho thấy rằng bạn có quyền bảo vệ bản thân khỏi hành vi quấy rối của đồng nghiệp. 

Bạn cần phải nhanh chóng thông báo cho quản lý cấp cao hoặc bộ phận nhân sự của công ty A về tình hình này. Công ty có trách nhiệm bảo vệ quyền lợi của bạn và sẽ tiến hành xử lý vấn đề này theo quy định của pháp luật.

Nếu hành vi quấy rối vẫn tiếp tục, bạn nên lưu lại chứng cứ bằng cách ghi âm hoặc ghi lại những lời nói không phù hợp của đồng nghiệp. Việc này sẽ giúp bạn có đủ bằng chứng để yêu cầu xử lý vấn đề này.

Ngoài ra, theo Điều 415 của Bộ luật Hình sự, nếu hành vi quấy rối của đồng nghiệp được xác định là cố ý và gây hậu quả nghiêm trọng, bạn có thể yêu cầu công ty tố cáo hành vi này lên cơ quan công an để tiến hành điều tra và xử lý theo quy định của pháp luật hình sự.

Cuối cùng, nếu bạn cảm thấy không thể bảo vệ quyền lợi của mình tại công ty, bạn có thể xem xét chuyển đi chỗ khác hoặc tìm kiếm sự hỗ trợ pháp lý từ một luật sư chuyên về lao động để có hướng giải quyết phù hợp."
syn_811_1768633563,"Tôi đã đánh một người vì họ cố gắng xâm hại đến tài sản của tôi, nhưng tôi đã dùng vũ lực quá mức. Liệu tôi có phải bồi thường không?",Điều 594 - Bộ luật Dân sự 2015,False,1.0,0.3355408388520971,"**Căn cứ pháp lý:** 
Điều 584. Căn cứ phát sinh trách nhiệm bồi thường thiệt hại - Bộ luật Dân sự 2015

**Nội dung quy định:**
1. Người nào có hành vi xâm phạm tính mạng, sức khỏe, danh dự, nhân phẩm, uy tín, tài sản, quyền, lợi ích hợp pháp khác của người khác mà gây thiệt hại thì phải bồi thường, trừ trường hợp Bộ luật này, luật khác có liên quan quy định khác.
2. Người gây thiệt hại không phải chịu trách nhiệm bồi thường thiệt hại trong trường hợp thiệt hại phát sinh là do sự kiện bất khả kháng hoặc hoàn toàn do lỗi của bên bị thiệt hại, trừ trường hợp có thỏa thuận khác hoặc luật có quy định khác.
3. Trường hợp tài sản gây thiệt hại thì chủ sở hữu, người chiếm hữu tài sản phải chịu trách nhiệm bồi thường thiệt hại, trừ trường hợp thiệt hại phát sinh theo quy định tại khoản 2 Điều này.

**Phân tích & Hướng dẫn:**
Theo Điều 584 của Bộ Luật Dân sự 2015, bạn đã gây thiệt hại cho người khác thông qua việc sử dụng vũ lực, mặc dù mục đích ban đầu là nhằm bảo vệ tài sản của mình. Tuy nhiên, hành vi của bạn đã vượt quá giới hạn cần thiết để bảo vệ tài sản, dẫn đến việc gây thiệt hại quá mức cho người khác. 

Theo điểm 2 của Điều 584, người gây thiệt hại không phải chịu trách nhiệm bồi thường nếu thiệt hại phát sinh là do sự kiện bất khả kháng hoặc hoàn toàn do lỗi của bên bị thiệt hại. Trong trường hợp này, việc đánh người cố gắng xâm hại tài sản của bạn có thể coi là hành vi của bên bị thiệt hại, do đó, bạn không phải chịu trách nhiệm bồi thường.

Tuy nhiên, cần lưu ý rằng, việc đánh người cũng có thể xâm phạm đến quyền và lợi ích hợp pháp khác của họ, ví dụ như quyền được sống, quyền không bị thương tổn. Nếu bạn đã gây ra thiệt hại về mặt thể chất hoặc tinh thần cho người bị đánh, bạn vẫn có thể phải bồi thường theo quy định tại Điều 584.

Vì vậy, để đảm bảo tuân thủ pháp luật và tránh rủi ro pháp lý, bạn nên cân nhắc lại hành động của mình và"
syn_1493_1768641901_1,"Công ty tôi vừa nhập khẩu một lô hàng thực vật và không biết rằng chúng thuộc diện kiểm dịch. Nếu lô hàng này gây ra dịch bệnh, tôi có thể phải chịu trách nhiệm pháp lý gì?",Điều 241 - Bộ luật Hình sự (Văn bản hợp nhất 2017),True,1.0,0.6756542426645519,"**Căn cứ pháp lý:**
- Điều 241. Tội làm lây lan dịch bệnh nguy hiểm cho động vật, thực vật - Bộ luật Hình sự (Văn bản hợp nhất 2017)

**Nội dung quy định:**
1. Người nào thực hiện một trong các hành vi sau đây, làm lây lan dịch bệnh nguy hiểm cho động vật, thực vật gây thiệt hại về tài sản từ 100.000.000 đồng đến dưới 500.000.000 đồng hoặc đã bị xử phạt vi phạm hành chính về một trong những hành vi này mà còn vi phạm, thì bị phạt tiền từ 50.000.000 đồng đến 200.000.000 đồng, phạt cải tạo không giam giữ đến 03 năm hoặc phạt tù từ 06 tháng đến 02 năm.
2. Phạm tội thuộc một trong các trường hợp sau đây, thì bị phạt tù từ 02 năm đến 05 năm: a) Gây thiệt hại về tài sản từ 500.000.000 đồng đến dưới 1.000.000.000 đồng; b) Dẫn đến phải công bố dịch thuộc thẩm quyền của Chủ tịch Ủy ban nhân dân cấp huyện hoặc Chủ tịch Ủy ban nhân dân cấp tỉnh.
3. Phạm tội thuộc một trong các trường hợp sau đây, thì bị phạt tù từ 03 năm đến 07 năm: a) Gây thiệt hại về tài sản 1.000.000.000 đồng trở lên; b) Dẫn đến phải công bố dịch thuộc thẩm quyền của Bộ trưởng Bộ Nông nghiệp và Phát triển nông thôn.

**Phân tích & Hướng dẫn:**
Theo quy định của Điều 241, nếu công ty bạn đã nhập khẩu lô hàng thực vật mà không tuân thủ quy định về kiểm dịch, và lô hàng này gây ra dịch bệnh, công ty có thể phải đối mặt với trách nhiệm pháp lý. 

Hành vi của công ty đã vi phạm quy định về việc nhập khẩu không tuân thủ các quy định về kiểm dịch, do đó, có thể bị phạt tiền từ 50.000.000 đồng đến 200.000.000 đồng hoặc phạt tù từ"
syn_557_1768631918,"Tôi là bên bảo lãnh cho một khoản vay, nhưng bên được bảo lãnh không trả nợ đúng hạn. Tôi có thể yêu cầu họ trả nợ cho tôi không?",Điều 340 - Bộ luật Dân sự 2015,False,1.0,0.35440180586907455,"**Căn cứ pháp lý:**
---
[Tài liệu 1] - Bộ luật Dân sự 2015

**Nội dung quy định:**
1. Trường hợp bên được bảo lãnh không thực hiện hoặc thực hiện không đúng nghĩa vụ của mình thì bên nhận bảo lãnh có quyền yêu cầu bên bảo lãnh phải thực hiện nghĩa vụ bảo lãnh, trừ trường hợp các bên có thỏa thuận bên bảo lãnh chỉ phải thực hiện nghĩa vụ thay cho bên được bảo lãnh trong trường hợp bên được bảo lãnh không có khả năng thực hiện nghĩa vụ.
2. Bên nhận bảo lãnh không được yêu cầu bên bảo lãnh thực hiện nghĩa vụ thay cho bên được bảo lãnh khi nghĩa vụ chưa đến hạn.
3. Bên bảo lãnh không phải thực hiện nghĩa vụ bảo lãnh trong trường hợp bên nhận bảo lãnh có thể bù trừ nghĩa vụ với bên được bảo lãnh.

---

**Phân tích & Hướng dẫn:**
Theo Điều 339 của Bộ luật Dân sự 2015, trong trường hợp bên được bảo lãnh không thực hiện hoặc thực hiện không đúng nghĩa vụ của mình, bên nhận bảo lãnh có quyền yêu cầu bên bảo lãnh phải thực hiện nghĩa vụ bảo lãnh. Tuy nhiên, bên nhận bảo lãnh không được yêu cầu bên bảo lãnh thực hiện nghĩa vụ thay cho bên được bảo lãnh khi nghĩa vụ chưa đến hạn.

Trong trường hợp bạn là bên bảo lãnh và bên được bảo lãnh không trả nợ đúng hạn, bạn có quyền yêu cầu bên nhận bảo lãnh yêu cầu bên được bảo lãnh thực hiện nghĩa vụ nợ theo hợp đồng vay vốn. Tuy nhiên, bạn không thể trực tiếp yêu cầu bên được bảo lãnh trả nợ cho bạn mà cần thông qua bên nhận bảo lãnh.

Ngoài ra, nếu bạn muốn yêu cầu bên nhận bảo lãnh yêu cầu bên được bảo lãnh trả nợ, bạn nên xem xét các điều khoản thỏa thuận giữa các bên liên quan, đặc biệt là những điều khoản liên quan đến nghĩa vụ bảo lãnh và bù trừ nghĩa vụ.

Nếu không có thỏa thuận khác, bạn có quyền yêu cầu bên nhận bảo lãnh yêu cầu bên được bảo lãnh thực hiện nghĩa vụ nợ theo hợp đồng, nhưng bạn không thể yêu cầu bên nhận bảo lãnh thực hiện nghĩa vụ đó thay mặt bạn."
syn_732_1768633029,Tôi đang quản lý một công ty và đã ký hợp đồng với một nhà cung cấp dịch vụ nhưng họ không cung cấp đầy đủ thông tin cần thiết để thực hiện công việc. Tôi phải làm gì?,Điều 515 - Bộ luật Dân sự 2015,True,1.0,0.47382198952879584,"**Căn cứ pháp lý:**
---
**Căn cứ pháp lý:**
--- [Tài liệu 1] ---
Văn bản: Bộ luật Dân sự 2015
Nội dung: Điều 515. Nghĩ vụ của bên sử dụng dịch vụ 1. Cung cấp cho bên cung ứng dịch vụ thông tin, tài liệu và các phương tiện cần thiết để thực hiện công việc, nếu có thỏa thuận hoặc việc thực hiện công việc đòi hỏi.

**Căn cứ pháp lý:**
--- [Tài liệu 2] ---
Văn bản: Bộ luật Dân sự 2015
Nội dung: Điều 517. Nghĩ vụ của bên cung ứng dịch vụ 1. Thực hiện công việc đúng chất lượng, số lượng, thời hạn, địa điểm và thỏa thuận khác.

---

**Nội dung quy định:**
---
**Nội dung quy định:**
---
**Nội dung quy định:**
--- [Tài liệu 1] ---
Văn bản: Bộ luật Dân sự 2015
Nội dung: Điều 515. Nghĩ vụ của bên sử dụng dịch vụ 1. Cung cấp cho bên cung ứng dịch vụ thông tin, tài liệu và các phương tiện cần thiết để thực hiện công việc, nếu có thỏa thuận hoặc việc thực hiện công việc đòi hỏi.

--- [Tài liệu 2] ---
Văn bản: Bộ luật Dân sự 2015
Nội dung: Điều 517. Nghĩ vụ của bên cung ứng dịch vụ 1. Thực hiện công việc đúng chất lượng, số lượng, thời hạn, địa điểm và thỏa thuận khác.

---

**Phân tích & Hướng dẫn:**
---
**Phân tích & Hướng dẫn:**
---
**Phân tích & Hướng dẫn:**
---
Theo Điều 515 của Bộ luật Dân sự 2015, bên sử dụng dịch vụ có nghĩa vụ cung cấp cho bên cung ứng dịch vụ thông tin, tài liệu và phương tiện cần thiết để thực hiện công việc, nếu có thỏa thuận hoặc việc thực hiện công việc đòi hỏi. 

Trong trường hợp của bạn, nhà cung cấp dịch vụ không cung cấp đầy đủ thông tin cần thiết để bạn có thể thực hiện công việc đúng như hợp đồng đã thỏa thuận. Theo Điều 517 của cùng văn bản luật, bên cung"
syn_472_1768631359,"Gia đình tôi muốn lắp đặt internet nhưng cần đi qua đất nhà hàng xóm, họ yêu cầu bồi thường nếu không có sự đồng ý trước, tôi có cần bồi thường không?",Điều 255 - Bộ luật Dân sự 2015,False,0.3333333333333333,0.3752913752913753,"**CĂN CỨ PHÁP LUẬT THAM KHẢO:**
--- [Tài liệu 1] ---
Văn bản: Bộ luật Dân sự 2015
Nội dung: Điều 577. Nghĩa vụ bồi thường thiệt hại 1. Khi người thực hiện công việc không có ủy quyền cố ý gây thiệt hại trong khi thực hiện công việc thì phải bồi thường thiệt hại cho người có công việc được thực hiện. 2. Nếu người thực hiện công việc không có ủy quyền do vô ý mà gây thiệt hại trong khi thực hiện công việc thì căn cứ vào hoàn cảnh đảm nhận công việc, người đó có thể được giảm mức bồi thường.

--- [Tài liệu 2] ---
Văn bản: Bộ luật Dân sự 2015
Nội dung: Điều 365. Chuyển giao quyền yêu cầu 1. Bên có quyền yêu cầu thực hiện nghĩa vụ có thể chuyển giao quyền yêu cầu đó cho người thế quyền theo thỏa thuận, trừ trường hợp sau đây: a) Quyền yêu cầu cấp dưỡng, yêu cầu bồi thường thiệt hại do xâm phạm đến tính mạng, sức khỏe, danh dự, nhân phẩm, uy tín; b) Bên có quyền và bên có nghĩa vụ có thỏa thuận hoặc pháp luật có quy định về việc không được chuyển giao quyền yêu cầu. 2. Khi bên có quyền yêu cầu chuyển giao quyền yêu cầu cho người thế quyền thì người thế quyền trở thành bên có quyền yêu cầu. Việc chuyển giao quyền yêu cầu không cần có sự đồng ý của bên có nghĩa vụ. Người chuyển giao quyền yêu cầu phải thông báo bằng văn bản cho bên có nghĩa vụ biết về việc chuyển giao quyền yêu cầu, trừ trường hợp có thỏa thuận khác. Trường hợp bên chuyển giao quyền yêu cầu không thông báo về việc chuyển giao quyền mà phát sinh chi phí cho bên có nghĩa vụ thì bên chuyển giao quyền yêu cầu phải thanh toán chi phí này.

**CÂU HỎI:**
Gia đình tôi muốn lắp đặt internet nhưng cần đi qua đất nhà hàng xóm, họ yêu cầu bồi thường nếu không có sự đồng ý trước, tôi có cần bồi thường không?

**PHÂN TÍCH & HƯỚNG DẪN:**
Theo Điều 577 của Bộ Luật Dân sự 2015, nếu người"
syn_467_1768631320,"Nhà tôi đã xây từ lâu nhưng chưa lắp đặt hệ thống thoát nước mưa, liệu tôi có bị phạt không?",Điều 250 - Bộ luật Dân sự 2015,True,1.0,0.4295454545454545,"**Căn cứ pháp lý:**
--- [Tài liệu 1] ---
Văn bản: Bộ luật Dân sự 2015
Nội dung: Điều 250. Nghĩa vụ của chủ sở hữu trong việc thoát nước mưa Chủ sở hữu nhà, công trình xây dựng khác phải lắp đặt đường dẫn nước sao cho nước mưa từ mái nhà, công trình xây dựng của mình không được chảy xuống bất động sản của chủ sở hữu bất động sản liền kề.

**Nội dung quy định:**
Chủ sở hữu nhà, công trình xây dựng khác phải lắp đặt đường dẫn nước sao cho nước mưa từ mái nhà, công trình xây dựng của mình không được chảy xuống bất động sản của chủ sở hữu bất động sản liền kề.

**Phân tích & Hướng dẫn:**
Theo Điều 250 của Bộ Luật Dân sự 2015, chủ sở hữu nhà và công trình xây dựng cần đảm bảo rằng nước mưa từ mái nhà, công trình của mình không chảy xuống bất động sản của chủ sở hữu bất động sản liền kề. 

Điều này nghĩa là nếu bạn đã xây dựng nhà từ lâu nhưng chưa lắp đặt hệ thống thoát nước mưa, bạn sẽ vi phạm nghĩa vụ của mình theo quy định trên. Tuy nhiên, điều này không ngay lập tức dẫn đến việc bị phạt hành chính hoặc hình sự.

Thực tế, việc không lắp đặt hệ thống thoát nước mưa có thể dẫn đến việc nước mưa bắn ngược lên nhà bạn hoặc thậm chí gây ra các vấn đề về vệ sinh môi trường và an toàn cho cộng đồng. 

Nếu cơ quan chức năng phát hiện và xác định bạn vi phạm quy định này, họ có thể tiến hành kiểm tra và yêu cầu khắc phục. Nếu bạn không tuân thủ yêu cầu này, có thể dẫn đến việc bị xử phạt hành chính. 

Ngoài ra, nếu hệ thống thoát nước mưa không được lắp đặt đúng cách gây ra hậu quả nghiêm trọng như lũ lụt, ô nhiễm môi trường, hoặc ảnh hưởng đến sức khỏe cộng đồng, bạn có thể bị xử lý hình sự. 

Tuy nhiên, dựa trên thông tin cung cấp, hiện tại chưa có bằng chứng rõ ràng về việc bạn đã vi phạm nghiêm trọng đến mức phải chịu hình phạt hành chính hoặc hình sự. Bạn nên liên hệ với cơ quan chức năng địa phương để được tư vấn cụ thể hơn về tình huống của mình"
syn_191_1768629187,Tôi muốn bán doanh nghiệp tư nhân của mình cho một cá nhân khác. Có những bước nào tôi cần thực hiện để đảm bảo việc chuyển nhượng hợp pháp?,Điều 192 - Luật Doanh nghiệp 2020,True,0.0,0.6106382978723404,"**CĂN CỨ PHÁP LUẬT THAM KHẢO:**
--- [Tài liệu 1] ---
Văn bản: Luật Doanh nghiệp 2020
Nội dung: Điều 192. Bán doanh nghiệp tư nhân 1. Chủ doanh nghiệp tư nhân có quyền bán doanh nghiệp tư nhân của mình cho cá nhân, tổ chức khác. 2. Sau khi bán doanh nghiệp tư nhân, chủ doanh nghiệp tư nhân vẫn phải chịu trách nhiệm về các khoản nợ và nghĩa vụ tài sản khác của doanh nghiệp tư nhân phát sinh trong thời gian trước ngày chuyển giao doanh nghiệp, trừ trường hợp chủ doanh nghiệp tư nhân, người mua và chủ nợ của doanh nghiệp tư nhân có thỏa thuận khác. 3. Chủ doanh nghiệp tư nhân, người mua doanh nghiệp tư nhân phải tuân thủ quy định của pháp luật về lao động. 4. Người mua doanh nghiệp tư nhân phải đăng ký thay đổi chủ doanh nghiệp tư nhân theo quy định của Luật này.

--- [Tài liệu 2] ---
Văn bản: Luật Doanh nghiệp 2020
Nội dung: Điều 193. Thực hiện quyền của chủ doanh nghiệp tư nhân trong một số trường hợp đặc biệt 1. Trường hợp chủ doanh nghiệp tư nhân bị tạm giam, đang chấp hành hình phạt tù, đang chấp hành biện pháp xử lý hành chính tại cơ sở cai nghiện bắt buộc, cơ sở giáo dục bắt buộc thì ủy quyền cho người khác thực hiện quyền và nghĩa vụ của mình. 2. Trường hợp chủ doanh nghiệp tư nhân chết thì người thừa kế hoặc một trong những người thừa kế theo di chúc hoặc theo pháp luật là chủ doanh nghiệp tư nhân theo thỏa thuận giữa những người thừa kế. Trường hợp những người thừa kế không thỏa thuận được thì đăng ký chuyển đổi thành công ty hoặc giải thể doanh nghiệp tư nhân đó. 3. Trường hợp chủ doanh nghiệp tư nhân chết mà không có người thừa kế, người thừa kế từ chối nhận thừa kế hoặc bị truất quyền thừa kế thì tài sản của chủ doanh nghiệp tư nhân được xử lý theo quy định của pháp luật về dân sự. 4. Trường hợp chủ doanh nghiệp tư nhân bị hạn chế hoặc mất năng lực hành vi dân sự, có khó khăn trong nhận thức, làm"
syn_167_1768629004,Tôi muốn biết liệu Trưởng Ban kiểm soát có phải có bằng tốt nghiệp đại học không và nếu có thì chuyên ngành nào?,Điều 168 - Luật Doanh nghiệp 2020,True,1.0,0.5632065775950666,"**Căn cứ pháp lý:**
- Luật Doanh nghiệp 2020 - Điều 168

**Nội dung quy định:**
1. Trưởng Ban kiểm soát do Ban kiểm soát bầu trong số các Kiểm soát viên.
2. Việc bầu, miễn nhiệm, bãi nhiệm Trưởng Ban kiểm soát theo nguyên tắc đa số.
3. Quyền và nghĩa vụ của Trưởng Ban kiểm soát do Điều lệ công ty quy định.
4. Trưởng Ban kiểm soát phải có bằng tốt nghiệp đại học trở lên thuộc một trong các chuyên ngành kinh tế, tài chính, kế toán, kiểm toán, luật, quản trị kinh doanh hoặc chuyên ngành có liên quan đến hoạt động kinh doanh của doanh nghiệp, trừ trường hợp Điều lệ công ty có quy định tiêu chuẩn khác cao hơn.

**Phân tích & Hướng dẫn:**
Theo quy định tại Điều 168 của Luật Doanh nghiệp 2020, Trưởng Ban kiểm soát phải có bằng tốt nghiệp đại học trở lên thuộc một trong các chuyên ngành như kinh tế, tài chính, kế toán, kiểm toán, luật, quản trị kinh doanh hoặc chuyên ngành có liên quan đến hoạt động kinh doanh của doanh nghiệp. 

Điều này có nghĩa là Trưởng Ban kiểm soát cần đảm bảo tiêu chuẩn giáo dục tối thiểu là bằng tốt nghiệp đại học, và chuyên ngành đào tạo cần phù hợp với lĩnh vực hoạt động kinh doanh của doanh nghiệp. Nếu Điều lệ công ty quy định tiêu chuẩn khác cao hơn, thì Trưởng Ban kiểm soát cũng phải tuân thủ tiêu chuẩn đó.

Vì vậy, câu trả lời cho câu hỏi của bạn là: Trưởng Ban kiểm soát phải có bằng tốt nghiệp đại học trở lên thuộc một trong các chuyên ngành như kinh tế, tài chính, kế toán, kiểm toán, luật, quản trị kinh doanh hoặc chuyên ngành có liên quan đến hoạt động kinh doanh của doanh nghiệp."
syn_689_1768632751,Tôi muốn thuê một căn nhà để mở cửa hàng kinh doanh trong vòng 2 năm. Tôi cần biết những điều kiện gì để hợp đồng thuê nhà của tôi hợp pháp?,Điều 472 - Bộ luật Dân sự 2015,True,0.6666666666666666,0.41750000000000004,"**CĂN CỨ PHÁP LUẬT THAM KHẢO:**

- **Tài liệu 1**: Văn bản: Bộ luật Dân sự 2015 - Điều 472.
- **Tài liệu 2**: Văn bản: Luật Doanh nghiệp 2020 - Điều 191.
- **Tài liệu 3**: Văn bản: Bộ luật Dân sự 2015 - Điều 474.

**Nội dung quy định:**

- Theo Điều 472 của Bộ luật Dân sự 2015, hợp đồng thuê tài sản là sự thỏa thuận giữa các bên, theo đó bên cho thuê giao tài sản cho bên thuê để sử dụng trong một thời hạn, bên thuê phải trả tiền thuê.
- Theo Điều 191 của Luật Doanh nghiệp 2020, chủ doanh nghiệp tư nhân có quyền cho thuê toàn bộ doanh nghiệp tư nhân của mình nhưng phải thông báo bằng văn bản kèm theo bản sao hợp đồng cho thuê có công chứng đến Cơ quan đăng ký kinh doanh, cơ quan thuế trong thời hạn 03 ngày làm việc kể từ ngày hợp đồng cho thuê có hiệu lực. Trong thời hạn cho thuê, chủ doanh nghiệp tư nhân vẫn phải chịu trách nhiệm trước pháp luật với tư cách là chủ sở hữu doanh nghiệp tư nhân.
- Theo Điều 474 của Bộ luật Dân sự 2015, thời hạn thuê do các bên thỏa thuận; nếu không có thỏa thuận thì được xác định theo mục đích thuê. Trường hợp các bên không thỏa thuận về thời hạn thuê và thời hạn thuê không thể xác định được theo mục đích thuê thì mỗi bên có quyền chấm dứt hợp đồng bất cứ lúc nào, nhưng phải thông báo cho bên kia trước một thời gian hợp lý.

**Phân tích & Hướng dẫn:**

Để hợp đồng thuê nhà của bạn hợp pháp, cần tuân thủ các điều khoản sau:

1. **Thỏa thuận về Mục đích Thuê:** Bạn cần thỏa thuận rõ ràng mục đích thuê nhà là để mở cửa hàng kinh doanh. Điều này sẽ giúp xác định được thời hạn thuê dựa trên mục đích thuê.

2. **Thỏa thuận về Thời Gian Thuê:** Bạn nên thỏa thuận cụ thể về thời hạn thuê nhà là 2 năm. Nếu không có thỏa thuận, the"
syn_994_1768634771,"Tôi có nghi ngờ về việc một người phụ nữ khác sinh con và tuyên bố là con của tôi, nhưng tôi không đồng ý thừa nhận. Tôi cần làm gì để xác định cha của đứa trẻ này?",Điều 88 - Luật Hôn nhân và Gia đình 2014,True,1.0,0.44525547445255476,"**Căn cứ pháp lý:** 
- Điều 88 và Điều 89 của Luật Hôn nhân và Gia đình 2014

**Nội dung quy định:**
- Theo Điều 88, nếu con được sinh ra trong thời kỳ hôn nhân hoặc do người vợ có thai trong thời kỳ hôn nhân, thì con được coi là con chung của vợ chồng. Con sinh ra trước ngày đăng ký kết hôn và được cha mẹ thừa nhận cũng được coi là con chung.
- Theo Điều 89, nếu một người không được nhận là cha hoặc mẹ của một người, họ có thể yêu cầu Tòa án xác định người đó là cha hoặc mẹ của mình.

**Phân tích & Hướng dẫn:**
Theo thông tin bạn cung cấp, nếu đứa trẻ được sinh ra trong thời kỳ hôn nhân của bạn hoặc do người vợ có thai trong thời kỳ hôn nhân, hoặc nếu đứa trẻ được sinh ra trước ngày đăng ký kết hôn và được bạn và người vợ thừa nhận, thì đứa trẻ sẽ được coi là con chung của hai người. Tuy nhiên, nếu bạn không đồng ý với việc đứa trẻ được coi là con chung, bạn có thể yêu cầu Tòa án xác định người đó không phải là con chung của bạn. Điều này nhằm đảm bảo rằng mọi quyết định về mối quan hệ cha con đều tuân thủ pháp luật và không bị ảnh hưởng bởi những tuyên bố riêng tư hay không chính xác.

Để thực hiện yêu cầu này, bạn cần phải chứng minh rằng đứa trẻ không phải là con chung của bạn và đưa ra bằng chứng phù hợp. Nếu có tranh chấp, Tòa án sẽ xem xét toàn bộ các yếu tố như mối quan hệ giữa người mẹ và bạn, lịch sử hôn nhân, các tuyên bố về cha của đứa trẻ, và bất kỳ bằng chứng khác có thể giúp xác định cha của đứa trẻ. 

Cuối cùng, quyết định của Tòa án về việc xác định cha của đứa trẻ phải được gửi cho cơ quan đăng ký hộ tịch để ghi chú theo quy định của pháp luật về hộ tịch."
syn_1539_1768642284_1,"Chồng tôi là một lập trình viên và gần đây anh ấy đã bị một kẻ lạ can thiệp vào mạng máy tính của công ty anh ấy, gây ra thiệt hại lớn. Nếu thiệt hại này lên tới 600 triệu đồng, tôi thắc mắc liệu người thực hiện hành vi này có bị xử lý như thế nào theo pháp luật không?",Điều 287 - Bộ luật Hình sự (Văn bản hợp nhất 2017),False,1.0,0.37958929682638454,"**Căn cứ pháp lý:** Điều 289 và Điều 285 - Bộ Luật Hình sự (Văn bản hợp nhất 2017)

**Nội dung quy định:**

- **Điều 289:** Người nào cố ý vượt qua cảnh báo, mã truy cập, tường lửa, sử dụng quyền quản trị của người khác hoặc bằng phương thức khác xâm nhập trái phép vào mạng máy tính, mạng viễn thông hoặc phương tiện điện tử của người khác chiếm quyền điều khiển; can thiệp vào chức năng hoạt động của phương tiện điện tử; lấy cắp, thay đổi, hủy hoại, làm giả dữ liệu hoặc sử dụng trái phép các dịch vụ, thì bị phạt tiền từ 50.000.000 đồng đến 300.000.000 đồng hoặc phạt tù từ 01 năm đến 05 năm.

- **Điều 285:** Người nào sản xuất, mua bán, trao đổi hoặc tặng cho công cụ, thiết bị, phần mềm có tính năng tấn công mạng máy tính, mạng viễn thông hoặc phương tiện điện tử để sử dụng vào mục đích trái pháp luật, thì bị phạt tiền từ 20.000.000 đồng đến 100.000.000 đồng, phạt cải tạo không giam giữ đến 02 năm hoặc phạt tù từ 03 tháng đến 02 năm.

**Phân tích & Hướng dẫn:**

Theo quy định tại Điều 289 của Bộ Luật Hình sự, hành vi can thiệp trái phép vào mạng máy tính, mạng viễn thông hoặc phương tiện điện tử của người khác và gây thiệt hại lên tới 600 triệu đồng có thể bị xử lý theo hai trường hợp:

1. **Hành vi thuộc trường hợp 1:** Nếu hành vi này chỉ gây thiệt hại từ 300.000.000 đồng đến dưới 1.000.000.000 đồng, người thực hiện sẽ bị phạt tiền từ 300.000.000 đồng đến 1.000.000.000 đồng hoặc phạt tù từ 03 năm đến 07 năm. Tuy nhiên, trong trường hợp này, thiệt hại lên tới 600 triệu đồng, điều này nằm ngoài"
syn_1378_1768640977_0,"Tôi đang sống cùng gia đình ở một khu vực có nhiều tội phạm. Một đêm, khi thấy kẻ xâm nhập vào nhà, tôi đã dùng dao để tự vệ nhưng đã vô tình làm chết người đó. Tôi có thể bị truy cứu trách nhiệm hình sự không?",Điều 126 - Bộ luật Hình sự (Văn bản hợp nhất 2017),False,0.3333333333333333,0.4881889763779528,"**CĂN CỨ PHÁP LUẬT THAM KHẢO:**
---
[Tài liệu 1] Bộ luật Hình sự (Văn bản hợp nhất 2017) - Điều 128
[Tài liệu 2] Bộ luật Hình sự (Văn bản hợp nhất 2017) - Điều 129
[Tài liệu 3] Bộ luật Hình sự (Văn bản hợp nhất 2017) - Điều 369

---

**CÂU HỎI:**
Tôi đang sống cùng gia đình ở một khu vực có nhiều tội phạm. Một đêm, khi thấy kẻ xâm nhập vào nhà, tôi đã dùng dao để tự vệ nhưng đã vô tình làm chết người đó. Tôi có thể bị truy cứu trách nhiệm hình sự không?

---

**CÂN CỨ PHÁP LUẬT THAM KHẢO:**
---
[Tài liệu 1] Bộ luật Hình sự (Văn bản hợp nhất 2017) - Điều 128
[Tài liệu 2] Bộ luật Hình sự (Văn bản hợp nhất 2017) - Điều 129
[Tài liệu 3] Bộ luật Hình sự (Văn bản hợp nhất 2017) - Điều 369

---

**CÂU HỎI:**
Tôi đang sống cùng gia đình ở một khu vực có nhiều tội phạm. Một đêm, khi thấy kẻ xâm nhập vào nhà, tôi đã dùng dao để tự vệ nhưng đã vô tình làm chết người đó. Tôi có thể bị truy cứu trách nhiệm hình sự không?

---

**CĂN CỨ PHÁP LUẬT THAM KHẢO:**
---
[Tài liệu 1] Bộ luật Hình sự (Văn bản hợp nhất 2017) - Điều 128
[Tài liệu 2] Bộ luật Hình sự (Văn bản hợp nhất 2017) - Điều 129
[Tài liệu 3] Bộ luật Hình sự (Văn bản hợp nhất 2017) - Điều 369

---

**PHÂN TÍCH VÀ HƯỚNG DẪN:**

Theo Điều 128 của Bộ Luật Hình sự (Văn bản hợp nhất 2017), tội vô ý làm chết người được quy định như sau:

1. Người nào"
syn_1021_1768638691_0,"Tôi và vợ tôi đã ly hôn được 6 tháng, hiện tại vợ tôi đang gặp khó khăn tài chính và muốn tôi cấp dưỡng cho nuôi con chung. Tôi có nghĩa vụ này không?",Điều 115 - Luật Hôn nhân và Gia đình 2014,True,0.6666666666666666,0.4984709480122324,"**CĂN CỨ PHÁP LUẬT THAM KHẢO:**
---
[Văn bản] Luật Hôn nhân và Gia đình 2014  
[Nội dung] Điều 115. Nghĩa vụ cấp dưỡng giữa vợ và chồng khi ly hôn

---

**Nội dung quy định:**
Khi ly hôn nếu bên khó khăn, túng thiếu có yêu cầu cấp dưỡng mà có lý do chính đáng thì bên kia có nghĩa vụ cấp dưỡng theo khả năng của mình.

---

**Phân tích & Hướng dẫn:**
Theo quy định tại Điều 115 của Luật Hôn nhân và Gia đình 2014, bạn có nghĩa vụ cấp dưỡng cho vợ nếu vợ bạn gặp khó khăn tài chính và có lý do chính đáng. 

Trong trường hợp của bạn, vợ bạn đã ly hôn và hiện tại đang gặp khó khăn tài chính. Bạn cần chứng minh rằng vợ bạn thực sự gặp khó khăn (ví dụ: việc kiếm tiền giảm sút, chi tiêu tăng, vay nợ...). Nếu vợ bạn có lý do chính đáng để yêu cầu cấp dưỡng, bạn sẽ phải tuân thủ nghĩa vụ cấp dưỡng theo khả năng của mình.

Điều quan trọng là cả hai bên cần thương lượng về mức độ và thời hạn của khoản cấp dưỡng. Nếu hai bên không thể thỏa thuận được, tòa án sẽ ra quyết định phù hợp nhất dựa trên quyền lợi của con. Tuy nhiên, nếu bạn không cấp dưỡng, có thể vợ bạn sẽ phải tìm đến cơ quan có thẩm quyền để yêu cầu cấp dưỡng.

Lưu ý rằng, việc cấp dưỡng cũng phụ thuộc vào khả năng tài chính của bạn. Bạn nên cân nhắc kỹ trước khi đưa ra quyết định về việc cấp dưỡng."
syn_19_1768627864,"Tôi là nhà đầu tư nước ngoài và muốn thành lập công ty hợp danh tại Việt Nam, tôi cần giấy tờ gì thêm?",Điều 20 - Luật Doanh nghiệp 2020,True,0.6666666666666666,0.4621309370988447,"**CĂN CỨ PHÁP LUẬT THAM KHẢO:**
--- [Tài liệu 1] ---
Văn bản: Luật Doanh nghiệp 2020
Nội dung: Điều 20. Hồ sơ đăng ký công ty hợp danh 1. Giấy đề nghị đăng ký doanh nghiệp. 2. Điều lệ công ty. 3. Danh sách thành viên. 4. Bản sao giấy tờ pháp lý của cá nhân đối với thành viên. 5. Bản sao Giấy chứng nhận đăng ký đầu tư đối với nhà đầu tư nước ngoài theo quy định của Luật Đầu tư.

---

**Nội dung quy định:**
1. Giấy đề nghị đăng ký doanh nghiệp.
2. Điều lệ công ty.
3. Danh sách thành viên.
4. Bản sao giấy tờ pháp lý của cá nhân đối với thành viên.
5. Bản sao Giấy chứng nhận đăng ký đầu tư đối với nhà đầu tư nước ngoài theo quy định của Luật Đầu tư.

---

**Phân tích & Hướng dẫn:**
Theo Điều 20 của Luật Doanh nghiệp 2020, khi bạn là nhà đầu tư nước ngoài muốn thành lập công ty hợp danh tại Việt Nam, bạn cần nộp các giấy tờ sau:

1. **Giấy đề nghị đăng ký doanh nghiệp**: Đây là văn bản xác nhận việc bạn muốn thành lập công ty hợp danh.
2. **Điều lệ công ty**: Đây là văn bản mô tả về cơ cấu hoạt động, quyền lợi và nghĩa vụ của các thành viên công ty.
3. **Danh sách thành viên**: Danh sách các thành viên công ty, bao gồm cả cá nhân và tổ chức.
4. **Bản sao giấy tờ pháp lý của cá nhân đối với thành viên**: Cần cung cấp giấy tờ pháp lý chứng minh quyền sở hữu hoặc quyền tham gia của mỗi thành viên cá nhân.
5. **Bản sao Giấy chứng nhận đăng ký đầu tư đối với nhà đầu tư nước ngoài**: Nếu bạn là nhà đầu tư nước ngoài, cần cung cấp bản sao Giấy chứng nhận đăng ký đầu tư theo quy định của Luật Đầu tư.

Việc bạn cần thêm giấy tờ là Giấy chứng nhận đăng ký đầu tư đối với nhà đầu tư nước ngoài. Đây là yêu cầu đặc biệt dành cho nhà đầu tư nước ngoài trong hồ sơ đăng ký công ty hợp danh.

Hãy đảm bảo rằng tất"
syn_1513_1768642053_0,"Tôi đang làm việc tại một công trình xây dựng và vô tình để lại một số vật liệu rơi xuống đường, gây cản trở giao thông. Nếu có ai đó bị thương do việc này, tôi sẽ phải chịu trách nhiệm gì theo điều luật này?",Điều 261 - Bộ luật Hình sự (Văn bản hợp nhất 2017),True,0.6666666666666666,0.6786953504510757,"**Căn cứ pháp lý:**
Điều 261. Tội cản trở giao thông đường bộ - Bộ luật Hình sự (Văn bản hợp nhất 2017)

**Nội dung quy định:**
1. Người nào đào, khoan, xẻ, san lấp trái phép công trình giao thông đường bộ; đặt, để, đổ trái phép vật liệu, phế thải, rác thải, vật sắc nhọn, chất gây trơn hoặc chướng ngại vật khác gây cản trở giao thông đường bộ; tháo dỡ, di chuyển trái phép, làm sai lệch, che khuất hoặc phá hủy biển báo hiệu, đèn tín hiệu, cọc tiêu, gương cầu, dải phân cách hoặc thiết bị an toàn giao thông đường bộ khác; mở đường giao cắt trái phép qua đường bộ, đường có dải phân cách; sử dụng trái phép lề đường, hè phố, phần đường xe chạy, hành lang an toàn đường bộ hoặc vi phạm quy định về bảo đảm an toàn giao thông khi thi công trên đường bộ gây thiệt hại cho người khác thuộc một trong các trường hợp sau đây, thì bị phạt tiền từ 30.000.000 đồng đến 100.000.000 đồng, phạt cải tạo không giam giữ đến 03 năm hoặc phạt tù từ 06 tháng đến 03 năm: a) Làm chết người; b) Gây thương tích hoặc gây tổn hại cho sức khỏe của 01 người mà tỷ lệ tổn thương cơ thể 61% trở lên; c) Gây thương tích hoặc gây tổn hại cho sức khỏe của 02 người trở lên mà tổng tỷ lệ tổn thương cơ thể của những người này từ 61% đến 121%; d) Gây thiệt hại về tài sản từ 100.000.000 đồng đến dưới 500.000.000 đồng. 2. Phạm tội thuộc một trong các trường hợp sau đây, thì bị phạt tiền từ 100.000.000 đồng đến 300.000.000 đồng hoặc phạt tù từ 02 năm đến 07 năm: a) Tại đèo, dốc, đường cao tốc hoặc đoạn đường nguy hiểm; b) Làm"
syn_1230_1768639851_2,Gia đình tôi có một người làm việc trong một công ty lớn và họ đang muốn tổ chức đình công vì không được trả lương thưởng trong suốt năm qua. Tôi có nên khuyên họ liên hệ với Hòa giải viên lao động trước khi tiến hành đình công không?,Điều 191 - Bộ luật Lao động 2019,False,1.0,0.5185972369819342,"**Căn cứ pháp lý:**
--- [Tài liệu 1] ---
Văn bản: Bộ luật Lao động 2019
Nội dung: Điều 195. Thẩm quyền giải quyết tranh chấp lao động tập thể về lợi ích 1. Tổ chức, cá nhân có thẩm quyền giải quyết tranh chấp lao động tập thể về lợi ích bao gồm: a) Hòa giải viên lao động; b) Hội đồng trọng tài lao động.

**Nội dung quy định:**
Tranh chấp lao động tập thể về lợi ích phải được giải quyết thông qua thủ tục hòa giải của hòa giải viên lao động trước khi yêu cầu Hội đồng trọng tài lao động giải quyết hoặc tiến hành thủ tục đình công.

**Phân tích & Hướng dẫn:**
Theo quy định tại Điều 195 của Bộ Luật Lao động 2019, khi có tranh chấp lao động tập thể về lợi ích, trước tiên cần giải quyết thông qua thủ tục hòa giải của hòa giải viên lao động. Điều này đảm bảo rằng các bên có cơ hội giải quyết xung đột một cách hòa bình và hiệu quả trước khi tiến hành các biện pháp khắc phục mạnh mẽ hơn như đình công.

Đối với trường hợp của gia đình bạn, nếu người lao động muốn tổ chức đình công vì không được trả lương thưởng trong suốt năm qua, chúng ta nên khuyến khích họ liên hệ với hòa giải viên lao động trước. Điều này không chỉ giúp giải quyết vấn đề một cách nhanh chóng và hiệu quả mà còn tránh những hậu quả pháp lý không mong muốn từ việc tiến hành đình công trực tiếp mà không qua quá trình hòa giải.

Nếu hòa giải viên lao động không thể giải quyết thỏa đáng, người lao động sẽ có quyền tổ chức đình công sau khi đã tiến hành hòa giải. Tuy nhiên, theo quy định của Bộ Luật Lao động 2019, họ phải thực hiện đúng thủ tục như việc lấy ý kiến của người lao động, ra quyết định đình công và thông báo cho người sử dụng lao động, Ủy ban nhân dân cấp huyện và cơ quan chuyên môn về lao động thuộc Ủy ban nhân dân cấp tỉnh ít nhất là 05 ngày làm việc trước ngày bắt đầu đình công.

Vì vậy, lời khuyên của bạn là nên hướng dẫn người lao động liên hệ với hòa giải viên lao động trước"
syn_1036_1768638766_2,"Tôi và bạn trai tôi đã có 5 năm sống chung mà không đăng ký kết hôn, nhưng giờ đây chúng tôi muốn chính thức hóa mối quan hệ. Chúng tôi cần làm gì để đảm bảo quyền lợi tài sản được bảo vệ?",Điều 130 - Luật Hôn nhân và Gia đình 2014,False,1.0,0.41816261879619854,"**Căn cứ pháp lý:**
--- [Tài liệu 1] ---
Văn bản: Luật Hôn nhân và Gia đình 2014
Nội dung: Điều 16. Giải quyết quan hệ tài sản, nghĩa vụ và hợp đồng của nam, nữ chung sống với nhau như vợ chồng mà không đăng ký kết hôn 1. Quan hệ tài sản, nghĩa vụ và hợp đồng của nam, nữ chung sống với nhau như vợ chồng mà không đăng ký kết hôn được giải quyết theo thỏa thuận giữa các bên; trong trường hợp không có thỏa thuận thì giải quyết theo quy định của Bộ luật dân sự và các quy định khác của pháp luật có liên quan. 2. Việc giải quyết quan hệ tài sản phải bảo đảm quyền, lợi ích hợp pháp của phụ nữ và con; công việc nội trợ và công việc khác có liên quan để duy trì đời sống chung được coi như lao động có thu nhập.

**Nội dung quy định:**
Theo Điều 16 của Luật Hôn nhân và Gia đình 2014, quan hệ tài sản, nghĩa vụ và hợp đồng giữa hai người chung sống như vợ chồng mà không đăng ký kết hôn được giải quyết theo thỏa thuận giữa các bên. Nếu không có thỏa thuận, thì giải quyết theo quy định của Bộ luật dân sự và các quy định khác của pháp luật có liên quan.

**Phân tích & Hướng dẫn:**
Theo quy định trên, trước khi chính thức hóa mối quan hệ, bạn và bạn trai cần thảo luận và thỏa thuận về các vấn đề tài sản, nghĩa vụ và hợp đồng. Điều này bao gồm việc phân định tài sản cá nhân, chung, nghĩa vụ tài chính, quyền sở hữu, quyền sử dụng đất đai, nhà cửa, xe cộ, tiền tiết kiệm, lương hưu, bảo hiểm xã hội, bảo hiểm y tế, các loại giấy tờ có giá, cổ phiếu, trái phiếu, bất động sản, quyền lợi và nghĩa vụ khác có liên quan.

Nếu không thể thỏa thuận được, hoặc nếu có tranh chấp về các vấn đề này sau khi đăng ký kết hôn, bạn có thể dựa vào các quy định của Bộ luật dân sự để giải quyết. 

Đặc biệt, việc bảo đảm quyền, lợi ích hợp pháp của phụ nữ và con là một nguyên tắc quan trọng trong quá trình"
syn_17_1768627847,"Công ty tôi đã ký một số hợp đồng trước khi đăng ký doanh nghiệp. Khi đã được cấp Giấy chứng nhận, chúng tôi có cần thực hiện những quyền và nghĩa vụ trong các hợp đồng đó không?",Điều 18 - Luật Doanh nghiệp 2020,True,1.0,0.6190998902305159,"**Căn cứ pháp lý:** 
- [Tài liệu 1] - [Văn bản: Luật Doanh nghiệp 2020] - [Nội dung: Điều 18]

**Nội dung quy định:**
Điều 18 của Luật Doanh nghiệp 2020 quy định rằng: ""Người thành lập doanh nghiệp được ký hợp đồng phục vụ cho việc thành lập và hoạt động của doanh nghiệp trước và trong quá trình đăng ký doanh nghiệp. Trường hợp được cấp Giấy chứng nhận đăng ký doanh nghiệp, doanh nghiệp phải tiếp tục thực hiện quyền và nghĩa vụ phát sinh từ hợp đồng đã ký kết quy định tại khoản 1 Điều này và các bên phải thực hiện việc chuyển giao quyền, nghĩa vụ theo hợp đồng theo quy định của Bộ luật Dân sự, trừ trường hợp trong hợp đồng có thỏa thuận khác.""

**Phân tích & Hướng dẫn:**
Theo quy định tại Điều 18 của Luật Doanh nghiệp 2020, khi doanh nghiệp được cấp Giấy chứng nhận đăng ký doanh nghiệp, doanh nghiệp sẽ tiếp tục thực hiện quyền và nghĩa vụ phát sinh từ hợp đồng đã ký trước đó, trừ khi có thỏa thuận khác trong hợp đồng. 

Trong trường hợp bạn đã ký các hợp đồng trước khi đăng ký doanh nghiệp và sau khi doanh nghiệp được cấp Giấy chứng nhận đăng ký doanh nghiệp, bạn vẫn phải tiếp tục thực hiện các quyền và nghĩa vụ phát sinh từ hợp đồng đó. Tuy nhiên, nếu có thỏa thuận khác trong các hợp đồng đó (ví dụ như việc chuyển giao quyền và nghĩa vụ), bạn cần tuân thủ thỏa thuận đó.

Bên cạnh đó, các bên liên quan cũng phải thực hiện việc chuyển giao quyền và nghĩa vụ theo quy định của Bộ luật Dân sự, trừ trường hợp có thỏa thuận khác. Điều này đảm bảo rằng mọi quyền và nghĩa vụ đều được thực hiện một cách rõ ràng và minh bạch sau khi doanh nghiệp được cấp Giấy chứng nhận đăng ký doanh nghiệp."
syn_1404_1768641193_1,"Chồng tôi là một bác sĩ và đã bị phát hiện là sử dụng giấy tờ giả để đánh tráo một đứa bé dưới 1 tuổi tại bệnh viện nơi anh ấy làm việc. Nếu bị kết tội, mức án nào sẽ áp dụng cho chồng tôi?",Điều 152 - Bộ luật Hình sự (Văn bản hợp nhất 2017),True,1.0,0.7204301075268817,"**Căn cứ pháp lý:**
--- [Tài liệu 1] ---
Văn bản: Bộ luật Hình sự (Văn bản hợp nhất 2017)
Nội dung: Điều 152. Tội đánh tráo người dưới 01 tuổi

**Nội dung quy định:**
1. Người nào đánh tráo người dưới 01 tuổi, thì bị phạt tù từ 02 năm đến 05 năm.
2. Phạm tội thuộc một trong các trường hợp sau đây, thì bị phạt tù từ 03 năm đến 07 năm: a) Có tổ chức; b) Lợi dụng chức vụ, quyền hạn, nghề nghiệp; c) Đối với người dưới 01 tuổi mà mình có trách nhiệm chăm sóc, nuôi dưỡng; d) Phạm tội 02 lần trở lên.
3. Phạm tội thuộc một trong các trường hợp sau đây, thì bị phạt tù từ 07 năm đến 12 năm: a) Có tính chất chuyên nghiệp; b) Tái phạm nguy hiểm.
4. Người phạm tội còn có thể bị phạt tiền từ 10.000.000 đồng đến 50.000.000 đồng, cấm đảm nhiệm chức vụ, cấm hành nghề hoặc làm công việc nhất định từ 01 năm đến 05 năm.

**Phân tích & Hướng dẫn:**
Theo Điều 152 của Bộ luật Hình sự (Văn bản hợp nhất 2017), nếu chồng bạn bị phát hiện và xác định đã đánh tráo một đứa trẻ dưới 01 tuổi, và dựa vào thông tin bạn cung cấp, chồng bạn có vị trí là bác sĩ và đã sử dụng giấy tờ giả tại bệnh viện, có thể được coi là lợi dụng chức vụ, quyền hạn, nghề nghiệp.

Đối chiếu với các trường hợp cụ thể trong Điều 152, chồng bạn có thể bị phạt tù từ 03 năm đến 07 năm. Điều này dựa trên nguyên tắc bao gồm việc lợi dụng chức vụ, quyền hạn, nghề nghiệp, và đánh tráo một đứa trẻ dưới 01 tuổi.

Mặt khác, chồng bạn cũng có thể bị phạt tiền từ 10.000.000 đồng đến 50.000.000 đồng, và bị cấm đảm nhiệm chức vụ, cấm hành nghề hoặc làm"
syn_3_1768627734,"Tôi muốn mở một doanh nghiệp và không biết rõ về khái niệm doanh nghiệp nhà nước, liệu tôi có cần phải nắm giữ một phần vốn nào đó để có thể thành lập một công ty thuộc loại hình này không?",Điều 4 - Luật Doanh nghiệp 2020,False,1.0,0.24958513109857286,"**Căn cứ pháp lý:**
- Điều 88 và Điều 89 Luật Doanh nghiệp 2020

**Nội dung quy định:**
Điều 88 của Luật Doanh nghiệp 2020 quy định về loại hình doanh nghiệp nhà nước, trong đó quy định rằng doanh nghiệp nhà nước được tổ chức quản lý dưới hình thức công ty trách nhiệm hữu hạn, công ty cổ phần, bao gồm cả doanh nghiệp do Nhà nước nắm giữ 100% vốn điều lệ và doanh nghiệp do Nhà nước nắm giữ trên 50% vốn điều lệ hoặc tổng số cổ phần có quyền biểu quyết. 

Điều 89 của Luật Doanh nghiệp 2020 quy định cụ thể về việc doanh nghiệp nhà nước do Nhà nước nắm giữ 100% vốn điều lệ sẽ được tổ chức quản lý dưới hình thức công ty trách nhiệm hữu hạn một thành viên, trong khi doanh nghiệp nhà nước do Nhà nước nắm giữ trên 50% vốn điều lệ hoặc tổng số cổ phần có quyền biểu quyết sẽ được tổ chức quản lý dưới hình thức công ty trách nhiệm hữu hạn hai thành viên trở lên hoặc công ty cổ phần.

**Phân tích & Hướng dẫn:**
Theo quy định của Luật Doanh nghiệp 2020, bạn không cần phải nắm giữ một phần vốn nào để thành lập một công ty thuộc loại hình doanh nghiệp nhà nước. Doanh nghiệp nhà nước chỉ cần đáp ứng điều kiện do Nhà nước nắm giữ trên 50% vốn điều lệ hoặc tổng số cổ phần có quyền biểu quyết. Điều này có nghĩa là nếu bạn muốn thành lập một doanh nghiệp nhà nước, bạn chỉ cần đảm bảo rằng phần vốn điều lệ hoặc cổ phần mà doanh nghiệp của bạn nắm giữ phải vượt quá 50%. 

Do đó, nếu bạn muốn thành lập một doanh nghiệp nhà nước, bạn chỉ cần tìm hiểu về quy định về việc thành lập và quản lý doanh nghiệp nhà nước theo Luật Doanh nghiệp 2020, bao gồm các quy định về đăng ký, quản lý và hoạt động kinh doanh, nhưng không cần phải nắm giữ 100% vốn điều lệ."
syn_512_1768631617,Tôi có một bất động sản chưa hoàn thiện nhưng dự kiến sẽ hoàn thành trong năm tới. Tôi có thể dùng nó làm tài sản bảo đảm cho khoản vay hiện tại không?,Điều 295 - Bộ luật Dân sự 2015,True,0.3333333333333333,0.5272145144076841,"**CĂN CỨ PHÁP LUẬT THAM KHẢO:**
---
[Tài liệu 1] - Bộ luật Dân sự 2015
Nội dung: Điều 295. Tài sản bảo đảm 1. Tài sản bảo đảm phải thuộc quyền sở hữu của bên bảo đảm, trừ trường hợp cầm giữ tài sản, bảo lưu quyền sở hữu. 2. Tài sản bảo đảm có thể được mô tả chung, nhưng phải xác định được. 3. Tài sản bảo đảm có thể là tài sản hiện có hoặc tài sản hình thành trong tương lai. 4. Giá trị của tài sản bảo đảm có thể lớn hơn, bằng hoặc nhỏ hơn giá trị nghĩa vụ được bảo đảm.
---
[Tài liệu 2] - Bộ luật Dân sự 2015
Nội dung: Điều 296. Một tài sản dùng để bảo đảm thực hiện nhiều nghĩa vụ 1. Một tài sản có thể được dùng để bảo đảm thực hiện nhiều nghĩa vụ, nếu có giá trị tại thời điểm xác lập giao dịch bảo đảm lớn hơn tổng giá trị các nghĩa vụ được bảo đảm, trừ trường hợp có thỏa thuận khác hoặc pháp luật có quy định khác. 2. Trường hợp một tài sản được bảo đảm thực hiện nhiều nghĩa vụ thì bên bảo đảm phải thông báo cho bên nhận bảo đảm sau biết về việc tài sản bảo đảm đang được dùng để bảo đảm thực hiện nghĩa vụ khác. Mỗi lần bảo đảm phải được lập thành văn bản. 3. Trường hợp phải xử lý tài sản để thực hiện một nghĩa vụ đến hạn thì các nghĩa vụ khác tuy chưa đến hạn đều được coi là đến hạn và tất cả các bên cùng nhận bảo đảm đều được tham gia xử lý tài sản. Bên nhận bảo đảm đã thông báo về việc xử lý tài sản có trách nhiệm xử lý tài sản, nếu các bên cùng nhận bảo đảm không có thỏa thuận khác. Trường hợp các bên muốn tiếp tục thực hiện các nghĩa vụ chưa đến hạn thì có thể thỏa thuận về việc bên bảo đảm dùng tài sản khác để bảo đảm việc thực hiện các nghĩa vụ chưa đến hạn.
---

**CÂU HỎI:**
Tôi có một bất động sản chưa hoàn thiện nhưng dự kiến sẽ hoàn thành trong năm tới. Tôi có thể dùng nó làm tài sản bảo đảm cho khoản vay hiện tại không?

**PHÂN TÍCH VÀ HƯỚNG DẪN:**
Theo Điều"
syn_88_1768628398,Nếu công ty tôi có Nhà nước nắm giữ 60% vốn thì tôi có thể tổ chức dưới hình thức nào?,Điều 89 - Luật Doanh nghiệp 2020,True,1.0,0.4811320754716982,"**Căn cứ pháp lý:** 
- [Tài liệu 1] - [Tài liệu 2] - [Tài liệu 3]
- Luật Doanh nghiệp 2020

**Nội dung quy định:**
Theo Điều 88 và Điều 89 của Luật Doanh nghiệp 2020, doanh nghiệp nhà nước do Nhà nước nắm giữ trên 50% vốn điều lệ hoặc tổng số cổ phần có quyền biểu quyết sẽ được tổ chức quản lý dưới hình thức công ty trách nhiệm hữu hạn hai thành viên trở lên hoặc công ty cổ phần. Điều 90 của cùng luật quy định về cơ cấu tổ chức quản lý, cho phép doanh nghiệp nhà nước do Nhà nước nắm giữ 100% vốn điều lệ hoặc trên 50% vốn điều lệ hoặc tổng số cổ phần có quyền biểu quyết được tổ chức quản lý dưới hai mô hình: Chủ tịch công ty, Giám đốc hoặc Tổng giám đốc, Ban kiểm soát hoặc Hội đồng thành viên, Giám đốc hoặc Tổng giám đốc, Ban kiểm soát.

**Phân tích & Hướng dẫn:**
Trong trường hợp bạn có doanh nghiệp nhà nước mà Nhà nước nắm giữ 60% vốn điều lệ, doanh nghiệp đó sẽ thuộc loại doanh nghiệp nhà nước do Nhà nước nắm giữ trên 50% vốn điều lệ. Theo quy định của Luật Doanh nghiệp 2020, doanh nghiệp nhà nước do Nhà nước nắm giữ trên 50% vốn điều lệ sẽ được tổ chức quản lý dưới hình thức công ty trách nhiệm hữu hạn hai thành viên trở lên hoặc công ty cổ phần.

Do đó, bạn có thể lựa chọn tổ chức công ty dưới hình thức công ty trách nhiệm hữu hạn hai thành viên trở lên hoặc công ty cổ phần, tùy thuộc vào các quy định cụ thể của từng doanh nghiệp và phù hợp với chiến lược quản lý và phát triển của doanh nghiệp."
syn_391_1768630765,"Gia đình tôi có một mảnh đất liền kề với một công trình đang được xây dựng, nếu công trình đó gây ô nhiễm hoặc ảnh hưởng đến không gian sống của chúng tôi thì tôi có quyền yêu cầu chủ đầu tư dừng xây dựng không?",Điều 174 - Bộ luật Dân sự 2015,False,0.6666666666666666,0.357630979498861,"**CĂN CỨ PHÁP LUẬT THAM KHẢO:**
--- [Tài liệu 1] ---
Văn bản: Bộ luật Dân sự 2015
Nội dung: Điều 177. Bảo đảm an toàn trong trường hợp cây cối, công trình có nguy cơ gây thiệt hại

**Nội dung quy định:**
1. Trường hợp cây cối, công trình xây dựng có nguy cơ sập đổ xuống bất động sản liền kề và xung quanh thì chủ sở hữu tài sản thực hiện ngay các biện pháp khắc phục, chặt cây, sửa chữa hoặc dỡ bỏ công trình xây dựng đó theo yêu cầu của chủ sở hữu bất động sản liền kề và xung quanh hoặc theo yêu cầu của cơ quan nhà nước có thẩm quyền; nếu không tự nguyện thực hiện thì chủ sở hữu bất động sản liền kề và xung quanh có quyền yêu cầu cơ quan nhà nước có thẩm quyền cho chặt cây, phá dỡ.
2. Khi đào giếng, đào ao hoặc xây dựng công trình dưới mặt đất, chủ sở hữu công trình phải đào, xây cách mốc giới một khoảng cách do pháp luật về xây dựng quy định.
3. Trường hợp gây thiệt hại cho chủ sở hữu bất động sản liền kề và xung quanh quy định tại khoản 1 và khoản 2 Điều này thì chủ sở hữu cây cối, công trình phải bồi thường.

**Nội dung quy định liên quan:**
- Điều 177 quy định rõ về trách nhiệm của chủ sở hữu công trình khi công trình gây nguy cơ sập đổ hoặc gây thiệt hại cho bất động sản liền kề và xung quanh.
- Trong đó, có quy định về quyền yêu cầu của chủ sở hữu bất động sản liền kề và xung quanh khi công trình gây thiệt hại.

**Phân tích & Hướng dẫn:**
Theo Điều 177 của Bộ Luật Dân sự 2015, nếu công trình đang xây dựng của gia đình bạn gây thiệt hại hoặc ô nhiễm môi trường cho không gian sống của gia đình bạn, thì chủ sở hữu công trình (chủ đầu tư) cần tuân thủ các quy định về bảo vệ an toàn và không gây thiệt hại cho bất động sản liền kề và xung quanh. 

Điều 177 quy định rõ rằng"
syn_1171_1768639491_2,Công ty tôi vừa mới ký hợp đồng với một nhà thầu phụ để thực hiện một dự án lớn. Tôi cảm thấy lo ngại về việc nhà thầu này có thực hiện đúng các quy định về an toàn và vệ sinh lao động hay không. Tôi nên yêu cầu gì từ họ để đảm bảo rằng chúng tôi không vi phạm luật?,Điều 132 - Bộ luật Lao động 2019,True,1.0,0.42408376963350786,"**Căn cứ pháp lý:**
- Văn bản: Bộ luật Lao động 2019
- Nên trích dẫn: Điều 132 và Điều 134 của Bộ luật Lao động 2019

**Nội dung quy định:**
- Điều 132: ""Người sử dụng lao động, người lao động và cơ quan, tổ chức, cá nhân có liên quan đến lao động, sản xuất, kinh doanh phải thực hiện quy định của pháp luật về an toàn, vệ sinh lao động.""
- Điều 134: ""1. Người sử dụng lao động có trách nhiệm thực hiện đầy đủ các giải pháp nhằm bảo đảm an toàn, vệ sinh lao động tại nơi làm việc. 2. Người lao động có trách nhiệm chấp hành quy định, nội quy, quy trình, yêu cầu về an toàn, vệ sinh lao động; tuân thủ pháp luật và nắm vững kiến thức, kỹ năng về các biện pháp bảo đảm an toàn, vệ sinh lao động tại nơi làm việc.""

**Phân tích & Hướng dẫn:**
Để đảm bảo rằng nhà thầu phụ của bạn tuân thủ các quy định về an toàn và vệ sinh lao động, bạn có thể yêu cầu họ cung cấp các thông tin sau:

1. **Thông tin về Hệ thống An Toàn Vệ Sinh Lao Động (HASL):** Nhà thầu phụ cần cung cấp cho bạn thông tin về hệ thống HASL mà họ đang sử dụng, bao gồm cả các quy định cụ thể về an toàn và vệ sinh lao động. Họ cũng nên cung cấp cho bạn thông tin về các biện pháp đã thực hiện để đảm bảo an toàn cho người lao động.

2. **Hợp đồng An Toàn Vệ Sinh Lao Động:** Nhà thầu phụ cần phải có một hợp đồng an toàn vệ sinh lao động rõ ràng với tất cả các điều khoản và quy định liên quan. Đây là một bằng chứng quan trọng để đảm bảo rằng họ hiểu và cam kết tuân thủ các quy định về an toàn và vệ sinh lao động.

3. **Đánh giá Rủi Ro An Toàn Vệ Sinh Lao Động (DRASL):** Nhà thầu phụ cần cung cấp cho bạn báo cáo DRASL để minh chứng rằng họ đã đánh giá và"
syn_1153_1768639387_1,"Công ty tôi thành lập năm 2015 và tôi là nhân viên đầu tiên, đến nay đã được 8 năm. Tôi muốn hỏi, nếu tôi có 10 ngày nghỉ hằng năm, thì sau 8 năm tôi có được hưởng bao nhiêu ngày nghỉ không?",Điều 114 - Bộ luật Lao động 2019,False,0.3333333333333333,0.3691529709228824,"**Căn cứ pháp lý:** 
--- [Tài liệu 1] ---
Văn bản: Bộ luật Lao động 2019
Nội dung: Điều 113. Nghỉ hằng năm 1. Người lao động làm việc đủ 12 tháng cho một người sử dụng lao động thì được nghỉ hằng năm, hưởng nguyên lương theo hợp đồng lao động như sau: a) 12 ngày làm việc đối với người làm công việc trong điều kiện bình thường; b) 14 ngày làm việc đối với người lao động chưa thành niên, lao động là người khuyết tật, người làm nghề, công việc nặng nhọc, độc hại, nguy hiểm; c) 16 ngày làm việc đối với người làm nghề, công việc đặc biệt nặng nhọc, độc hại, nguy hiểm. 2. Người lao động làm việc chưa đủ 12 tháng cho một người sử dụng lao động thì số ngày nghỉ hằng năm theo tỷ lệ tương ứng với số tháng làm việc. 3. Trường hợp do thôi việc, bị mất việc làm mà chưa nghỉ hằng năm hoặc chưa nghỉ hết số ngày nghỉ hằng năm thì được người sử dụng lao động thanh toán tiền lương cho những ngày chưa nghỉ. 4. Người sử dụng lao động có trách nhiệm quy định lịch nghỉ hằng năm sau khi tham khảo ý kiến của người lao động và phải thông báo trước cho người lao động biết. Người lao động có thể thỏa thuận với người sử dụng lao động để nghỉ hằng năm thành nhiều lần hoặc nghỉ gộp tối đa 03 năm một lần. 5. Khi nghỉ hằng năm mà chưa đến kỳ trả lương, người lao động được tạm ứng tiền lương theo quy định tại khoản 3 Điều 101 của Bộ luật này. 6. Khi nghỉ hằng năm, nếu người lao động đi bằng các phương tiện đường bộ, đường sắt, đường thủy mà số ngày đi đường cả đi và về trên 02 ngày thì từ ngày thứ 03 trở đi được tính thêm thời gian đi đường ngoài ngày nghỉ hằng năm và chỉ được tính cho 01 lần nghỉ trong năm. 7. Chính phủ quy định chi tiết điều này.

--- [Tài liệu 2] ---
Văn bản: Bộ luật Lao động 2019
Nội"
syn_392_1768630773,"Tôi đã sử dụng mảnh đất của mình trong suốt 20 năm mà không có tranh chấp về ranh giới, liệu tôi có quyền yêu cầu xác định ranh giới đất này theo quy định nào không?",Điều 175 - Bộ luật Dân sự 2015,True,1.0,0.7726829268292683,"**Căn cứ pháp lý:** 
Điều 175. Ranh giới giữa các bất động sản - Bộ luật Dân sự 2015

**Nội dung quy định:**
1. Ranh giới giữa các bất động sản liền kề được xác định theo thỏa thuận hoặc theo quyết định của cơ quan nhà nước có thẩm quyền.
2. Ranh giới cũng có thể được xác định theo tập quán hoặc theo ranh giới đã tồn tại từ 30 năm trở lên mà không có tranh chấp.
3. Không được lấn, chiếm, thay đổi mốc giới ngăn cách, kể cả trường hợp ranh giới là kênh, mương, hào, rãnh, bờ ruộng.
4. Mọi chủ thể có nghĩa vụ tôn trọng, duy trì ranh giới chung.
5. Người sử dụng đất được sử dụng không gian và lòng đất theo chiều thẳng đứng từ ranh giới của thửa đất phù hợp với quy định của pháp luật và không được làm ảnh hưởng đến việc sử dụng đất của người khác.
6. Người sử dụng đất chỉ được trồng cây và làm các việc khác trong khuôn viên đất thuộc quyền sử dụng của mình và theo ranh giới đã được xác định; nếu rễ cây, cành cây vượt quá ranh giới thì phải xén rễ, cắt, tỉa cành phần vượt quá, trừ trường hợp có thỏa thuận khác.

**Phân tích & Hướng dẫn:**
Theo quy định tại Điều 175 của Bộ Luật Dân sự 2015, ranh giới giữa các bất động sản liền kề có thể được xác định theo nhiều phương thức khác nhau, bao gồm thỏa thuận, quyết định của cơ quan nhà nước có thẩm quyền, tập quán, và ranh giới đã tồn tại từ 30 năm trở lên mà không có tranh chấp. 

Trong trường hợp của bạn, đã sử dụng mảnh đất của mình trong suốt 20 năm mà không có tranh chấp về ranh giới, theo Điều 175, bạn có quyền yêu cầu xác định ranh giới theo tập quán hoặc ranh giới đã tồn tại từ 30 năm trở lên mà không có tranh chấp. Tuy nhiên, cần lưu ý rằng việc xác định ranh giới theo tập quán phải dựa trên tập quán địa phương được công nhận và tuân thủ bởi"
syn_1430_1768641399_0,"Tôi đang sống cùng gia đình và gần đây, một người hàng xóm đã cố tình làm hỏng một số đồ dùng trong nhà tôi, ước tính thiệt hại khoảng 25 triệu đồng. Tôi nên làm gì để bảo vệ quyền lợi của mình?",Điều 178 - Bộ luật Hình sự (Văn bản hợp nhất 2017),True,1.0,0.46787479406919275,"**Căn cứ pháp lý:**
--- [Tài liệu 1] ---
Văn bản: Bộ luật Hình sự (Văn bản hợp nhất 2017)
Nội dung: Điều 178. Tội hủy hoại hoặc cố ý làm hư hỏng tài sản

**Nội dung quy định:**
Điều này quy định về hình thức xử lý đối với hành vi hủy hoại hoặc cố ý làm hư hỏng tài sản. Người nào hủy hoại hoặc cố ý làm hư hỏng tài sản của người khác với giá trị từ 2.000.000 đồng đến dưới 50.000.000 đồng, hoặc dưới 2.000.000 đồng nhưng thuộc một trong các trường hợp quy định, sẽ bị phạt tiền từ 10.000.000 đồng đến 50.000.000 đồng, hoặc phạt cải tạo không giam giữ đến 03 năm hoặc phạt tù từ 06 tháng đến 03 năm.

**Phân tích & Hướng dẫn:**
Theo căn cứ pháp lý trên, nếu thiệt hại do hành vi của người hàng xóm gây ra là khoảng 25 triệu đồng, thì hành vi này nằm trong trường hợp quy định tại Điều 178 Bộ Luật Hình sự 2017. Theo đó, người hàng xóm có thể bị phạt tiền từ 10.000.000 đồng đến 50.000.000 đồng hoặc phạt cải tạo không giam giữ đến 03 năm hoặc phạt tù từ 06 tháng đến 03 năm tùy theo mức độ nghiêm trọng của hành vi.

Tuy nhiên, bạn cũng có thể yêu cầu người hàng xóm bồi thường thiệt hại cho tài sản bị hư hỏng theo quy định tại Điều 129 Bộ Luật Lao động 2019. Theo đó, người lao động (trong trường hợp này là người hàng xóm) sẽ phải bồi thường cho người sử dụng lao động (trong trường hợp này là bạn) nếu họ làm hư hỏng tài sản hoặc gây thiệt hại tài sản của người sử dụng lao động.

Ngoài ra, bạn cũng có thể yêu cầu cơ quan chức năng xử lý hành vi vi phạm này thông qua việc tố cáo hành vi này đến cơ quan cảnh sát hoặc cơ quan có thẩm"
syn_901_1768634139,"Tôi đang sống tại Hà Nội nhưng muốn thực hiện một hành vi pháp lý đơn phương cho công ty tôi tại TP.HCM, vậy pháp luật nào sẽ được áp dụng?",Điều 684 - Bộ luật Dân sự 2015,True,1.0,0.5485074626865671,"**Căn cứ pháp lý:** 
[Tên điều luật] - [Tên văn bản luật]

**Nội dung quy định:**
Theo Điều 684 của Bộ luật Dân sự 2015, pháp luật áp dụng đối với hành vi pháp lý đơn phương là pháp luật của nước nơi cá nhân xác lập hành vi đó cư trú hoặc nơi pháp nhân xác lập hành vi đó được thành lập.

**Phân tích & Hướng dẫn:**
Trong trường hợp của bạn, mặc dù công ty của bạn được thành lập tại TP.HCM, nhưng bạn đang cư trú tại Hà Nội. Theo quy định trên, pháp luật áp dụng sẽ là pháp luật của nước nơi bạn cư trú, tức là pháp luật Việt Nam.

Điều này có nghĩa là, bất kỳ hành vi pháp lý đơn phương mà bạn thực hiện cho công ty tại TP.HCM đều phải tuân thủ theo quy định của pháp luật Việt Nam, kể cả nếu hành vi đó liên quan đến hoạt động của công ty tại TP.HCM.

Việc này đảm bảo rằng mọi hành vi pháp lý của bạn đều tuân thủ pháp luật Việt Nam, tránh được những rủi ro pháp lý không mong muốn do vi phạm quy định của nước khác."
syn_1541_1768642302_0,"Tôi là một lập trình viên và trong quá trình làm việc, tôi đã vô tình xâm nhập vào hệ thống máy tính của một công ty khác mà không có sự cho phép. Có khả năng nào tôi bị xử lý theo Điều 289 không?",Điều 289 - Bộ luật Hình sự (Văn bản hợp nhất 2017),True,0.6666666666666666,0.7880690737833596,"**Căn cứ pháp lý:**
Điều 289. Tội xâm nhập trái phép vào mạng máy tính, mạng viễn thông hoặc phương tiện điện tử của người khác - Bộ luật Hình sự (Văn bản hợp nhất 2017)

**Nội dung quy định:**
1. Người nào cố ý vượt qua cảnh báo, mã truy cập, tường lửa, sử dụng quyền quản trị của người khác hoặc bằng phương thức khác xâm nhập trái phép vào mạng máy tính, mạng viễn thông hoặc phương tiện điện tử của người khác chiếm quyền điều khiển; can thiệp vào chức năng hoạt động của phương tiện điện tử; lấy cắp, thay đổi, hủy hoại, làm giả dữ liệu hoặc sử dụng trái phép các dịch vụ, thì bị phạt tiền từ 50.000.000 đồng đến 300.000.000 đồng hoặc phạt tù từ 01 năm đến 05 năm.
2. Phạm tội thuộc một trong các trường hợp sau đây, thì bị phạt tiền từ 300.000.000 đồng đến 1.000.000.000 đồng hoặc bị phạt tù từ 03 năm đến 07 năm: a) Có tổ chức; b) Lợi dụng chức vụ, quyền hạn; c) Thu lợi bất chính từ 200.000.000 đồng đến dưới 500.000.000 đồng; d) Gây thiệt hại từ 300.000.000 đồng đến dưới 1.000.000.000 đồng; đ) Đối với trạm trung chuyển internet quốc gia, hệ thống cơ sở dữ liệu tên miền và hệ thống máy chủ tên miền quốc gia; e) Tái phạm nguy hiểm.
3. Phạm tội thuộc một trong các trường hợp sau đây, thì bị phạt tù từ 07 năm đến 12 năm: a) Đối với hệ thống dữ liệu thuộc bí mật nhà nước; hệ thống thông tin phục vụ quốc phòng, an ninh; b) Đối với cơ sở hạ tầng thông tin quốc gia; hệ thống thông tin điều hành lưới điện quốc gia; hệ thống thông tin tài chính, ngân hàng; hệ thống thông tin điều khiển giao thông; c) Thu lợi bất chính 500.0"
syn_1569_1768642569_1,"Vợ tôi đã từng bị xử phạt vì gây rối trật tự công cộng cách đây 1 năm, và gần đây cô ấy lại tham gia vào một cuộc biểu tình gây rối. Tôi lo lắng về việc này. Liệu cô ấy có thể bị phạt tù hay phải chịu trách nhiệm hình sự không?",Điều 318 - Bộ luật Hình sự (Văn bản hợp nhất 2017),True,1.0,0.709741550695825,"**Căn cứ pháp lý:** 
Điều 318. Tội gây rối trật tự công cộng - Bộ luật Hình sự (Văn bản hợp nhất 2017)

**Nội dung quy định:**
1. Người nào gây rối trật tự công cộng gây ảnh hưởng xấu đến an ninh, trật tự, an toàn xã hội hoặc đã bị xử phạt vi phạm hành chính về hành vi này hoặc đã bị kết án về tội này, chưa được xóa án tích mà còn vi phạm, thì bị phạt tiền từ 5.000.000 đồng đến 50.000.000 đồng, phạt cải tạo không giam giữ đến 02 năm hoặc phạt tù từ 03 tháng đến 02 năm.
2. Phạm tội thuộc một trong các trường hợp sau đây, thì bị phạt tù từ 02 năm đến 07 năm: a) Có tổ chức; b) Dùng vũ khí, hung khí hoặc có hành vi phá phách; c) Gây cản trở giao thông nghiêm trọng hoặc gây đình trệ hoạt động công cộng; d) Xúi giục người khác gây rối; đ) Hành hung người can thiệp bảo vệ trật tự công cộng; e) Tái phạm nguy hiểm.

**Phân tích & Hướng dẫn:**
Theo quy định tại Điều 318 của Bộ luật Hình sự, vợ bạn đã từng bị xử phạt vi phạm hành chính về hành vi gây rối trật tự công cộng cách đây 1 năm, nên cô ấy đang bị cấm khỏi vi phạm tương tự trong vòng 5 năm (theo Điều 163 của cùng văn bản). Tuy nhiên, nếu cô ấy tiếp tục vi phạm, đặc biệt nếu hành vi đó gây ra hậu quả nghiêm trọng hơn, có tổ chức, sử dụng vũ lực hoặc gây ảnh hưởng lớn đến an ninh, trật tự, an toàn xã hội, cô ấy có thể bị xử lý hình sự.

Việc cô ấy tham gia vào một cuộc biểu tình gây rối gần đây có thể được coi là vi phạm hành vi gây rối trật tự công cộng theo Điều 318. Nếu hành vi này có tính chất nghiêm trọng hơn, ví dụ nếu có tổ chức, sử dụng vũ lực hoặc gây hậu quả nghiêm trọng, cô ấy có thể bị phạt tù từ 2 năm đến 7 năm.

Tuy nhiên"
syn_1378_1768640977_1,"Chồng tôi đã phát hiện một kẻ lạ mặt đang cố gắng bắt cóc con tôi. Trong lúc giằng co, chồng tôi đã ra tay đánh người đó và gây ra cái chết cho hắn. Chúng tôi có thể bị xử lý như thế nào trong tình huống này?",Điều 126 - Bộ luật Hình sự (Văn bản hợp nhất 2017),False,1.0,0.4017563117453348,"**Căn cứ pháp lý:** Điều 169. Tội bắt cóc nhằm chiếm đoạt tài sản - Bộ Luật Hình sự (Văn bản hợp nhất 2017)

**Nội dung quy định:**
Theo Điều 169 của Bộ Luật Hình sự, người nào bắt cóc người khác làm con tin nhằm chiếm đoạt tài sản sẽ bị phạt tù từ 2 năm đến 7 năm. Nếu phạm tội thuộc một trong các trường hợp được quy định tại điểm a) đến điểm i) của khoản 2 Điều 169, thì mức án phạt tù sẽ tăng từ 5 năm đến 12 năm. Trường hợp phạm tội thuộc điểm g), h) hoặc i), mức án phạt tù từ 15 năm đến 20 năm hoặc tù chung thân.

**Phân tích & Hướng dẫn:**
Trong tình huống này, chồng bạn đã phát hiện kẻ lạ mặt đang cố gắng bắt cóc con bạn. Trong quá trình giằng co, chồng bạn đã ra tay đánh người đó và gây ra cái chết cho hắn. Do đó, chồng bạn đã thực hiện hành vi bắt cóc nhằm chiếm đoạt tài sản (nếu có) và gây ra cái chết cho kẻ lạ mặt. 

Dựa trên quy định của Điều 169, chồng bạn có thể bị xử lý như sau:

- Nếu chồng bạn chỉ bắt cóc con bạn nhưng không có hành vi gây chết người, thì mức án phạt sẽ từ 2 năm đến 7 năm tù.
- Tuy nhiên, chồng bạn đã gây chết người, do đó cần xem xét thêm các yếu tố khác như có tổ chức, có tính chất chuyên nghiệp, có vũ khí hay phương tiện nguy hiểm, đối tượng là trẻ em, người già yếu, phụ nữ mang thai, người có công nuôi dưỡng, hoặc có hành vi ngược đãi. 

Nếu chồng bạn phạm tội thuộc một trong các trường hợp được quy định tại điểm a) đến điểm i) của khoản 2 Điều 169, mức án phạt sẽ tăng từ 5 năm đến 12 năm tù. Nếu phạm tội thuộc điểm g), h) hoặc i), chồng bạn có thể bị phạt tù từ 15 năm đến 20 năm hoặc tù chung thân.

Ngoài ra, cần lưu ý rằng chồng bạn cũng có thể bị xử lý về tội ngược đãi hoặc hành hạ ông bà, cha mẹ, vợ chồng,"
syn_561_1768631942,Tôi muốn biết điều kiện nào để tổ chức chính trị - xã hội có thể bảo đảm bằng tín chấp cho tôi vay tiền trong trường hợp gia đình tôi quá khó khăn?,Điều 344 - Bộ luật Dân sự 2015,True,0.6666666666666666,0.45536869340232855,"**CĂN CỨ PHÁP LUẬT THAM KHẢO:**

- **[Tài liệu 1]**: Bộ luật Dân sự 2015, Điều 344.
- **[Tài liệu 2]**: Bộ luật Dân sự 2015, Điều 345.
- **[Tài liệu 3]**: Luật Hôn nhân và Gia đình 2014, Điều 120.

**Nội dung quy định:**

Theo Điều 344 của Bộ luật Dân sự 2015, tổ chức chính trị - xã hội ở cơ sở có thể bảo đảm bằng tín chấp cho cá nhân, hộ gia đình nghèo vay một khoản tiền tại tổ chức tín dụng để sản xuất, kinh doanh, tiêu dùng theo quy định của pháp luật. Theo Điều 345 của cùng văn bản luật, việc cho vay có bảo đảm bằng tín chấp phải được lập thành văn bản có xác nhận của tổ chức chính trị - xã hội bảo đảm bằng tín chấp về điều kiện, hoàn cảnh của bên vay vốn. Thỏa thuận bảo đảm bằng tín chấp phải cụ thể về số tiền, mục đích, thời hạn vay, lãi suất, quyền, nghĩa vụ và trách nhiệm của người vay, tổ chức tín dụng cho vay và tổ chức chính trị - xã hội bảo đảm bằng tín chấp.

**Phân tích & Hướng dẫn:**

Để tổ chức chính trị - xã hội có thể bảo đảm bằng tín chấp cho bạn vay tiền trong trường hợp gia đình bạn quá khó khăn, cần tuân thủ các điều kiện sau:

1. **Điều kiện về hoàn cảnh gia đình**: Theo Điều 344 của Bộ luật Dân sự 2015, tổ chức chính trị - xã hội ở cơ sở có thể bảo đảm bằng tín chấp cho cá nhân, hộ gia đình nghèo vay tiền. Do đó, cần chứng minh rằng gia đình bạn thuộc diện nghèo, gặp khó khăn về tài chính.

2. **Điều kiện về văn bản xác nhận**: Theo Điều 345 của Bộ luật Dân sự 2015, việc cho vay có bảo đảm bằng tín chấp phải được lập thành văn bản có xác nhận của tổ chức chính trị - xã hội bảo đảm bằng tín chấp về điều kiện, hoàn cảnh của bên vay vốn. Bạn cần chuẩn bị đầy đủ"
syn_1321_1768640480_0,"Tôi vừa mới ra tù sau 5 năm bị giam giữ do tội danh nhẹ, hiện tại tôi đang muốn tìm hiểu xem tôi có phải chấp hành bản án nào không hay đã hết thời hiệu thi hành chưa?",Điều 60 - Bộ luật Hình sự (Văn bản hợp nhất 2017),True,1.0,0.5447897623400366,"**Căn cứ pháp lý:** 
- Điều 60. Thời hiệu thi hành bản án 1 - Bộ luật Hình sự (Văn bản hợp nhất 2017)

**Nội dung quy định:**
- Điều 60 của Bộ luật Hình sự quy định rằng thời hiệu thi hành bản án hình sự đối với người bị kết án được tính từ ngày bản án có hiệu lực pháp luật. Thời hiệu thi hành bản án hình sự đối với người bị kết án từ 05 năm đến 15 năm đối với các trường hợp xử phạt tù từ 03 năm trở xuống, từ 10 năm đến 30 năm đối với các trường hợp xử phạt tù từ trên 03 năm đến 15 năm, và từ 15 năm trở lên đối với các trường hợp xử phạt tù từ trên 15 năm đến 30 năm. Đối với các trường hợp xử phạt tù chung thân hoặc tử hình, thời hiệu thi hành bản án hình sự là 20 năm.

**Phân tích & Hướng dẫn:**
Theo thông tin bạn cung cấp, bạn đã ra tù sau 5 năm vì một tội danh nhẹ. Theo Điều 60 của Bộ luật Hình sự, thời hiệu thi hành bản án hình sự đối với người bị kết án từ 05 năm đến 15 năm đối với các trường hợp xử phạt tù từ 03 năm trở xuống. Do vậy, nếu bạn đã hoàn thành đúng thời hạn 5 năm mà không có tình huống cụ thể nào được quy định trong Điều 60 về việc thời hiệu thi hành bản án được kéo dài thêm, thì có thể bạn đã hết thời hiệu thi hành bản án.

Tuy nhiên, để chắc chắn hơn, bạn nên kiểm tra kỹ bản án hình sự đã được tuyên và thời hạn thi hành bản án đó. Bạn cũng có thể liên hệ với cơ quan tư pháp địa phương để được hướng dẫn cụ thể hơn về tình trạng thời hiệu thi hành bản án của bạn."
syn_641_1768632467,"Tôi đã giao cho một nhà thầu xây dựng một hợp đồng sửa chữa nhà, nhưng họ đã chậm trễ trong việc thực hiện nghĩa vụ trong 3 tháng. Tôi có thể hủy bỏ hợp đồng này không?",Điều 424 - Bộ luật Dân sự 2015,True,1.0,0.4796380090497738,"**Căn cứ pháp lý:** 
Điều 424 và Điều 423 Bộ Luật Dân sự 2015

**Nội dung quy định:**
1. Theo Điều 424 của Bộ Luật Dân sự 2015, trường hợp bên có nghĩa vụ không thực hiện đúng nghĩa vụ mà bên có quyền yêu cầu thực hiện nghĩa vụ trong một thời hạn hợp lý nhưng bên có nghĩa vụ không thực hiện thì bên có quyền hủy bỏ hợp đồng.
2. Theo Điều 423 của Bộ Luật Dân sự 2015, một bên có quyền hủy bỏ hợp đồng và không phải bồi thường thiệt hại trong trường hợp sau đây: b) Bên kia vi phạm nghiêm trọng nghĩa vụ hợp đồng.

**Phân tích & Hướng dẫn:**
Trong trường hợp của bạn, nhà thầu đã chậm trễ trong việc thực hiện nghĩa vụ trong thời hạn hợp lý (3 tháng). Theo Điều 424 của Bộ Luật Dân sự 2015, vì nhà thầu đã vi phạm nghĩa vụ hợp đồng, bạn có quyền hủy bỏ hợp đồng.

Đồng thời, Điều 423 cũng đề cập đến trường hợp hủy bỏ hợp đồng khi một bên vi phạm nghiêm trọng nghĩa vụ hợp đồng. Trong trường hợp này, nhà thầu đã không thực hiện đúng nghĩa vụ (sửa chữa nhà) trong thời gian hợp lý, điều này có thể coi là vi phạm nghiêm trọng nghĩa vụ hợp đồng. Do đó, bạn cũng có quyền hủy bỏ hợp đồng.

Tuy nhiên, cần lưu ý rằng, dù bạn có quyền hủy bỏ hợp đồng, bạn vẫn cần tuân thủ quy định về thông báo và bồi thường thiệt hại như quy định tại Điều 423 của Bộ Luật Dân sự 2015. Bạn nên thông báo ngay cho nhà thầu về quyết định hủy bỏ hợp đồng và đảm bảo rằng việc thông báo này không gây ra thiệt hại cho nhà thầu.

Cuối cùng, bạn nên cân nhắc kỹ lưỡng trước khi quyết định hủy bỏ hợp đồng vì việc này có thể ảnh hưởng đến quyền lợi của cả hai bên và có thể tạo ra tranh chấp pháp lý."
syn_702_1768632837,"Gia đình tôi muốn thuê một kho để chứa hàng hóa trong thời gian nhất định, nhưng chúng tôi không biết cách xác định thời hạn thuê khoán, vậy có quy định cụ thể nào không?",Điều 485 - Bộ luật Dân sự 2015,True,1.0,0.49180327868852464,"**Căn cứ pháp lý:** 
Điều 485. Thời hạn thuê khoán - Bộ luật Dân sự 2015

**Nội dung quy định:**
Thời hạn thuê khoán do các bên thỏa thuận. Trường hợp không có thỏa thuận hoặc có thỏa thuận nhưng không rõ ràng thì thời hạn thuê khoán được xác định theo chu kỳ sản xuất, kinh doanh phù hợp với tính chất của đối tượng thuê khoán.

**Phân tích & Hướng dẫn:**
Theo quy định tại Điều 485 của Bộ luật Dân sự 2015, thời hạn thuê khoán sẽ được xác định dựa trên thỏa thuận giữa hai bên. Nếu hai bên không thỏa thuận về thời hạn thuê, thì thời hạn thuê sẽ được xác định dựa trên chu kỳ sản xuất, kinh doanh phù hợp với tính chất của đối tượng thuê khoán.

Trong trường hợp của gia đình bạn, nếu hai bên đã thỏa thuận về thời hạn thuê khoán, thì thời hạn đó sẽ được tuân thủ. Tuy nhiên, nếu chưa có thỏa thuận hoặc thỏa thuận không rõ ràng, thì thời hạn thuê sẽ được xác định dựa trên chu kỳ sản xuất, kinh doanh phù hợp với tính chất của kho mà bạn thuê.

Việc xác định thời hạn thuê khoán dựa trên chu kỳ sản xuất, kinh doanh giúp đảm bảo rằng thời hạn này phù hợp với nhu cầu sử dụng của bạn và cũng tuân thủ quy định của pháp luật. Bạn nên thảo luận kỹ lưỡng với bên cho thuê về thời hạn thuê khoán phù hợp với mục đích sử dụng và nhu cầu của gia đình bạn.

Ngoài ra, bạn cũng cần lưu ý đến các quy định khác về việc trả tiền thuê khoán và điều kiện giảm tiền thuê khoán trong trường hợp xảy ra sự kiện bất khả kháng, như đã được quy định tại Điều 488 của Bộ luật Dân sự 2015."
syn_57_1768628160,Công ty tôi đã tổ chức cuộc họp Hội đồng thành viên lần thứ nhất nhưng không đủ điều kiện. Tôi muốn hỏi về cách triệu tập họp lần thứ hai.,Điều 58 - Luật Doanh nghiệp 2020,True,0.0,0.8770555990602976,"**CĂN CỨ PHÁP LUẬT THAM KHẢO:**
---
--- [Tài liệu 1] ---
Văn bản: Luật Doanh nghiệp 2020
Nội dung: Điều 58. Điều kiện và thể thức tiến hành họp Hội đồng thành viên 1. Cuộc họp Hội đồng thành viên được tiến hành khi có số thành viên dự họp sở hữu từ 65% vốn điều lệ trở lên; tỷ lệ cụ thể do Điều lệ công ty quy định. 2. Trường hợp cuộc họp Hội đồng thành viên lần thứ nhất không đủ điều kiện tiến hành theo quy định tại khoản 1 Điều này và Điều lệ công ty không có quy định khác thì việc triệu tập họp Hội đồng thành viên được thực hiện như sau: a) Thông báo mời họp lần thứ hai phải được gửi trong thời hạn 15 ngày kể từ ngày dự định họp lần thứ nhất. Cuộc họp Hội đồng thành viên lần thứ hai được tiến hành khi có số thành viên dự họp sở hữu từ 50% vốn điều lệ trở lên; b) Trường hợp cuộc họp Hội đồng thành viên lần thứ hai không đủ điều kiện tiến hành theo quy định tại điểm a khoản này, thông báo mời họp lần thứ ba phải được gửi trong thời hạn 10 ngày kể từ ngày dự định họp lần thứ hai. Cuộc họp Hội đồng thành viên lần thứ ba được tiến hành không phụ thuộc số thành viên dự họp và số vốn điều lệ được đại diện bởi số thành viên dự họp. 3. Thành viên, người đại diện theo ủy quyền của thành viên phải tham dự và biểu quyết tại cuộc họp Hội đồng thành viên. Thể thức tiến hành họp Hội đồng thành viên, hình thức biểu quyết do Điều lệ công ty quy định. 4. Trường hợp cuộc họp đủ điều kiện quy định tại Điều này không hoàn thành chương trình họp trong thời hạn dự kiến thì có thể kéo dài nhưng không được quá 30 ngày kể từ ngày khai mạc cuộc họp đó.
---

**CĂN CỨ PHÁP LUẬT THAM KHẢO:**
---
--- [Tài liệu 2] ---
Văn bản: Luật Doanh nghiệp 2020
Nội dung: Điều 145. Điều kiện tiến hành họp Đại hội đồng cổ đông 1. Cuộc họp Đại hội đồng cổ đông được tiến hành khi có số cổ đông dự họp đại diện trên 50% tổng số phiếu"
syn_284_1768630027,Tôi đã được ủy quyền quản lý tài sản của một người vắng mặt. Vậy tôi có được thanh toán các chi phí cần thiết trong việc quản lý tài sản đó không?,Điều 67 - Bộ luật Dân sự 2015,True,0.6666666666666666,0.6734992679355783,"**Căn cứ pháp luật:**
---
[Văn bản] Bộ luật Dân sự 2015  
[Nội dung] Điều 67. Quyền của người quản lý tài sản của người vắng mặt tại nơi cư trú

**Nội dung quy định:**
1. Quản lý tài sản của người vắng mặt.
2. Trích một phần tài sản của người vắng mặt để thực hiện nghĩa vụ cấp dưỡng, nghĩa vụ thanh toán nợ đến hạn, nghĩa vụ tài chính khác của người vắng mặt.
3. Được thanh toán các chi phí cần thiết trong việc quản lý tài sản của người vắng mặt.

**Phân tích & Hướng dẫn:**
Theo quy định tại Điều 67 của Bộ Luật Dân sự 2015, người quản lý tài sản của người vắng mặt tại nơi cư trú có quyền được thanh toán các chi phí cần thiết trong việc quản lý tài sản đó. Điều này thể hiện rõ trong điểm 3 của điều luật trên, cụ thể: ""Được thanh toán các chi phí cần thiết trong việc quản lý tài sản của người vắng mặt"".

Vì vậy, bạn có quyền được thanh toán các chi phí cần thiết trong việc quản lý tài sản của người vắng mặt, tuân thủ theo quy định của pháp luật. Bạn nên lưu ý rằng việc thanh toán các chi phí này cần đảm bảo tuân thủ các quy định về quản lý tài sản và tuân thủ các nghĩa vụ tài chính khác của người vắng mặt theo quyết định của Tòa án, nếu có."
syn_827_1768633668,"Gia đình tôi có một ngôi nhà, nhưng tôi không có di chúc. Vậy tài sản của tôi sẽ được chia như thế nào giữa vợ và các con?",Điều 610 - Bộ luật Dân sự 2015,False,0.3333333333333333,0.30606860158311344,"**CĂN CỨ PHÁP LUẬT THAM KHẢO:**

- **Bộ luật Dân sự 2015** - Điều 622: ""Trường hợp không có người thừa kế theo di chúc, theo pháp luật hoặc có nhưng không được quyền hưởng di sản, từ chối nhận di sản thì tài sản còn lại sau khi đã thực hiện nghĩa vụ về tài sản mà không có người nhận thừa kế thuộc về Nhà nước.""

- **Bộ luật Dân sự 2015** - Điều 642: ""Kể từ thời điểm mở thừa kế, nếu bản di chúc bị thất lạc hoặc bị hư hại đến mức không thể hiện được đầy đủ ý chí của người lập di chúc và cũng không có bằng chứng nào chứng minh được ý nguyện đích thực của người lập di chúc thì coi như không có di chúc và áp dụng các quy định về thừa kế theo pháp luật.""

- **Luật Hôn nhân và Gia đình 2014** - Điều 66: ""Khi một bên vợ, chồng chết hoặc bị Tòa án tuyên bố là đã chết thì bên còn sống quản lý tài sản chung của vợ chồng, trừ trường hợp trong di chúc có chỉ định người khác quản lý di sản hoặc những người thừa kế thỏa thuận cử người khác quản lý di sản.""

**PHÂN TÍCH VÀ HƯỚNG DẪN:**

Trong trường hợp gia đình bạn không có di chúc, theo Điều 642 của Bộ luật Dân sự 2015, kể từ thời điểm mở thừa kế, nếu bản di chúc bị thất lạc hoặc hư hại đến mức không thể hiện được đầy đủ ý chí của người lập di chúc và không có bằng chứng nào chứng minh được ý nguyện đích thực của người lập di chúc thì coi như không có di chúc. Theo đó, theo Điều 622 của cùng văn bản luật, tài sản còn lại sau khi đã thực hiện nghĩa vụ về tài sản mà không có người nhận thừa kế thuộc về Nhà nước.

Đồng thời, theo Điều 66 của Luật Hôn nhân và Gia đình 2014, khi một bên vợ, chồng chết hoặc bị Tòa án tuyên bố là đã chết, bên còn sống quản lý tài sản chung của vợ chồng. 

Do đó, tài sản của bạn"
syn_445_1768631164,Tôi phát hiện một mảnh đất không có ai đứng tên chủ sở hữu trong khoảng thời gian 6 năm qua. Tôi cần làm gì để có thể sở hữu mảnh đất này?,Điều 228 - Bộ luật Dân sự 2015,True,0.0,0.8451178451178452,"**CĂN CỨ PHÁP LUẬT THAM KHẢO:**
---
--- [Tài liệu 1] ---
Văn bản: Bộ luật Dân sự 2015
Nội dung: Điều 228. Xác lập quyền sở hữu đối với tài sản vô chủ, tài sản không xác định được chủ sở hữu 1. Tài sản vô chủ là tài sản mà chủ sở hữu đã từ bỏ quyền sở hữu đối với tài sản đó. Người đã phát hiện, người đang quản lý tài sản vô chủ là động sản thì có quyền sở hữu tài sản đó, trừ trường hợp luật có quy định khác; nếu tài sản là bất động sản thì thuộc về Nhà nước. 2. Người phát hiện tài sản không xác định được ai là chủ sở hữu phải thông báo hoặc giao nộp cho Ủy ban nhân dân cấp xã hoặc công an cấp xã nơi gần nhất để thông báo công khai cho chủ sở hữu biết mà nhận lại. Việc giao nộp phải được lập biên bản, trong đó ghi rõ họ, tên, địa chỉ của người giao nộp, người nhận, tình trạng, số lượng, khối lượng tài sản giao nộp. Ủy ban nhân dân cấp xã hoặc công an cấp xã đã nhận tài sản phải thông báo cho người phát hiện về kết quả xác định chủ sở hữu. Sau 01 năm, kể từ ngày thông báo công khai mà không xác định được ai là chủ sở hữu tài sản là động sản thì quyền sở hữu đối với động sản đó thuộc về người phát hiện tài sản. Sau 05 năm, kể từ ngày thông báo công khai mà không xác định được ai là chủ sở hữu tài sản là bất động sản thì bất động sản đó thuộc về Nhà nước; người phát hiện được hưởng một khoản tiền thưởng theo quy định của pháp luật.

--- [Tài liệu 2] ---
Văn bản: Bộ luật Dân sự 2015
Nội dung: Điều 229. Xác lập quyền sở hữu đối với tài sản bị chôn, giấu, bị vùi lấp, chìm đắm được tìm thấy 1. Người phát hiện tài sản bị chôn, giấu, bị vùi lấp, chìm đắm phải thông báo hoặc trả lại ngay cho chủ sở hữu; nếu không biết ai là chủ sở hữu thì phải thông báo hoặc giao nộp cho Ủy ban nhân dân cấp xã hoặc công an cấp"
syn_1385_1768641033_2,Công ty tôi đang gặp rắc rối với một đối tác kinh doanh đã đe dọa sẽ giết tôi và các nhân viên khác nếu chúng tôi không thực hiện một giao dịch mà họ yêu cầu. Tôi nên làm gì để bảo vệ bản thân và đồng nghiệp trong tình huống này?,Điều 133 - Bộ luật Hình sự (Văn bản hợp nhất 2017),True,0.0,0.6573751451800232,"**CĂN CỨ PHÁP LUẬT THAM KHẢO:**

1. **Bộ luật Hình sự 2017 (Điều 133):**
   Văn bản: Bộ luật Hình sự (Văn bản hợp nhất 2017)
   Nội dung: Điều 133. Tội đe dọa giết người
   - 1. Người nào đe doạ giết người, nếu có căn cứ làm cho người bị đe dọa lo sợ rằng việc đe dọa này sẽ được thực hiện, thì bị phạt cải tạo không giam giữ đến 03 năm hoặc phạt tù từ 06 tháng đến 03 năm.
   - 2. Phạm tội thuộc một trong các trường hợp sau đây, thì bị phạt tù từ 02 năm đến 07 năm: a) Đối với 02 người trở lên; b) Lợi dụng chức vụ, quyền hạn; c) Đối với người đang thi hành công vụ hoặc vì lý do công vụ của nạn nhân; d) Đối với người dưới 16 tuổi; đ) Để che giấu hoặc trốn tránh việc bị xử lý về một tội phạm khác.

2. **Luật Dân sự 2015 (Điều 127):**
   Văn bản: Luật Dân sự 2015
   Nội dung: Điều 127. Giao dịch dân sự vô hiệu do bị lừa dối, đe dọa, cưỡng ép
   - Khi một bên tham gia giao dịch dân sự do bị lừa dối hoặc bị đe dọa, cưỡng ép thì có quyền yêu cầu Tòa án tuyên bố giao dịch dân sự đó là vô hiệu.

3. **Luật Doanh nghiệp 2020 (Điều 67):**
   Văn bản: Luật Doanh nghiệp 2020
   Nội dung: Điều 67. Hợp đồng, giao dịch phải được Hội đồng thành viên chấp thuận
   - 1. Hợp đồng, giao dịch giữa công ty với đối tượng sau đây phải được Hội đồng thành viên chấp thuận: a) Thành viên, người đại diện theo ủy quyền của thành viên, Giám đốc hoặc Tổng giám đốc, người đại diện theo pháp luật của công ty; b) Người có liên quan của"
syn_573_1768632025,Tôi đã không nhận được hàng hóa mà tôi đã trả tiền trước. Tôi có thể yêu cầu bồi thường thiệt hại không?,Điều 356 - Bộ luật Dân sự 2015,False,0.0,0.4054621848739495,"**CĂN CỨ PHÁP LUẬT THAM KHẢO:**
--- [Tài liệu 1] ---
Văn bản: Bộ luật Dân sự 2015
Nội dung: Điều 438. Trách nhiệm do giao vật không đồng bộ 1. Trường hợp vật được giao không đồng bộ làm cho mục đích sử dụng của vật không đạt được thì bên mua có một trong các quyền sau đây: a) Nhận và yêu cầu bên bán giao tiếp phần hoặc bộ phận còn thiếu, yêu cầu bồi thường thiệt hại và hoãn thanh toán phần hoặc bộ phận đã nhận cho đến khi vật được giao đồng bộ; b) Hủy bỏ hợp đồng và yêu cầu bồi thường thiệt hại. 2. Trường hợp bên mua đã trả tiền nhưng chưa nhận vật do giao không đồng bộ thì được trả lãi đối với số tiền đã trả theo lãi suất thỏa thuận giữa các bên nhưng không được vượt quá mức lãi suất được quy định tại khoản 1 Điều 468 của Bộ luật này; nếu không có thỏa thuận thì thực hiện theo quy định tại khoản 2 Điều 468 của Bộ luật này và yêu cầu bên bán bồi thường thiệt hại do giao vật không đồng bộ, kể từ thời điểm phải thực hiện hợp đồng cho đến khi vật được giao đồng bộ.

--- [Tài liệu 2] ---
Văn bản: Bộ luật Dân sự 2015
Nội dung: Điều 419. Thiệt hại được bồi thường do vi phạm hợp đồng 1. Thiệt hại được bồi thường do vi phạm nghĩa vụ theo hợp đồng được xác định theo quy định tại khoản 2 Điều này, Điều 13 và Điều 360 của Bộ luật này. 2. Người có quyền có thể yêu cầu bồi thường thiệt hại cho lợi ích mà lẽ ra mình sẽ được hưởng do hợp đồng mang lại. Người có quyền còn có thể yêu cầu người có nghĩa vụ chi trả chi phí phát sinh do không hoàn thành nghĩa vụ hợp đồng mà không trùng lặp với mức bồi thường thiệt hại cho lợi ích mà hợp đồng mang lại. 3. Theo yêu cầu của người có quyền, Tòa án có thể buộc người có nghĩa vụ bồi thường thiệt hại về tinh thần cho người có quyền. Mức bồi thường do Tòa án quyết định căn cứ vào nội dung vụ"
syn_1125_1768639221_0,Công ty tôi vừa ký kết một thỏa ước lao động tập thể với các điều khoản có lợi cho nhân viên nhưng không rõ một số điều khoản có vi phạm pháp luật hay không. Tôi có thể làm gì để đảm bảo thỏa ước này không bị tuyên bố vô hiệu?,Điều 86 - Bộ luật Lao động 2019,True,1.0,0.44727694090382386,"**Căn cứ pháp lý:**
Bộ Luật Lao động 2019 - [Tài liệu 1 & Tài liệu 2]

**Nội dung quy định:**
Theo Điều 86 của Bộ Luật Lao động 2019, thỏa ước lao động tập thể vô hiệu từng phần khi một hoặc một số nội dung trong thỏa ước lao động tập thể vi phạm pháp luật. Theo Điều 88, khi thỏa ước lao động tập thể bị tuyên bố vô hiệu, quyền, nghĩa vụ và lợi ích của các bên ghi trong thỏa ước lao động tập thể tương ứng với toàn bộ hoặc phần bị tuyên bố vô hiệu được giải quyết theo quy định của pháp luật và các thỏa thuận hợp pháp trong hợp đồng lao động.

**Phân tích & Hướng dẫn:**
Để đảm bảo rằng thỏa ước lao động tập thể của công ty bạn không bị tuyên bố vô hiệu, cần lưu ý các điểm sau:

1. **Tuân thủ Pháp Luật:** Tất cả các nội dung trong thỏa ước lao động tập thể phải tuân thủ đầy đủ các quy định của pháp luật lao động, bao gồm cả Bộ Luật Lao động 2019 và các văn bản pháp luật liên quan khác.

2. **Thẩm Quyền:** Việc ký kết thỏa ước lao động tập thể phải thực hiện trong thẩm quyền của các bên tham gia thương lượng. Nếu có bất kỳ sự xâm phạm nào đến thẩm quyền ký kết, thỏa ước lao động tập thể sẽ bị vô hiệu toàn bộ theo Điều 86, Mục 2, Phần 3 của Bộ Luật Lao động 2019.

3. **Quy Trình Thương Lượng:** Thỏa ước lao động tập thể phải được thương lượng và ký kết theo đúng quy trình. Nếu không tuân thủ quy trình thương lượng, thỏa ước lao động tập thể cũng sẽ bị vô hiệu toàn bộ theo Điều 86, Mục 2, Phần 3 của Bộ Luật Lao động 2019.

4. **Không Vi Phạm Pháp Luật:** Tất cả các nội dung trong thỏa ước lao động tập thể phải đảm bảo không vi phạm pháp luật. Nếu có bất kỳ nội dung nào vi phạm pháp luật, thỏa ước lao động tập thể sẽ bị vô hiệu từng phần theo Điều 8"
syn_1497_1768641933_0,Công ty tôi vừa bị phát hiện đã gây thiệt hại đến hệ sinh thái trong khu bảo tồn thiên nhiên với diện tích khoảng 450 mét vuông. Chúng tôi có thể phải đối mặt với những hình phạt nào?,Điều 245 - Bộ luật Hình sự (Văn bản hợp nhất 2017),True,0.6666666666666666,0.7088989441930619,"**Căn cứ pháp lý:**
- Điều 245. Tội vi phạm về quản lý khu bảo tồn thiên nhiên - Bộ Luật Hình sự (Văn bản hợp nhất 2017)

**Nội dung quy định:**
1. Người nào vi phạm quy định về quản lý khu bảo tồn thiên nhiên thuộc một trong các trường hợp sau đây, thì bị phạt tiền từ 50.000.000 đồng đến 300.000.000 đồng, phạt cải tạo không giam giữ đến 03 năm hoặc phạt tù từ 06 tháng đến 03 năm:
   - a) Gây thiệt hại về tài sản từ 50.000.000 đồng đến dưới 200.000.000 đồng;
   - b) Gây thiệt hại đến cảnh quan, hệ sinh thái tự nhiên trong phân khu bảo vệ nghiêm ngặt của khu bảo tồn thiên nhiên có tổng diện tích từ 300 mét vuông (m2) đến dưới 500 mét vuông (m2);
   - c) Đã bị xử phạt vi phạm hành chính về một trong những hành vi này mà còn vi phạm hoặc đã bị kết án về tội này, chưa được xóa án tích mà còn vi phạm.

2. Phạm tội thuộc một trong các trường hợp sau đây, thì bị phạt tù từ 03 năm đến 07 năm:
   - a) Gây thiệt hại về tài sản 200.000.000 đồng trở lên;
   - b) Gây thiệt hại đến cảnh quan, hệ sinh thái tự nhiên trong phân khu bảo vệ nghiêm ngặt của khu bảo tồn thiên nhiên có tổng diện tích 500 mét vuông (m2) trở lên;
   - c) Có tổ chức;
   - d) Sử dụng công cụ, phương tiện, biện pháp bị cấm;
   - đ) Tái phạm nguy hiểm.

3. Người phạm tội còn có thể bị phạt tiền từ 10.000.000 đồng đến 100.000.000 đồng, cấm đảm nhiệm chức vụ, cấm hành nghề hoặc làm công việc nhất định từ 01 năm đến 05 năm.
   
4. Pháp nhân thương mại phạm tội quy định tại Điều này, thì bị phạt như sau:
   -"
syn_852_1768633815,Nếu tôi lập di chúc nhưng không công chứng thì di chúc đó có giá trị pháp lý không?,Điều 635 - Bộ luật Dân sự 2015,False,1.0,0.31999999999999995,"**Căn cứ pháp lý:**
- [Tài liệu 1] - Văn bản: Bộ luật Dân sự 2015
- [Tài liệu 2] - Văn bản: Bộ luật Dân sự 2015
- [Tài liệu 3] - Văn bản: Bộ luật Dân sự 2015

**Nội dung quy định:**
Theo Điều 637 của Bộ Luật Dân sự 2015, công chứng viên và người có thẩm quyền của Ủy ban nhân dân cấp xã không được công chứng, chứng thực đối với di chúc nếu thuộc một trong các trường hợp sau đây: 1. Người thừa kế theo di chúc hoặc theo pháp luật của người lập di chúc. 2. Người có cha, mẹ, vợ hoặc chồng, con là người thừa kế theo di chúc hoặc theo pháp luật. 3. Người có quyền, nghĩa vụ về tài sản liên quan tới nội dung di chúc.

**Phân tích & Hướng dẫn:**
Điều này có nghĩa là nếu bạn là người lập di chúc và bạn là người thừa kế theo di chúc hoặc bạn có cha, mẹ, vợ hoặc chồng, con là người thừa kế theo di chúc, thì công chứng viên hoặc người có thẩm quyền của Ủy ban nhân dân cấp xã sẽ không được phép công chứng hoặc chứng thực cho di chúc của bạn. Tuy nhiên, điều này không có nghĩa rằng di chúc của bạn sẽ mất hiệu lực hoàn toàn.

Theo Điều 630 của Bộ Luật Dân sự 2015, di chúc bằng văn bản không có công chứng, chứng thực chỉ được coi là hợp pháp nếu có đủ các điều kiện được quy định tại khoản 1 Điều này. Theo Điều 630.1, di chúc hợp pháp phải có đủ các điều kiện sau đây: a) Người lập di chúc minh mẫn, sáng suốt trong khi lập di chúc; không bị lừa dối, đe doạ, cưỡng ép; b) Nội dung của di chúc không vi phạm điều cấm của luật, không trái đạo đức xã hội; hình thức di chúc không trái quy định của luật.

Như vậy, nếu bạn là người lập di chúc, và di chúc của bạn tuân thủ đầy đủ các điều kiện quy định tại Điều 630"
syn_33_1768627987,Gia đình tôi dự định thành lập một công ty và muốn góp vốn bằng quyền sở hữu trí tuệ mà tôi đang sở hữu. Liệu điều này có hợp pháp không?,Điều 34 - Luật Doanh nghiệp 2020,True,0.3333333333333333,0.5433255269320844,"**CĂN CỨ PHÁP LUẬT THAM KHẢO:**

--- [Tài liệu 1] ---
Văn bản: Luật Doanh nghiệp 2020
Nội dung: Điều 34. Tài sản góp vốn 1. Tài sản góp vốn là Đồng Việt Nam, ngoại tệ tự do chuyển đổi, vàng, quyền sử dụng đất, quyền sở hữu trí tuệ, công nghệ, bí quyết kỹ thuật, tài sản khác có thể định giá được bằng Đồng Việt Nam. 2. Chỉ cá nhân, tổ chức là chủ sở hữu hợp pháp hoặc có quyền sử dụng hợp pháp đối với tài sản quy định tại khoản 1 Điều này mới có quyền sử dụng tài sản đó để góp vốn theo quy định của pháp luật.

--- [Tài liệu 2] ---
Văn bản: Bộ luật Dân sự 2015
Nội dung: Điều 679. Quyền sở hữu trí tuệ Quyền sở hữu trí tuệ được xác định theo pháp luật của nước nơi đối tượng quyền sở hữu trí tuệ được yêu cầu bảo hộ.

---

**PHÂN TÍCH VÀ HƯỚNG DẪN:**

Theo Điều 34 của Luật Doanh nghiệp 2020, quyền sở hữu trí tuệ được coi là một loại tài sản góp vốn. Tuy nhiên, cần lưu ý rằng chỉ những cá nhân, tổ chức là chủ sở hữu hợp pháp hoặc có quyền sử dụng hợp pháp đối với quyền sở hữu trí tuệ mới có quyền sử dụng tài sản đó để góp vốn.

Dựa vào Điều 679 của Bộ luật Dân sự 2015, quyền sở hữu trí tuệ được xác định theo pháp luật của nước nơi đối tượng quyền sở hữu trí tuệ được yêu cầu bảo hộ. Điều này có nghĩa là nếu bạn đang sở hữu quyền sở hữu trí tuệ ở Việt Nam, thì quyền sở hữu trí tuệ đó có thể được góp vốn trong công ty của bạn.

Tuy nhiên, trước khi quyết định góp vốn bằng quyền sở hữu trí tuệ, gia đình bạn cần đảm bảo rằng bạn là chủ sở hữu hợp pháp của quyền sở hữu trí tuệ đó. Nếu bạn chưa chắc chắn về điều này, nên tìm kiếm sự tư vấn pháp lý để đảm bảo rằng bạn có đủ quyền để góp vốn bằng quyền sở hữu trí tuệ.

Ngoài ra, cũng nên kiểm tra x"
syn_120_1768628644,Tôi có một cổ phiếu của công ty XYZ nhưng bị mất. Tôi cần làm gì để được cấp lại cổ phiếu?,Điều 121 - Luật Doanh nghiệp 2020,True,1.0,0.8026755852842808,"**Căn cứ pháp lý:**
---
**Nội dung quy định:**
---
**Điều 121 (1) điều lệ Luật Doanh nghiệp 2020** quy định rằng: ""Cổ phiếu là chứng chỉ do công ty cổ phần phát hành, bút toán ghi sổ hoặc dữ liệu điện tử xác nhận quyền sở hữu một hoặc một số cổ phần của công ty đó. Cổ phiếu phải bao gồm các nội dung chủ yếu sau đây: a) Tên, mã số doanh nghiệp, địa chỉ trụ sở chính của công ty; b) Số lượng cổ phần và loại cổ phần; c) Mệnh giá mỗi cổ phần và tổng mệnh giá số cổ phần ghi trên cổ phiếu; d) Họ, tên, địa chỉ liên lạc, quốc tịch, số giấy tờ pháp lý của cá nhân đối với cổ đông là cá nhân; tên, mã số doanh nghiệp hoặc số giấy tờ pháp lý của tổ chức, địa chỉ trụ sở chính đối với cổ đông là tổ chức; đ) Chữ ký của người đại diện theo pháp luật của công ty; e) Số đăng ký tại sổ đăng ký cổ đông của công ty và ngày phát hành cổ phiếu; g) Nội dung khác theo quy định tại các điều 116, 117 và 118 của Luật này đối với cổ phiếu của cổ phần ưu đãi.""

**Điều 121 (3) điều lệ Luật Doanh nghiệp 2020** quy định rằng: ""Trường hợp cổ phiếu bị mất, bị hư hỏng hoặc bị hủy hoại dưới hình thức khác thì cổ đông được công ty cấp lại cổ phiếu theo đề nghị của cổ đông đó. Đề nghị của cổ đông phải bao gồm các nội dung sau đây: a) Thông tin về cổ phiếu đã bị mất, bị hư hỏng hoặc bị hủy hoại dưới hình thức khác; b) Cam kết chịu trách nhiệm về những tranh chấp phát sinh từ việc cấp lại cổ phiếu mới.""

---

**Phân tích & Hướng dẫn:**

Theo quy định của Điều 121 (3), bạn cần thực hiện các bước sau để được cấp lại cổ phiếu bị mất:

1. **Tiếp cận Công ty XYZ**: Bạn nên đến trực tiếp trụ sở công ty hoặc liên hệ qua đường dây nóng hoặc email của công ty để trình bày yêu cầu cấp lại cổ phiếu bị mất.

2. **Cung cấp thông tin cần thiết"
syn_490_1768631477,"Tôi đang sử dụng một mảnh đất với quyền bề mặt đã hết hạn, tôi có cần phải trả lại mặt đất ngay lập tức không?",Điều 273 - Bộ luật Dân sự 2015,True,1.0,0.6935779816513762,"**Căn cứ pháp lý:**
Điều 273. Xử lý tài sản khi quyền bề mặt chấm dứt - Bộ luật Dân sự 2015

**Nội dung quy định:**
1. Khi quyền bề mặt chấm dứt, chủ thể quyền bề mặt phải trả lại mặt đất, mặt nước, khoảng không gian trên mặt đất, mặt nước và lòng đất cho chủ thể có quyền sử dụng đất theo thỏa thuận hoặc theo quy định của pháp luật.
2. Chủ thể quyền bề mặt phải xử lý tài sản thuộc sở hữu của mình trước khi quyền bề mặt chấm dứt, trừ trường hợp có thỏa thuận khác. Trường hợp chủ thể quyền bề mặt không xử lý tài sản trước khi quyền bề mặt chấm dứt thì quyền sở hữu tài sản đó thuộc về chủ thể có quyền sử dụng đất kể từ thời điểm quyền bề mặt chấm dứt, trừ trường hợp chủ thể có quyền sử dụng đất không nhận tài sản đó. Trường hợp chủ thể có quyền sử dụng đất không nhận tài sản mà phải xử lý tài sản thì chủ thể có quyền bề mặt phải thanh toán chi phí xử lý tài sản.

**Phân tích & Hướng dẫn:**
Theo quy định tại Điều 273 của Bộ luật Dân sự 2015, khi quyền bề mặt chấm dứt, chủ thể quyền bề mặt có nghĩa vụ phải trả lại mặt đất, mặt nước, khoảng không gian trên mặt đất, mặt nước và lòng đất cho chủ thể có quyền sử dụng đất. Tuy nhiên, quy định cũng nêu rõ rằng chủ thể quyền bề mặt có thể được phép xử lý tài sản trước khi quyền bề mặt chấm dứt, trừ trường hợp có thỏa thuận khác.

Trong trường hợp bạn đang sử dụng một mảnh đất với quyền bề mặt đã hết hạn, bạn không cần phải trả lại mặt đất ngay lập tức. Thay vào đó, bạn nên thực hiện việc xử lý tài sản thuộc sở hữu của mình trước khi quyền bề mặt chấm dứt. Nếu không có thỏa thuận khác, bạn sẽ phải thanh toán chi phí xử lý tài sản cho chủ thể có quyền sử dụng đất. 

Việc xử lý tài sản trước khi quyền bề mặt chấm dứt giúp đảm bảo rằng bạn không vi phạm nghĩa vụ pháp lý và tránh rủi ro pháp lý không mong muốn. Bạn nên liên hệ với chủ thể có quyền sử dụng đất để thảo luận"
syn_855_1768633834,Tôi là quân nhân đang phục vụ tại ngũ và không thể yêu cầu công chứng di chúc của mình. Tôi cần biết liệu di chúc của tôi có được công nhận không nếu có xác nhận của thủ trưởng đơn vị?,Điều 638 - Bộ luật Dân sự 2015,True,1.0,0.5,"**Căn cứ pháp lý:**
--- [Tài liệu 1] ---
Văn bản: Bộ luật Dân sự 2015
Nội dung: Điều 638. Di chúc bằng văn bản có giá trị như di chúc được công chứng hoặc chứng thực

**Nội dung quy định:**
1. Di chúc của quân nhân tại ngũ có xác nhận của thủ trưởng đơn vị từ cấp đại đội trở lên, nếu quân nhân không thể yêu cầu công chứng hoặc chứng thực.

**Phân tích & Hướng dẫn:**
Theo Điều 638 của Bộ Luật Dân sự 2015, nếu bạn là quân nhân tại ngũ và không thể yêu cầu công chứng di chúc của mình, thì di chúc của bạn sẽ có giá trị như đã được công chứng hoặc chứng thực nếu có xác nhận của thủ trưởng đơn vị từ cấp đại đội trở lên. 

Trong trường hợp này, vì thủ trưởng đơn vị của bạn đã xác nhận di chúc của bạn, di chúc của bạn sẽ được coi là hợp pháp và có hiệu lực pháp lý tương tự như đã được công chứng hoặc chứng thực. Bạn nên lưu ý giữ gìn và ghi rõ thông tin về xác nhận này trong di chúc của mình để tránh mọi hiểu lầm trong quá trình thực thi di chúc."
syn_102_1768628509,"Tôi đang xem xét bổ nhiệm một Kiểm soát viên cho công ty của mình, nhưng người đó có 4 năm kinh nghiệm làm việc. Liệu tôi có thể bổ nhiệm người đó không?",Điều 103 - Luật Doanh nghiệp 2020,True,1.0,0.38584667228306657,"**Căn cứ pháp lý:**
- Điều 103, Điều 168, Điều 169 Luật Doanh nghiệp 2020

**Nội dung quy định:**
- Theo Điều 103 của Luật Doanh nghiệp 2020, Trưởng Ban kiểm soát và Kiểm soát viên phải có ít nhất 03 năm kinh nghiệm làm việc. Đối với Trưởng Ban kiểm soát, yêu cầu này nâng lên thành ít nhất 05 năm kinh nghiệm.
- Điều 168 của Luật Doanh nghiệp 2020 cũng quy định về tiêu chuẩn và điều kiện đối với Trưởng Ban kiểm soát, trong đó có yêu cầu về kinh nghiệm làm việc.

**Phân tích & Hướng dẫn:**
Đối với trường hợp của bạn, người được đề xuất bổ nhiệm có 4 năm kinh nghiệm làm việc. Theo quy định của Điều 103, Trưởng Ban kiểm soát cần ít nhất 05 năm kinh nghiệm, trong khi Điều 168 chỉ yêu cầu ít nhất 03 năm kinh nghiệm. Tuy nhiên, điều này không hoàn toàn ngăn chặn bạn từ việc bổ nhiệm người này, nhưng cần lưu ý rằng nếu bạn bổ nhiệm người này làm Trưởng Ban kiểm soát, họ sẽ không đạt đủ tiêu chuẩn về kinh nghiệm theo quy định cụ thể của Điều 103.

Để đảm bảo tuân thủ đầy đủ quy định của Luật Doanh nghiệp 2020, bạn nên cân nhắc bổ nhiệm người này làm Kiểm soát viên thay vì Trưởng Ban kiểm soát. Như vậy, họ sẽ đáp ứng yêu cầu về kinh nghiệm làm việc (ít nhất 03 năm) mà không vi phạm quy định về Trưởng Ban kiểm soát.

Ngoài ra, bạn cũng cần đảm bảo rằng người này đáp ứng đầy đủ các tiêu chuẩn khác về trình độ học vấn, kinh nghiệm làm việc, đạo đức nghề nghiệp, và các tiêu chuẩn khác quy định tại Điều lệ công ty.

Bằng cách này, bạn sẽ đảm bảo rằng việc bổ nhiệm người này tuân thủ đúng quy định của pháp luật Việt Nam."
syn_291_1768630089,Tôi muốn thành lập một công ty cổ phần nhưng không biết liệu công ty của tôi có được công nhận là pháp nhân không?,Điều 74 - Bộ luật Dân sự 2015,True,1.0,0.558891454965358,"**Căn cứ pháp lý:** 
Điều 74 Bộ luật Dân sự 2015 - Văn bản: Bộ luật Dân sự 2015

**Nội dung quy định:**
Theo Điều 74 của Bộ luật Dân sự 2015, một tổ chức được công nhận là pháp nhân khi có đủ các điều kiện sau đây: a) Được thành lập theo quy định của Bộ luật này, luật khác có liên quan; b) Có cơ cấu tổ chức theo quy định tại Điều 83 của Bộ luật này; c) Có tài sản độc lập với cá nhân, pháp nhân khác và tự chịu trách nhiệm bằng tài sản của mình; d) Nhân danh mình tham gia quan hệ pháp luật một cách độc lập.

**Phân tích & Hướng dẫn:**
Theo quy định tại Điều 111 của Luật Doanh nghiệp 2020, công ty cổ phần là một loại hình doanh nghiệp mà trong đó:
- Vốn điều lệ được chia thành nhiều phần bằng nhau gọi là cổ phần;
- Cổ đông có thể là tổ chức, cá nhân; số lượng cổ đông tối thiểu là 03 và không hạn chế số lượng tối đa;
- Cổ đông chỉ chịu trách nhiệm về các khoản nợ và nghĩa vụ tài sản khác của doanh nghiệp trong phạm vi số vốn đã góp vào doanh nghiệp;
- Cổ đông có quyền tự do chuyển nhượng cổ phần của mình cho người khác, trừ trường hợp quy định tại khoản 3 Điều 120 và khoản 1 Điều 127 của Luật này.

Đồng thời, theo Điều 111 (2) của Luật Doanh nghiệp 2020, công ty cổ phần có tư cách pháp nhân kể từ ngày được cấp Giấy chứng nhận đăng ký doanh nghiệp. Điều này cũng cho thấy rằng công ty cổ phần có khả năng tự chịu trách nhiệm về các nghĩa vụ pháp lý của mình thông qua tài sản độc lập.

Xem xét căn cứ trên, công ty cổ phần của bạn sẽ được công nhận là pháp nhân nếu:
1. Đã được thành lập theo quy định của Luật Doanh nghiệp 2020.
2. Đã có cơ cấu tổ chức theo quy định tại Điều 83 của Bộ luật Dân sự 2015.
3. Có tài sản độc lập với cá nhân, pháp nhân khác"
syn_1162_1768639441_0,"Công ty tôi có một nhân viên đã vi phạm quy định của công ty về thái độ làm việc không đúng mực. Hành vi này xảy ra vào tháng 1 năm 2023, nhưng đến tháng 7 năm 2023, tôi mới biết và quyết định xử lý kỷ luật. Vậy tôi có còn thời gian để xử lý kỷ luật nhân viên này không?",Điều 123 - Bộ luật Lao động 2019,True,1.0,0.7056367432150313,"**Căn cứ pháp lý:**
--- [Tài liệu 1] ---
Văn bản: Bộ luật Lao động 2019
Nội dung: Điều 123. Thời hiệu xử lý kỷ luật lao động 1. Thời hiệu xử lý kỷ luật lao động là 06 tháng kể từ ngày xảy ra hành vi vi phạm; trường hợp hành vi vi phạm liên quan trực tiếp đến tài chính, tài sản, tiết lộ bí mật công nghệ, bí mật kinh doanh của người sử dụng lao động thì thời hiệu xử lý kỷ luật lao động là 12 tháng. 2. Khi hết thời gian quy định tại khoản 4 Điều 122 của Bộ luật này, nếu hết thời hiệu hoặc còn thời hiệu nhưng không đủ 60 ngày thì được kéo dài thời hiệu để xử lý kỷ luật lao động nhưng không quá 60 ngày kể từ ngày hết thời gian nêu trên. 3. Người sử dụng lao động phải ban hành quyết định xử lý kỷ luật lao động trong thời hạn quy định tại khoản 1 và khoản 2 Điều này.

---

**Nội dung quy định:**
Theo Điều 123 của Bộ Luật Lao động 2019, thời hiệu xử lý kỷ luật lao động là 06 tháng kể từ ngày xảy ra hành vi vi phạm. Trong trường hợp hành vi vi phạm liên quan trực tiếp đến tài chính, tài sản, tiết lộ bí mật công nghệ, bí mật kinh doanh của người sử dụng lao động, thời hiệu xử lý kỷ luật lao động là 12 tháng. 

---

**Phân tích & Hướng dẫn:**
Trong trường hợp của bạn, hành vi vi phạm của nhân viên đã xảy ra vào tháng 1 năm 2023, nhưng đến tháng 7 năm 2023 mới được phát hiện và quyết định xử lý kỷ luật. Theo Điều 123 của Bộ Luật Lao động 2019, thời hiệu xử lý kỷ luật lao động là 06 tháng kể từ ngày xảy ra hành vi vi phạm. 

Do đó, thời hạn xử lý kỷ luật tối đa sẽ tính từ ngày hành vi vi phạm xảy ra, tức là từ tháng 1 năm 2023. Tính ngược lại, thời điểm cuối cùng để xử lý kỷ luật là tháng 7 năm 202"
syn_978_1768634669,"Tôi có hai con nhỏ, nhưng tôi và vợ tôi thường xuyên cãi nhau và không có môi trường hòa thuận cho con cái. Vậy tôi cần làm gì để đảm bảo quyền lợi giáo dục của con?",Điều 72 - Luật Hôn nhân và Gia đình 2014,True,0.6666666666666666,0.4904386951631047,"**CĂN CỨ PHÁP LUẬT THAM KHẢO:**

- **[Tài liệu 1]**: Luật Hôn nhân và Gia đình 2014 - Điều 72
- **[Tài liệu 2]**: Luật Hôn nhân và Gia đình 2014 - Điều 55
- **[Tài liệu 3]**: Luật Hôn nhân và Gia đình 2014 - Điều 81

**Nội dung quy định:**

- **[Tài liệu 1]**: Điều 72 của Luật Hôn nhân và Gia đình 2014 quy định rằng cha mẹ có nghĩa vụ và quyền giáo dục con, chăm lo và tạo điều kiện cho con học tập. Cha mẹ cần tạo điều kiện cho con được sống trong môi trường gia đình đầm ấm, hòa thuận; làm gương tốt cho con về mọi mặt; phối hợp chặt chẽ với nhà trường, cơ quan, tổ chức trong việc giáo dục con.
- **[Tài liệu 2]**: Điều 55 của Luật Hôn nhân và Gia đình 2014 quy định rằng nếu vợ chồng cùng yêu cầu ly hôn và thỏa thuận về việc chia tài sản, việc trông nom, nuôi dưỡng, chăm sóc, giáo dục con trên cơ sở bảo đảm quyền lợi chính đáng của vợ và con, thì Tòa án sẽ công nhận thuận tình ly hôn.
- **[Tài liệu 3]**: Điều 81 của Luật Hôn nhân và Gia đình 2014 quy định về việc trông nom, chăm sóc, nuôi dưỡng, giáo dục con sau khi ly hôn. Sau khi ly hôn, cha mẹ vẫn có quyền, nghĩa vụ trông nom, chăm sóc, nuôi dưỡng, giáo dục con chưa thành niên, con đã thành niên mất năng lực hành vi dân sự hoặc không có khả năng lao động và không có tài sản để tự nuôi mình.

**Phân tích & Hướng dẫn:**

Để đảm bảo quyền lợi giáo dục của con bạn, cần thực hiện các bước sau:

1. **Tạo Môi Trường Hòa Thạnh:** Đầu tiên, cần cải thiện mối quan hệ giữa bạn và vợ. Điều này đòi hỏi sự kiên nhẫn và nỗ lực trong việc tìm ra giải pháp hòa giải, tránh cãi vã thường xuyên. Hãy cố gắng tạo ra một môi trường sống hòa thuận, nơi"
syn_418_1768630964,"Tôi vừa được giao một tài sản thuộc sở hữu toàn dân để quản lý, nhưng tôi không biết phải làm gì nếu có ai đó yêu cầu kiểm tra tài sản đó?",Điều 201 - Bộ luật Dân sự 2015,False,0.0,0.2920203735144312,"**CĂN CỨ PHÁP LUẬT THAM KHẢO:**
---
[Tài liệu 1] --- [Tài liệu 2] --- [Tài liệu 3]

---

**CĂN CỨ PHÁP LUẬT THAM KHẢO:**
---
[Tài liệu 1] --- [Tài liệu 2] --- [Tài liệu 3]

---

**CĂN CỨ PHÁP LUẬT THAM KHẢO:**
---
[Tài liệu 1] --- [Tài liệu 2] --- [Tài liệu 3]

---

**CĂN CỨ PHÁP LUẬT THAM KHẢO:**
---
[Tài liệu 1] --- [Tài liệu 2] --- [Tài liệu 3]

---

**CĂN CỨ PHÁP LUẬT THAM KHẢO:**
---
[Tài liệu 1] --- [Tài liệu 2] --- [Tài liệu 3]

---

**CĂN CỨ PHÁP LUẬT THAM KHẢO:**
---
[Tài liệu 1] --- [Tài liệu 2] --- [Tài liệu 3]

---

**CĂN CỨ PHÁP LUẬT THAM KHẢO:**
---
[Tài liệu 1] --- [Tài liệu 2] --- [Tài liệu 3]

---

**CĂN CỨ PHÁP LUẬT THAM KHẢO:**
---
[Tài liệu 1] --- [Tài liệu 2] --- [Tài liệu 3]

---

**CĂN CỨ PHÁP LUẬT THAM KHẢO:**
---
[Tài liệu 1] --- [Tài liệu 2] --- [Tài liệu 3]

---

**CĂN CỨ PHÁP LUẬT THAM KHẢO:**
---
[Tài liệu 1] --- [Tài liệu 2] --- [Tài liệu 3]

---

**CĂN CỨ PHÁP LUẬT THAM KHẢO:**
---
[Tài liệu 1] --- [Tài liệu 2] --- [Tài liệu 3]

---

**CĂN CỨ PHÁP LUẬT THAM KHẢO:**
---
[Tài liệu 1] --- [Tài liệu 2] --- [Tài liệu"
syn_302_1768630160,Tôi đang muốn thành lập một công ty và không biết ai có thể là người đại diện theo pháp luật cho công ty của tôi?,Điều 85 - Bộ luật Dân sự 2015,False,1.0,0.2828282828282828,"**Căn cứ pháp lý:**
Điều 137, Điều 54 và Điều 12, Luật Doanh nghiệp 2020 - Văn bản: Luật Doanh nghiệp 2020

**Nội dung quy định:**
1. Theo Điều 137, công ty cổ phần có quyền lựa chọn tổ chức quản lý và hoạt động theo một trong hai mô hình sau đây:
   - Mô hình 1: Đại hội đồng cổ đông, Hội đồng quản trị, Ban kiểm soát và Giám đốc hoặc Tổng giám đốc.
   - Mô hình 2: Đại hội đồng cổ đông, Hội đồng quản trị và Giám đốc hoặc Tổng giám đốc. 
   Trường hợp công ty cổ phần có dưới 11 cổ đông và các cổ đông là tổ chức sở hữu dưới 50% tổng số cổ phần của công ty thì không bắt buộc phải có Ban kiểm soát.
   
2. Theo Điều 54, công ty trách nhiệm hữu hạn hai thành viên trở lên có Hội đồng thành viên, Chủ tịch Hội đồng thành viên, Giám đốc hoặc Tổng giám đốc. Các công ty trách nhiệm hữu hạn hai thành viên trở lên doanh nghiệp nhà nước hoặc công ty con của doanh nghiệp nhà nước phải thành lập Ban kiểm soát; các trường hợp khác do công ty quyết định.
   
3. Theo Điều 12, người đại diện theo pháp luật của doanh nghiệp là cá nhân đại diện cho doanh nghiệp thực hiện các quyền và nghĩa vụ phát sinh từ giao dịch của doanh nghiệp, đại diện cho doanh nghiệp với tư cách người yêu cầu giải quyết việc dân sự, nguyên đơn, bị đơn, người có quyền lợi, nghĩa vụ liên quan trước Trọng tài, Tòa án và các quyền, nghĩa vụ khác theo quy định của pháp luật. 

**Phân tích & Hướng dẫn:**
Bước 1: Chọn mô hình tổ chức quản lý công ty.
- Bạn có thể lựa chọn mô hình 1 (Đại hội đồng cổ đông, Hội đồng quản trị, Ban kiểm soát và Giám đốc hoặc Tổng giám đốc) hoặc mô hình 2 (Đại hội đồng cổ đông, Hội đồng quản trị và Giám đốc hoặc Tổng giám đốc).
- Nếu công ty của bạn có dưới 11 cổ đông và các cổ đông là tổ chức sở hữu dưới 50% tổng số cổ phần của công ty, bạn có thể không cần thiết lập Ban kiểm soát.

B"
syn_1524_1768642149_1,"Vợ tôi là một người điều khiển phương tiện giao thông đường thủy nhưng không có giấy phép, trong khi đang điều khiển thì gây ra tai nạn khiến 2 người bị thương tích nặng. Tôi muốn biết mức phạt nào có thể áp dụng cho vợ tôi?",Điều 272 - Bộ luật Hình sự (Văn bản hợp nhất 2017),False,1.0,0.40976236351958895,"**Căn cứ pháp lý:** 
- Điều 275. Tội điều động người không đủ điều kiện điều khiển phương tiện giao thông đường thủy [281] - Bộ luật Hình sự (Văn bản hợp nhất 2017)

**Nội dung quy định:**  
Người nào điều động người không có bằng, giấy chứng nhận khả năng chuyên môn, chứng chỉ chuyên môn theo quy định hoặc người đang trong tình trạng có sử dụng rượu, bia mà trong máu hoặc hơi thở có nồng độ cồn vượt quá mức quy định, có sử dụng chất ma túy, chất kích thích mạnh khác hoặc không đủ các điều kiện khác theo quy định của pháp luật điều khiển phương tiện giao thông đường thủy gây thiệt hại cho người khác thuộc một trong các trường hợp sau đây hoặc đã bị xử lý kỷ luật, xử phạt vi phạm hành chính về hành vi này hoặc đã bị kết án về tội này, chưa được xóa án tích mà còn vi phạm, thì bị phạt tiền từ 30.000.000 đồng đến 100.000.000 đồng, phạt cải tạo không giam giữ đến 03 năm hoặc phạt tù từ 01 năm đến 05 năm.

**Phân tích & Hướng dẫn:**
Trong trường hợp của bạn, vợ bạn đã điều khiển phương tiện giao thông đường thủy mà không có giấy phép và đã gây ra tai nạn khiến 2 người bị thương tích nặng. Theo Điều 275 của Bộ Luật Hình sự, đây là hành vi phạm tội vì:

- Vợ bạn không có bằng, giấy chứng nhận khả năng chuyên môn theo quy định.
- Vợ bạn đang trong tình trạng sử dụng rượu, bia mà trong máu hoặc hơi thở có nồng độ cồn vượt quá mức quy định.

Điều 275 quy định rằng hành vi này sẽ bị phạt tiền từ 30.000.000 đồng đến 100.000.000 đồng, phạt cải tạo không giam giữ đến 03 năm hoặc phạt tù từ 01 năm đến 05 năm. 

Tuy nhiên, mức phạt cụ thể cần được xác định dựa trên các yếu tố như mức độ nghiêm trọng của hậu quả gây ra, lịch sử phạm tội nếu có, và tình tiết aggravating hoặc mitigating khác. 

Vì vậy, mức phạt mà"
syn_612_1768632289,"Tôi là người đại diện cho một công ty và đã ký kết hợp đồng với một cá nhân. Tuy nhiên, sau khi ký xong, tôi biết rằng cá nhân này đã mất năng lực hành vi dân sự. Vậy hợp đồng đó có bị vô hiệu không?",Điều 395 - Bộ luật Dân sự 2015,False,1.0,0.5499383477188656,"**Căn cứ pháp lý:**
- [Tài liệu 1] - Bộ luật Dân sự 2015 - Điều 396

**Nội dung quy định:**
Trường hợp bên được đề nghị giao kết hợp đồng chết, mất năng lực hành vi dân sự hoặc có khó khăn trong nhận thức, làm chủ hành vi; nếu bên được đề nghị đã chấp nhận giao kết hợp đồng nhưng sau đó chết, mất năng lực hành vi dân sự hoặc có khó khăn trong nhận thức, làm chủ hành vi thì việc trả lời chấp nhận giao kết hợp đồng vẫn có giá trị, trừ trường hợp nội dung giao kết gắn liền với nhân thân bên được đề nghị.

**Phân tích & Hướng dẫn:**
Theo quy định tại Điều 396 của Bộ Luật Dân sự 2015, trong trường hợp bạn là bên được đề nghị và đã chấp nhận giao kết hợp đồng, nhưng sau đó người đó (cá nhân bị đại diện) mất năng lực hành vi dân sự, việc chấp nhận giao kết hợp đồng vẫn có giá trị. Điều này nghĩa là hợp đồng của bạn với cá nhân đó không bị vô hiệu vì lý do người đại diện đã mất năng lực hành vi dân sự.

Tuy nhiên, cần lưu ý rằng, nếu nội dung hợp đồng liên quan đến nhân thân cá nhân của người đại diện bị đại diện (trong trường hợp này là cá nhân đó), thì việc giao kết hợp đồng vẫn có thể bị vô hiệu. Tuy nhiên, trong trường hợp bạn đưa ra, không có thông tin cụ thể về nội dung hợp đồng có liên quan đến nhân thân cá nhân của người đại diện bị đại diện. Do đó, dựa trên thông tin có sẵn, hợp đồng của bạn không bị vô hiệu. 

Tuy nhiên, bạn nên cân nhắc việc thông báo sự thay đổi năng lực hành vi dân sự của người đại diện bị đại diện cho bên kia và xem xét việc có cần sửa đổi hay hủy bỏ hợp đồng nếu cần thiết."
syn_484_1768631434,"Tôi muốn xây dựng một ngôi nhà trên đất của người khác nhưng chưa có sự đồng ý của họ, điều này có vi phạm quyền bề mặt không?",Điều 267 - Bộ luật Dân sự 2015,True,0.0,0.40871021775544386,"**CĂN CỨ PHÁP LUẬT THAM KHẢO:**
--- [Tài liệu 1] ---
Văn bản: Bộ luật Dân sự 2015
Nội dung: Điều 271. Nội dung của quyền bề mặt

--- [Tài liệu 2] ---
Văn bản: Bộ luật Dân sự 2015
Nội dung: Điều 267. Quyền bề mặt

--- [Tài liệu 3] ---
Văn bản: Bộ luật Dân sự 2015
Nội dung: Điều 269. Hiệu lực của quyền bề mặt

**CÔNG VỤ CỦA NGƯỜI DÙNG:**
Người dùng muốn xây dựng một ngôi nhà trên đất của người khác, nhưng chưa có sự đồng ý của người sở hữu đất.

**CĂN CỨ PHÁP LUẬT THAM KHẢO:**
---
**CĂN CỨ PHÁP LUẬT THAM KHẢO:**
--- [Tài liệu 1] ---
Văn bản: Bộ luật Dân sự 2015
Nội dung: Điều 271. Nội dung của quyền bề mặt

---

**CĂN CỨ PHÁP LUẬT THAM KHẢO:**
--- [Tài liệu 2] ---
Văn bản: Bộ luật Dân sự 2015
Nội dung: Điều 267. Quyền bề mặt

---

**CĂN CỨ PHÁP LUẬT THAM KHẢO:**
--- [Tài liệu 3] ---
Văn bản: Bộ luật Dân sự 2015
Nội dung: Điều 269. Hiệu lực của quyền bề mặt

---

**CÔNG VỤ CỦA NGƯỜI DÙNG:**
Người dùng muốn xây dựng một ngôi nhà trên đất của người khác, nhưng chưa có sự đồng ý của người sở hữu đất.

**CÔNG VỤ CẦN PHẢI XÁC ĐỊNH:**
- Người dùng đã nắm vững quyền bề mặt theo quy định của Bộ luật Dân sự 2015?
- Có cần sự đồng ý của người sở hữu đất trước khi xây dựng ngôi nhà hay không?

**PHÂN TÍCH VÀ HƯỚNG"
syn_558_1768631924,"Tôi là một trong ba người bảo lãnh cho một khoản vay, nhưng một người trong chúng tôi đã được miễn nghĩa vụ. Vậy tôi có phải thực hiện nghĩa vụ bảo lãnh không?",Điều 341 - Bộ luật Dân sự 2015,True,1.0,0.7208619000979432,"**Căn cứ pháp lý:** 
- Điều 341. Miễn việc thực hiện nghĩa vụ bảo lãnh - Bộ Luật Dân sự 2015

**Nội dung quy định:**  
1. Trường hợp bên bảo lãnh phải thực hiện nghĩa vụ bảo lãnh mà bên nhận bảo lãnh miễn việc thực hiện nghĩa vụ cho bên bảo lãnh thì bên được bảo lãnh không phải thực hiện nghĩa vụ đối với bên nhận bảo lãnh, trừ trường hợp có thỏa thuận hoặc pháp luật có quy định khác.
2. Trường hợp chỉ một trong số nhiều người cùng bảo lãnh liên đới được miễn việc thực hiện phần nghĩa vụ bảo lãnh của mình thì những người khác vẫn phải thực hiện nghĩa vụ bảo lãnh của họ.
3. Trường hợp một trong số những người nhận bảo lãnh liên đối miễn cho bên bảo lãnh không phải thực hiện phần nghĩa vụ đối với mình thì bên bảo lãnh vẫn phải thực hiện phần nghĩa vụ còn lại đối với những người nhận bảo lãnh liên đới còn lại.

**Phân tích & Hướng dẫn:**  
Theo quy định tại Điều 341 của Bộ Luật Dân sự 2015, bạn thuộc nhóm những người bảo lãnh liên đới. Nếu một trong số bạn đã được miễn nghĩa vụ bảo lãnh, thì những người khác vẫn phải thực hiện nghĩa vụ bảo lãnh của mình, trừ trường hợp có thỏa thuận hoặc pháp luật quy định khác.

Trong trường hợp này, vì bạn là một trong ba người bảo lãnh và một trong số bạn đã được miễn nghĩa vụ, do đó bạn vẫn phải thực hiện nghĩa vụ bảo lãnh của mình. 

Tuy nhiên, bạn cần lưu ý rằng nếu có thỏa thuận giữa các bên về việc một trong số bạn sẽ không phải thực hiện nghĩa vụ, hoặc nếu pháp luật có quy định khác, thì điều này cũng có thể thay đổi trách nhiệm của bạn. 

Vì vậy, bạn nên kiểm tra lại thỏa thuận cụ thể và thông báo cho bên nhận bảo lãnh về tình hình này để tránh bất kỳ hiểu lầm hay tranh chấp nào."
syn_128_1768628697,"Nếu tôi muốn chuyển nhượng trái phiếu riêng lẻ cho một nhà đầu tư khác, liệu có cần điều kiện gì không?",Điều 129 - Luật Doanh nghiệp 2020,True,1.0,0.4428044280442804,"**Căn cứ pháp lý:**
- Điều 129 - Luật Doanh nghiệp 2020

**Nội dung quy định:**
Trái phiếu phát hành riêng lẻ được chuyển nhượng giữa các nhà đầu tư đáp ứng điều kiện về đối tượng mua trái phiếu riêng lẻ quy định tại khoản 2 Điều 128 của Luật này, trừ trường hợp thực hiện theo bản án, quyết định của Tòa án đã có hiệu lực pháp luật, phán quyết của Trọng tài có hiệu lực hoặc thừa kế theo quy định pháp luật.

**Phân tích & Hướng dẫn:**
Theo quy định tại Điều 129 của Luật Doanh nghiệp 2020, trái phiếu phát hành riêng lẻ có thể được chuyển nhượng giữa các nhà đầu tư đáp ứng các điều kiện cụ thể, bao gồm:

1. Nhà đầu tư chiến lược đối với trái phiếu chuyển đổi riêng lẻ và trái phiếu kèm theo chứng quyền riêng lẻ.
2. Nhà đầu tư chứng khoán chuyên nghiệp đối với trái phiếu chuyển đổi riêng lẻ, trái phiếu kèm theo chứng quyền riêng lẻ và loại trái phiếu riêng lẻ khác.

Tuy nhiên, cần lưu ý rằng việc chuyển nhượng trái phiếu riêng lẻ cũng có thể bị giới hạn nếu xảy ra các trường hợp đặc biệt như:
- Theo bản án, quyết định của Tòa án đã có hiệu lực pháp luật.
- Phán quyết của Trọng tài có hiệu lực.
- Thừa kế theo quy định pháp luật.

Do đó, nếu bạn muốn chuyển nhượng trái phiếu riêng lẻ cho một nhà đầu tư khác, cần đảm bảo rằng nhà đầu tư đó đáp ứng các điều kiện quy định tại Điều 128 và Điều 129 của Luật Doanh nghiệp 2020. Đồng thời, cần tuân thủ các quy định về thủ tục chuyển nhượng trái phiếu theo quy định của Luật Chứng khoán và các quy định cụ thể của công ty phát hành trái phiếu.

Để chắc chắn hơn, bạn nên tham khảo ý kiến của một chuyên gia pháp lý hoặc liên hệ với công ty phát hành trái phiếu để hiểu rõ hơn về các quy định cụ thể và thủ tục cần thiết."
syn_895_1768634105,"Tôi có hàng hóa đang trên đường từ Hà Nội đến Đà Nẵng, nếu có sự cố xảy ra thì ai sẽ chịu trách nhiệm về hàng hóa này?",Điều 678 - Bộ luật Dân sự 2015,False,1.0,0.35129310344827586,"**Căn cứ pháp lý:** 
- Điều 541 của Bộ luật Dân sự 2015 - [Tài liệu 1]

**Nội dung quy định:**
1. Bên vận chuyển phải bồi thường thiệt hại cho bên thuê vận chuyển nếu để tài sản bị mất hoặc hư hỏng, trừ trường hợp quy định tại khoản 3 Điều 536 của Bộ luật này.
2. Bên thuê vận chuyển phải bồi thường thiệt hại cho bên vận chuyển và người thứ ba về thiệt hại do tài sản vận chuyển có tính chất nguy hiểm, độc hại mà không có biện pháp đóng gói, bảo đảm an toàn trong quá trình vận chuyển.
3. Trường hợp bất khả kháng dẫn đến tài sản vận chuyển bị mất, hư hỏng hoặc bị hủy hoại trong quá trình vận chuyển thì bên vận chuyển không phải chịu trách nhiệm bồi thường thiệt hại, trừ trường hợp có thỏa thuận khác hoặc pháp luật có quy định khác.

**Phân tích & Hướng dẫn:**
Trong trường hợp hàng hóa của bạn đang trên đường từ Hà Nội đến Đà Nẵng và xảy ra sự cố, cần phân tích trách nhiệm theo từng trường hợp cụ thể:

1. **Thường thức:**
   - Nếu sự cố xảy ra do lỗi của bên vận chuyển (như xe hỏng hóc, lái xe không tuân thủ quy định vận chuyển, ...) thì bên vận chuyển sẽ chịu trách nhiệm bồi thường thiệt hại cho bạn.

2. **Sự cố do bên thuê vận chuyển gây ra:**
   - Nếu sự cố xảy ra do bên thuê vận chuyển (như không đóng gói bảo quản hàng hóa phù hợp, không tuân thủ các quy định về vận chuyển nguy hiểm), thì bên thuê vận chuyển sẽ chịu trách nhiệm bồi thường thiệt hại cho bạn.

3. **Sự cố do yếu tố bất khả kháng:**
   - Nếu sự cố xảy ra do yếu tố tự nhiên như thiên tai, dịch bệnh, ... mà bên vận chuyển đã hết sức thận trọng nhưng vẫn không tránh khỏi thì theo Điều 541, khoản 3 của Bộ luật Dân sự 2015, bên vận chuyển không phải chịu trách nhiệm bồi thường thiệt hại, trừ trường hợp có thỏa thuận khác hoặc pháp luật có quy định khác.

Như vậy, để biết rõ ràng ai sẽ chịu trách nhiệm về hàng hóa, cần xem xét cụ thể nguyên nhân gây ra sự cố. Nếu sự cố xảy ra do lỗi của"
syn_280_1768629996,Gia đình tôi có một người thân được giám hộ và hiện đã đủ năng lực hành vi dân sự. Tôi muốn biết trong bao lâu thì người giám hộ phải thanh toán tài sản cho người đó sau khi chấm dứt việc giám hộ?,Điều 63 - Bộ luật Dân sự 2015,True,0.6666666666666666,0.5288461538461539,"**Căn cứ pháp lý:**
---
Văn bản: Bộ luật Dân sự 2015
Nội dung: Điều 63. Hậu quả chấm dứt việc giám hộ 1. Trường hợp người được giám hộ đã có năng lực hành vi dân sự đầy đủ thì trong thời hạn 15 ngày, kể từ ngày chấm dứt việc giám hộ, người giám hộ thanh toán tài sản với người được giám hộ, chuyển giao quyền, nghĩa vụ phát sinh từ giao dịch dân sự vì lợi ích của người được giám hộ cho người được giám hộ.
---

**Phân tích & Hướng dẫn:**

Theo Điều 63 của Bộ Luật Dân sự 2015, khi người được giám hộ đã có năng lực hành vi dân sự đầy đủ, người giám hộ phải thanh toán tài sản và chuyển giao quyền, nghĩa vụ phát sinh từ giao dịch dân sự vì lợi ích của người được giám hộ cho người đó trong thời hạn 15 ngày, kể từ ngày chấm dứt việc giám hộ.

Trong trường hợp của bạn, người thân được giám hộ đã đủ năng lực hành vi dân sự đầy đủ. Do đó, người giám hộ của bạn phải thanh toán tài sản cho người đó và chuyển giao quyền, nghĩa vụ phát sinh từ giao dịch dân sự vì lợi ích của người đó trong thời hạn 15 ngày kể từ ngày chấm dứt việc giám hộ."
syn_75_1768628302,Tôi muốn biết liệu mình có thể quyết định thành lập công ty con hay không và quy trình thực hiện là gì?,Điều 76 - Luật Doanh nghiệp 2020,False,1.0,0.38958990536277605,"**Căn cứ pháp lý:**
Điều 195, Điều 194 và Điều 198 - Luật Doanh nghiệp 2020

**Nội dung quy định:**
1. **Điều 195**: Theo điều này, một công ty được coi là công ty mẹ của công ty khác nếu thuộc một trong các trường hợp sau đây: a) Sở hữu trên 50% vốn điều lệ hoặc tổng số cổ phần phổ thông của công ty đó; b) Có quyền trực tiếp hoặc gián tiếp quyết định bổ nhiệm đa số hoặc tất cả thành viên Hội đồng quản trị, Giám đốc hoặc Tổng giám đốc của công ty đó; c) Có quyền quyết định việc sửa đổi, bổ sung Điều lệ của công ty đó.
   
   **Điều 194**: Tập đoàn kinh tế, tổng công ty là nhóm công ty có mối quan hệ với nhau thông qua sở hữu cổ phần, phần vốn góp hoặc liên kết khác, không phải là một loại hình doanh nghiệp, không có tư cách pháp nhân, không phải đăng ký thành lập theo quy định của Luật này.
   
   **Điều 198**: Công ty trách nhiệm hữu hạn, công ty cổ phần có thể chia các tài sản, quyền và nghĩa vụ, thành viên, cổ đông của công ty hiện có để thành lập hai hoặc nhiều công ty mới. 

2. **Điều 195(2)**: Công ty con không được đầu tư mua cổ phần, góp vốn vào công ty mẹ. Các công ty con của cùng một công ty mẹ không được đồng thời cùng góp vốn, mua cổ phần để sở hữu chéo lẫn nhau.

**Phân tích & Hướng dẫn:**
Bằng việc nắm bắt các quy định trên, chúng ta có thể phân tích tình huống của bạn để đưa ra hướng dẫn cụ thể.

1. **Quyết định thành lập công ty con**: Theo Điều 195 của Luật Doanh nghiệp 2020, bạn cần phải kiểm tra xem liệu công ty của bạn có đủ điều kiện để trở thành công ty mẹ hoặc có thể quyết định thành lập công ty con không. Điều này phụ thuộc vào việc công ty của bạn có đủ 50% vốn điều lệ hoặc tổng số cổ phần phổ thông của một công ty nào đó, hoặc có quyền quyết định bổ nhiệm đa số hoặc tất cả thành viên"
syn_927_1768634315,"Vợ tôi đã bị một người bạn của tôi xúc phạm và tôi không có hành động bảo vệ cô ấy, liệu tôi có bị coi là vi phạm nghĩa vụ tôn trọng danh dự, nhân phẩm của vợ không?",Điều 21 - Luật Hôn nhân và Gia đình 2014,True,1.0,0.41968911917098445,"**Căn cứ pháp lý:**
--- [Tài liệu 1] ---
Văn bản: Luật Hôn nhân và Gia đình 2014
Nội dung: Điều 21. Tôn trọng danh dự, nhân phẩm, uy tín của vợ, chồng Vợ, chồng có nghĩa vụ tôn trọng, giữ gìn và bảo vệ danh dự, nhân phẩm, uy tín cho nhau.

**Nội dung quy định:**
Điều 21 của Luật Hôn nhân và Gia đình 2014 quy định rằng ""Vợ, chồng có nghĩa vụ tôn trọng, giữ gìn và bảo vệ danh dự, nhân phẩm, uy tín cho nhau"". 

**Phân tích & Hướng dẫn:**
Theo quy định trên, vợ bạn có nghĩa vụ tôn trọng, giữ gìn và bảo vệ danh dự, nhân phẩm, uy tín của mình. Trong trường hợp bạn không có hành động bảo vệ vợ bạn khi cô ấy bị xúc phạm, bạn có thể coi là vi phạm nghĩa vụ tôn trọng danh dự, nhân phẩm của vợ. 

Tuy nhiên, cần lưu ý rằng, theo Điều 21 của Luật Hôn nhân và Gia đình, trách nhiệm bảo vệ danh dự, nhân phẩm, uy tín của vợ chồng không chỉ áp dụng cho hành vi trực tiếp xúc phạm mà còn bao gồm việc không ngăn chặn hoặc không phản đối hành vi xúc phạm nếu bạn biết rõ về hành vi đó. 

Trong trường hợp này, nếu bạn biết rõ người bạn của bạn đã xúc phạm vợ bạn nhưng không có hành động bảo vệ, bạn có thể bị coi là đã không tôn trọng và bảo vệ danh dự, nhân phẩm của vợ bạn. Tuy nhiên, để có quyết định chính xác, cần phải xem xét thêm các yếu tố khác như thời điểm bạn biết thông tin, thái độ của bạn trước thông tin xúc phạm, và các hành động cụ thể mà bạn đã thực hiện.

Để đảm bảo quyền lợi của vợ bạn và tuân thủ pháp luật, bạn nên tìm cách giải quyết vấn đề này thông qua các biện pháp hòa giải hoặc nhờ sự hỗ trợ từ cơ quan chức năng. Nếu cần, bạn cũng có thể nhờ sự tư vấn của một chuyên gia tư vấn pháp luật để có được hướng dẫn cụ thể hơn."
syn_1492_1768641893_2,"Tôi đang chăm sóc cho một người bạn bị bệnh truyền nhiễm nhưng không tuân thủ các quy định phòng ngừa. Nếu bệnh của bạn tôi lây lan ra cộng đồng, tôi có thể chịu trách nhiệm pháp lý như thế nào?",Điều 240 - Bộ luật Hình sự (Văn bản hợp nhất 2017),True,1.0,0.8540084388185654,"**Căn cứ pháp lý:** 
--- [Tài liệu 1] ---
Văn bản: Bộ luật Hình sự (Văn bản hợp nhất 2017)
Nội dung: Điều 240. Tội làm lây lan dịch bệnh truyền nhiễm nguy hiểm cho người

**Nội dung quy định:**
Điều 240. Tội làm lây lan dịch bệnh truyền nhiễm nguy hiểm cho người 1. Người nào thực hiện một trong các hành vi sau đây, làm lây lan dịch bệnh truyền nhiễm nguy hiểm cho người, thì bị phạt tiền từ 50.000.000 đồng đến 200.000.000 đồng hoặc phạt tù từ 01 năm đến 05 năm: a) Đưa ra hoặc cho phép đưa ra khỏi vùng có dịch bệnh động vật, thực vật, sản phẩm động vật, thực vật hoặc vật phẩm khác có khả năng lây truyền dịch bệnh nguy hiểm cho người, trừ trường hợp pháp luật có quy định khác; b) Đưa vào hoặc cho phép đưa vào lãnh thổ Việt Nam động vật, thực vật hoặc sản phẩm động vật, thực vật bị nhiễm bệnh hoặc mang mầm bệnh nguy hiểm có khả năng lây truyền cho người; c) Hành vi khác làm lây lan dịch bệnh nguy hiểm cho người. 2. Phạm tội thuộc một trong các trường hợp sau đây, thì bị phạt tù từ 05 năm đến 10 năm: a) Dẫn đến phải công bố dịch thuộc thẩm quyền của Chủ tịch Ủy ban nhân dân cấp tỉnh hoặc Bộ trưởng Bộ Y tế; b) Làm chết người. 3. Phạm tội thuộc một trong các trường hợp sau đây, thì bị phạt tù từ 10 năm đến 12 năm: a) Dẫn đến phải công bố dịch thuộc thẩm quyền của Thủ tướng Chính phủ; b) Làm chết 02 người trở lên. 4. Người phạm tội còn có thể bị phạt tiền từ 20.000.000 đồng đến 100.000.000 đồng, cấm đảm nhiệm chức vụ, cấm hành nghề hoặc làm công việc nhất định từ 01 năm đến 05 năm.

**Phân tích & Hướng dẫn:**
Theo Điều 240 của Bộ luật Hình sự, hành vi làm lây lan dịch bệnh truyền nhiễm nguy"
syn_537_1768631786,"Tôi đã thế chấp một căn nhà cho ngân hàng, nhưng hiện tại tôi gặp khó khăn tài chính không thể trả nợ. Tôi có thể bán căn nhà đó không?",Điều 320 - Bộ luật Dân sự 2015,True,0.0,0.4246100519930676,"**CĂN CỨ PHÁP LUẬT THAM KHẢO:**
---
--- [Tài liệu 1] ---
Văn bản: Bộ luật Dân sự 2015
Nội dung: Điều 321. Quyền của bên thế chấp 1. Khai thác công dụng, hưởng hoa lợi, lợi tức từ tài sản thế chấp, trừ trường hợp hoa lợi, lợi tức cũng là tài sản thế chấp theo thỏa thuận. 2. Đầu tư để làm tăng giá trị của tài sản thế chấp. 3. Nhận lại tài sản thế chấp do người thứ ba giữ và giấy tờ liên quan đến tài sản thế chấp do bên nhận thế chấp giữ khi nghĩa vụ được bảo đảm bằng thế chấp chấm dứt hoặc được thay thế bằng biện pháp bảo đảm khác. 4. Được bán, thay thế, trao đổi tài sản thế chấp, nếu tài sản đó là hàng hóa luân chuyển trong quá trình sản xuất, kinh doanh. Trong trường hợp này, quyền yêu cầu bên mua thanh toán tiền, số tiền thu được, tài sản hình thành từ số tiền thu được, tài sản được thay thế hoặc được trao đổi trở thành tài sản thế chấp. Trường hợp tài sản thế chấp là kho hàng thì bên thế chấp được quyền thay thế hàng hóa trong kho, nhưng phải bảo đảm giá trị của hàng hóa trong kho đúng như thỏa thuận. 5. Được bán, trao đổi, tặng cho tài sản thế chấp không phải là hàng hóa luân chuyển trong quá trình sản xuất, kinh doanh, nếu được bên nhận thế chấp đồng ý hoặc theo quy định của luật. 6. Được cho thuê, cho mượn tài sản thế chấp nhưng phải thông báo cho bên thuê, bên mượn biết về việc tài sản cho thuê, cho mượn đang được dùng để thế chấp và phải thông báo cho bên nhận thế chấp biết.
---
--- [Tài liệu 2] ---
Văn bản: Bộ luật Dân sự 2015
Nội dung: Điều 320. Nghĩa vụ của bên thế chấp 1. Giao giấy tờ liên quan đến tài sản thế chấp trong trường hợp các bên có thỏa thuận, trừ trường hợp luật có quy định khác. 2. Bảo quản, giữ gìn tài sản thế chấp. 3. Áp dụng các biện pháp cần thiết để"
syn_1590_1768642740_1,"Chồng tôi đã nhận được thông báo từ nhà tuyển dụng rằng họ đã phát hiện giấy tờ của anh ấy bị giả mạo và yêu cầu giải trình. Nếu chồng tôi không có ý định chiếm đoạt tài sản, liệu anh ấy có bị xử lý hình sự không?",Điều 339 - Bộ luật Hình sự (Văn bản hợp nhất 2017),True,1.0,0.5770862800565771,"**Căn cứ pháp lý:**
Điều 339. Tội giả mạo chức vụ, cấp bậc, vị trí công tác - Bộ luật Hình sự (Văn bản hợp nhất 2017)

**Nội dung quy định:**
Theo Điều 339 của Bộ luật Hình sự, người nào giả mạo chức vụ, cấp bậc, vị trí công tác thực hiện hành vi trái pháp luật nhưng không nhằm mục đích chiếm đoạt tài sản, thì bị phạt cải tạo không giam giữ đến 02 năm hoặc phạt tù từ 03 tháng đến 02 năm.

**Phân tích & Hướng dẫn:**
Trong trường hợp của bạn, chồng bạn đã nhận được thông báo từ nhà tuyển dụng rằng giấy tờ của anh ấy bị giả mạo. Tuy nhiên, thông báo này chỉ đề cập đến việc giấy tờ bị giả mạo chứ không nói rõ rằng anh ấy có ý định chiếm đoạt tài sản hay không. Theo Điều 339 nêu trên, nếu chồng bạn không có ý định chiếm đoạt tài sản, anh ấy sẽ không bị xử lý hình sự.

Điều 339 chỉ áp dụng khi hành vi giả mạo không nhằm mục đích chiếm đoạt tài sản. Do đó, căn cứ vào thông tin mà bạn cung cấp, chồng bạn không thể bị xử lý hình sự vì hành vi giả mạo giấy tờ mà không nhằm mục đích chiếm đoạt tài sản. 

Tuy nhiên, chồng bạn vẫn cần cẩn thận và giải thích rõ ràng với nhà tuyển dụng về nguyên nhân và cách thức xảy ra việc giả mạo giấy tờ. Việc này giúp tránh những hiểu lầm và có thể làm sáng tỏ cho cả hai bên."
syn_1587_1768642716_1,"Tôi đang cần làm thủ tục đăng ký hộ tịch cho con tôi, nhưng nghe nói có người đã dùng giấy tờ hộ tịch đã cấp trái pháp luật để thực hiện một số hành vi trái pháp luật khác. Tôi có cần lo lắng về tính hợp pháp của giấy tờ hộ tịch của con tôi không?",Điều 336 - Bộ luật Hình sự (Văn bản hợp nhất 2017),True,1.0,0.5807067812798472,"**Căn cứ pháp lý:**
- Điều 336. Tội đăng ký hộ tịch trái pháp luật - Bộ luật Hình sự (Văn bản hợp nhất 2017)

**Nội dung quy định:**
1. Người nào có nhiệm vụ, quyền hạn mà thực hiện việc đăng ký, cấp giấy tờ về hộ tịch trái pháp luật, đã bị xử lý kỷ luật về hành vi này mà còn vi phạm, thì bị phạt cảnh cáo, phạt cải tạo không giam giữ đến 03 năm.
2. Phạm tội thuộc một trong các trường hợp sau đây, thì bị phạt tù từ 03 tháng đến 02 năm: a) Đăng ký, cấp giấy tờ về hộ tịch trái pháp luật cho 02 người trở lên; b) Giấy tờ về hộ tịch đã được cấp, đăng ký trái pháp luật được sử dụng để thực hiện hành vi trái pháp luật.

**Phân tích & Hướng dẫn:**
Việc bạn lo lắng về tính hợp pháp của giấy tờ hộ tịch của con bạn là hoàn toàn có cơ sở. Theo Điều 336 của Bộ luật Hình sự, nếu có hành vi đăng ký, cấp giấy tờ về hộ tịch trái pháp luật, kể cả khi đã bị xử lý kỷ luật về hành vi này và vẫn tiếp tục vi phạm, người đó sẽ bị xử phạt cảnh cáo hoặc cải tạo không giam giữ.

Tuy nhiên, trong trường hợp của bạn, giấy tờ hộ tịch đã được cấp là do bạn thực hiện đúng quy định pháp luật, không có dấu hiệu vi phạm. Bạn cần lưu ý rằng, chỉ khi giấy tờ hộ tịch được cấp trái pháp luật hoặc sử dụng trái phép để thực hiện hành vi trái pháp luật mới có thể bị xử lý theo quy định trên.

Để đảm bảo tính hợp pháp và tránh rủi ro, bạn nên liên hệ với cơ quan có thẩm quyền (như Phòng Công tác Hộ tịch của UBND quận/huyện nơi sinh sống) để được hướng dẫn cụ thể về việc đăng ký hộ tịch cho con bạn. Nếu có bất kỳ thắc mắc nào về việc sử dụng giấy tờ hộ tịch, cũng nên thông báo cho cơ quan có thẩm quyền để họ có thể kiểm tra và giải quyết kịp thời.

Tóm lại, mặc dù có những quy định nghiêm ngặt về việc đăng ký hộ tịch trái pháp luật, nhưng nếu bạn đã thực hiện đúng quy trình và không có dấu hiệu vi phạm, giấy tờ hộ tịch của con bạn vẫn là"
syn_1481_1768641803_0,"Gia đình tôi đang có tranh chấp về việc chuyển nhượng quyền sử dụng đất nông nghiệp, nhưng không biết liệu việc chuyển nhượng này có vi phạm quy định nào của pháp luật không, vì diện tích đất là 15.000 mét vuông. Tôi lo lắng liệu chúng tôi có thể bị phạt hay không?",Điều 229 - Bộ luật Hình sự (Văn bản hợp nhất 2017),True,0.6666666666666666,0.4569855471438404,"**Căn cứ pháp lý:**
- Điều 229, Điều 233, Điều 228 của Bộ Luật Hình sự (Văn bản hợp nhất 2017)

**Nội dung quy định:**
- Theo Điều 229, nếu người nào lợi dụng hoặc lạm dụng chức vụ, quyền hạn giao đất, thu hồi, cho thuê, cho phép chuyển quyền sử dụng, cho phép chuyển mục đích sử dụng đất trái quy định của pháp luật, và đất trồng lúa có diện tích từ 10.000 m2 đến dưới 30.000 m2; đất rừng đặc dụng, rừng phòng hộ, rừng sản xuất có diện tích từ 10.000 m2 đến dưới 50.000 m2; đất nông nghiệp khác và đất phi nông nghiệp có diện tích từ 10.000 m2 đến dưới 40.000 m2, thì sẽ bị phạt cải tạo không giam giữ đến 03 năm hoặc phạt tù từ 06 tháng đến 03 năm.
- Theo Điều 233, nếu người nào lợi dụng hoặc lạm dụng chức vụ, quyền hạn thực hiện các hành vi liên quan đến quản lý rừng trái pháp luật, và cho phép chuyển mục đích sử dụng rừng trái pháp luật từ 10.000 m2 đến dưới 12.500 m2 đối với rừng sản xuất; từ 7.500 m2 đến dưới 10.000 m2 đối với rừng phòng hộ hoặc từ 5.000 m2 đến dưới 7.500 m2 đối với rừng đặc dụng, thì bị phạt cải tạo không giam giữ đến 03 năm hoặc phạt tù từ 06 tháng đến 03 năm.
- Theo Điều 228, nếu người nào lấn chiếm đất, chuyển quyền sử dụng đất hoặc sử dụng đất trái với các quy định của pháp luật về quản lý và sử dụng đất đai, đã bị xử phạt vi phạm hành chính về hành vi này hoặc đã bị kết án về tội này, chưa được xóa án tích mà còn vi phạm, thì bị phạt tiền từ 50.000.000 đồng đến 500.000.000 đồng, phạt cải tạo không giam giữ đến 03 năm hoặc phạt"
syn_1674_1768643503_1,Gia đình tôi đã phải rời bỏ nhà cửa trong một cuộc chiến tranh và chứng kiến cảnh cướp bóc tài sản. Tôi muốn biết có thể yêu cầu bồi thường cho những thiệt hại mà gia đình tôi phải chịu không?,Điều 423 - Bộ luật Hình sự (Văn bản hợp nhất 2017),False,0.0,0.3306122448979592,"**CĂN CỨ PHÁP LUẬT THAM KHẢO:**
---
[Văn bản 1] - [Bộ luật Dân sự 2015]
Nội dung: Điều 170. Quyền yêu cầu bồi thường thiệt hại Chủ sở hữu, chủ thể có quyền khác đối với tài sản có quyền yêu cầu người có hành vi xâm phạm quyền sở hữu, quyền khác đối với tài sản bồi thường thiệt hại. Mục 3. GIỚI HẠN QUYỀN SỞ HỮU, QUYỀN KHÁC ĐỐI VỚI TÀI SẢN

[Văn bản 2] - [Bộ luật Dân sự 2015]
Nội dung: Điều 588. Thời hiệu khởi kiện yêu cầu bồi thường thiệt hại Thời hiệu khởi kiện yêu cầu bồi thường thiệt hại là 03 năm, kể từ ngày người có quyền yêu cầu biết hoặc phải biết quyền, lợi ích hợp pháp của mình bị xâm phạm. Mục 2. XÁC ĐỊNH THIỆT HẠI

[Văn bản 3] - [Bộ luật Dân sự 2015]
Nội dung: Điều 585. Nguyên tắc bồi thường thiệt hại 1. Thiệt hại thực tế phải được bồi thường toàn bộ và kịp thời. Các bên có thể thỏa thuận về mức bồi thường, hình thức bồi thường bằng tiền, bằng hiện vật hoặc thực hiện một công việc, phương thức bồi thường một lần hoặc nhiều lần, trừ trường hợp pháp luật có quy định khác. 2. Người chịu trách nhiệm bồi thường thiệt hại có thể được giảm mức bồi thường nếu không có lỗi hoặc có lỗi vô ý và thiệt hại quá lớn so với khả năng kinh tế của mình. 3. Khi mức bồi thường không còn phù hợp với thực tế thì bên bị thiệt hại hoặc bên gây thiệt hại có quyền yêu cầu Tòa án hoặc cơ quan nhà nước có thẩm quyền khác thay đổi mức bồi thường. 4. Khi bên bị thiệt hại có lỗi trong việc gây thiệt hại thì không được bồi thường phần thiệt hại do lỗi của mình gây ra. 5. Bên có quyền, lợi ích bị xâm phạm không được bồi thường nếu thiệt hại xảy ra do không áp dụng các biện pháp cần thiết, hợp lý để ngăn"
syn_1079_1768638984_0,"Tôi làm việc tại một công ty từ năm 2020, nhưng gần đây tôi cảm thấy không còn phù hợp với môi trường làm việc và đã quyết định nghỉ việc mà không thông báo trước. Tôi muốn biết rằng nếu tôi rời công ty mà không báo trước, tôi có phải bồi thường cho công ty không và mức bồi thường sẽ là bao nhiêu?",Điều 40 - Bộ luật Lao động 2019,True,0.0,0.5254054054054054,"**CĂN CỨ PHÁP LUẬT THAM KHẢO:**

--- [Tài liệu 1] ---
Văn bản: Bộ luật Lao động 2019
Nội dung: Điều 40. Nghĩa vụ của người lao động khi đơn phương chấm dứt hợp đồng lao động trái pháp luật 1. Không được trợ cấp thôi việc. 2. Phải bồi thường cho người sử dụng lao động nửa tháng tiền lương theo hợp đồng lao động và một khoản tiền tương ứng với tiền lương theo hợp đồng lao động trong những ngày không báo trước. 3. Phải hoàn trả cho người sử dụng lao động chi phí đào tạo quy định tại Điều 62 của Bộ luật này.

--- [Tài liệu 2] ---
Văn bản: Bộ luật Lao động 2019
Nội dung: Điều 41. Nghĩa vụ của người sử dụng lao động khi đơn phương chấm dứt hợp đồng lao động trái pháp luật 1. Phải nhận người lao động trở lại làm việc theo hợp đồng lao động đã giao kết; phải trả tiền lương, đóng bảo hiểm xã hội, bảo hiểm y tế, bảo hiểm thất nghiệp trong những ngày người lao động không được làm việc và phải trả thêm cho người lao động một khoản tiền ít nhất bằng 02 tháng tiền lương theo hợp đồng lao động. Sau khi được nhận lại làm việc, người lao động hoàn trả cho người sử dụng lao động các khoản tiền trợ cấp thôi việc, trợ cấp mất việc làm nếu đã nhận của người sử dụng lao động. Trường hợp không còn vị trí, công việc đã giao kết trong hợp đồng lao động mà người lao động vẫn muốn làm việc thì hai bên thỏa thuận để sửa đổi, bổ sung hợp đồng lao động. Trường hợp vi phạm quy định về thời hạn báo trước quy định tại khoản 2 Điều 36 của Bộ luật này thì phải trả một khoản tiền tương ứng với tiền lương theo hợp đồng lao động trong những ngày không báo trước. 2. Trường hợp người lao động không muốn tiếp tục làm việc thì ngoài khoản tiền phải trả quy định tại khoản 1 Điều này người sử dụng lao động phải trả trợ cấp thôi việc theo quy định tại Điều 46 của Bộ luật này để chấm dứt hợp đồng la"
syn_1095_1768639064_2,"Vợ tôi là nhân viên của một công ty cho thuê lao động và vừa nhận được thông báo bị kỷ luật. Nếu công ty không thông báo cho tôi về lý do vi phạm của vợ tôi, họ có vi phạm nghĩa vụ nào không?",Điều 56 - Bộ luật Lao động 2019,True,0.6666666666666666,0.4196721311475409,"**CĂN CỨ PHÁP LUẬT THAM KHẢO:**
---
--- [Tài liệu 1] ---
Văn bản: Bộ luật Lao động 2019
Nội dung: Điều 57. Quyền và nghĩa vụ của bên thuê lại lao động

--- [Tài liệu 2] ---
Văn bản: Bộ luật Lao động 2019
Nội dung: Điều 56. Quyền và nghĩa vụ của doanh nghiệp cho thuê lại lao động

--- [Tài liệu 3] ---
Văn bản: Bộ luật Dân sự 2015
Nội dung: Điều 354. Hoãn thực hiện nghĩa vụ

---

**CĂN CỨ PHÁP LUẬT THAM KHẢO:**
---
[Tài liệu 1] - Bộ luật Lao động 2019
[Tài liệu 2] - Bộ luật Lao động 2019
[Tài liệu 3] - Bộ luật Dân sự 2015

---

**NỘI DUNG QUY ĐỊNH:**
---
**Bên thuê lại lao động (doanh nghiệp cho thuê lại lao động) có nghĩa vụ thông báo cho người lao động biết lý do vi phạm.**

- Theo Điều 57 của Bộ Luật Lao động 2019, bên thuê lại lao động (doanh nghiệp cho thuê lại lao động) có trách nhiệm thông báo cho người lao động biết nội quy lao động và các quy chế khác của mình.
- Theo Điều 56 của Bộ Luật Lao động 2019, bên thuê lại lao động (doanh nghiệp cho thuê lại lao động) phải thông báo cho người lao động biết nội dung của hợp đồng cho thuê lại lao động.
- Điều 354 của Bộ Luật Dân sự 2015 quy định rằng, khi không thể thực hiện được nghĩa vụ đúng thời hạn thì bên có nghĩa vụ phải thông báo ngay cho bên có quyền biết và đề nghị được hoãn việc thực hiện nghĩa vụ.

---

**PHÂN TÍCH VÀ HƯỚNG DẪN:**
---
Theo quy định tại Điều 57 và Điều 56 của Bộ Luật Lao động 2019, bên thuê lại lao động (công"
syn_536_1768631779,"Tôi muốn thế chấp một căn nhà cho ngân hàng, nhưng chưa kịp đăng ký hợp đồng thì bị người thứ ba tranh chấp. Vậy hợp đồng thế chấp của tôi có hiệu lực không?",Điều 319 - Bộ luật Dân sự 2015,True,0.3333333333333333,0.44268774703557306,"**CĂN CỨ PHÁP LUẬT THAM KHẢO:**
---
[Văn bản] Bộ luật Dân sự 2015
[Nội dung] Điều 319. Hiệu lực của thế chấp tài sản

---

**CÂU HỎI:**
Tôi muốn thế chấp một căn nhà cho ngân hàng, nhưng chưa kịp đăng ký hợp đồng thì bị người thứ ba tranh chấp. Vậy hợp đồng thế chấp của tôi có hiệu lực không?

**PHÂN TÍCH VÀ HƯỚNG DẪN:**

Theo Điều 319 của Bộ Luật Dân sự 2015, hợp đồng thế chấp tài sản có hiệu lực từ thời điểm giao kết, trừ trường hợp có thỏa thuận khác hoặc luật có quy định khác. Trong trường hợp này, hợp đồng thế chấp của bạn đã được giao kết, nhưng chưa kịp đăng ký nên vẫn có hiệu lực từ thời điểm giao kết.

Tuy nhiên, về mặt pháp lý, hợp đồng thế chấp không có hiệu lực đối kháng với người thứ ba cho đến khi được đăng ký tại cơ quan登记机关 (trong tiếng Trung gọi là 登记机关, dịch sang tiếng Việt có thể hiểu là cơ quan đăng ký) theo quy định của pháp luật. Do đó, nếu bạn bị người thứ ba tranh chấp trước khi đăng ký hợp đồng, họ có thể yêu cầu cơ quan đăng ký thực hiện thủ tục đăng ký thế chấp tài sản của bạn.

Để đảm bảo quyền lợi của mình, bạn nên nhanh chóng tiến hành đăng ký hợp đồng thế chấp tại cơ quan đăng ký theo quy định. Việc này sẽ giúp đảm bảo rằng hợp đồng thế chấp của bạn có hiệu lực đối kháng với người thứ ba và bảo vệ quyền lợi của bạn tốt hơn.

Trong trường hợp hợp đồng thế chấp đã bị người thứ ba tranh chấp, bạn cần liên hệ với ngân hàng để xem xét việc xử lý vấn đề này theo quy định của pháp luật, bao gồm việc yêu cầu cơ quan đăng ký thực hiện thủ tục đăng ký và các biện pháp khác theo yêu cầu của pháp luật."
syn_330_1768630363,"Tôi có một chiếc đồng hồ đặc biệt, có ký hiệu riêng, nhưng không biết liệu nó có được xem là vật đặc định không?",Điều 113 - Bộ luật Dân sự 2015,True,1.0,0.67601246105919,"**Căn cứ pháp lý:**
- [Tài liệu 1] - Bộ luật Dân sự 2015 - Điều 113

**Nội dung quy định:**
1. Vật cùng loại là những vật có cùng hình dáng, tính chất, tính năng sử dụng và xác định được bằng những đơn vị đo lường. Vật cùng loại có cùng chất lượng có thể thay thế cho nhau.
2. Vật đặc định là vật phân biệt được với các vật khác bằng những đặc điểm riêng về ký hiệu, hình dáng, màu sắc, chất liệu, đặc tính, vị trí. Khi thực hiện nghĩa vụ chuyển giao vật đặc định thì phải giao đúng vật đó.

**Phân tích & Hướng dẫn:**
Đồng hồ của bạn có ký hiệu riêng, điều này nghĩa là nó có những đặc điểm riêng biệt so với các loại đồng hồ thông thường. Theo quy định của Điều 113, Bộ luật Dân sự 2015, khi một vật có những đặc điểm riêng biệt như ký hiệu, hình dáng, màu sắc, chất liệu, đặc tính, vị trí, thì đó sẽ được coi là vật đặc định. 

Vì vậy, đồng hồ của bạn có thể được xem là vật đặc định, và khi bạn chuyển giao hoặc hoàn trả đồng hồ này, bạn cần phải giao đúng vật đó. Nếu đồng hồ bị mất hoặc hư hỏng, bạn cần phải trả vật tương tự (vật cùng loại) hoặc đền bù bằng tiền, trừ trường hợp có thỏa thuận khác."
syn_508_1768631595,"Tôi đã ký hợp đồng với một vài người để cùng thực hiện một dự án, nhưng hiện tại có người không thể tiếp tục tham gia. Tôi cần biết liệu chúng tôi có thể thay thế người đó không?",Điều 291 - Bộ luật Dân sự 2015,False,1.0,0.35108958837772397,"**Căn cứ pháp lý:**
Điều 283. Thực hiện nghĩa vụ thông qua người thứ ba - Bộ luật Dân sự 2015

**Nội dung quy định:**
Theo Điều 283 của Bộ luật Dân sự 2015, bên có nghĩa vụ có thể ủy quyền cho người thứ ba thay mình thực hiện nghĩa vụ nhưng vẫn phải chịu trách nhiệm với bên có quyền. Điều này cho phép bạn ủy quyền cho người khác thay thế người không thể tiếp tục tham gia dự án.

**Phân tích & Hướng dẫn:**
Trong tình huống của bạn, nếu người không thể tiếp tục tham gia dự án đã ủy quyền cho bạn thực hiện nghĩa vụ thông qua người thứ ba, bạn có quyền yêu cầu người đó thực hiện nghĩa vụ thay. Tuy nhiên, bạn vẫn phải chịu trách nhiệm với bên có quyền (người ủy quyền), tức là người đã ủy quyền cho người thứ ba thực hiện nghĩa vụ.

Để đảm bảo tuân thủ quy định, bạn nên tuân theo các bước sau:

1. **Yêu cầu người thứ ba thực hiện**: Bạn nên liên hệ với người đã ủy quyền và yêu cầu họ cử người thứ ba thay thế người không thể tiếp tục tham gia dự án.
   
2. **Thông báo cho bên có quyền**: Trước khi ủy quyền, bạn cần thông báo cho bên có quyền (người đã ủy quyền) về việc này. Bạn cũng nên cung cấp cho họ thông tin về người thứ ba và bất kỳ thông tin khác liên quan đến dự án.

3. **Chấp thuận từ bên có quyền**: Theo Điều 283, bên có quyền phải đồng ý cho việc ủy quyền. Bạn nên thông báo cho họ về quyết định này và yêu cầu họ phê duyệt.

4. **Ghi chép lại và lưu trữ**: Theo Điều 86 của Luật Doanh nghiệp 2020, bạn cần ghi chép lại và lưu giữ các hợp đồng, giao dịch liên quan trong hồ sơ riêng của công ty.

Như vậy, bạn có thể thay thế người không thể tiếp tục tham gia dự án, nhưng cần tuân thủ các quy định về ủy quyền và thông báo cho bên có quyền."
syn_1473_1768641737_0,"Tôi là giám đốc một công ty nhỏ và gần đây tôi phát hiện kế toán của tôi đã giả mạo một số tài liệu để che giấu những sai sót trong báo cáo tài chính. Tôi không biết liệu tôi có thể bị truy cứu trách nhiệm hình sự hay không, vì tôi không trực tiếp tham gia vào việc giả mạo đó. Tôi nên làm gì để bảo vệ mình?",Điều 221 - Bộ luật Hình sự (Văn bản hợp nhất 2017),True,1.0,0.4107692307692308,"**Căn cứ pháp lý:** Điều 221. Tội vi phạm quy định về kế toán gây hậu quả nghiêm trọng - Bộ luật Hình sự (Văn bản hợp nhất 2017)

**Nội dung quy định:**
Điều 221 quy định về hình phạt đối với người vi phạm quy định về kế toán gây hậu quả nghiêm trọng. Người vi phạm phải chịu hình phạt cải tạo không giam giữ đến 03 năm hoặc phạt tù từ 01 năm đến 05 năm nếu vi phạm hành vi như giả mạo, khai man, thỏa thuận hoặc ép buộc người khác giả mạo, khai man, tẩy xóa tài liệu kế toán. Phạm tội thuộc một trong các trường hợp cụ thể sẽ bị phạt tù từ 03 năm đến 12 năm, từ 10 năm đến 20 năm, hoặc từ 12 năm đến 20 năm tùy thuộc vào mức độ nghiêm trọng của hành vi.

**Phân tích & Hướng dẫn:**

Theo Điều 221 của Bộ luật Hình sự, bạn có thể bị truy cứu trách nhiệm hình sự nếu có bằng chứng cho thấy bạn đã biết về hành vi giả mạo tài liệu kế toán của kế toán và đã để cho hành vi này diễn ra. Điều này có nghĩa là bạn cần chứng minh rằng bạn đã có vai trò chủ quan trong việc cho phép hoặc không phản đối hành vi giả mạo tài liệu kế toán của kế toán.

Tuy nhiên, vì bạn không trực tiếp tham gia vào việc giả mạo đó, việc chứng minh vai trò chủ quan có thể gặp khó khăn. Để bảo vệ mình, bạn nên:

1. **Xác minh thông tin:** Tìm kiếm bất kỳ bằng chứng nào có thể chỉ ra rằng bạn đã biết về hành vi giả mạo tài liệu kế toán của kế toán và đã cho phép hoặc không phản đối nó.

2. **Lập hồ sơ:** Ghi chép lại tất cả các cuộc họp, giao tiếp và quyết định liên quan đến vấn đề tài chính, đặc biệt là những thông tin liên quan đến báo cáo tài chính.

3. **Hỏi ý kiến chuyên gia pháp lý:** Hãy nhờ sự giúp đỡ của một luật sư chuyên về tội hình sự để đánh giá tình huống và đưa ra các hướng dẫn cụ thể cho bạn.

4. **Bảo vệ quyền lợi:** Nếu có bằng chứng đủ mạnh để"
syn_92_1768628431,"Tôi muốn trở thành thành viên Hội đồng thành viên của công ty, nhưng tôi là anh trai của Giám đốc công ty. Liệu tôi có đủ điều kiện không?",Điều 93 - Luật Doanh nghiệp 2020,True,0.3333333333333333,0.3887640449438202,"**CĂN CỨ PHÁP LUẬT THAM KHẢO:**
---
[Tài liệu 1] - [Luật Doanh nghiệp 2020] - Điều 93
[Tài liệu 2] - [Luật Doanh nghiệp 2020] - Điều 155
[Tài liệu 3] - [Luật Doanh nghiệp 2020] - Điều 101

---

**CĂN CỨ PHÁP LUẬT THAM KHẢO:**
---
[Tài liệu 1] - [Luật Doanh nghiệp 2020] - Điều 93
[Tài liệu 2] - [Luật Doanh nghiệp 2020] - Điều 155
[Tài liệu 3] - [Luật Doanh nghiệp 2020] - Điều 101

---

**CÂU HỎI:**
Tôi muốn trở thành thành viên Hội đồng thành viên của công ty, nhưng tôi là anh trai của Giám đốc công ty. Liệu tôi có đủ điều kiện không?

**CĂN CỨ PHÁP LUẬT THAM KHẢO:**
---
[Tài liệu 1] - [Luật Doanh nghiệp 2020] - Điều 93
[Tài liệu 2] - [Luật Doanh nghiệp 2020] - Điều 155
[Tài liệu 3] - [Luật Doanh nghiệp 2020] - Điều 101

---

**PHÂN TÍCH & HƯỚNG DẪN:**
---
Theo Điều 93 của Luật Doanh nghiệp 2020, để trở thành thành viên Hội đồng thành viên, người ứng cử cần tuân thủ các tiêu chuẩn và điều kiện như sau:

1. Không thuộc đối tượng quy định tại khoản 2 Điều 17 của Luật này.
2. Có trình độ chuyên môn, kinh nghiệm trong quản trị kinh doanh hoặc trong lĩnh vực, ngành, nghề hoạt động của doanh nghiệp.
3. Không phải là người có quan hệ gia đình của người đứng đầu, cấp phó của người đứng đầu cơ quan đại diện chủ sở hữu; thành viên Hội đồng thành viên; Giám đốc, Phó giám đốc hoặc Tổng giám đốc, Phó Tổng giám đốc và Kế toán trưởng của"
syn_1213_1768639740_0,Tôi là nhân viên trong một công ty và tôi muốn thành lập tổ chức của người lao động tại doanh nghiệp. Tôi cần biết các bước và điều kiện cần thiết để gia nhập tổ chức này là gì?,Điều 174 - Bộ luật Lao động 2019,True,1.0,0.4141647421093149,"**Căn cứ pháp lý:** 
- Điều 172, Điều 174, Điều 174 và Điều 170 của Bộ luật Lao động 2019

**Nội dung quy định:**
- Theo Điều 172 của Bộ luật Lao động 2019, tổ chức của người lao động tại doanh nghiệp được thành lập và hoạt động sau khi cơ quan nhà nước có thẩm quyền cấp đăng ký. Tổ chức này phải bảo đảm tuân thủ Hiến pháp, pháp luật và điều lệ.
- Điều 174 quy định về điều lệ tổ chức của người lao động tại doanh nghiệp, trong đó yêu cầu về tôn chỉ, mục đích, phạm vi hoạt động, điều kiện, thủ tục gia nhập và ra khỏi tổ chức, cơ cấu tổ chức, nhiệm kỳ, nguyên tắc tổ chức và hoạt động, thể thức thông qua quyết định của tổ chức, phí thành viên, tài sản và tài chính của tổ chức.
- Điều 170 của Bộ luật Lao động 2019 xác định quyền của người lao động trong việc thành lập, gia nhập và tham gia tổ chức của người lao động tại doanh nghiệp, đồng thời khẳng định rằng các tổ chức đại diện người lao động bình đẳng về quyền và nghĩa vụ trong việc đại diện bảo vệ quyền và lợi ích hợp pháp, chính đáng của người lao động.

**Phân tích & Hướng dẫn:**
Để thành lập và gia nhập tổ chức của người lao động tại doanh nghiệp, bạn cần tuân thủ các bước sau:

1. **Tổ chức Điều lệ:** Trước tiên, bạn cần lập ra một điều lệ cho tổ chức của người lao động tại doanh nghiệp theo quy định của Bộ luật Lao động 2019. Điều lệ này cần bao gồm các nội dung như tên, địa chỉ tổ chức, tôn chỉ, mục đích và phạm vi hoạt động, cơ cấu tổ chức, nguyên tắc tổ chức và hoạt động, phí thành viên, nguồn tài chính, thể thức thông qua quyết định của tổ chức, và các quy định về việc thu, chi tài chính.

2. **Gửi hồ sơ đăng ký:** Sau khi hoàn thiện điều lệ, bạn cần chuẩn bị đầy đủ hồ sơ đăng ký theo quy định của Chính phủ (được quy định tại Điều 172 của Bộ luật Lao động 2"
syn_468_1768631326,"Tôi muốn biết nếu nước thải từ nhà hàng của tôi thoát ra đường công cộng mà không có hệ thống thoát nước phù hợp, thì tôi phải làm gì?",Điều 251 - Bộ luật Dân sự 2015,True,1.0,0.5106888361045131,"**Căn cứ pháp lý:**
--- [Tài liệu 1] ---
Văn bản: Bộ luật Dân sự 2015
Nội dung: Điều 251. Nghĩa vụ của chủ sở hữu trong việc thoát nước thải Chủ sở hữu nhà, công trình xây dựng khác phải làm cống ngầm hoặc rãnh thoát nước để đưa nước thải ra nơi quy định, sao cho nước thải không chảy tràn sang bất động sản của chủ sở hữu bất động sản liền kề, ra đường công cộng hoặc nơi sinh hoạt công cộng.

---

**Nội dung quy định:**
Theo Điều 251 của Bộ Luật Dân sự 2015, chủ sở hữu nhà, công trình xây dựng khác có nghĩa vụ phải làm cống ngầm hoặc rãnh thoát nước để đưa nước thải ra nơi quy định. Nước thải không được chảy tràn sang bất động sản của chủ sở hữu bất động sản liền kề, ra đường công cộng hoặc nơi sinh hoạt công cộng.

---

**Phân tích & Hướng dẫn:**
Theo quy định trên, nếu nước thải từ nhà hàng của bạn thoát ra đường công cộng mà không có hệ thống thoát nước phù hợp, bạn cần thực hiện các bước sau:

1. **Xác định Hệ Thống Thoát Nước:** Bạn cần thiết kế và xây dựng hệ thống thoát nước phù hợp. Điều này có thể bao gồm cống ngầm hoặc rãnh thoát nước để đảm bảo nước thải không gây ảnh hưởng đến môi trường xung quanh.

2. **Hạn Chế Thoát Nước:** Theo Điều 252 của Bộ Luật Dân sự 2015, chủ sở hữu có bất động sản có nước chảy qua phải dành một lối cấp, thoát nước thích hợp. Nếu không tuân thủ, người sử dụng lối cấp, thoát nước có thể phải bồi thường thiệt hại nếu gây thiệt hại cho chủ sở hữu bất động sản có nước chảy qua.

3. **Hợp Đồng và Đền Bù:** Nếu bạn sử dụng lối cấp, thoát nước của bất động sản khác, bạn nên ký hợp đồng rõ ràng với chủ sở hữu để xác định trách nhiệm và nghĩa vụ cụ thể. Trong trường hợp này, nếu gây thiệt hại, bạn cần bồi thường cho chủ sở hữu.

4. **Thực Hiện Đúng Quy Định:** K"
syn_1134_1768639269_1,"Tôi là một nhân viên làm việc tại công ty xây dựng. Tháng trước, tôi đã làm thêm giờ rất nhiều nhưng trong bảng kê lương lại không thấy ghi rõ số tiền lương làm thêm. Tôi nên làm gì trong trường hợp này?",Điều 95 - Bộ luật Lao động 2019,True,1.0,0.6012658227848101,"**Căn cứ pháp lý:**
--- [Tài liệu 1] ---
Văn bản: Bộ luật Lao động 2019
Nội dung: Điều 95. Trả lương 1. Người sử dụng lao động trả lương cho người lao động căn cứ vào tiền lương đã thỏa thuận, năng suất lao động và chất lượng thực hiện công việc. 2. Tiền lương ghi trong hợp đồng lao động và tiền lương trả cho người lao động bằng tiền Đồng Việt Nam, trường hợp người lao động là người nước ngoài tại Việt Nam thì có thể bằng ngoại tệ. 3. Mỗi lần trả lương, người sử dụng lao động phải thông báo bảng kê trả lương cho người lao động, trong đó ghi rõ tiền lương, tiền lương làm thêm giờ, tiền lương làm việc vào ban đêm, nội dung và số tiền bị khấu trừ (nếu có).

---

**Nội dung quy định:**
Trong quá trình trả lương, người sử dụng lao động phải thông báo bảng kê trả lương cho người lao động, trong đó phải ghi rõ tiền lương làm thêm giờ, tiền lương làm việc vào ban đêm, và các nội dung liên quan đến tiền lương khác.

---

**Phân tích & Hướng dẫn:**
Theo quy định tại Điều 95 của Bộ Luật Lao động 2019, mỗi lần trả lương, người sử dụng lao động phải thông báo bảng kê trả lương cho người lao động, cụ thể là phải ghi rõ tiền lương, tiền lương làm thêm giờ, tiền lương làm việc vào ban đêm, nội dung và số tiền bị khấu trừ (nếu có). 

Trong trường hợp của bạn, mặc dù đã làm thêm giờ nhưng bảng kê trả lương lại không ghi rõ số tiền lương làm thêm. Đây là một vi phạm về quy định pháp luật. Theo đó, bạn cần thực hiện các bước sau:

1. **Gửi thông báo:** Bạn nên gửi một thông báo đến người quản lý công ty hoặc bộ phận HR yêu cầu bổ sung vào bảng kê lương số tiền lương đã làm thêm. Thông báo này cần ghi rõ thời gian làm thêm, đơn giá tiền lương, và tổng số tiền làm thêm.

2. **Kiểm tra hợp đồng lao động:** Đảm bảo rằng trong hợp đồng lao động của bạn đã thỏa thuận về việc trả lương làm thêm giờ. Nếu chưa có thỏa thuận, bạn cần"
syn_1579_1768642649_2,"Vợ tôi đang gặp rắc rối vì bị một người khác lôi kéo vào việc bán dâm. Nếu tôi muốn bảo vệ cô ấy và tố cáo người đó, liệu có điều gì tôi cần chú ý để không vướng vào trách nhiệm pháp lý?",Điều 328 - Bộ luật Hình sự (Văn bản hợp nhất 2017),True,0.6666666666666666,0.4197802197802198,"**CĂN CỨ PHÁP LUẬT THAM KHẢO:**
--- [Tài liệu 1] ---
Văn bản: Bộ luật Hình sự (Văn bản hợp nhất 2017)
Nội dung: Điều 328. Tội môi giới mại dâm

--- [Tài liệu 2] ---
Văn bản: Bộ luật Hình sự (Văn bản hợp nhất 2017)
Nội dung: Điều 327. Tội chứa mại dâm

---

**CĂN CỨ PHÁP LUẬT THAM KHẢO:**
--- [Tài liệu 3] ---
Văn bản: Bộ luật Hình sự (Văn bản hợp nhất 2017)
Nội dung: Điều 147. Tội sử dụng người dưới 16 tuổi vào mục đích khiêu dâm

---

**CÂU HỎI:**
Vợ tôi đang gặp rắc rối vì bị một người khác lôi kéo vào việc bán dâm. Nếu tôi muốn bảo vệ cô ấy và tố cáo người đó, liệu có điều gì tôi cần chú ý để không vướng vào trách nhiệm pháp lý?

**CĂN CỨ PHÁP LUẬT THAM KHẢO:**
--- [Tài liệu 1] ---
Văn bản: Bộ luật Hình sự (Văn bản hợp nhất 2017)
Nội dung: Điều 328. Tội môi giới mại dâm

---

**Nội dung quy định:**
Theo Điều 328 của Bộ Luật Hình sự, người nào làm trung gian dụ dỗ, dẫn dắt để người khác thực hiện việc mua dâm, bán dâm, thì bị phạt tù từ 06 tháng đến 03 năm. 

---

**PHÂN TÍCH & HƯỚNG DẪN:**
Việc bạn muốn bảo vệ vợ mình và tố cáo người đã lôi kéo cô ấy vào việc bán dâm, nếu bạn chỉ đơn thuần là người làm trung gian nhưng không có hành vi mua bán hay hưởng lợi bất chính từ việc này, thì bạn sẽ không phải chịu trách nhiệm hình sự theo Điều 328. Tuy nhiên, việc làm trung gian cho hành vi mại dâm vẫn có thể vi phạm Điều 147 của Bộ Luật Hình sự về tội ""Sử dụng người"
syn_132_1768628730,"Công ty tôi muốn mua lại 15% cổ phần phổ thông đã bán, liệu điều này có được phép không và cần có quyết định của ai?",Điều 133 - Luật Doanh nghiệp 2020,True,1.0,0.39078341013824885,"**Căn cứ pháp lý:** 
- Điều 133, Luật Doanh nghiệp 2020

**Nội dung quy định:**
Hội đồng quản trị có quyền quyết định mua lại không quá 10% tổng số cổ phần của từng loại đã bán trong thời hạn 12 tháng. Trường hợp khác, việc mua lại cổ phần do Đại hội đồng cổ đông quyết định.

**Phân tích & Hướng dẫn:**
Theo điều 133, Luật Doanh nghiệp 2020, Hội đồng quản trị có quyền quyết định mua lại không quá 10% tổng số cổ phần của từng loại đã bán trong thời hạn 12 tháng. Tuy nhiên, trong trường hợp công ty muốn mua lại 15% cổ phần phổ thông đã bán, điều này vượt quá giới hạn 10% như quy định. 

Trong trường hợp này, do 15% cổ phần phổ thông đã vượt quá 10%, công ty cần phải thông qua quyết định của Đại hội đồng cổ đông để quyết định việc mua lại. 

Do đó, để thực hiện việc mua lại 15% cổ phần phổ thông đã bán, công ty cần phải thông qua quyết định của Đại hội đồng cổ đông. Việc này cũng tuân theo quy định tại Điều 133, Luật Doanh nghiệp 2020 về việc mua lại cổ phần theo quyết định của công ty."
syn_1023_1768638702_1,"Chồng tôi và tôi đã ly thân được 6 tháng. Hiện tại, chúng tôi đang tranh cãi về việc cấp dưỡng cho con gái 8 tuổi của chúng tôi. Chồng tôi muốn tiếp tục cấp dưỡng hàng quý, trong khi tôi lại muốn cấp dưỡng hàng tháng. Nếu chúng tôi không thể thỏa thuận được, tôi có thể yêu cầu Tòa án giải quyết vấn đề này không?",Điều 117 - Luật Hôn nhân và Gia đình 2014,True,1.0,0.5066371681415929,"**Căn cứ pháp lý:**
- Văn bản: Luật Hôn nhân và Gia đình 2014
- Nội dung: Điều 117. Phương thức cấp dưỡng (Điều 116. Mức cấp dưỡng)

**Nội dung quy định:**
Theo Điều 117 của Luật Hôn nhân và Gia đình 2014, việc cấp dưỡng có thể được thực hiện định kỳ hàng tháng, hàng quý, nửa năm, hàng năm hoặc một lần. Điều 116 quy định mức cấp dưỡng do người có nghĩa vụ cấp dưỡng và người được cấp dưỡng hoặc người giám hộ thỏa thuận căn cứ vào thu nhập, khả năng thực tế của người có nghĩa vụ cấp dưỡng và nhu cầu thiết yếu của người được cấp dưỡng. Trường hợp không thỏa thuận được, yêu cầu Tòa án giải quyết.

**Phân tích & Hướng dẫn:**
Theo quy định tại Điều 117, việc cấp dưỡng có thể được thực hiện định kỳ hàng tháng, hàng quý, nửa năm, hàng năm hoặc một lần. Vì vậy, cả hai bạn đều có quyền lựa chọn phương thức cấp dưỡng phù hợp với nhu cầu và khả năng tài chính của cả hai.

Đối với trường hợp bạn muốn cấp dưỡng hàng tháng, chồng bạn muốn cấp dưỡng hàng quý, nếu hai bên không thể thỏa thuận được, theo quy định tại Điều 116, bạn có thể yêu cầu Tòa án giải quyết vấn đề này. Tòa án sẽ xem xét và quyết định phương thức cấp dưỡng phù hợp nhất dựa trên thu nhập, khả năng thực tế của người có nghĩa vụ cấp dưỡng và nhu cầu thiết yếu của người được cấp dưỡng.

Ngoài ra, nếu có lý do chính đáng, mức cấp dưỡng có thể thay đổi, và việc thay đổi mức cấp dưỡng cũng sẽ được Tòa án giải quyết nếu không thỏa thuận được. Do đó, nếu bạn cảm thấy rằng cấp dưỡng hàng tháng sẽ phù hợp hơn với nhu cầu của con bạn, bạn nên mạnh dạn đưa ra yêu cầu này và yêu cầu Tòa án quyết định."
syn_1609_1768642914_1,"Chồng tôi là một quan chức, một lần anh ấy đã nhận quà tặng từ một nhà thầu sau khi ký hợp đồng. Nếu bị phát hiện, anh ấy có thể bị xử lý ra sao?",Điều 358 - Bộ luật Hình sự (Văn bản hợp nhất 2017),False,1.0,0.34995773457311924,"**Căn cứ pháp lý:** 
- Điều 222. Tội vi phạm quy định về đấu thầu gây hậu quả nghiêm trọng - Bộ Luật Hình sự (Văn bản hợp nhất 2017)

**Nội dung quy định:**
Theo Điều 222 của Bộ Luật Hình sự, hành vi nhận quà tặng từ nhà thầu sau khi ký hợp đồng có thể bị coi là vi phạm quy định về đấu thầu gây hậu quả nghiêm trọng nếu thiệt hại từ 100.000.000 đồng đến dưới 300.000.000 đồng hoặc dưới 100.000.000 đồng nhưng đã bị xử lý kỷ luật hoặc xử phạt vi phạm hành chính về hành vi này mà còn vi phạm.

**Phân tích & Hướng dẫn:**
Hành vi của chồng bạn có thể bị coi là vi phạm quy định về đấu thầu gây hậu quả nghiêm trọng. Theo điều này, nếu thiệt hại từ 100.000.000 đồng đến dưới 300.000.000 đồng hoặc dưới 100.000.000 đồng nhưng đã bị xử lý kỷ luật hoặc xử phạt vi phạm hành chính về hành vi này mà còn vi phạm, thì anh ta có thể bị phạt cải tạo không giam giữ đến 03 năm hoặc phạt tù từ 01 năm đến 05 năm.

Để có được một quyết định chính xác, cần xem xét thêm thông tin cụ thể về mức độ thiệt hại, số tiền quà tặng và các yếu tố khác như thời điểm nhận quà, mục đích của việc nhận quà, có dấu hiệu lợi ích nhóm hay không... Tuy nhiên, dựa trên thông tin đã cung cấp, có thể chồng bạn có khả năng phải đối mặt với một số hình thức xử phạt như đã nêu trên.

Lưu ý rằng, việc xác định chính xác mức độ vi phạm và hình phạt cụ thể cần phải được các cơ quan chức năng tiến hành theo quy định của pháp luật."
syn_804_1768633511,"Tôi tham gia một sự kiện thể thao và vô tình làm hỏng xe của một người khác. Nếu có nhiều người khác cũng làm hỏng xe đó, tôi có phải bồi thường cùng với họ không?",Điều 587 - Bộ luật Dân sự 2015,True,0.3333333333333333,0.532030401737242,"**CĂN CỨ PHÁP LUẬT THAM KHẢO:**
---
[Văn bản] Bộ luật Dân sự 2015  
[Nội dung] Điều 587. Bồi thường thiệt hại do nhiều người cùng gây ra  
Trường hợp nhiều người cùng gây thiệt hại thì những người đó phải liên đới bồi thường cho người bị thiệt hại. Trách nhiệm bồi thường của từng người cùng gây thiệt hại được xác định tương ứng với mức độ lỗi của mỗi người; nếu không xác định được mức độ lỗi thì họ phải bồi thường thiệt hại theo phần bằng nhau.

[Văn bản] Bộ luật Dân sự 2015  
[Nội dung] Điều 584. Căn cứ phát sinh trách nhiệm bồi thường thiệt hại  
1. Người nào có hành vi xâm phạm tính mạng, sức khỏe, danh dự, nhân phẩm, uy tín, tài sản, quyền, lợi ích hợp pháp khác của người khác mà gây thiệt hại thì phải bồi thường, trừ trường hợp Bộ luật này, luật khác có liên quan quy định khác. 

2. Người gây thiệt hại không phải chịu trách nhiệm bồi thường thiệt hại trong trường hợp thiệt hại phát sinh là do sự kiện bất khả kháng hoặc hoàn toàn do lỗi của bên bị thiệt hại, trừ trường hợp có thỏa thuận khác hoặc luật có quy định khác. 

3. Trường hợp tài sản gây thiệt hại thì chủ sở hữu, người chiếm hữu tài sản phải chịu trách nhiệm bồi thường thiệt hại, trừ trường hợp thiệt hại phát sinh theo quy định tại khoản 2 Điều này.
---

**CÂU HỎI:**
Tôi tham gia một sự kiện thể thao và vô tình làm hỏng xe của một người khác. Nếu có nhiều người khác cũng làm hỏng xe đó, tôi có phải bồi thường cùng với họ không?

**PHÂN TÍCH VÀ HƯỚNG DẪN:**
Theo Điều 587 của Bộ luật Dân sự 2015, trường hợp nhiều người cùng gây thiệt hại, những người đó phải liên đới bồi thường cho người bị thiệt hại. Điều này nghĩa là bạn và những người khác có thể phải bồi thường chung cho người bị thiệt hại, nhưng trách nhiệm bồi thường sẽ được xác định tương ứng với mức độ lỗi của mỗi người. Nếu không xác định được mức độ lỗi, thì mọi người phải bồi thường"
syn_581_1768632096,"Tôi đang lái xe và vô tình va chạm với xe khác, tôi có phải chịu trách nhiệm dân sự không?",Điều 364 - Bộ luật Dân sự 2015,False,1.0,0.326,"**Căn cứ pháp lý:** 
- [Tài liệu 1] - Điều 351. Trách nhiệm dân sự do vi phạm nghĩa vụ của Bộ Luật Dân sự 2015

**Nội dung quy định:**
1. Bên có nghĩa vụ mà vi phạm nghĩa vụ thì phải chịu trách nhiệm dân sự đối với bên có quyền.
2. Vi phạm nghĩa vụ là việc bên có nghĩa vụ không thực hiện nghĩa vụ đúng thời hạn, thực hiện không đầy đủ nghĩa vụ hoặc thực hiện không đúng nội dung của nghĩa vụ.
3. Trường hợp bên có nghĩa vụ không thực hiện đúng nghĩa vụ do sự kiện bất khả kháng thì không phải chịu trách nhiệm dân sự, trừ trường hợp có thỏa thuận khác hoặc pháp luật có quy định khác.
4. Bên có nghĩa vụ không phải chịu trách nhiệm dân sự nếu chứng minh được nghĩa vụ không thực hiện được là hoàn toàn do lỗi của bên có quyền.

**Phân tích & Hướng dẫn:**
Trong trường hợp bạn là lái xe và vô tình va chạm với xe khác, có thể hiểu rằng bạn đã vi phạm nghĩa vụ khi không tuân thủ quy tắc giao thông và thực hiện không đúng nghĩa vụ về an toàn giao thông. Tuy nhiên, cần phân tích thêm về nguyên nhân và hoàn cảnh cụ thể để đưa ra quyết định cuối cùng.

Theo điều 351 Bộ Luật Dân sự 2015, nếu bạn không chịu trách nhiệm dân sự do vi phạm nghĩa vụ do sự kiện bất khả kháng, bạn cần chứng minh rằng sự cố xảy ra là do yếu tố khách quan không nằm trong khả năng kiểm soát của bạn, như trời mưa to, trơn trượt do đường sá, hoặc bất kỳ yếu tố khác không thuộc vào lỗi của bạn.

Nếu không có sự kiện bất khả kháng và bạn đã vi phạm nghĩa vụ do lỗi của mình, bạn sẽ phải chịu trách nhiệm dân sự về hậu quả do va chạm gây ra. Tuy nhiên, nếu bạn có thể chứng minh rằng sự cố là do lỗi của bên khác (ví dụ: xe khác không chú ý quan sát), hoặc nếu bạn đã cố gắng hết sức để tránh va chạm (như đã dừng lại khi thấy nguy hiểm), thì bạn cũng có thể được miễn trách nhiệm dân sự.

Tóm lại, bạn cần xem xét kỹ nguyên nhân và hoàn cảnh cụ thể của sự cố để đưa ra quyết định phù hợp nhất. Nếu cần, bạn nên"
syn_179_1768629099,Tôi đang là thành viên hợp danh và muốn chuyển nhượng một phần vốn góp của mình cho người ngoài công ty mà không hỏi ý kiến các thành viên khác. Tôi có thể làm như vậy không?,Điều 180 - Luật Doanh nghiệp 2020,True,1.0,0.7060109289617486,"**Căn cứ pháp lý:** 
--- [Tài liệu 1] ---
Văn bản: Luật Doanh nghiệp 2020
Nội dung: Điều 180. Hạn chế quyền đối với thành viên hợp danh

**Nội dung quy định:**
1. Thành viên hợp danh không được làm chủ doanh nghiệp tư nhân;
2. Thành viên hợp danh không được làm thành viên hợp danh của công ty hợp danh khác trừ trường hợp được sự nhất trí của các thành viên hợp danh còn lại;
3. Thành viên hợp danh không được nhân danh cá nhân hoặc nhân danh người khác kinh doanh cùng ngành, nghề kinh doanh của công ty để tư lợi hoặc phục vụ lợi ích của tổ chức, cá nhân khác;
4. Thành viên hợp danh không được chuyển một phần hoặc toàn bộ phần vốn góp của mình tại công ty cho tổ chức, cá nhân khác nếu không được sự chấp thuận của các thành viên hợp danh còn lại.

**Phân tích & Hướng dẫn:**
Theo quy định tại Điều 180 của Luật Doanh nghiệp 2020, bạn không được chuyển một phần hoặc toàn bộ phần vốn góp của mình tại công ty cho tổ chức, cá nhân khác nếu không được sự chấp thuận của các thành viên hợp danh còn lại. Đây là một yêu cầu bắt buộc, không thể vi phạm. 

Vì vậy, nếu bạn muốn chuyển nhượng một phần vốn góp của mình cho người ngoài công ty mà không hỏi ý kiến các thành viên khác, điều này sẽ vi phạm quy định pháp luật và không được phép. Bạn nên cân nhắc kỹ lưỡng trước khi đưa ra quyết định này và cần liên hệ với các thành viên hợp danh còn lại để xem xét và nhất trí về việc này.

Để đảm bảo tuân thủ pháp luật và tránh rủi ro pháp lý, bạn nên tham khảo ý kiến của một chuyên gia tư vấn pháp luật hoặc法律顾问 để được hỗ trợ và hướng dẫn cụ thể hơn trong trường hợp của mình."
syn_207_1768629330,Tôi đã thông qua nghị quyết giải thể công ty nhưng không biết thời hạn tôi phải gửi cho cơ quan đăng ký kinh doanh là bao lâu?,Điều 208 - Luật Doanh nghiệp 2020,True,1.0,0.4251497005988024,"**Căn cứ pháp lý:**
Điều 208 và Điều 209 - Luật Doanh nghiệp 2020

**Nội dung quy định:**
Theo Điều 208 của Luật Doanh nghiệp 2020, việc thông qua nghị quyết giải thể doanh nghiệp phải được thực hiện trong vòng 07 ngày làm việc kể từ ngày thông qua nghị quyết, quyết định giải thể và biên bản họp. Đồng thời, nghị quyết, quyết định giải thể và biên bản họp phải được gửi đến Cơ quan đăng ký kinh doanh, cơ quan thuế, người lao động trong doanh nghiệp. Nếu doanh nghiệp còn nghĩa vụ tài chính chưa thanh toán, thì phải gửi kèm theo nghị quyết, quyết định giải thể và phương án giải quyết nợ đến các chủ nợ, người có quyền, nghĩa vụ và lợi ích có liên quan.

Điều 209 cũng có quy định tương tự về thời hạn gửi thông báo tình trạng doanh nghiệp đang làm thủ tục giải thể lên Cổng thông tin quốc gia về đăng ký doanh nghiệp. Theo đó, thông báo này phải được gửi trong thời hạn 07 ngày làm việc kể từ ngày thông qua nghị quyết, quyết định giải thể và biên bản họp.

**Phân tích & Hướng dẫn:**
Trong trường hợp của bạn, sau khi đã thông qua nghị quyết giải thể công ty, bạn cần gửi thông báo về tình trạng doanh nghiệp đang làm thủ tục giải thể lên Cổng thông tin quốc gia về đăng ký doanh nghiệp trong vòng 07 ngày làm việc kể từ ngày thông qua nghị quyết, quyết định giải thể và biên bản họp. Đây là thời hạn bắt buộc theo quy định của pháp luật.

Việc gửi thông báo này giúp đảm bảo rằng cơ quan đăng ký kinh doanh biết được tình trạng của doanh nghiệp và có thể thực hiện các bước tiếp theo như thông báo lên Cơ sở dữ liệu quốc gia về đăng ký doanh nghiệp nếu doanh nghiệp không nhận được phản đối từ bên liên quan trong thời gian quy định."
syn_679_1768632692,"Tôi định tặng một mảnh đất cho bạn tôi với điều kiện bạn tôi phải giữ gìn đất đai theo đúng quy định của pháp luật. Nếu bạn tôi vi phạm quy định đó, tôi có thể lấy lại mảnh đất không?",Điều 462 - Bộ luật Dân sự 2015,True,0.6666666666666666,0.6490872210953347,"**CĂN CỨ PHÁP LUẬT THAM KHẢO:**
---
**[Tài liệu 1]**
- Văn bản: Bộ luật Dân sự 2015
- Nội dung: Điều 462. Tặng cho tài sản có điều kiện

**Câu hỏi của người dùng:**
Tôi định tặng một mảnh đất cho bạn tôi với điều kiện bạn tôi phải giữ gìn đất đai theo đúng quy định của pháp luật. Nếu bạn tôi vi phạm quy định đó, tôi có thể lấy lại mảnh đất không?

**CĂN CỨ PHÁP LUẬT THAM KHẢO:**
---
**[Tài liệu 1]**
- Văn bản: Bộ luật Dân sự 2015
- Nội dung: Điều 462. Tặng cho tài sản có điều kiện

**Nội dung quy định:**
1. Bên tặng cho có thể yêu cầu bên được tặng cho thực hiện một hoặc nhiều nghĩa vụ trước hoặc sau khi tặng cho. Điều kiện tặng cho không được vi phạm điều cấm của luật, không trái đạo đức xã hội.
2. Trường hợp phải thực hiện nghĩa vụ trước khi tặng cho, nếu bên được tặng cho đã hoàn thành nghĩa vụ mà bên tặng cho không giao tài sản thì bên tặng cho phải thanh toán nghĩa vụ mà bên được tặng cho đã thực hiện.
3. Trường hợp phải thực hiện nghĩa vụ sau khi tặng cho mà bên được tặng cho không thực hiện thì bên tặng cho có quyền đòi lại tài sản và yêu cầu bồi thường thiệt hại.

**Phân tích & Hướng dẫn:**
Theo Điều 462 của Bộ Luật Dân sự 2015, bên tặng cho có quyền yêu cầu bên được tặng cho thực hiện một hoặc nhiều nghĩa vụ trước hoặc sau khi tặng cho. Trong trường hợp bạn tặng đất cho người khác với điều kiện họ phải giữ gìn đất đai theo đúng quy định của pháp luật, nếu người nhận đất không tuân thủ quy định này, bạn có quyền đòi lại mảnh đất theo quy định tại điểm 3 của điều 462, nghĩa là bạn có quyền yêu cầu họ trả lại tài sản và yêu cầu bồi thường thiệt hại nếu đã gây ra thiệt hại.

Tuy nhiên, cần lưu ý rằng quy định này chỉ áp dụng khi bên được tặng cho đã thực hiện nghĩa vụ mà bên tặng cho yêu cầu trước khi tặng cho"
syn_894_1768634099,"Tôi có một chiếc xe hơi đăng ký tại Đà Nẵng, liệu chiếc xe này có được phân loại là động sản không?",Điều 677 - Bộ luật Dân sự 2015,True,0.3333333333333333,0.407202216066482,"**CĂN CỨ PHÁP LUẬT THAM KHẢO:**

- **Tài liệu 1:** Văn bản: Bộ luật Dân sự 2015
  - Nội dung: Điều 677. Phân loại tài sản Việc phân loại tài sản là động sản, bất động sản được xác định theo pháp luật của nước nơi có tài sản.

- **Tài liệu 2:** Văn bản: Bộ luật Dân sự 2015
  - Nội dung: Điều 107. Bất động sản và động sản 1. Bất động sản bao gồm: a) Đất đai; b) Nhà, công trình xây dựng gắn liền với đất đai; c) Tài sản khác gắn liền với đất đai, nhà, công trình xây dựng; d) Tài sản khác theo quy định của pháp luật. 2. Động sản là những tài sản không phải là bất động sản.

- **Tài liệu 3:** Văn bản: Bộ luật Dân sự 2015
  - Nội dung: Điều 106. Đăng ký tài sản 1. Quyền sở hữu, quyền khác đối với tài sản là bất động sản được đăng ký theo quy định của Bộ luật này và pháp luật về đăng ký tài sản. 2. Quyền sở hữu, quyền khác đối với tài sản là động sản không phải đăng ký, trừ trường hợp pháp luật về đăng ký tài sản có quy định khác.

**CÂU HỎI:**
Tôi có một chiếc xe hơi đăng ký tại Đà Nẵng, liệu chiếc xe này có được phân loại là động sản không?

**PHÂN TÍCH VÀ HƯỚNG DẪN:**
Theo Điều 107 của Bộ luật Dân sự 2015, động sản là những tài sản không phải là bất động sản. Xe hơi là một dạng tài sản di chuyển, không gắn liền với bất kỳ phần nào của đất đai hay bất kỳ cấu trúc xây dựng nào, và không thể di chuyển mà không mất đi tính chất của nó. Do đó, xe hơi được coi là một loại tài sản động sản.

Điều này cũng phù hợp với thông tin từ Điều 677 của Bộ luật Dân sự 2015, trong đó quy định việc phân loại tài sản là động sản hoặc bất động sản dựa trên pháp"
syn_400_1768630831,"Tôi đang sử dụng một mảnh đất bỏ hoang trong khu vực gần nhà mà không có ai tranh chấp, nhưng không có giấy tờ chứng minh quyền sở hữu. Liệu việc tôi sử dụng mảnh đất này có được coi là chiếm hữu công khai không?",Điều 183 - Bộ luật Dân sự 2015,True,1.0,0.6020293122886133,"**Căn cứ pháp lý:**
--- [Tài liệu 1] ---
Văn bản: Bộ luật Dân sự 2015
Nội dung: Điều 183. Chiếm hữu công khai 1. Chiếm hữu công khai là việc chiếm hữu được thực hiện một cách minh bạch, không giấu giếm; tài sản đang chiếm hữu được sử dụng theo tính năng, công dụng và được người chiếm hữu bảo quản, giữ gìn như tài sản của chính mình. 2. Việc chiếm hữu không công khai không được coi là căn cứ để suy đoán về tình trạng và quyền của người chiếm hữu được quy định tại Điều 184 của Bộ luật này.

---

**Nội dung quy định:**
Điều 183 của Bộ Luật Dân sự 2015 quy định chi tiết về việc chiếm hữu công khai, trong đó nhấn mạnh rằng chiếm hữu công khai phải được thực hiện một cách minh bạch, không giấu giếm, và tài sản đang chiếm hữu được sử dụng theo tính năng, công dụng và được bảo quản, giữ gìn như tài sản của chính mình.

---

**Phân tích & Hướng dẫn:**
Theo thông tin bạn cung cấp, bạn đang sử dụng một mảnh đất bỏ hoang gần nhà mà không có ai tranh chấp, nhưng không có giấy tờ chứng minh quyền sở hữu. Từ căn cứ pháp lý trên, việc bạn sử dụng mảnh đất này có thể được coi là chiếm hữu công khai nếu tuân thủ các yêu cầu về việc sử dụng minh bạch và bảo quản tài sản như tài sản của chính mình.

Tuy nhiên, để đảm bảo hoàn toàn tính pháp lý, việc bạn muốn xác lập quyền sở hữu cần tuân thủ các quy định về chiếm hữu công khai, theo đó cần duy trì việc sử dụng minh bạch và bảo quản tài sản trong thời gian đủ lâu (10 năm đối với động sản, 30 năm đối với bất động sản). 

Nếu bạn đã duy trì việc sử dụng minh bạch và bảo quản tài sản trong thời gian đủ lâu (10 năm đối với động sản, 30 năm đối với bất động sản), thì theo Điều 236 của Bộ Luật Dân sự 2015, bạn có thể trở thành chủ sở hữu tài sản đó. Tuy"
syn_986_1768634719,"Tôi và vợ tôi sống chung với cha mẹ vợ, nhưng đôi khi tôi cảm thấy họ không tôn trọng ý kiến của tôi. Tôi nên làm gì để có thể cải thiện mối quan hệ này?",Điều 80 - Luật Hôn nhân và Gia đình 2014,True,1.0,0.4785894206549119,"**Căn cứ pháp lý:** 
--- [Tài liệu 1] ---
Văn bản: Luật Hôn nhân và Gia đình 2014
Nội dung: Điều 80. Quyền, nghĩa vụ của con dâu, con rể, cha mẹ vợ, cha mẹ chồng Trong trường hợp con dâu, con rể sống chung với cha mẹ chồng, cha mẹ vợ thì giữa các bên có các quyền, nghĩa vụ tôn trọng, quan tâm, chăm sóc và giúp đỡ nhau theo quy định tại các điều 69, 70, 71 và 72 của Luật này.

**Nội dung quy định:**
Trong trường hợp con dâu, con rể sống chung với cha mẹ chồng, cha mẹ vợ, thì giữa các bên có các quyền, nghĩa vụ tôn trọng, quan tâm, chăm sóc và giúp đỡ nhau theo quy định tại các điều 69, 70, 71 và 72 của Luật này.

**Phân tích & Hướng dẫn:**
Để cải thiện mối quan hệ giữa bạn và cha mẹ vợ, bạn nên nắm bắt các quy định tại Điều 69 của Luật Hôn nhân và Gia đình 2014. Điều này yêu cầu cha mẹ vợ phải thương yêu con dâu, tôn trọng ý kiến của con dâu, chăm lo cho việc học tập và giáo dục con dâu để con dâu phát triển lành mạnh về thể chất, trí tuệ, đạo đức, trở thành người con hiếu thảo của gia đình và công dân có ích cho xã hội. 

Bạn nên trò chuyện với cha mẹ vợ về cảm giác không được tôn trọng và tìm hiểu nguyên nhân. Hãy thể hiện sự tôn trọng và quan tâm đến ý kiến của họ, đồng thời cũng chia sẻ những khó khăn và mong muốn của bạn. Nếu cần thiết, bạn có thể tham khảo ý kiến của luật sư hoặc sử dụng các biện pháp khác để ngăn chặn bất kỳ hành vi vi phạm pháp luật nào.

Hãy nhớ rằng, việc duy trì mối quan hệ hòa thuận giữa bạn và cha mẹ vợ không chỉ giúp cho gia đình hạnh phúc hơn mà còn giúp bạn và vợ của bạn xây dựng một môi trường sống thoải mái, hợp tác và tôn trọng lẫn nhau."
syn_1465_1768641671_2,"Tôi đã có một hợp đồng bảo hiểm lớn cho tài sản của công ty. Nhưng gần đây, tôi nghe nói có người trong công ty mình đã thông đồng với người thụ hưởng để hưởng lợi từ bảo hiểm không hợp pháp. Tôi nên làm gì để bảo vệ công ty và tránh bị pháp luật xử lý?",Điều 213 - Bộ luật Hình sự (Văn bản hợp nhất 2017),True,1.0,0.5244885306881587,"**Căn cứ pháp lý:** Điều 213. Tội gian lận trong kinh doanh bảo hiểm - Bộ luật Hình sự (Văn bản hợp nhất 2017)

**Nội dung quy định:**
Theo Điều 213 của Bộ luật Hình sự, người nào thực hiện một trong các hành vi sau đây, chiếm đoạt tiền bảo hiểm từ 20.000.000 đồng đến dưới 100.000.000 đồng hoặc gây thiệt hại từ 50.000.000 đồng đến dưới 200.000.000 đồng, nếu không thuộc trường hợp quy định tại các điều 174, 353 và 355 của Bộ luật này, thì bị phạt tiền từ 30.000.000 đồng đến 100.000.000 đồng hoặc phạt cải tạo không giam giữ đến 03 năm: 

- Thông đồng với người thụ hưởng quyền lợi bảo hiểm để giải quyết bồi thường bảo hiểm, trả tiền bảo hiểm trái pháp luật;
- Giả mạo tài liệu, cố ý làm sai lệch thông tin để từ chối bồi thường, trả tiền bảo hiểm khi sự kiện bảo hiểm đã xảy ra;
- Giả mạo tài liệu, cố ý làm sai lệch thông tin trong hồ sơ yêu cầu bồi thường, trả tiền bảo hiểm;
- Tự gây thiệt hại về tài sản, sức khỏe của mình để hưởng quyền lợi bảo hiểm, trừ trường hợp luật có quy định khác.

**Phân tích & Hướng dẫn:**

Bước đầu tiên, bạn cần xác minh thông tin về hành vi của người trong công ty mình. Nếu có bằng chứng chắc chắn rằng họ đã thông đồng với người thụ hưởng để giải quyết bồi thường bảo hiểm trái pháp luật, thì đây là dấu hiệu rõ ràng của tội gian lận trong kinh doanh bảo hiểm. 

Để bảo vệ công ty và tránh bị xử lý theo pháp luật, bạn nên thực hiện các bước sau:

1. **Xác minh và ghi nhận thông tin:** Ghi lại tất cả các thông tin liên quan đến hành vi gian lận này, bao gồm thời gian, cách thức, đối tượng và các bằng chứng cụ thể như email, hợp đồng, hồ sơ yêu cầu bồi thường"
syn_603_1768632229,"Tôi đã gửi đề nghị giao kết hợp đồng cho một công ty vào ngày 1 tháng 10 và yêu cầu họ phản hồi trong vòng 10 ngày. Nhưng trong khi chờ phản hồi, tôi đã ký hợp đồng với một công ty khác. Tôi có phải bồi thường cho công ty đầu tiên không?",Điều 386 - Bộ luật Dân sự 2015,True,1.0,0.589881593110872,"**Căn cứ pháp lý:**
---
Văn bản: Bộ luật Dân sự 2015
Nội dung: Điều 386. Đề nghị giao kết hợp đồng 1. Đề nghị giao kết hợp đồng là việc thể hiện rõ ý định giao kết hợp đồng và chịu sự ràng buộc về đề nghị này của bên đề nghị đối với bên đã được xác định hoặc tới công chúng (sau đây gọi chung là bên được đề nghị). 2. Trường hợp đề nghị giao kết hợp đồng có nêu rõ thời hạn trả lời, nếu bên đề nghị lại giao kết hợp đồng với người thứ ba trong thời hạn chờ bên được đề nghị trả lời thì phải bồi thường thiệt hại cho bên được đề nghị mà không được giao kết hợp đồng nếu có thiệt hại phát sinh.
---

**Nội dung quy định:**
Trong trường hợp đề nghị giao kết hợp đồng có nêu rõ thời hạn trả lời, nếu bên đề nghị lại giao kết hợp đồng với người thứ ba trong thời hạn chờ bên được đề nghị trả lời, bên đề nghị phải bồi thường thiệt hại cho bên được đề nghị mà không được giao kết hợp đồng nếu có thiệt hại phát sinh.

**Phân tích & Hướng dẫn:**
Theo quy định tại Điều 386 của Bộ Luật Dân sự 2015, bạn đã gửi đề nghị giao kết hợp đồng cho công ty trong thời hạn mà bạn đã yêu cầu (10 ngày), nhưng trong quá trình chờ phản hồi từ công ty, bạn đã ký hợp đồng với công ty khác. Đây là trường hợp mà bên đề nghị lại giao kết hợp đồng với người thứ ba trong thời hạn chờ bên được đề nghị trả lời.

Theo quy định, nếu bên đề nghị lại giao kết hợp đồng với người thứ ba trong thời hạn chờ bên được đề nghị trả lời, bên đề nghị phải bồi thường thiệt hại cho bên được đề nghị mà không được giao kết hợp đồng nếu có thiệt hại phát sinh. Trong trường hợp này, nếu công ty đầu tiên bị thiệt hại do bạn ký hợp đồng với công ty khác trong thời gian chờ phản hồi, bạn sẽ cần phải bồi thường thiệt hại cho họ.

Do đó, bạn có trách nhiệm bồi thường thiệt hại cho công ty đầu tiên vì hành động của bạn đã vi phạm quy định về đề nghị giao kết hợp đồng và gây thiệt hại cho họ."
syn_819_1768633616,"Tôi đang sống gần một nhà máy sản xuất, và họ thải ra chất thải độc hại khiến nước trong khu vực bị ô nhiễm. Tôi có quyền yêu cầu họ bồi thường thiệt hại không?",Điều 602 - Bộ luật Dân sự 2015,True,0.3333333333333333,0.40168539325842695,"**CĂN CỨ PHÁP LUẬT THAM KHẢO:**
---
[Văn bản 1]: Bộ luật Dân sự 2015
[Nội dung]: Điều 602. Bồi thường thiệt hại do làm ô nhiễm môi trường
---
[Văn bản 2]: Bộ luật Dân sự 2015
[Nội dung]: Điều 170. Quyền yêu cầu bồi thường thiệt hại
---
[Văn bản 3]: Bộ luật Dân sự 2015
[Nội dung]: Điều 585. Nguyên tắc bồi thường thiệt hại

**CĂN CỨ PHÁP LUẬT THAM KHẢO:**
---

**CÂU HỎI:**
Tôi đang sống gần một nhà máy sản xuất, và họ thải ra chất thải độc hại khiến nước trong khu vực bị ô nhiễm. Tôi có quyền yêu cầu họ bồi thường thiệt hại không?

**CĂN CỨ PHÁP LUẬT THAM KHẢO:**
---
[Văn bản 1]: Bộ luật Dân sự 2015
[Nội dung]: Điều 602. Bồi thường thiệt hại do làm ô nhiễm môi trường
---
[Văn bản 2]: Bộ luật Dân sự 2015
[Nội dung]: Điều 170. Quyền yêu cầu bồi thường thiệt hại
---
[Văn bản 3]: Bộ luật Dân sự 2015
[Nội dung]: Điều 585. Nguyên tắc bồi thường thiệt hại

**PHÂN TÍCH & HƯỚNG DẪN:**

Theo Điều 602 của Bộ luật Dân sự 2015, ""Chủ thể làm ô nhiễm môi trường mà gây thiệt hại thì phải bồi thường theo quy định của pháp luật, kể cả trường hợp chủ thể đó không có lỗi."" Điều này xác định rõ rằng bất kỳ cá nhân hoặc tổ chức nào gây ô nhiễm môi trường đều phải chịu trách nhiệm bồi thường thiệt hại cho những người bị ảnh hưởng.

Mặt khác, theo Điều 170 của cùng văn bản luật, ""Chủ sở hữu, chủ thể có quyền khác đối với tài sản có quyền yêu cầu người có hành vi xâm phạm quyền sở hữu, quyền khác đối với tài sản bồi thường thiệt hại."" Điều này cho thấy rằng người"
syn_1072_1768638951_0,"Tôi đang làm việc tại một công ty tư nhân và muốn yêu cầu sửa đổi hợp đồng lao động của mình để có thêm quyền lợi, nhưng sếp tôi không đồng ý. Tôi đã thông báo cho sếp về yêu cầu này nhưng không nhận được phản hồi. Tôi nên làm gì trong trường hợp này?",Điều 33 - Bộ luật Lao động 2019,True,1.0,0.41898864809081526,"**Căn cứ pháp lý:**
---
**Căn cứ pháp lý:**
---
[Văn bản]: Bộ luật Lao động 2019 - [Tên văn bản luật]
---

**Nội dung quy định:**
---
**Nội dung quy định:**
---
[Trích dẫn chính xác nội dung điều luật áp dụng]
---

**Phân tích & Hướng dẫn:**
---
**Phân tích & Hướng dẫn:**
---
Bằng việc trích dẫn từ Bộ Luật Lao động 2019, chúng ta thấy rằng bên lao động (trong trường hợp này là bạn) có quyền yêu cầu sửa đổi hợp đồng lao động, nhưng điều này phải dựa trên nguyên tắc thỏa thuận giữa hai bên. Theo Điều 33 của Bộ Luật Lao động 2019, bên lao động cần báo trước cho sếp về yêu cầu sửa đổi, bổ sung nội dung hợp đồng ít nhất 03 ngày làm việc và chỉ có thể tiến hành sửa đổi, bổ sung thông qua việc ký kết phụ lục hợp đồng lao động hoặc giao kết hợp đồng lao động mới. Trường hợp không đạt được thỏa thuận, thì hợp đồng sẽ tiếp tục thực hiện theo nội dung ban đầu.

Trong trường hợp bạn đã báo cáo sếp về yêu cầu sửa đổi hợp đồng và không nhận được phản hồi, bạn có thể áp dụng quy định từ Bộ Luật Dân sự 2015 để yêu cầu sửa đổi hợp đồng. Theo Điều 420 của Bộ Luật Dân sự 2015, nếu hoàn cảnh thay đổi cơ bản, bên có lợi ích bị ảnh hưởng có quyền yêu cầu bên kia đàm phán lại hợp đồng trong một thời hạn hợp lý. Nếu không đạt được thỏa thuận, bên đó có thể yêu cầu Tòa án quyết định việc sửa đổi hợp đồng.

Tuy nhiên, cần lưu ý rằng bạn phải chứng minh rằng hoàn cảnh thay đổi cơ bản đã xảy ra và ảnh hưởng nghiêm trọng đến lợi ích của bạn. Bạn cũng nên đảm bảo rằng việc yêu cầu sửa đổi hợp đồng không vi phạm quy định tại Điều 417 của Bộ Luật Dân sự 2015, theo đó không được sửa đổi hoặc hủy bỏ hợp đồng vì lợi ích của người thứ ba, ngoại trừ khi người thứ ba đã đồng ý hưởng lợi ích.

Cuối cùng, bạn nên tìm kiếm sự hỗ trợ từ một chuyên gia tư vấn pháp luật"
syn_951_1768634477,Tôi đã có một khoản nợ cá nhân trước khi kết hôn. Liệu khoản nợ này có phải là nghĩa vụ riêng của tôi hay không?,Điều 45 - Luật Hôn nhân và Gia đình 2014,True,0.3333333333333333,0.5951557093425607,"**CĂN CỨ PHÁP LUẬT THAM KHẢO:**
---
**Tài liệu 1:** 
Văn bản: Luật Hôn nhân và Gia đình 2014
Nội dung: Điều 45. Nghĩa vụ riêng về tài sản của vợ, chồng

**Tài liệu 2:** 
Văn bản: Luật Hôn nhân và Gia đình 2014
Nội dung: Điều 43. Tài sản riêng của vợ, chồng

**Tài liệu 3:** 
Văn bản: Luật Hôn nhân và Gia đình 2014
Nội dung: Điều 37. Nghĩa vụ chung về tài sản của vợ chồng

---

**CÂU HỎI:**
Tôi đã có một khoản nợ cá nhân trước khi kết hôn. Liệu khoản nợ này có phải là nghĩa vụ riêng của tôi hay không?

**PHÂN TÍCH & HƯỚNG DẪN:**

Theo Điều 43 của Luật Hôn nhân và Gia đình năm 2014, tài sản riêng của vợ, chồng gồm tài sản mà mỗi người có trước khi kết hôn. Từ đó, khoản nợ cá nhân mà bạn đã có trước khi kết hôn hoàn toàn nằm trong danh mục tài sản riêng của bạn.

Điều 45 của cùng văn bản luật quy định rằng vợ, chồng có các nghĩa vụ riêng về tài sản sau đây: 1. Nghĩa vụ của mỗi bên vợ, chồng có trước khi kết hôn; 2. Nghĩa vụ phát sinh từ việc chiếm hữu, sử dụng, định đoạt tài sản riêng, trừ trường hợp nghĩa vụ phát sinh trong việc bảo quản, duy trì, tu sửa tài sản riêng của vợ, chồng theo quy định tại khoản 4 Điều 44 hoặc quy định tại khoản 4 Điều 37 của Luật này; 3. Nghĩa vụ phát sinh từ giao dịch do một bên xác lập, thực hiện không vì nhu cầu của gia đình; 4. Nghĩa vụ phát sinh từ hành vi vi phạm pháp luật của vợ, chồng.

Khoản nợ cá nhân mà bạn đã có trước khi kết hôn rõ ràng là tài sản riêng của bạn theo Điều 43, và từ đó, nó tự nhiên trở thành nghĩa vụ riêng của bạn theo Điều 45. 

Ngoài ra, khoản nợ"
syn_546_1768631853,"Tôi thuê một chiếc xe máy để phục vụ công việc và đã ký cược 5 triệu đồng. Tuy nhiên, tôi không thể trả lại xe đúng hạn vì lý do cá nhân. Vậy tôi có mất khoản tiền ký cược này không?",Điều 329 - Bộ luật Dân sự 2015,True,1.0,0.5833333333333334,"**Căn cứ pháp lý:** [Tên điều luật] - [Tên văn bản luật]

**Nội dung quy định:**
Theo Điều 329 của Bộ Luật Dân sự 2015, ký cược là việc bên thuê tài sản là động sản (trong trường hợp này là xe máy) giao cho bên cho thuê một khoản tiền (kể cả tài sản ký cược) trong một thời hạn để bảo đảm việc trả lại tài sản thuê. Nếu bên thuê không trả lại tài sản thuê, bên cho thuê có quyền đòi lại tài sản thuê. Nếu tài sản thuê không còn để trả lại, tài sản ký cược thuộc về bên cho thuê.

**Phân tích & Hướng dẫn:**
Trong trường hợp của bạn, bạn đã ký cược 5 triệu đồng với một chiếc xe máy và không thể trả lại xe đúng hạn. Theo quy định của Bộ Luật Dân sự 2015, nếu bên thuê không trả lại tài sản thuê, bên cho thuê có quyền đòi lại tài sản thuê. Trong trường hợp tài sản thuê không còn để trả lại, tài sản ký cược sẽ thuộc về bên cho thuê.

Điều này nghĩa là bạn sẽ không còn được giữ lại khoản tiền ký cược 5 triệu đồng của mình. Bên cho thuê có quyền yêu cầu bạn trả lại số tiền ký cược đó."
syn_1193_1768639621_2,"Công ty chúng tôi đang gặp một số sự cố kỹ thuật khó khăn mà không có chuyên gia nào ở Việt Nam có thể xử lý. Nếu chúng tôi mời một chuyên gia nước ngoài vào Việt Nam trong thời gian dưới 03 tháng để xử lý vấn đề, liệu họ có cần giấy phép lao động không?",Điều 154 - Bộ luật Lao động 2019,True,1.0,0.8172757475083057,"**Căn cứ pháp lý:**
--- [Tài liệu 1] ---
Văn bản: Bộ luật Lao động 2019
Nội dung: Điều 154. Người lao động nước ngoài làm việc tại Việt Nam không thuộc diện cấp giấy phép lao động 1. Là chủ sở hữu hoặc thành viên góp vốn của công ty trách nhiệm hữu hạn có giá trị góp vốn theo quy định của Chính phủ. 2. Là Chủ tịch Hội đồng quản trị hoặc thành viên Hội đồng quản trị của công ty cổ phần có giá trị góp vốn theo quy định của Chính phủ. 3. Là Trưởng văn phòng đại diện, dự án hoặc chịu trách nhiệm chính về hoạt động của tổ chức quốc tế, tổ chức phi chính phủ nước ngoài tại Việt Nam. 4. Vào Việt Nam với thời hạn dưới 03 tháng để thực hiện chào bán dịch vụ. 5. Vào Việt Nam với thời hạn dưới 03 tháng để xử lý sự cố, tình huống kỹ thuật, công nghệ phức tạp nảy sinh làm ảnh hưởng hoặc có nguy cơ ảnh hưởng tới sản xuất, kinh doanh mà các chuyên gia Việt Nam và các chuyên gia nước ngoài hiện đang ở Việt Nam không xử lý được. 6. Là luật sư nước ngoài đã được cấp Giấy phép hành nghề luật sư tại Việt Nam theo quy định của Luật Luật sư. 7. Trường hợp theo quy định của điều ước quốc tế mà nước Cộng hòa xã hội chủ nghĩa Việt Nam là thành viên. 8. Người nước ngoài kết hôn với người Việt Nam và sinh sống trên lãnh thổ Việt Nam. 9. Trường hợp khác theo quy định của Chính phủ.

**Nội dung quy định:**
Điều 154 quy định rõ rằng nếu người lao động nước ngoài vào Việt Nam với thời hạn dưới 03 tháng để xử lý sự cố, tình huống kỹ thuật, công nghệ phức tạp nảy sinh làm ảnh hưởng hoặc có nguy cơ ảnh hưởng tới sản xuất, kinh doanh mà các chuyên gia Việt Nam và các chuyên gia nước ngoài hiện đang ở Việt Nam không xử lý được, thì họ không cần phải cấp giấy phép lao động.

**Phân tích & Hướng dẫn:**
Theo quy định trên, nếu công ty của bạn mời một chuyên gia nước ngoài vào Việt Nam trong thời hạn dưới 03 tháng để xử lý sự cố kỹ thuật phức tạp,"
syn_943_1768634420,Tôi và vợ tôi đang có một khoản nợ chung từ việc mua nhà. Nếu vợ tôi không chịu trả nợ thì tôi có phải chịu trách nhiệm không?,Điều 37 - Luật Hôn nhân và Gia đình 2014,False,1.0,0.3258928571428571,"**Căn cứ pháp lý:** 
Điều 450. Mua bán quyền tài sản - Bộ luật Dân sự 2015

**Nội dung quy định:**
1. Trường hợp mua bán quyền tài sản thì bên bán phải chuyển giấy tờ và làm thủ tục chuyển quyền sở hữu cho bên mua, bên mua phải trả tiền cho bên bán.
2. Trường hợp quyền tài sản là quyền đòi nợ và bên bán cam kết bảo đảm khả năng thanh toán của người mắc nợ thì bên bán phải liên đới chịu trách nhiệm thanh toán, nếu khi đến hạn mà người mắc nợ không trả.

**Phân tích & Hướng dẫn:**
Theo Điều 450 của Bộ luật Dân sự 2015, trường hợp mua bán quyền tài sản, nếu bên bán cam kết bảo đảm khả năng thanh toán của người mắc nợ và người mắc nợ không trả nợ khi đến hạn, bên bán sẽ liên đới chịu trách nhiệm thanh toán. 

Trong trường hợp này, nếu bạn và vợ bạn đã mua nhà thông qua việc mua bán quyền tài sản (như quyền đòi nợ từ người mắc nợ), và trong quá trình này vợ bạn cam kết bảo đảm khả năng thanh toán của người mắc nợ, thì theo quy định, bạn (bên mua) sẽ phải liên đới chịu trách nhiệm thanh toán nếu người mắc nợ không trả nợ.

Do đó, nếu vợ bạn không chịu trả nợ, bạn cần phải liên hệ với bên bán (đối tác mua nhà) để yêu cầu họ liên đới thanh toán, dựa trên cam kết bảo đảm khả năng thanh toán mà vợ bạn đã đưa ra. Nếu bên bán không thực hiện nghĩa vụ của mình, bạn cũng có thể cần phải tìm cách bảo vệ quyền lợi của mình thông qua thủ tục pháp lý như khởi kiện ra tòa, theo quy định của Luật Hôn nhân và Gia đình 2014 và Bộ luật Dân sự 2015."
syn_477_1768631386,Tôi có một tài sản mà tôi muốn cho một người bạn hưởng dụng trong 20 năm. Tôi có cần phải lập hợp đồng gì không và thời hạn này có hợp lệ không?,Điều 260 - Bộ luật Dân sự 2015,True,0.0,0.5498839907192574,"**CĂN CỨ PHÁP LUẬT THAM KHẢO:**
--- [Tài liệu 1] ---
Văn bản: Bộ luật Dân sự 2015
Nội dung: Điều 260. Thời hạn của quyền hưởng dụng 1. Thời hạn của quyền hưởng dụng do các bên thỏa thuận hoặc do luật quy định nhưng tối đa đến hết cuộc đời của người hưởng dụng đầu tiên nếu người hưởng dụng là cá nhân và đến khi pháp nhân chấm dứt tồn tại nhưng tối đa 30 năm nếu người hưởng dụng đầu tiên là pháp nhân. 2. Người hưởng dụng có quyền cho thuê quyền hưởng dụng trong thời hạn quy định tại khoản 1 Điều này.

--- [Tài liệu 2] ---
Văn bản: Bộ luật Dân sự 2015
Nội dung: Điều 455. Hợp đồng trao đổi tài sản 1. Hợp đồng trao đổi tài sản là sự thỏa thuận giữa các bên, theo đó các bên giao tài sản và chuyển quyền sở hữu đối với tài sản cho nhau. 2. Hợp đồng trao đổi tài sản phải được lập thành văn bản, có công chứng, chứng thực hoặc đăng ký, nếu pháp luật có quy định. 3. Trường hợp một bên trao đổi cho bên kia tài sản không thuộc quyền sở hữu của mình hoặc không được chủ sở hữu ủy quyền thì bên kia có quyền hủy bỏ hợp đồng và yêu cầu bồi thường thiệt hại. 4. Mỗi bên đều được coi là người bán đối với tài sản giao cho bên kia và là người mua đối với tài sản nhận về. Các quy định về hợp đồng mua bán từ Điều 430 đến Điều 439, từ Điều 441 đến Điều 449 và Điều 454 của Bộ luật này cũng được áp dụng đối với hợp đồng trao đổi tài sản.

--- [Tài liệu 3] ---
Văn bản: Bộ luật Dân sự 2015
Nội dung: Điều 494. Hợp đồng mượn tài sản Hợp đồng mượn tài sản là sự thỏa thuận giữa các bên, theo đó bên cho mượn giao tài sản cho bên mượn để sử dụng trong một thời hạn mà không phải trả tiền, bên mượn phải trả lại tài"
syn_706_1768632859,"Gia đình tôi đang thuê một ngôi nhà để ở, nhưng tôi muốn tổ chức một buổi tiệc lớn tại đó mà không báo trước cho chủ nhà. Điều này có hợp lệ không?",Điều 489 - Bộ luật Dân sự 2015,False,0.3333333333333333,0.38717067583046966,"**CĂN CỨ PHÁP LUẬT THAM KHẢO:**
---
**[Tài liệu 1]**
Văn bản: Bộ luật Dân sự 2015
Nội dung: Điều 492. Đơn phương chấm dứt thực hiện hợp đồng thuê khoán
1. Trường hợp một bên đơn phương chấm dứt thực hiện hợp đồng thì phải báo cho bên kia biết trước một thời gian hợp lý; nếu thuê khoán theo thời vụ hoặc theo chu kỳ khai thác thì thời hạn báo trước phải phù hợp với thời vụ hoặc chu kỳ khai thác.
2. Trường hợp bên thuê khoán vi phạm nghĩa vụ mà việc khai thác đối tượng thuê khoán là nguồn sống duy nhất của bên thuê khoán và việc tiếp tục thuê khoán không làm ảnh hưởng nghiêm trọng đến lợi ích của bên cho thuê khoán thì bên cho thuê khoán không được đơn phương chấm dứt thực hiện hợp đồng; bên thuê khoán phải cam kết với bên cho thuê khoán không được tiếp tục vi phạm hợp đồng.

**[Tài liệu 2]**
Văn bản: Bộ luật Dân sự 2015
Nội dung: Điều 474. Thời hạn thuê
1. Thời hạn thuê do các bên thỏa thuận; nếu không có thỏa thuận thì được xác định theo mục đích thuê.
2. Trường hợp các bên không thỏa thuận về thời hạn thuê và thời hạn thuê không thể xác định được theo mục đích thuê thì mỗi bên có quyền chấm dứt hợp đồng bất cứ lúc nào, nhưng phải thông báo cho bên kia trước một thời gian hợp lý.

**[Tài liệu 3]**
Văn bản: Bộ luật Dân sự 2015
Nội dung: Điều 472. Hợp đồng thuê tài sản
Hợp đồng thuê tài sản là sự thỏa thuận giữa các bên, theo đó bên cho thuê giao tài sản cho bên thuê để sử dụng trong một thời hạn, bên thuê phải trả tiền thuê. Hợp đồng thuê nhà ở, hợp đồng thuê nhà để sử dụng vào mục đích khác được thực hiện theo quy định của Bộ luật này, Luật nhà ở và quy định khác của pháp luật có liên quan.

---

**PHÂN TÍCH VÀ HƯỚNG DẪN:**

Theo Điều 474 của Bộ luật"
syn_1522_1768642132_2,Tôi đã thấy một người bạn điều động một tài xế không đủ điều kiện điều khiển tàu và gây ra thiệt hại lớn về tài sản trong một vụ tai nạn. Đó có phải là một hành vi phạm tội không và người đó sẽ bị xử lý ra sao?,Điều 270 - Bộ luật Hình sự (Văn bản hợp nhất 2017),True,0.6666666666666666,0.7739065974796145,"**Căn cứ pháp lý:**
--- [Tài liệu 1] ---
Văn bản: Bộ luật Hình sự (Văn bản hợp nhất 2017)
Nội dung: Điều 270. Tội điều động người không đủ điều kiện điều khiển phương tiện giao thông đường sắt

**Nội dung quy định:**
1. Người nào điều động người không có giấy phép lái tàu hoặc người đang trong tình trạng có sử dụng rượu, bia mà trong máu hoặc hơi thở có nồng độ cồn vượt quá mức quy định, có sử dụng chất ma túy, chất kích thích mạnh khác hoặc không đủ các điều kiện khác theo quy định của pháp luật điều khiển phương tiện giao thông đường sắt gây thiệt hại cho người khác thuộc một trong các trường hợp sau đây hoặc đã bị xử lý kỷ luật hoặc xử phạt vi phạm hành chính về hành vi này mà còn vi phạm, thì bị phạt tiền từ 30.000.000 đồng đến 100.000.000 đồng, phạt cải tạo không giam giữ đến 03 năm hoặc phạt tù từ 01 năm đến 05 năm: a) Làm chết người; b) Gây thương tích hoặc gây tổn hại cho sức khỏe của 01 người mà tỷ lệ tổn thương cơ thể 61% trở lên; c) Gây thương tích hoặc gây tổn hại cho sức khỏe của 02 người trở lên mà tổng tỷ lệ tổn thương cơ thể của những người này từ 61% đến 121%; d) Gây thiệt hại về tài sản từ 100.000.000 đồng đến dưới 500.000.000 đồng.

2. Phạm tội thuộc một trong các trường hợp sau đây, thì bị phạt tù từ 03 năm đến 10 năm: a) Làm chết 02 người; b) Gây thương tích hoặc gây tổn hại cho sức khỏe của 02 người trở lên mà tổng tỷ lệ tổn thương cơ thể của những người này từ 122% đến 200%; c) Gây thiệt hại về tài sản từ 500.000.000 đồng đến dưới 1.500.000.000 đồng.

3. Phạm tội thuộc một trong các trường hợp sau đây, thì"
syn_1312_1768640400_0,Tôi có một người bạn bị cáo buộc phạm tội nhưng anh ấy đã tự nguyện bồi thường cho nạn nhân. Liệu việc này có thể giúp giảm nhẹ hình phạt cho anh ấy không?,Điều 51 - Bộ luật Hình sự (Văn bản hợp nhất 2017),True,1.0,0.4113181504485852,"**Căn cứ pháp lý:** 
- Điều 51 và Điều 84, Bộ luật Hình sự (Văn bản hợp nhất 2017)

**Nội dung quy định:**  
- Điều 51 quy định về các tình tiết giảm nhẹ trách nhiệm hình sự cho cá nhân, trong đó có điểm a): ""Người phạm tội đã ngăn chặn hoặc làm giảm bớt tác hại của tội phạm"".
- Điều 84 quy định về các tình tiết giảm nhẹ trách nhiệm hình sự cho pháp nhân thương mại, trong đó có điểm b): ""Tự nguyện sửa chữa, bồi thường thiệt hại hoặc khắc phục hậu quả"".

**Phân tích & Hướng dẫn:**
Theo quy định tại Điều 51 của Bộ luật Hình sự năm 2015 (văn bản hợp nhất), việc tự nguyện bồi thường thiệt hại cho nạn nhân có thể coi là một tình tiết giảm nhẹ trách nhiệm hình sự đối với cá nhân phạm tội. Điều này được quy định tại điểm a) của điều 51, cụ thể là ""Người phạm tội đã ngăn chặn hoặc làm giảm bớt tác hại của tội phạm"". 

Tương tự, Điều 84 cũng quy định về các tình tiết giảm nhẹ trách nhiệm hình sự đối với pháp nhân thương mại, trong đó điểm b) nói đến ""Tự nguyện sửa chữa, bồi thường thiệt hại hoặc khắc phục hậu quả"". 

Vì vậy, trong trường hợp của người bạn của bạn, việc anh ấy đã tự nguyện bồi thường thiệt hại cho nạn nhân có thể coi là một tình tiết giảm nhẹ trách nhiệm hình sự. Tuy nhiên, để đảm bảo rằng tình tiết này được coi là giảm nhẹ trách nhiệm hình sự, anh ấy cần phải chứng minh hành động này bằng cách cung cấp bằng chứng đầy đủ và hợp lệ. Việc này bao gồm hồ sơ, chứng từ chứng minh anh ấy đã thực hiện bồi thường, đồng thời ghi rõ lý do giảm nhẹ trong bản án.

Ngoài ra, anh ấy nên tìm kiếm sự hỗ trợ của một chuyên gia tư vấn pháp luật để đảm bảo rằng tất cả các quy định đều được tuân thủ và tình tiết giảm nhẹ được áp dụng một cách chính xác."
syn_140_1768628786,"Tôi là cổ đông của một tổ chức và muốn biết cách yêu cầu sửa đổi thông tin sai lệch trong danh sách cổ đông, tôi phải làm gì?",Điều 141 - Luật Doanh nghiệp 2020,True,1.0,0.45517241379310347,"**Căn cứ pháp lý:**
Điều 141 và Điều 115, Luật Doanh nghiệp 2020

**Nội dung quy định:**
Điều 141 của Luật Doanh nghiệp 2020 quy định về danh sách cổ đông có quyền dự họp Đại hội đồng cổ đông, trong đó quy định rằng ""cổ đông có quyền kiểm tra, tra cứu, trích lục, sao chép tên và địa chỉ liên lạc của cổ đông trong danh sách cổ đông có quyền dự họp Đại hội đồng cổ đông; yêu cầu sửa đổi thông tin sai lệch hoặc bổ sung thông tin cần thiết về mình trong danh sách cổ đông có quyền dự họp Đại hội đồng cổ đông."" Điều 115, cũng trong Luật Doanh nghiệp 2020, quy định về quyền của cổ đông phổ thông, trong đó nêu rõ ""cổ đông hoặc nhóm cổ đông sở hữu từ 05% tổng số cổ phần phổ thông trở lên hoặc một tỷ lệ khác nhỏ hơn theo quy định tại Điều lệ công ty có quyền sau đây: a) Xem xét, tra cứu, trích lục thông tin về tên và địa chỉ liên lạc trong danh sách cổ đông có quyền biểu quyết.""

**Phân tích & Hướng dẫn:**
Theo quy định trên, bạn, như một cổ đông, có quyền yêu cầu sửa đổi thông tin sai lệch trong danh sách cổ đông. Để thực hiện yêu cầu này, bạn cần tuân theo các bước sau:

1. **Yêu cầu sửa đổi thông tin:** Bạn cần gửi một yêu cầu bằng văn bản tới người quản lý công ty. Yêu cầu này nên bao gồm đầy đủ thông tin cá nhân hoặc thông tin liên quan đến tổ chức của bạn, bao gồm họ, tên, địa chỉ liên lạc, quốc tịch, số giấy tờ pháp lý và thông tin về số lượng cổ phần và thời điểm đăng ký cổ phần.

2. **Thông tin cần cung cấp:** Theo Điều 141 của Luật Doanh nghiệp 2020, thông tin cần cung cấp bao gồm họ, tên, địa chỉ liên lạc, quốc tịch, số giấy tờ pháp lý của cá nhân đối với cổ đông là cá nhân; tên, mã số doanh nghiệp hoặc số giấy tờ pháp lý của tổ chức, địa chỉ trụ sở chính đối với cổ đông là tổ chức; số lượng cổ phần từng loại"
syn_1445_1768641521_0,"Tôi là chủ một cửa hàng thực phẩm, gần đây tôi phát hiện một nhân viên đã bán hàng giả mà tôi không hề biết. Tôi có thể bị xử lý như thế nào?",Điều 193 - Bộ luật Hình sự (Văn bản hợp nhất 2017),True,1.0,0.3878020713463751,"**Căn cứ pháp lý:** Điều 193, Điều 192 và Điều 195 - Bộ luật Hình sự (Văn bản hợp nhất 2017)

**Nội dung quy định:**
Theo Điều 193 của Bộ luật Hình sự, nếu cá nhân hoặc pháp nhân thương mại sản xuất, buôn bán hàng giả là lương thực, thực phẩm, phụ gia thực phẩm, họ sẽ bị phạt tù từ 2 năm đến 5 năm. Tuy nhiên, nếu vi phạm thuộc một trong các trường hợp đặc biệt quy định tại các điểm a, b, c, d, e, g, h, i và k khoản 2 Điều 193, họ sẽ bị phạt tù từ 5 năm đến 10 năm. Trường hợp nghiêm trọng hơn, họ có thể bị phạt tù từ 10 năm đến 15 năm, từ 15 năm đến 20 năm hoặc tù chung thân.

Điều 192 cũng quy định về tội sản xuất, buôn bán hàng giả. Nếu vi phạm thuộc một trong các trường hợp quy định tại điểm a, b, c, d, e, g, h, i và k khoản 2 Điều 192, họ sẽ bị phạt tù từ 5 năm đến 10 năm. Trường hợp nghiêm trọng hơn, họ có thể bị phạt tù từ 7 năm đến 15 năm, từ 10 năm đến 15 năm hoặc từ 15 năm đến 20 năm.

Điều 195 quy định về tội sản xuất, buôn bán hàng giả là thức ăn dùng để chăn nuôi, phân bón, thuốc thú y, thuốc bảo vệ thực vật, giống cây trồng, giống vật nuôi. Nếu vi phạm thuộc một trong các trường hợp quy định tại điểm a, b, c, d, e, f, g, h, i và k khoản 2 Điều 195, họ sẽ bị phạt tù từ 5 năm đến 15 năm. Trường hợp nghiêm trọng hơn, họ có thể bị phạt tù từ 10 năm đến 15 năm, từ 15 năm đến 20 năm hoặc từ 15 năm đến 20 năm.

**Phân tích & Hướng dẫn:**
Trong trường hợp của bạn, nếu nhân viên đã bán hàng giả mà bạn không biết, bạn có thể không phải chịu trách nhiệm hình sự"
syn_685_1768632726,Công ty tôi đang cân nhắc vay 500 triệu đồng và muốn biết lãi suất tối đa mà chúng tôi có thể thỏa thuận là bao nhiêu?,Điều 468 - Bộ luật Dân sự 2015,True,1.0,0.4919908466819222,"**Căn cứ pháp lý:** 
- [Tài liệu 1] - Văn bản: Bộ luật Dân sự 2015  
- [Tài liệu 3] - Văn bản: Bộ luật Dân sự 2015

**Nội dung quy định:**
- Theo Điều 468 của Bộ luật Dân sự 2015, lãi suất vay do các bên thỏa thuận. Trong trường hợp thỏa thuận về lãi suất, lãi suất không được vượt quá 20% so với khoản tiền vay.
- Điều 466 của Bộ luật Dân sự 2015 quy định rằng nếu vay không có lãi, bên vay phải trả tiền lãi theo mức lãi suất quy định tại khoản 2 Điều 468 của Bộ luật này.

**Phân tích & Hướng dẫn:**
Theo điều 468 của Bộ luật Dân sự 2015, lãi suất vay không vượt quá 20% so với khoản tiền vay. Do đó, lãi suất tối đa mà công ty bạn có thể thỏa thuận là 20% trên tổng số tiền vay là 500 triệu đồng. 

Đối với trường hợp không có lãi, theo Điều 466, lãi suất sẽ là 20% của khoản vay, tương đương 100 triệu đồng trong trường hợp này.

Tuy nhiên, cần lưu ý rằng, nếu có thỏa thuận về lãi suất vượt quá 20% so với khoản vay, mức lãi suất vượt quá không có hiệu lực. Đồng thời, nếu thỏa thuận về lãi suất không được xác định rõ, theo Điều 468, lãi suất sẽ được xác định là 50% mức lãi suất giới hạn quy định tại khoản 1 Điều này.

Vì vậy, để đảm bảo tuân thủ quy định pháp luật và tránh rủi ro pháp lý, công ty nên thỏa thuận lãi suất không vượt quá 20% so với khoản vay. Nếu muốn lãi suất cao hơn, công ty cần có thỏa thuận cụ thể và được thông qua bởi cả hai bên."
syn_1625_1768643068_2,Tôi biết một người bạn đã bị bức cung và dẫn đến sai lệch kết quả điều tra. Họ đã làm cho bạn tôi phải nhận tội mà không có bằng chứng. Tôi muốn biết điều này có thể bị xử lý như thế nào theo luật pháp?,Điều 374 - Bộ luật Hình sự (Văn bản hợp nhất 2017),True,0.6666666666666666,0.8345323741007193,"**Căn cứ pháp lý:**
--- [Tài liệu 1] ---
Văn bản: Bộ luật Hình sự (Văn bản hợp nhất 2017)
Nội dung: Điều 374. Tội bức cung 1. Người nào trong hoạt động tố tụng mà sử dụng thủ đoạn trái pháp luật ép buộc người bị lấy lời khai, người bị hỏi cung phải khai ra thông tin liên quan đến vụ án, vụ việc, thì bị phạt tù từ 06 tháng đến 03 năm. 2. Phạm tội thuộc một trong những trường hợp sau đây, thì bị phạt tù từ 02 năm đến 07 năm: a) Phạm tội 02 lần trở lên; b) Đối với 02 người trở lên; c) Đối với người dưới 18 tuổi, phụ nữ mà biết là có thai, người già yếu, người khuyết tật nặng hoặc khuyết tật đặc biệt nặng; d) Dùng nhục hình hoặc đối xử tàn bạo, hạ nhục nhân phẩm người bị lấy lời khai, người bị hỏi cung; e) Dùng thủ đoạn tinh vi, xảo quyệt; f) Dẫn đến làm sai lệch kết quả khởi tố, điều tra, truy tố, xét xử; g) Ép buộc người bị lấy lời khai, người bị hỏi cung phải khai sai sự thật. 3. Phạm tội thuộc một trong các trường hợp sau đây, thì bị phạt tù từ 07 năm đến 12 năm: a) Làm người bị bức cung tự sát; b) Dẫn đến bỏ lọt tội phạm ít nghiêm trọng hoặc tội phạm nghiêm trọng; người thực hiện tội phạm ít nghiêm trọng hoặc tội phạm nghiêm trọng. 4. Phạm tội thuộc một trong các trường hợp sau đây, thì bị phạt tù từ 12 năm đến 20 năm hoặc tù chung thân: a) Làm người bị bức cung chết; b) Dẫn đến làm oan người vô tội; c) Dẫn đến bỏ lọt tội phạm rất nghiêm trọng hoặc tội phạm đặc biệt nghiêm trọng; người thực hiện tội phạm rất nghiêm trọng hoặc tội phạm đặc biệt nghiêm trọng. 5. Người phạm tội còn bị cấm đảm nhiệm chức vụ, cấm hành nghề từ 01 năm đến 05 năm.

---

**Nội dung quy định:**
Điều 3"
syn_1106_1768639118_1,Chồng tôi làm việc ở một công ty xây dựng và họ thường xuyên làm thêm giờ mà không được bồi thường. Tôi đang lo lắng về sức khoẻ của anh ấy. Chúng tôi có thể yêu cầu thương lượng về điều gì để đảm bảo quyền lợi và sức khoẻ cho chồng tôi?,Điều 67 - Bộ luật Lao động 2019,True,1.0,0.6999002991026919,"**Căn cứ pháp lý:**
--- [Tài liệu 1] ---
Văn bản: Bộ luật Lao động 2019
Nội dung: Điều 67. Nội dung thương lượng tập thể Các bên thương lượng lựa chọn một hoặc một số nội dung sau để tiến hành thương lượng tập thể: 1. Tiền lương, trợ cấp, nâng lương, thưởng, bữa ăn và các chế độ khác; 2. Mức lao động và thời giờ làm việc, thời giờ nghỉ ngơi, làm thêm giờ, nghỉ giữa ca; 3. Bảo đảm việc làm đối với người lao động; 4. Bảo đảm an toàn, vệ sinh lao động; thực hiện nội quy lao động; 5. Điều kiện, phương tiện hoạt động của tổ chức đại diện người lao động; mối quan hệ giữa người sử dụng lao động và tổ chức đại diện người lao động; 6. Cơ chế, phương thức phòng ngừa, giải quyết tranh chấp lao động; 7. Bảo đảm bình đẳng giới, bảo vệ thai sản, nghỉ hằng năm; phòng, chống bạo lực và quấy rối tình dục tại nơi làm việc; 8. Nội dung khác mà một hoặc các bên quan tâm.

---

**Nội dung quy định:**
Theo Điều 67 của Bộ luật Lao động 2019, các bên có thể thương lượng về thời giờ làm việc, thời giờ nghỉ ngơi, làm thêm giờ, nghỉ giữa ca, bảo đảm an toàn, vệ sinh lao động, thực hiện nội quy lao động, bảo đảm việc làm, bảo vệ sức khỏe, nghỉ hằng năm, phòng, chống bạo lực và quấy rối tình dục tại nơi làm việc.

---

**Phân tích & Hướng dẫn:**
Theo quy định tại Điều 67 của Bộ luật Lao động 2019, các bên có thể thương lượng về thời giờ làm việc, thời giờ nghỉ ngơi, làm thêm giờ, nghỉ giữa ca, bảo đảm an toàn, vệ sinh lao động, thực hiện nội quy lao động, bảo đảm việc làm, bảo vệ sức khỏe, nghỉ hằng năm, phòng, chống bạo lực và quấy rối tình dục tại nơi làm việc. 

Trong trường hợp của bạn, chồng bạn đang phải làm việc nhiều giờ làm thêm mà không được bồi thường. Điều này có thể vi phạm các quy định"
syn_572_1768632018,Nếu tài sản tôi đã thực hiện nghĩa vụ có nguy cơ bị hư hỏng thì tôi có quyền bán tài sản đó không?,Điều 355 - Bộ luật Dân sự 2015,True,1.0,0.6385426653883031,"**Căn cứ pháp lý:**
- Điều 355 Bộ Luật Dân sự 2015

**Nội dung quy định:**
1. Chậm tiếp nhận việc thực hiện nghĩa vụ là khi đến thời hạn thực hiện nghĩa vụ mà bên có nghĩa vụ đã thực hiện nhưng bên có quyền không tiếp nhận việc thực hiện nghĩa vụ đó.
2. Trường hợp chậm tiếp nhận đối tượng của nghĩa vụ là tài sản thì bên có nghĩa vụ có thể gửi tài sản tại nơi nhận gửi giữ tài sản hoặc áp dụng biện pháp cần thiết khác để bảo quản tài sản và có quyền yêu cầu thanh toán chi phí hợp lý.
3. Đối với tài sản có nguy cơ bị hư hỏng thì bên có nghĩa vụ có quyền bán tài sản đó và phải thông báo ngay cho bên có quyền, trả cho bên có quyền khoản tiền thu được từ việc bán tài sản sau khi trừ chi phí hợp lý để bảo quản và bán tài sản đó.

**Phân tích & Hướng dẫn:**
Theo quy định tại Điều 355 của Bộ Luật Dân sự 2015, trường hợp tài sản có nguy cơ bị hư hỏng, bên có nghĩa vụ (trong trường hợp này là bạn) có quyền bán tài sản đó. Đây là quyền được pháp luật bảo vệ để đảm bảo lợi ích cho bên có nghĩa vụ khi tài sản có nguy cơ mất mát.

Đặc biệt, Điều 355 nêu rõ rằng bên có nghĩa vụ có quyền bán tài sản có nguy cơ bị hư hỏng và phải thông báo ngay cho bên có quyền. Đồng thời, bên có nghĩa vụ cũng có quyền yêu cầu thanh toán chi phí hợp lý để bảo quản tài sản trước khi bán.

Trong trường hợp bạn đã thực hiện nghĩa vụ và tài sản có nguy cơ bị hư hỏng, bạn hoàn toàn có quyền thực hiện việc bán tài sản đó. Bạn cần thông báo ngay cho bên có quyền (có thể là người sở hữu tài sản hoặc người có quyền sử dụng tài sản) về hành động này, đồng thời cũng phải bồi thường cho họ chi phí hợp lý để bảo quản tài sản trước khi bán.

Kết luận, bạn có quyền bán tài sản có nguy cơ bị hư hỏng, nhưng cần tuân thủ đầy đủ các quy định pháp luật về việc thông báo và bồi thường chi phí hợp lý."
syn_1528_1768642186_0,"Tôi đang có ý định cho một người bạn không có bằng lái điều khiển thuyền của tôi trong một chuyến đi câu. Tôi lo lắng nếu như người bạn đó làm hỏng thuyền hoặc gây tai nạn, tôi có thể gặp rắc rối pháp lý nào không?",Điều 276 - Bộ luật Hình sự (Văn bản hợp nhất 2017),True,0.6666666666666666,0.743682310469314,"**Căn cứ pháp lý:**
Điều 276. Tội giao cho người không đủ điều kiện điều khiển phương tiện giao thông đường thủy - Bộ luật Hình sự (Văn bản hợp nhất 2017)

**Nội dung quy định:**
1. Người nào giao cho người không có bằng, giấy chứng nhận khả năng chuyên môn, chứng chỉ chuyên môn theo quy định hoặc người đang trong tình trạng có sử dụng rượu, bia mà trong máu hoặc hơi thở có nồng độ cồn vượt quá mức quy định, có sử dụng chất ma túy, chất kích thích mạnh khác hoặc không đủ các điều kiện khác theo quy định của pháp luật điều khiển phương tiện giao thông đường thủy gây thiệt hại cho người khác thuộc một trong các trường hợp sau đây hoặc đã bị xử lý kỷ luật, xử phạt vi phạm hành chính về hành vi này hoặc đã bị kết án về tội này, chưa được xóa án tích mà còn vi phạm, thì bị phạt tiền từ 30.000.000 đồng đến 100.000.000 đồng, phạt cải tạo không giam giữ đến 03 năm hoặc phạt tù từ 06 tháng đến 03 năm: a) Làm chết người; b) Gây thương tích hoặc gây tổn hại cho sức khỏe của 01 người mà tỷ lệ tổn thương cơ thể 61% trở lên; c) Gây thương tích hoặc gây tổn hại cho sức khỏe của 02 người trở lên mà tổng tỷ lệ tổn thương cơ thể của những người này từ 61% đến 121%; d) Gây thiệt hại về tài sản từ 100.000.000 đồng đến dưới 500.000.000 đồng.
2. Phạm tội thuộc một trong các trường hợp sau đây, thì bị phạt tù từ 03 năm đến 10 năm: a) Làm chết 02 người; b) Gây thương tích hoặc gây tổn hại cho sức khỏe của 02 người trở lên mà tổng tỷ lệ tổn thương cơ thể của những người này từ 122% đến 200%; c) Gây thiệt hại về tài sản từ 500.000.000 đồng đến dưới 1.500.000.000 đồng"
syn_290_1768630080,"Tôi là con của một người đã bị tuyên bố là chết cách đây 10 năm, nhưng gần đây tôi nhận được tin tức xác thực cho thấy ông ấy còn sống. Tôi phải làm gì để hủy bỏ quyết định tuyên bố chết của ông ấy?",Điều 73 - Bộ luật Dân sự 2015,True,1.0,0.6184419713831478,"**Căn cứ pháp lý:**
---
**Nội dung quy định:**
---
**Điều 73 của Bộ Luật Dân sự 2015** quy định về việc hủy bỏ quyết định tuyên bố chết. Theo điều này, khi một người bị tuyên bố là đã chết trở về hoặc có tin tức xác thực là người đó còn sống, theo yêu cầu của người đó hoặc của người có quyền, lợi ích liên quan, Tòa án sẽ ra quyết định hủy bỏ quyết định tuyên bố người đó là đã chết. 

Điều 73 cũng nêu rõ rằng, quan hệ nhân thân của người bị tuyên bố là đã chết được khôi phục khi Tòa án ra quyết định hủy bỏ quyết định tuyên bố người đó là đã chết, trừ trường hợp sau đây: a) Vợ hoặc chồng của người bị tuyên bố là đã chết đã được Tòa án cho ly hôn theo quy định tại khoản 2 Điều 68 của Bộ Luật này thì quyết định cho ly hôn vẫn có hiệu lực pháp luật; b) Vợ hoặc chồng của người bị tuyên bố là đã chết đã kết hôn với người khác thì việc kết hôn đó vẫn có hiệu lực pháp luật.

**Phân tích & Hướng dẫn:**

Theo thông tin bạn cung cấp, bạn là con của một người đã bị tuyên bố là chết cách đây 10 năm và gần đây bạn nhận được tin tức xác thực cho thấy ông ấy còn sống. Trong trường hợp này, bạn cần thực hiện các bước sau:

1. **Yêu cầu Hủy bỏ Quyết Định Tuyên Bố Chết:** Bạn cần lập một đơn yêu cầu gửi đến Tòa án nơi ông ấy bị tuyên bố là đã chết. Đơn yêu cầu này nên nêu rõ lý do và căn cứ cho việc hủy bỏ quyết định tuyên bố chết, như việc bạn nhận được tin tức xác thực là ông ấy còn sống.

2. **Thủ tục Yêu Cầu:** Việc yêu cầu này cần được thực hiện theo thủ tục quy định tại Điều 73 của Bộ Luật Dân sự 2015. Bạn cần chuẩn bị đầy đủ các giấy tờ và thông tin cần thiết, bao gồm giấy tờ chứng minh mối quan hệ cha con, bằng chứng xác thực là ông ấy đã trở về hoặc có tin tức xác thực là còn sống, v.v.

3. **Giữ Gìn Quan Hệ Nhân Thân:** Theo điều"
syn_791_1768633415,"Tôi đã sửa chữa mái nhà cho bà cụ sống gần nhà mà bà không yêu cầu, liệu tôi có thể yêu cầu bà trả tiền cho tôi không?",Điều 574 - Bộ luật Dân sự 2015,False,0.6666666666666666,0.323785803237858,"**CĂN CỨ PHÁP LUẬT THAM KHẢO:**
---
- **Tài liệu 1:** Bộ luật Dân sự 2015 - Điều 447. Quyền yêu cầu bảo hành
- **Tài liệu 2:** Bộ luật Dân sự 2015 - Điều 448. Sửa chữa vật trong thời hạn bảo hành
- **Tài liệu 3:** Bộ luật Dân sự 2015 - Điều 582. Quyền yêu cầu người thứ ba hoàn trả

**Nội dung quy định:**
Theo Điều 447 của Bộ Luật Dân sự 2015, trong thời hạn bảo hành, nếu bên mua (bà cụ) phát hiện được khuyết tật của vật mua bán (mái nhà), họ có quyền yêu cầu bên bán (người sửa chữa) sửa chữa không phải trả tiền, giảm giá, đổi vật có khuyết tật lấy vật khác hoặc trả lại vật và lấy lại tiền.

Điều 448 cũng quy định về việc sửa chữa vật trong thời hạn bảo hành, bao gồm cả việc bên bán phải chịu chi phí về sửa chữa và vận chuyển vật đến nơi sửa chữa và từ nơi sửa chữa đến nơi cư trú hoặc trụ sở của bên mua.

**Phân tích & Hướng dẫn:**
Trong trường hợp này, bạn đã sửa chữa mái nhà cho bà cụ mà bà cụ không yêu cầu. Theo Điều 447 và Điều 448 của Bộ Luật Dân sự 2015, nếu bạn đã thực hiện sửa chữa mà không cần bên mua (bà cụ) yêu cầu, bà cụ có quyền yêu cầu bạn hoàn thành việc sửa chữa trong thời hạn do các bên thỏa thuận hoặc trong một thời gian hợp lý. Nếu bà cụ không thể hoàn thành việc sửa chữa trong thời hạn đó hoặc không thể hoàn thành việc sửa chữa, bà cụ có quyền yêu cầu giảm giá, đổi vật có khuyết tật lấy vật khác hoặc trả lại vật và lấy lại tiền.

Tuy nhiên, trong trường hợp này, bà cụ không yêu cầu bạn hoàn thành việc sửa chữa. Theo Điều 582 của Bộ Luật Dân sự 2015, nếu người thứ ba (trong trường hợp này là bạn) đã giao tài sản cho người thứ ba (trong trường hợp này là bà cụ)"
syn_1232_1768639862_1,"Vợ chồng tôi đang làm việc tại cùng một công ty và có tranh chấp với ban lãnh đạo về điều kiện làm việc. Nếu chúng tôi yêu cầu Hội đồng trọng tài lao động giải quyết tranh chấp, chúng tôi có phải đợi đến khi Hội đồng ra quyết định không?",Điều 193 - Bộ luật Lao động 2019,True,1.0,0.44830307813733233,"**Căn cứ pháp lý:**
- Điều 189, Điều 193 và Điều 197 - Bộ luật Lao động 2019

**Nội dung quy định:**
- Điều 189 quy định về giải quyết tranh chấp lao động cá nhân.
- Điều 193 quy định về giải quyết tranh chấp lao động tập thể về quyền.
- Điều 197 quy định về giải quyết tranh chấp lao động tập thể về lợi ích.

**Phân tích & Hướng dẫn:**
Theo quy định tại Điều 189, Điều 193 và Điều 197 của Bộ Luật Lao động 2019, nếu vợ chồng bạn yêu cầu Hội đồng trọng tài lao động giải quyết tranh chấp, bạn không cần chờ đợi đến khi Hội đồng ra quyết định. Theo quy định, khi yêu cầu Hội đồng trọng tài lao động giải quyết tranh chấp, các bên không được đồng thời yêu cầu Tòa án giải quyết, trừ trường hợp quy định tại khoản 4 Điều này (trong trường hợp hết thời hạn quy định mà Hội đồng trọng tài lao động không ra quyết định).

Trong trường hợp này, nếu quá thời hạn quy định mà Hội đồng trọng tài lao động không ra quyết định, các bên có quyền yêu cầu Tòa án giải quyết tranh chấp. Tuy nhiên, việc yêu cầu Tòa án chỉ xảy ra khi Hội đồng trọng tài lao động không ra quyết định sau thời hạn quy định.

Vì vậy, nếu bạn và người đồng nghiệp yêu cầu Hội đồng trọng tài lao động giải quyết tranh chấp, bạn không cần phải đợi đến khi Hội đồng ra quyết định. Bạn có quyền yêu cầu Tòa án giải quyết tranh chấp ngay sau khi quá thời hạn quy định mà Hội đồng trọng tài lao động không ra quyết định."
syn_728_1768633003,Nếu một trong những thành viên không đồng ý cho tôi gia nhập hợp đồng hợp tác thì tôi có thể làm gì?,Điều 511 - Bộ luật Dân sự 2015,True,1.0,0.34643734643734647,"**Căn cứ pháp lý:**
---
**Nội dung quy định:**
---
Điều 510, Bộ Luật Dân sự 2015 quy định về việc rút khỏi hợp đồng hợp tác. Theo đó, thành viên có quyền rút khỏi hợp đồng hợp tác nếu thỏa mãn các điều kiện cụ thể:

1. Theo điều kiện đã thỏa thuận trong hợp đồng hợp tác.
2. Có lý do chính đáng và được sự đồng ý của hơn một nửa tổng số thành viên hợp tác.

---

**Phân tích & Hướng dẫn:**

Theo thông tin bạn cung cấp, bạn đang muốn gia nhập vào một hợp đồng hợp tác nhưng một trong những thành viên không đồng ý cho bạn gia nhập. Đây là trường hợp mà quy định của pháp luật yêu cầu phải được sự đồng ý của hơn một nửa tổng số thành viên hợp tác mới có thể thực hiện hành động đó.

Dựa trên Điều 510, Bộ Luật Dân sự 2015, bạn cần phải làm như sau:

1. **Kiểm tra Điều kiện:** Xác minh xem có thỏa thuận nào trong hợp đồng hợp tác quy định về việc gia nhập hay không. Nếu có, bạn cần tuân thủ các điều kiện đó.

2. **Đồng Ý Từ Hơn Một Nửa Tổng Số Thành Viên:** Bạn cần phải thuyết phục hơn một nửa tổng số thành viên hợp tác chấp thuận cho bạn gia nhập. Điều này có thể đòi hỏi bạn phải thuyết phục, thương lượng hoặc thậm chí phải đưa ra một giải pháp thay thế nào đó để thuyết phục họ.

3. **Thực hiện theo Điều 511, Bộ Luật Dân sự 2015:** Nếu sau khi thuyết phục thành công hơn một nửa tổng số thành viên hợp tác, bạn sẽ có quyền gia nhập hợp đồng hợp tác đó.

Nếu bạn đã thực hiện đúng theo quy định và vẫn chưa được chấp thuận, bạn cần phải tiếp tục nỗ lực thuyết phục hoặc tìm hiểu xem có bất kỳ rào cản pháp lý nào khác có thể ngăn cản bạn gia nhập hợp đồng hợp tác đó không.

Hãy nhớ rằng, trong bất kỳ trường hợp nào, việc tham gia vào hợp đồng hợp tác đều cần phải tuân thủ đầy đủ các quy định của pháp luật, đảm bảo quyền và lợi ích hợp pháp của cả bên tham gia."
syn_1381_1768640998_0,"Tôi là một bác sĩ phẫu thuật, trong một ca phẫu thuật tôi đã vô ý làm một bệnh nhân tử vong vì một sai sót nhỏ. Tôi rất hoang mang không biết mình có thể bị phạt như thế nào và có khả năng nào tôi sẽ bị cấm hành nghề không?",Điều 129 - Bộ luật Hình sự (Văn bản hợp nhất 2017),True,1.0,0.5571095571095571,"**Căn cứ pháp lý:** 
Điều 129. Tội vô ý làm chết người do vi phạm quy tắc nghề nghiệp hoặc quy tắc hành chính - Bộ luật Hình sự (Văn bản hợp nhất 2017)

**Nội dung quy định:**
1. Người nào vô ý làm chết người do vi phạm quy tắc nghề nghiệp hoặc quy tắc hành chính, thì bị phạt tù từ 01 năm đến 05 năm.
2. Phạm tội làm chết 02 người trở lên, thì bị phạt tù từ 05 năm đến 12 năm.
3. Người phạm tội còn có thể bị cấm đảm nhiệm chức vụ, cấm hành nghề hoặc làm công việc nhất định từ 01 năm đến 05 năm.

**Phân tích & Hướng dẫn:**

Theo quy định tại Điều 129 của Bộ luật Hình sự, nếu bác sĩ phẫu thuật vô ý làm chết bệnh nhân do vi phạm quy tắc nghề nghiệp hoặc quy tắc hành chính, bác sĩ sẽ bị phạt tù từ 01 năm đến 05 năm. 

Trong trường hợp này, bác sĩ đã vô ý làm chết bệnh nhân, nên bác sĩ sẽ phải chịu hình phạt tù từ 01 năm đến 05 năm. Đây là mức phạt tối thiểu được quy định cho tội vô ý làm chết người do vi phạm quy tắc nghề nghiệp hoặc quy tắc hành chính.

Việc bác sĩ có khả năng bị cấm hành nghề hay không phụ thuộc vào một số yếu tố khác, như mức độ nghiêm trọng của lỗi, thái độ nhận thức và hành vi sau khi xảy ra sự cố, và quyết định của tòa án. Tuy nhiên, dựa trên quy định hiện hành, bác sĩ sẽ phải chịu trách nhiệm hình sự về hành vi vô ý làm chết người và có thể bị cấm đảm nhiệm chức vụ, cấm hành nghề hoặc làm công việc nhất định từ 01 năm đến 05 năm.

Bác sĩ nên tìm kiếm sự tư vấn của luật sư để hiểu rõ hơn về các quyền lợi và nghĩa vụ cụ thể liên quan đến hình phạt và hậu quả pháp lý."
syn_1446_1768641528_1,"Chồng tôi vừa bị công an bắt vì sản xuất thuốc giả. Nếu hàng hóa này có giá trị 600 triệu đồng, mức phạt tù mà chồng tôi có thể phải nhận là gì?",Điều 194 - Bộ luật Hình sự (Văn bản hợp nhất 2017),True,1.0,0.32605905006418484,"**Căn cứ pháp lý:** Điều 194, Điều 195 và Điều 192, Bộ Luật Hình sự (Văn bản hợp nhất 2017)

**Nội dung quy định:**
Theo Điều 194, nếu hàng giả tương đương với số lượng hàng thật hoặc hàng hóa có cùng tính năng kỹ thuật, công dụng trị giá từ 150.000.000 đồng đến dưới 500.000.000 đồng, thì người phạm tội sẽ bị phạt tù từ 05 năm đến 12 năm. Điều 195 quy định tương tự, nhưng với hàng giả trị giá từ 150.000.000 đồng đến dưới 500.000.000 đồng, người phạm tội sẽ bị phạt tù từ 05 năm đến 10 năm. Điều 192 cũng áp dụng mức phạt tương tự cho trường hợp này, với hàng giả trị giá từ 30.000.000 đồng đến dưới 150.000.000 đồng, người phạm tội sẽ bị phạt tù từ 05 năm đến 10 năm.

**Phân tích & Hướng dẫn:**
Trong trường hợp của chồng bạn, hàng hóa bị phát hiện có giá trị 600 triệu đồng, nằm trong phạm vi từ 150.000.000 đồng đến dưới 500.000.000 đồng. Theo Điều 194, Điều 195 và Điều 192 của Bộ Luật Hình sự, nếu hàng giả có giá trị như vậy, người phạm tội sẽ bị phạt tù từ 05 năm đến 12 năm. 

Như vậy, mức phạt tù mà chồng bạn có thể phải nhận là từ 05 năm đến 12 năm tù."
syn_434_1768631080,"Gia đình tôi cùng sở hữu một căn nhà, nhưng hiện tại chúng tôi không thể thống nhất về việc cho thuê hay sử dụng căn nhà đó. Tôi có thể làm gì để đảm bảo quyền lợi của mình?",Điều 217 - Bộ luật Dân sự 2015,False,0.6666666666666666,0.37239868565169765,"**Căn cứ pháp lý:**
--- [Tài liệu 1] ---
Văn bản: Bộ luật Dân sự 2015
Nội dung: Điều 478. Nghĩa vụ bảo đảm quyền sử dụng tài sản cho bên thuê 1. Bên cho thuê phải bảo đảm quyền sử dụng tài sản ổn định cho bên thuê. 2. Trường hợp có tranh chấp về quyền sở hữu đối với tài sản thuê mà bên thuê không được sử dụng tài sản ổn định thì bên thuê có quyền đơn phương chấm dứt thực hiện hợp đồng và yêu cầu bồi thường thiệt hại.

--- [Tài liệu 2] ---
Văn bản: Bộ luật Dân sự 2015
Nội dung: Điều 212. Sở hữu chung của các thành viên gia đình 1. Tài sản của các thành viên gia đình cùng sống chung gồm tài sản do các thành viên đóng góp, cùng nhau tạo lập nên và những tài sản khác được xác lập quyền sở hữu theo quy định của Bộ luật này và luật khác có liên quan. 2. Việc chiếm hữu, sử dụng, định đoạt tài sản chung của các thành viên gia đình được thực hiện theo phương thức thỏa thuận. Trường hợp định đoạt tài sản là bất động sản, động sản có đăng ký, tài sản là nguồn thu nhập chủ yếu của gia đình phải có sự thỏa thuận của tất cả các thành viên gia đình là người thành niên có năng lực hành vi dân sự đầy đủ, trừ trường hợp luật có quy định khác. Trường hợp không có thỏa thuận thì áp dụng quy định về sở hữu chung theo phần được quy định tại Bộ luật này và luật khác có liên quan, trừ trường hợp quy định tại Điều 213 của Bộ luật này.

**Phân tích & Hướng dẫn:**

Theo Điều 478 của Bộ Luật Dân sự 2015, khi có tranh chấp về quyền sở hữu đối với tài sản thuê, nếu bên thuê không được sử dụng tài sản ổn định, họ có quyền đơn phương chấm dứt thực hiện hợp đồng và yêu cầu bồi thường thiệt hại. Điều này có nghĩa là, nếu gia đình bạn đang gặp khó khăn trong việc thống nhất về việc cho thuê hoặc sử dụng căn nhà, bạn có thể đơn phương chấm dứt hợp đồng thuê nhà và yêu cầu bồi thường thiệt hại nếu đã được thuê ổn định."
syn_4_1768627743,Doanh nghiệp của tôi gặp khó khăn tài chính và có thể cần trưng mua tài sản để đảm bảo hoạt động. Tôi có thể nhận được bồi thường như thế nào nếu Nhà nước trưng mua tài sản của tôi?,Điều 5 - Luật Doanh nghiệp 2020,True,1.0,0.6317689530685919,"**Căn cứ pháp lý:** 
Điều 5, Luật Doanh nghiệp 2020 - Luật Doanh nghiệp 2020

**Nội dung quy định:**
1. Nhà nước công nhận sự tồn tại lâu dài và phát triển của các loại hình doanh nghiệp được quy định tại Luật này.
2. Nhà nước công nhận và bảo hộ quyền sở hữu tài sản, vốn đầu tư, thu nhập, quyền và lợi ích hợp pháp khác của doanh nghiệp và chủ sở hữu doanh nghiệp.
3. Tài sản và vốn đầu tư hợp pháp của doanh nghiệp và chủ sở hữu doanh nghiệp không bị quốc hữu hóa, không bị tịch thu bằng biện pháp hành chính.
4. Trường hợp thật cần thiết, Nhà nước trưng mua hoặc trưng dụng tài sản của doanh nghiệp thì được thanh toán, bồi thường theo quy định của pháp luật về trưng mua, trưng dụng tài sản. Việc thanh toán, bồi thường phải bảo đảm lợi ích của doanh nghiệp và không phân biệt đối xử giữa các loại hình doanh nghiệp.

**Phân tích & Hướng dẫn:**
Theo quy định tại Điều 5 của Luật Doanh nghiệp 2020, trong trường hợp Nhà nước cần trưng mua tài sản của doanh nghiệp, tài sản và vốn đầu tư hợp pháp của doanh nghiệp sẽ được thanh toán, bồi thường theo quy định của pháp luật về trưng mua, trưng dụng tài sản. Việc thanh toán, bồi thường phải bảo đảm lợi ích của doanh nghiệp và không phân biệt đối xử giữa các loại hình doanh nghiệp.

Tuy nhiên, theo Điều 163 của Bộ luật Dân sự 2015, trường hợp thật cần thiết vì lý do quốc phòng, an ninh hoặc vì lợi ích quốc gia, tình trạng khẩn cấp, phòng chống thiên tai, Nhà nước trưng mua hoặc trưng dụng tài sản có bồi thường tài sản của tổ chức, cá nhân theo giá thị trường. Điều này có nghĩa là nếu doanh nghiệp của bạn cần được trưng mua tài sản của bạn vì lý do quốc phòng, an ninh hoặc vì lợi ích quốc gia, tình trạng khẩn cấp, phòng chống thiên tai, bạn sẽ nhận được bồi thường theo giá thị trường.

Tuy nhiên, trong trường hợp thông thường (không liên quan đến lý do quốc phòng, an ninh hoặc lợi ích quốc gia"
syn_539_1768631798,"Tôi đã thế chấp một tài sản cho ngân hàng, nhưng giờ tôi muốn lấy lại giấy tờ sau khi đã thanh toán nợ. Tôi cần làm gì?",Điều 322 - Bộ luật Dân sự 2015,True,1.0,0.45467224546722457,"**Căn cứ pháp lý:**
---
Văn bản: Bộ luật Dân sự 2015
Nội dung: Điều 322. Nghĩa vụ của bên nhận thế chấp

**Nội dung quy định:**
1. Trả các giấy tờ cho bên thế chấp sau khi chấm dứt thế chấp đối với trường hợp các bên thỏa thuận bên nhận thế chấp giữ giấy tờ liên quan đến tài sản thế chấp.

**Phân tích & Hướng dẫn:**
Theo Điều 322 của Bộ Luật Dân sự 2015, nếu bạn và bên thế chấp (ngân hàng) đã thỏa thuận rằng bên nhận thế chấp (bạn) sẽ giữ giấy tờ liên quan đến tài sản thế chấp, thì sau khi nghĩa vụ bảo đảm bằng thế chấp được chấm dứt, bạn có nghĩa vụ trả lại giấy tờ đó cho bên thế chấp (ngân hàng).

Trong trường hợp này, bạn cần thực hiện các bước sau:

1. **Đảm bảo thỏa thuận**: Đảm bảo rằng bạn và bên thế chấp (ngân hàng) đã thỏa thuận về việc bạn giữ giấy tờ liên quan đến tài sản thế chấp. Nếu thỏa thuận chưa được rõ ràng, bạn nên yêu cầu ngân hàng xác nhận lại hoặc thay đổi thỏa thuận.

2. **Trả giấy tờ**: Sau khi nghĩa vụ bảo đảm bằng thế chấp được chấm dứt (như hoàn thành thanh toán nợ), bạn cần trả lại tất cả giấy tờ liên quan đến tài sản thế chấp cho ngân hàng. 

3. **Ghi nhận sự kiện**: Bạn nên ghi nhận sự kiện này bằng cách lập biên bản hoặc gửi thông báo chính thức cho ngân hàng để đảm bảo rằng bạn đã thực hiện đúng nghĩa vụ.

Nhớ rằng, trong quá trình thực hiện, bạn nên giữ gìn và lưu trữ các giấy tờ liên quan đến quá trình thế chấp và thanh toán để tránh tranh chấp trong tương lai."
syn_476_1768631381,Tôi có thỏa thuận với người cho tôi hưởng dụng một phần tài sản nhưng không ghi rõ thời gian. Liệu quyền hưởng dụng của tôi vẫn có hiệu lực không?,Điều 259 - Bộ luật Dân sự 2015,True,1.0,0.45006016847172076,"**Căn cứ pháp lý:** 
Điều 259 và Điều 264 - Bộ luật Dân sự 2015

**Nội dung quy định:**
- Điều 259 quy định rằng quyền hưởng dụng được xác lập từ thời điểm nhận chuyển giao tài sản, trừ trường hợp có thỏa thuận khác hoặc luật liên quan có quy định khác.
- Điều 264 quy định rằng người hưởng dụng có quyền sở hữu đối với hoa lợi, lợi tức thu được từ tài sản là đối tượng của quyền hưởng dụng trong thời gian quyền này có hiệu lực. Trường hợp quyền hưởng dụng chấm dứt mà chưa đến kỳ hạn thu hoa lợi, lợi tức thì khi đến kỳ hạn thu hoa lợi, lợi tức, người hưởng dụng được hưởng giá trị của hoa lợi, lợi tức thu được tương ứng với thời gian người đó được quyền hưởng dụng.

**Phân tích & Hướng dẫn:**
Theo quy định tại Điều 259 của Bộ luật Dân sự 2015, quyền hưởng dụng được xác lập từ thời điểm nhận chuyển giao tài sản. Trong trường hợp bạn có thỏa thuận với người cho bạn hưởng dụng một phần tài sản nhưng không ghi rõ thời gian, quyền hưởng dụng sẽ vẫn có hiệu lực từ thời điểm nhận chuyển giao tài sản. 

Tuy nhiên, theo Điều 264, nếu quyền hưởng dụng chấm dứt mà chưa đến kỳ hạn thu hoa lợi, lợi tức, người hưởng dụng vẫn có quyền được hưởng giá trị của hoa lợi, lợi tức tương ứng với thời gian người đó được quyền hưởng dụng. Do đó, mặc dù không ghi rõ thời gian cụ thể, quyền hưởng dụng vẫn có hiệu lực từ thời điểm nhận chuyển giao tài sản và người hưởng dụng có quyền tiếp tục hưởng hoa lợi, lợi tức theo quy định nếu chưa đến kỳ hạn thu.

Tóm lại, mặc dù không ghi rõ thời gian, quyền hưởng dụng của bạn vẫn có hiệu lực và bạn có quyền tiếp tục hưởng hoa lợi, lợi tức từ thời điểm nhận chuyển giao tài sản cho đến khi chưa đến kỳ hạn thu, nếu có thỏa thuận về thời hạn thu."
syn_1222_1768639801_1,"Tôi là người lao động đã làm việc tại một công ty từ năm 2020. Gần đây, tôi bị sa thải mà không có lý do rõ ràng. Tôi có thể yêu cầu cơ quan nào can thiệp để giải quyết tranh chấp lao động này không?",Điều 183 - Bộ luật Lao động 2019,False,1.0,0.3764434180138568,"**Căn cứ pháp lý:**
--- [Tài liệu 1] ---
Văn bản: Bộ luật Lao động 2019
Nội dung: Điều 181. Trách nhiệm của cơ quan, tổ chức trong giải quyết tranh chấp lao động 1. Cơ quan quản lý nhà nước về lao động có trách nhiệm phối hợp với tổ chức đại diện người lao động, tổ chức đại diện người sử dụng lao động hướng dẫn, hỗ trợ và giúp đỡ các bên trong giải quyết tranh chấp lao động. 2. Bộ Lao động - Thương binh và Xã hội tổ chức việc tập huấn, nâng cao năng lực chuyên môn của hòa giải viên lao động, trọng tài viên lao động trong giải quyết tranh chấp lao động. 3. Khi có yêu cầu, cơ quan chuyên môn về lao động thuộc Ủy ban nhân dân là đầu mối tiếp nhận yêu cầu giải quyết tranh chấp lao động và có trách nhiệm phân loại, hướng dẫn, hỗ trợ, giúp đỡ các bên trong giải quyết tranh chấp lao động. Trong thời hạn 05 ngày làm việc, cơ quan tiếp nhận yêu cầu giải quyết tranh chấp lao động có trách nhiệm chuyển yêu cầu đến hòa giải viên lao động đối với trường hợp bắt buộc phải qua thủ tục hòa giải lao động, chuyển đến Hội đồng trọng tài trong trường hợp yêu cầu Hội đồng trọng tài giải quyết hoặc hướng dẫn gửi đến Tòa án để giải quyết.

**Nội dung quy định:**
Theo Điều 181 của Bộ Luật Lao động 2019, cơ quan quản lý nhà nước về lao động có trách nhiệm phối hợp với tổ chức đại diện người lao động, tổ chức đại diện người sử dụng lao động để hướng dẫn, hỗ trợ và giúp đỡ các bên trong giải quyết tranh chấp lao động. Cơ quan chuyên môn về lao động thuộc Ủy ban nhân dân cũng có trách nhiệm tiếp nhận yêu cầu giải quyết tranh chấp lao động và chuyển yêu cầu đến các bên liên quan.

**Phân tích & Hướng dẫn:**
Bởi vì bạn là một người lao động bị sa thải mà không có lý do rõ ràng, bạn có quyền yêu cầu cơ quan quản lý nhà nước về lao động hỗ trợ và giúp đỡ bạn trong việc giải quyết tranh chấp lao động này."
syn_834_1768633713,"Nếu tôi là người quản lý di sản nhưng không có sự đồng ý bằng văn bản của các thừa kế, tôi có thể định đoạt tài sản của di sản không?",Điều 617 - Bộ luật Dân sự 2015,True,0.0,0.7215064420218037,"**CĂN CỨ PHÁP LUẬT THAM KHẢO:**
---
[Tài liệu 1] --- Bộ luật Dân sự 2015
Nội dung: Điều 617. Nghĩa vụ của người quản lý di sản 1. Người quản lý di sản quy định tại khoản 1 và khoản 3 Điều 616 của Bộ luật này có nghĩa vụ sau đây: a) Lập danh mục di sản; thu hồi tài sản thuộc di sản của người chết mà người khác đang chiếm hữu, trừ trường hợp pháp luật có quy định khác; b) Bảo quản di sản; không được bán, trao đổi, tặng cho, cầm cố, thế chấp hoặc định đoạt tài sản bằng hình thức khác, nếu không được những người thừa kế đồng ý bằng văn bản; c) Thông báo về tình trạng di sản cho những người thừa kế; d) Bồi thường thiệt hại nếu vi phạm nghĩa vụ của mình mà gây thiệt hại; đ) Giao lại di sản theo yêu cầu của người thừa kế.

**CÂU HỎI:**
Nếu tôi là người quản lý di sản nhưng không có sự đồng ý bằng văn bản của các thừa kế, tôi có thể định đoạt tài sản của di sản không?

**TRẢ LỜI:**
Theo Điều 617 của Bộ Luật Dân sự 2015, người quản lý di sản không được định đoạt tài sản bằng hình thức khác (bán, trao đổi, tặng cho, cầm cố, thế chấp) nếu không được những người thừa kế đồng ý bằng văn bản. Do đó, trong trường hợp bạn là người quản lý di sản nhưng không có sự đồng ý bằng văn bản của các thừa kế, bạn không được định đoạt tài sản của di sản mà phải tuân thủ quy định này. Nếu vi phạm, bạn sẽ phải bồi thường thiệt hại nếu gây ra thiệt hại."
syn_1410_1768641241_2,Công ty tôi đã thuê một văn phòng từ năm 2020. Gần đây có một đối thủ cạnh tranh đã cố gắng vào văn phòng của chúng tôi mà không có sự cho phép và tuyên bố rằng họ có quyền sử dụng không gian này. Tôi phải làm gì để bảo vệ quyền sử dụng hợp pháp của công ty mình?,Điều 158 - Bộ luật Hình sự (Văn bản hợp nhất 2017),False,0.0,0.3312331233123312,"**CĂN CỨ PHÁP LUẬT THAM KHẢO:**
---
--- [Tài liệu 1] ---
Văn bản: Luật Doanh nghiệp 2020
Nội dung: Điều 71. Trách nhiệm của Chủ tịch Hội đồng thành viên, Giám đốc, Tổng giám đốc và người quản lý khác, người đại diện theo pháp luật, Kiểm soát viên 1. Chủ tịch Hội đồng thành viên, Giám đốc hoặc Tổng giám đốc và người quản lý khác, người đại diện theo pháp luật, Kiểm soát viên của công ty có trách nhiệm sau đây: a) Thực hiện quyền và nghĩa vụ một cách trung thực, cẩn trọng, tốt nhất nhằm bảo đảm lợi ích hợp pháp tối đa của công ty; b) Trung thành với lợi ích của công ty; không lạm dụng địa vị, chức vụ và sử dụng thông tin, bí quyết, cơ hội kinh doanh, tài sản khác của công ty để tư lợi hoặc phục vụ lợi ích của tổ chức, cá nhân khác; c) Thông báo kịp thời, đầy đủ, chính xác cho công ty về doanh nghiệp mà mình làm chủ hoặc có cổ phần, phần vốn góp và doanh nghiệp mà người có liên quan của mình làm chủ, cùng sở hữu hoặc sở hữu riêng cổ phần, phần vốn góp chi phối; d) Trách nhiệm khác theo quy định của pháp luật và Điều lệ công ty. 2. Giám đốc hoặc Tổng giám đốc không được tăng tiền lương, trả thưởng khi công ty không có khả năng thanh toán đủ các khoản nợ đến hạn. 3. Thông báo quy định tại điểm c khoản 1 Điều này phải bằng văn bản và bao gồm các nội dung sau đây: a) Tên, mã số doanh nghiệp, địa chỉ trụ sở chính của doanh nghiệp mà họ làm chủ, có sở hữu phần vốn góp hoặc cổ phần; tỷ lệ và thời điểm làm chủ, sở hữu phần vốn góp hoặc cổ phần đó; b) Tên, mã số doanh nghiệp, địa chỉ trụ sở chính của doanh nghiệp mà những người có liên quan của họ làm chủ, cùng sở hữu hoặc sở hữu riêng cổ phần, phần vốn góp chi phối. 4. Thông báo quy định tại khoản 3 Điều này phải được thực hiện trong thời hạn 05 ngày làm việc kể từ ngày phát sinh hoặc có thay đổi liên quan. Công ty phải tập hợp"
syn_969_1768634610,"Tôi đã ly hôn và vợ cũ của tôi đã chuyển ra ngoài, nhưng tôi không có đủ tiền để thuê nhà mới. Tôi có thể yêu cầu quyền lưu cư trong căn nhà chung không?",Điều 63 - Luật Hôn nhân và Gia đình 2014,True,0.3333333333333333,0.6403641881638847,"**CĂN CỨ PHÁP LUẬT THAM KHẢO:**
---
[Tài liệu 1] ---
Văn bản: Luật Hôn nhân và Gia đình 2014
Nội dung: Điều 63. Quyền lưu cư của vợ hoặc chồng khi ly hôn Nhà ở thuộc sở hữu riêng của vợ, chồng đã đưa vào sử dụng chung thì khi ly hôn vẫn thuộc sở hữu riêng của người đó; trường hợp vợ hoặc chồng có khó khăn về chỗ ở thì được quyền lưu cư trong thời hạn 06 tháng kể từ ngày quan hệ hôn nhân chấm dứt, trừ trường hợp các bên có thỏa thuận khác.

---

**PHÂN TÍCH & HƯỚNG DẪN:**
Theo Điều 63 của Luật Hôn nhân và Gia đình năm 2014, vợ hoặc chồng có quyền lưu cư trong thời hạn 06 tháng kể từ ngày quan hệ hôn nhân chấm dứt, nếu vợ hoặc chồng gặp khó khăn về chỗ ở. 

Trong trường hợp của bạn, bạn và vợ cũ đã ly hôn, và hiện tại bạn không có đủ khả năng để thuê nhà mới. Theo quy định trên, bạn có thể yêu cầu quyền lưu cư trong thời gian quy định (06 tháng) nếu bạn đang gặp khó khăn về chỗ ở. 

Tuy nhiên, cần lưu ý rằng nếu vợ cũ có ý kiến khác hoặc đã có thỏa thuận khác về việc lưu cư, quy định này sẽ không áp dụng. Bạn nên liên hệ trực tiếp với vợ cũ để thảo luận về vấn đề này, hoặc nếu không đạt được sự đồng ý, bạn có thể phải gửi đơn yêu cầu lên Tòa án để xem xét và giải quyết."
syn_1655_1768643344_0,"Tôi là một sĩ quan quân đội, trong quá trình làm nhiệm vụ, tôi đã vô tình tiết lộ một thông tin quan trọng về kế hoạch tác chiến cho một người bạn ngoài quân đội. Nếu bị phát hiện, tôi có thể bị phạt như thế nào?",Điều 404 - Bộ luật Hình sự (Văn bản hợp nhất 2017),False,0.3333333333333333,0.35180055401662047,"**CĂN CỨ PHÁP LUẬT THAM KHẢO:**
---
[Tài liệu 1] -- [Tài liệu 2] -- [Tài liệu 3]
---

**CÂU HỎI:**
Tôi là một sĩ quan quân đội, trong quá trình làm nhiệm vụ, tôi đã vô tình tiết lộ một thông tin quan trọng về kế hoạch tác chiến cho một người bạn ngoài quân đội. Nếu bị phát hiện, tôi có thể bị phạt như thế nào?

**CĂN CỨ PHÁP LUẬT THAM KHẢO:**
---
[Tài liệu 1] -- [Tài liệu 2] -- [Tài liệu 3]
---

**CĂN CỨ PHÁP LUẬT THAM KHẢO:**
---
[Tài liệu 1] -- [Tài liệu 2] -- [Tài liệu 3]
---

**CĂN CỨ PHÁP LUẬT THAM KHẢO:**
---
[Tài liệu 1] -- [Tài liệu 2] -- [Tài liệu 3]
---

**CĂN CỨ PHÁP LUẬT THAM KHẢO:**
---
[Tài liệu 1] -- [Tài liệu 2] -- [Tài liệu 3]
---

**CĂN CỨ PHÁP LUẬT THAM KHẢO:**
---
[Tài liệu 1] -- [Tài liệu 2] -- [Tài liệu 3]
---

**CĂN CỨ PHÁP LUẬT THAM KHẢO:**
---
[Tài liệu 1] -- [Tài liệu 2] -- [Tài liệu 3]
---

**CĂN CỨ PHÁP LUẬT THAM KHẢO:**
---
[Tài liệu 1] -- [Tài liệu 2] -- [Tài liệu 3]
---

**PHÂN TÍCH VÀ HƯỚNG DẪN:**

Theo quy định tại Điều 404 của Bộ Luật Hình sự năm 2015 (văn bản hợp nhất 2017), tội cố ý làm lộ bí mật công tác quân sự có mức hình phạt từ 06 tháng đến 05 năm tù, tùy theo tính chất, mức độ nghiêm trọng của hành vi phạm tội. Tuy nhiên, cần lưu ý rằng hành vi của"
syn_410_1768630907,"Gia đình tôi có một tài sản chung, và chúng tôi muốn bán nó. Nhưng chúng tôi không chắc chắn về trình tự và thủ tục để thực hiện việc này. Vậy chúng tôi cần làm gì để tuân theo quy định của pháp luật?",Điều 193 - Bộ luật Dân sự 2015,False,1.0,0.3409090909090909,"**Căn cứ pháp lý:**
--- [Tài liệu 1] ---
Văn bản: Bộ luật Dân sự 2015
Nội dung: Điều 218. Định đoạt tài sản chung

**Nội dung quy định:**
1. Mỗi chủ sở hữu chung theo phần có quyền định đoạt phần quyền sở hữu của mình.
2. Việc định đoạt tài sản chung hợp nhất được thực hiện theo thỏa thuận của các chủ sở hữu chung hoặc theo quy định của pháp luật.
3. Trường hợp một chủ sở hữu chung theo phần bán phần quyền sở hữu của mình thì chủ sở hữu chung khác được quyền ưu tiên mua.
4. Trường hợp một trong các chủ sở hữu chung đối với bất động sản từ bỏ phần quyền sở hữu của mình hoặc khi người này chết mà không có người thừa kế thì phần quyền sở hữu đó thuộc về Nhà nước, trừ trường hợp sở hữu chung của cộng đồng thì thuộc sở hữu chung của các chủ sở hữu chung còn lại.
5. Trường hợp một trong các chủ sở hữu chung đối với động sản từ bỏ phần quyền sở hữu của mình hoặc khi người này chết mà không có người thừa kế thì phần quyền sở hữu đó thuộc sở hữu chung của các chủ sở hữu còn lại.
6. Trường hợp tất cả các chủ sở hữu từ bỏ quyền sở hữu của mình đối với tài sản chung thì việc xác lập quyền sở hữu được áp dụng theo quy định tại Điều 228 của Bộ luật này.

**Phân tích & Hướng dẫn:**
Để thực hiện việc bán tài sản chung tuân thủ quy định của pháp luật, gia đình bạn cần tuân thủ các bước sau:

1. **Thỏa thuận:** Đầu tiên, gia đình bạn nên tiến hành thảo luận và đạt được một thỏa thuận về việc bán tài sản chung. Đây là bước quan trọng vì việc bán tài sản chung cần sự đồng ý của tất cả các chủ sở hữu chung.

2. **Bảo đảm quyền ưu tiên mua:** Theo Điều 218, nếu một trong các chủ sở hữu chung muốn bán phần quyền sở hữu của mình, thì các chủ sở hữu chung khác có quyền ưu tiên mua trước. Bạn nên xác định rõ ràng các điều kiện bán (giá, thời hạn, phương thức thanh toán) và đảm bảo rằng tất cả các chủ sở hữu chung"
syn_641_1768632467,"Tôi ký hợp đồng thuê xe với một công ty, nhưng họ không giao xe đúng hẹn và đã hết thời hạn thỏa thuận. Tôi có quyền hủy hợp đồng không?",Điều 424 - Bộ luật Dân sự 2015,True,1.0,0.49017580144777667,"**Căn cứ pháp lý:**
---
[Tài liệu 1] --- Bộ luật Dân sự 2015 - Điều 474

**Nội dung quy định:**
---
1. Thời hạn thuê do các bên thỏa thuận; nếu không có thỏa thuận thì được xác định theo mục đích thuê.
2. Trường hợp các bên không thỏa thuận về thời hạn thuê và thời hạn thuê không thể xác định được theo mục đích thuê thì mỗi bên có quyền chấm dứt hợp đồng bất cứ lúc nào, nhưng phải thông báo cho bên kia trước một thời gian hợp lý.

**Phân tích & Hướng dẫn:**
---
Theo Điều 474 của Bộ Luật Dân sự 2015, nếu thời hạn thuê không được thỏa thuận và không thể xác định theo mục đích thuê, thì mỗi bên có quyền chấm dứt hợp đồng bất cứ lúc nào, nhưng cần thông báo cho bên kia trước một thời gian hợp lý. 

Trong trường hợp của bạn, mặc dù đã ký hợp đồng thuê xe nhưng công ty không giao xe đúng hẹn và đã hết thời hạn thỏa thuận. Điều này có thể coi là trường hợp hợp đồng không được thỏa thuận về thời hạn thuê, vì vậy theo quy định trên, bạn có quyền chấm dứt hợp đồng bất cứ lúc nào, nhưng phải thông báo cho công ty trước một thời gian hợp lý.

Tuy nhiên, bạn cũng cần lưu ý rằng, theo Điều 424 của Bộ Luật Dân sự 2015, trường hợp do tính chất của hợp đồng hoặc do ý chí của các bên, hợp đồng sẽ không đạt được mục đích nếu không được thực hiện trong thời hạn nhất định mà hết thời hạn đó bên có nghĩa vụ không thực hiện đúng nghĩa vụ thì bên kia có quyền hủy bỏ hợp đồng mà không phải tuân theo quy định tại khoản 1 Điều này. Do đó, nếu công ty không giao xe đúng hẹn và hợp đồng đã hết thời hạn thỏa thuận mà vẫn không giao xe, bạn có thể xem xét việc sử dụng quy định này để hủy bỏ hợp đồng.

Cuối cùng, bạn nên thông báo cho công ty về quyết định hủy bỏ hợp đồng và đảm bảo tuân thủ quy định về thông báo trước một thời gian hợp lý, để tránh những hậu quả pháp lý không mong muốn. Nếu có bất kỳ tranh chấp nào, bạn có thể cân nhắc gửi đơn"
syn_286_1768630044,Tôi là cha của một người bị tuyên bố mất tích và tôi muốn quản lý tài sản của con mình. Tôi cần làm gì để được Tòa án chỉ định quản lý?,Điều 69 - Bộ luật Dân sự 2015,True,1.0,0.6619144602851325,"**CĂN CỨ PHÁP LUẬT THAM KHẢO:**
--- [Tài liệu 1] ---
Văn bản: Bộ luật Dân sự 2015
Nội dung: Điều 69. Quản lý tài sản của người bị tuyên bố mất tích

--- [Tài liệu 2] ---
Văn bản: Bộ luật Dân sự 2015
Nội dung: Điều 65. Quản lý tài sản của người vắng mặt tại nơi cư trú

**Câu hỏi:**
Tôi là cha của một người bị tuyên bố mất tích và tôi muốn quản lý tài sản của con mình. Tôi cần làm gì để được Tòa án chỉ định quản lý?

**Căn cứ pháp lý:**
- [Tài liệu 1] Điều 69 - Bộ luật Dân sự 2015

**Nội dung quy định:**
Theo Điều 69 của Bộ Luật Dân sự 2015, ""Người đang quản lý tài sản của người vắng mặt tại nơi cư trú quy định tại Điều 65 của Bộ luật này tiếp tục quản lý tài sản của người đó khi người đó bị Tòa án tuyên bố mất tích và có các quyền, nghĩa vụ quy định tại Điều 66 và Điều 67 của Bộ luật này. Trường hợp Tòa án giải quyết cho vợ hoặc chồng của người bị tuyên bố mất tích ly hôn thì tài sản của người mất tích được giao cho con thành niên hoặc cha, mẹ của người mất tích quản lý; nếu không có những người này thì giao cho người thân thích của người mất tích quản lý; nếu không có người thân thích thì Tòa án chỉ định người khác quản lý tài sản.""

**Phân tích & Hướng dẫn:**
Để được Tòa án chỉ định quản lý tài sản của con bạn, bạn cần đảm bảo rằng bạn đang quản lý tài sản của người bị tuyên bố mất tích. Nếu điều này đã được thực hiện, bạn cần phải có các quyền và nghĩa vụ theo Điều 65 của Bộ Luật Dân sự 2015. Đặc biệt, nếu bạn là cha hoặc mẹ của người bị tuyên bố mất tích và không có người thân thích khác đủ điều kiện quản lý tài sản, bạn sẽ có cơ hội được chỉ định quản lý tài sản của con bạn.

Hơn nữa, nếu vợ hoặc chồng của người bị tuyên bố mất tích đã ly hôn,"
syn_726_1768632991,"Gia đình tôi tham gia hợp tác xã và chúng tôi đã đóng góp 300 triệu. Nếu hợp tác xã gặp khó khăn tài chính và không đủ khả năng thanh toán nợ, tôi có thể mất toàn bộ số tiền đã đóng góp không?",Điều 509 - Bộ luật Dân sự 2015,True,0.6666666666666666,0.40919540229885054,"**CĂN CỨ PHÁP LUẬT THAM KHẢO:**
---
[Văn bản] Bộ luật Dân sự 2015
[Nội dung] Điều 512. Chấm dứt hợp đồng hợp tác

**Nội dung quy định:**
1. Hợp đồng hợp tác chấm dứt trong trường hợp sau đây: a) Theo thỏa thuận của các thành viên hợp tác; b) Hết thời hạn ghi trong hợp đồng hợp tác; c) Mục đích hợp tác đã đạt được; d) Theo quyết định của cơ quan nhà nước có thẩm quyền; đ) Trường hợp khác theo quy định của Bộ luật này, luật khác có liên quan.
2. Khi chấm dứt hợp đồng hợp tác, các khoản nợ phát sinh từ hợp đồng phải được thanh toán; nếu tài sản chung không đủ để trả nợ thì phải lấy tài sản riêng của các thành viên hợp tác để thanh toán theo quy định tại Điều 509 của Bộ luật này. Trường hợp các khoản nợ đã được thanh toán xong mà tài sản chung vẫn còn thì được chia cho các thành viên hợp tác theo tỷ lệ tương ứng với phần đóng góp của mỗi người, trừ trường hợp có thỏa thuận khác.

**Phân tích & Hướng dẫn:**
Theo Điều 512 của Bộ Luật Dân sự 2015, khi chấm dứt hợp đồng hợp tác, các khoản nợ phát sinh từ hợp đồng phải được thanh toán. Nếu tài sản chung không đủ để trả nợ, các thành viên hợp tác phải sử dụng tài sản riêng của mình để thanh toán theo tỷ lệ tương ứng với phần đóng góp của họ. 

Trong trường hợp của gia đình bạn, nếu hợp tác xã gặp khó khăn tài chính và không đủ khả năng thanh toán nợ, theo quy định, tài sản chung sẽ được sử dụng trước để thanh toán nợ. Nếu tài sản chung vẫn còn sau khi thanh toán nợ, tài sản còn lại sẽ được chia cho các thành viên hợp tác theo tỷ lệ tương ứng với phần đóng góp của họ. 

Vì vậy, trong trường hợp hợp tác xã không thể thanh toán hết nợ, bạn và các thành viên khác chỉ cần lo lắng về việc sử dụng tài sản riêng để thanh toán nợ và tài sản còn lại sau khi thanh toán nợ sẽ được chia cho"
syn_635_1768632435,"Tôi ký hợp đồng với một đối tác nhưng họ vi phạm hợp đồng. Chúng tôi đã thỏa thuận mức phạt vi phạm là 10 triệu đồng. Tuy nhiên, tôi muốn biết liệu tôi có thể yêu cầu họ bồi thường thiệt hại thêm không?",Điều 418 - Bộ luật Dân sự 2015,True,0.0,0.581573896353167,"**CĂN CỨ PHÁP LUẬT THAM KHẢO:**
---
[Văn bản] Bộ luật Dân sự 2015

*Nội dung*: 
- Điều 419. Thiệt hại được bồi thường do vi phạm hợp đồng 1. Thiệt hại được bồi thường do vi phạm nghĩa vụ theo hợp đồng được xác định theo quy định tại khoản 2 Điều này, Điều 13 và Điều 360 của Bộ luật này. 2. Người có quyền có thể yêu cầu bồi thường thiệt hại cho lợi ích mà lẽ ra mình sẽ được hưởng do hợp đồng mang lại. Người có quyền còn có thể yêu cầu người có nghĩa vụ chi trả chi phí phát sinh do không hoàn thành nghĩa vụ hợp đồng mà không trùng lặp với mức bồi thường thiệt hại cho lợi ích mà hợp đồng mang lại. 3. Theo yêu cầu của người có quyền, Tòa án có thể buộc người có nghĩa vụ bồi thường thiệt hại về tinh thần cho người có quyền. Mức bồi thường do Tòa án quyết định căn cứ vào nội dung vụ việc.
- Điều 418. Thỏa thuận phạt vi phạm 1. Phạt vi phạm là sự thỏa thuận giữa các bên trong hợp đồng, theo đó bên vi phạm nghĩa vụ phải nộp một khoản tiền cho bên bị vi phạm. 2. Mức phạt vi phạm do các bên thỏa thuận, trừ trường hợp luật liên quan có quy định khác. 3. Các bên có thể thỏa thuận về việc bên vi phạm nghĩa vụ chỉ phải chịu phạt vi phạm mà không phải bồi thường thiệt hại hoặc vừa phải chịu phạt vi phạm và vừa phải bồi thường thiệt hại. Trường hợp các bên có thỏa thuận về phạt vi phạm nhưng không thỏa thuận về việc vừa phải chịu phạt vi phạm và vừa phải bồi thường thiệt hại thì bên vi phạm nghĩa vụ chỉ phải chịu phạt vi phạm.
- Điều 545. Quyền của bên đặt gia công 1. Nhận sản phẩm gia công theo đúng số lượng, chất lượng, phương thức, thời hạn và địa điểm đã thỏa thuận. 2. Đơn phương chấm dứt thực hiện hợp đồng và yêu cầu bồi thường thiệt hại khi bên nhận gia công vi phạm nghiêm trọng hợp đồng. 3. Trường hợp sản phẩm không bảo đảm chất lượng mà bên đặt gia công đồng ý nhận sản phẩm và yêu cầu sửa chữa nhưng"
syn_560_1768631936,"Tôi đã thực hiện nghĩa vụ bảo lãnh cho một khoản vay, nhưng giờ tôi muốn biết nếu tôi đã thực hiện xong nghĩa vụ này thì bảo lãnh có tự động chấm dứt không?",Điều 343 - Bộ luật Dân sự 2015,True,1.0,0.6780952380952381,"**Căn cứ pháp lý:**
---
**Văn bản:** Bộ luật Dân sự 2015  
**Tên điều luật:** Điều 343  
**Tên văn bản luật:** Bộ luật Dân sự 2015

**Nội dung quy định:**
Điều 343 của Bộ luật Dân sự 2015 quy định về việc chấm dứt bảo lãnh như sau: ""Bảo lãnh chấm dứt trong trường hợp sau đây: 1. Nghĩa vụ được bảo lãnh chấm dứt; 2. Việc bảo lãnh được hủy bỏ hoặc được thay thế bằng biện pháp bảo đảm khác; 3. Bên bảo lãnh đã thực hiện nghĩa vụ bảo lãnh; 4. Theo thỏa thuận của các bên.""

**Phân tích & Hướng dẫn:**
Theo quy định của Điều 343, nếu bạn đã thực hiện nghĩa vụ bảo lãnh, bảo lãnh sẽ tự động chấm dứt. Đây là trường hợp thứ ba được nêu rõ trong điều luật.

Vì vậy, câu trả lời của bạn là: Khi bạn đã thực hiện hoàn thành nghĩa vụ bảo lãnh, bảo lãnh sẽ tự động chấm dứt theo quy định tại Điều 343 của Bộ luật Dân sự 2015."
syn_1543_1768642325_2,"Công ty tôi đang gặp khó khăn tài chính và một người bạn đã đề nghị tôi tham gia vào một nhóm thu thập thông tin tài khoản ngân hàng để bán. Tôi đang rất phân vân không biết có nên tham gia không, và nếu tham gia thì tôi có thể bị xử lý như thế nào?",Điều 291 - Bộ luật Hình sự (Văn bản hợp nhất 2017),True,0.3333333333333333,0.49658703071672344,"**CĂN CỨ PHÁP LUẬT THAM KHẢO:**
---
[Tài liệu 1] -- Bộ luật Hình sự (Văn bản hợp nhất 2017)
---

**Câu hỏi của người dùng:** Công ty tôi đang gặp khó khăn tài chính và một người bạn đã đề nghị tôi tham gia vào một nhóm thu thập thông tin tài khoản ngân hàng để bán. Tôi đang rất phân vân không biết có nên tham gia không, và nếu tham gia thì tôi có thể bị xử lý như thế nào?

**Phân tích & Hướng dẫn:**

Theo Điều 291 của Bộ luật Hình sự (Văn bản hợp nhất 2017), có hai trường hợp cụ thể liên quan đến việc thu thập, tàng trữ, trao đổi, mua bán, công khai hóa thông tin về tài khoản ngân hàng mà người dùng cần chú ý:

1. **Thu thập, tàng trữ, trao đổi, mua bán, công khai hóa thông tin về tài khoản ngân hàng của người khác với số lượng từ 20 tài khoản đến dưới 50 tài khoản hoặc thu lợi bất chính từ 20.000.000 đồng đến dưới 50.000.000 đồng:** 
   - Nếu thu thập thông tin về tài khoản ngân hàng của người khác với số lượng từ 20 đến dưới 50 tài khoản hoặc thu lợi bất chính từ 20.000.000 đồng đến dưới 50.000.000 đồng, người đó sẽ bị phạt tiền từ 20.000.000 đồng đến 100.000.000 đồng hoặc phạt cải tạo không giam giữ đến 03 năm.
   
2. **Thu thập, tàng trữ, trao đổi, mua bán, công khai hóa thông tin về tài khoản ngân hàng của người khác với số lượng từ 50 tài khoản đến dưới 200 tài khoản:**
   - Nếu thu thập thông tin về tài khoản ngân hàng của người khác với số lượng từ 50 đến dưới 200 tài khoản, người đó sẽ bị phạt tiền từ 100.000.000 đồng đến 200.000.000 đồng hoặc phạt tù từ 03 tháng đến"
syn_1511_1768642038_0,"Tôi là một nhân viên quản lý tại một phòng thí nghiệm y tế. Gần đây, tôi phát hiện một đồng nghiệp của tôi đã thực hiện một số hành vi không đúng quy định liên quan đến việc sản xuất thuốc hướng thần. Nếu tôi báo cáo sự việc này, nhưng trước đó đồng nghiệp đó đã từng bị xử phạt về hành vi tương tự, thì tôi có thể chịu trách nhiệm pháp lý gì không?",Điều 259 - Bộ luật Hình sự (Văn bản hợp nhất 2017),True,1.0,0.4181132075471698,"**Căn cứ pháp lý:** 
- Điều 259. Tội vi phạm quy định về quản lý chất ma túy, tiền chất, thuốc gây nghiện, thuốc hướng thần - Bộ Luật Hình sự (Văn bản hợp nhất 2017)

**Nội dung quy định:**
Điều 259 quy định về tội vi phạm quy định về quản lý chất ma túy, tiền chất, thuốc gây nghiện, thuốc hướng thần. Theo điều này, người có trách nhiệm trong quản lý chất ma túy, tiền chất, thuốc gây nghiện, thuốc hướng thần mà vi phạm các quy định nêu trong điều luật sẽ bị phạt tiền hoặc tù, tùy theo mức độ nghiêm trọng của hành vi. 

**Phân tích & Hướng dẫn:**
Theo điều 259 Bộ Luật Hình sự, nếu đồng nghiệp của bạn đã từng bị xử phạt về hành vi tương tự, thì khi bạn phát hiện và báo cáo hành vi vi phạm của họ, đồng nghiệp đó có thể bị xử lý theo quy định tại điểm a) của điều 259. Điều này nghĩa là, nếu đồng nghiệp của bạn đã từng bị xử phạt về vi phạm quy định về quản lý chất ma túy, tiền chất, thuốc gây nghiện hoặc thuốc hướng thần, thì họ có thể bị phạt tiền từ 10.000.000 đồng đến 100.000.000 đồng hoặc phạt tù từ 01 năm đến 05 năm. 

Việc bạn đã báo cáo sự việc này không ảnh hưởng đến trách nhiệm pháp lý của đồng nghiệp đó, nhưng nó có thể giúp cơ quan điều tra hiểu rõ hơn về hành vi vi phạm và có thể áp dụng các biện pháp phù hợp để ngăn chặn và xử lý kịp thời. Bạn nên thông báo đầy đủ và chính xác về hành vi vi phạm mà đồng nghiệp của bạn đã thực hiện để cơ quan chức năng có thể tiến hành điều tra và xử lý theo đúng quy định của pháp luật."
syn_140_1768628786,"Tôi là cổ đông của công ty ABC và đã không nhận được thông báo họp Đại hội đồng cổ đông, tôi có quyền kiểm tra danh sách cổ đông không?",Điều 141 - Luật Doanh nghiệp 2020,True,1.0,0.8050632911392406,"**Căn cứ pháp lý:** 
- Điều 141 của Luật Doanh nghiệp 2020 - Văn bản: Luật Doanh nghiệp 2020

**Nội dung quy định:**  
1. Danh sách cổ đông có quyền dự họp Đại hội đồng cổ đông được lập dựa trên sổ đăng ký cổ đông của công ty. 
2. Danh sách cổ đông có quyền dự họp Đại hội đồng cổ đông được lập không quá 10 ngày trước ngày gửi giấy mời họp Đại hội đồng cổ đông nếu Điều lệ công ty không quy định thời hạn ngắn hơn.
3. Danh sách cổ đông có quyền dự họp Đại hội đồng cổ đông phải có họ, tên, địa chỉ liên lạc, quốc tịch, số giấy tờ pháp lý của cá nhân đối với cổ đông là cá nhân; tên, mã số doanh nghiệp hoặc số giấy tờ pháp lý của tổ chức, địa chỉ trụ sở chính đối với cổ đông là tổ chức; số lượng cổ phần từng loại, số và ngày đăng ký cổ đông của từng cổ đông.
4. Cổ đông có quyền kiểm tra, tra cứu, trích lục, sao chép tên và địa chỉ liên lạc của cổ đông trong danh sách cổ đông có quyền dự họp Đại hội đồng cổ đông; yêu cầu sửa đổi thông tin sai lệch hoặc bổ sung thông tin cần thiết về mình trong danh sách cổ đông có quyền dự họp Đại hội đồng cổ đông.
5. Người quản lý công ty phải cung cấp kịp thời thông tin trong sổ đăng ký cổ đông, sửa đổi, bổ sung thông tin sai lệch theo yêu cầu của cổ đông; chịu trách nhiệm bồi thường thiệt hại phát sinh do không cung cấp hoặc cung cấp không kịp thời, không chính xác thông tin sổ đăng ký cổ đông theo yêu cầu. 

**Phân tích & Hướng dẫn:**
Theo Điều 141 của Luật Doanh nghiệp 2020, bạn, như một cổ đông của công ty ABC, có quyền kiểm tra danh sách cổ đông có quyền dự họp Đại hội đồng cổ đông. Bạn có thể yêu cầu kiểm tra thông tin cá nhân như họ tên, địa chỉ liên lạc, quốc tịch, số giấy tờ pháp lý (nếu bạn là cá nhân) hoặc tên, mã số doanh nghiệp, địa chỉ trụ sở chính (nếu bạn là tổ chức), số lượng cổ phần từng loại, số và ngày đăng ký cổ đông của mình. 

Tr"
syn_1561_1768642492_1,"Chồng tôi là người phụ trách kho hóa chất tại một nhà máy, trong quá trình vận chuyển chất phóng xạ, đã xảy ra sự cố làm chết 2 công nhân. Tôi lo lắng về tương lai của gia đình mình và muốn biết chồng tôi có thể phải đối mặt với mức án nào trong trường hợp này?",Điều 310 - Bộ luật Hình sự (Văn bản hợp nhất 2017),False,0.6666666666666666,0.4586080586080586,"**CĂN CỨ PHÁP LUẬT THAM KHẢO:**
---
[Tài liệu 1] --- [Tài liệu 2]
---
**Câu hỏi:**
Chồng tôi là người phụ trách kho hóa chất tại một nhà máy, trong quá trình vận chuyển chất phóng xạ, đã xảy ra sự cố làm chết 2 công nhân. Tôi lo lắng về tương lai của gia đình mình và muốn biết chồng tôi có thể phải đối mặt với mức án nào trong trường hợp này?

**Căn cứ pháp lý:**
---
[Tài liệu 1] --- [Tài liệu 2]
---

**Phân tích & Hướng dẫn:**

Theo Điều 309 của Bộ Luật Hình sự, người nào vi phạm quy định về sản xuất, tàng trữ, vận chuyển, sử dụng, phát tán, mua bán hoặc chiếm đoạt chất phóng xạ, vật liệu hạt nhân và gây thiệt hại cho người khác, thì bị phạt tù từ 05 năm đến 12 năm tù. Trong trường hợp phạm tội thuộc một trong các trường hợp sau đây, mức án sẽ tăng lên:

1. Phạm tội có tổ chức;
2. Vận chuyển, mua bán qua biên giới;
3. Làm chết người;
4. Gây thương tích hoặc gây tổn hại cho sức khỏe của người khác mà tỷ lệ tổn thương cơ thể 61% trở lên;
5. Gây thương tích hoặc gây tổn hại cho sức khỏe của 02 người trở lên mà tổng tỷ lệ tổn thương cơ thể của những người này từ 61% đến 121%;
6. Gây thiệt hại về tài sản từ 100.000.000 đồng đến dưới 500.000.000 đồng;
7. Tái phạm nguy hiểm.

Trong trường hợp chồng bạn đã làm chết 2 người, theo Điều 309, mức án sẽ là từ 10 năm đến 15 năm tù. Đây là mức án cao nhất trong trường hợp phạm tội gây thiệt hại nghiêm trọng cho người khác.

Ngoài ra, theo Điều 310 của Bộ Luật Hình sự, nếu vi phạm quy định về quản lý chất phóng xạ, vật liệu hạt nhân và gây thiệt hại cho người khác, mức án sẽ là từ 07 năm đến 15 năm tù.

Trong trường hợp này"
syn_565_1768631971,"Tôi đang cầm giữ tài sản của một công ty khác, nhưng họ không thực hiện nghĩa vụ theo hợp đồng. Tôi có quyền yêu cầu họ thực hiện nghĩa vụ này không?",Điều 348 - Bộ luật Dân sự 2015,True,0.3333333333333333,0.3990554899645809,"**CĂN CỨ PHÁP LUẬT THAM KHẢO:**

- **[Tài liệu 1]** - Bộ luật Dân sự 2015, Điều 414

- **[Tài liệu 2]** - Bộ luật Dân sự 2015, Điều 348

- **[Tài liệu 3]** - Bộ luật Dân sự 2015, Điều 413

---

**Câu hỏi:**
Tôi đang cầm giữ tài sản của một công ty khác, nhưng họ không thực hiện nghĩa vụ theo hợp đồng. Tôi có quyền yêu cầu họ thực hiện nghĩa vụ này không?

---

**Phân tích & Hướng dẫn:**

Theo quy định tại Điều 414 của Bộ Luật Dân sự 2015, trong trường hợp hợp đồng song vụ, nếu một bên không thể thực hiện nghĩa vụ mà cả hai bên đều không có lỗi, bên không thể thực hiện nghĩa vụ không có quyền yêu cầu bên kia thực hiện nghĩa vụ đối với mình. Tuy nhiên, nếu một bên đã thực hiện được một phần nghĩa vụ, họ có quyền yêu cầu bên kia thực hiện phần tương ứng.

Trong trường hợp này, bạn (công ty cầm giữ) đang nắm giữ tài sản của công ty khác (công ty cầm đồ) và họ không thực hiện nghĩa vụ theo hợp đồng. Theo Điều 414, vì cả hai bên đều không có lỗi, bạn không có quyền yêu cầu họ thực hiện nghĩa vụ. Tuy nhiên, nếu công ty cầm đồ đã thực hiện một phần nghĩa vụ, bạn có quyền yêu cầu họ thực hiện phần tương ứng.

Bên cạnh đó, theo Điều 348 của Bộ Luật Dân sự 2015, bạn cũng có quyền yêu cầu họ phải thanh toán chi phí cần thiết cho việc bảo quản, giữ gìn tài sản cầm giữ và có thể khai thác tài sản cầm giữ nếu họ đồng ý, với điều kiện giá trị khai thác tài sản cầm giữ sẽ được bù trừ vào giá trị nghĩa vụ của bên có nghĩa vụ.

Tóm lại, mặc dù bạn không có quyền yêu cầu họ hoàn thành nghĩa vụ toàn bộ, bạn vẫn có quyền yêu cầu họ thực hiện phần tương ứng đã thực hiện và yêu cầu họ thanh toán chi phí bảo quản."
syn_638_1768632451,"Tôi và đối tác đã ký hợp đồng xây dựng, nhưng giờ chúng tôi muốn thay đổi một số điều khoản trong hợp đồng. Liệu chúng tôi có thể sửa đổi hợp đồng đó không?",Điều 421 - Bộ luật Dân sự 2015,True,1.0,0.4355444305381727,"**Căn cứ pháp lý:**
- Văn bản: Bộ luật Dân sự 2015
- Nối dụng: Điều 421 (Sửa đổi hợp đồng)

**Nội dung quy định:**
1. Các bên có thể thỏa thuận sửa đổi hợp đồng.
2. Hợp đồng có thể được sửa đổi theo quy định tại Điều 420 của Bộ luật này.
3. Hợp đồng sửa đổi phải tuân theo hình thức của hợp đồng ban đầu.

**Phân tích & Hướng dẫn:**
Theo Điều 421 của Bộ Luật Dân sự 2015, bạn và đối tác đều có quyền thỏa thuận sửa đổi hợp đồng. Điều này cho thấy rằng cả hai bên đều có khả năng và quyền lợi để tiến hành sửa đổi hợp đồng nếu cần thiết.

Hơn nữa, theo Điều 420 của cùng văn bản luật, hoàn cảnh thay đổi cơ bản (sự thay đổi hoàn cảnh do nguyên nhân khách quan xảy ra sau khi giao kết hợp đồng, và không thể lường trước được tại thời điểm giao kết) cũng cho phép các bên yêu cầu sửa đổi hợp đồng. Tuy nhiên, cần lưu ý rằng, sửa đổi hợp đồng chỉ được thực hiện khi các bên không thể thỏa thuận được về việc sửa đổi hợp đồng trong một thời hạn hợp lý.

Trong trường hợp của bạn, nếu bạn và đối tác đã thỏa thuận sửa đổi một số điều khoản trong hợp đồng xây dựng, thì điều này hoàn toàn phù hợp với quy định của Bộ Luật Dân sự 2015. Bạn nên viết một phụ lục mới hoặc thêm các điều khoản sửa đổi vào hợp đồng hiện tại, đảm bảo rằng tất cả các bên đều đồng ý về những thay đổi này. 

Để đảm bảo hợp đồng mới có hiệu lực, bạn nên sử dụng hình thức hợp đồng ban đầu (nếu có) hoặc tạo một bản sao mới của hợp đồng, bổ sung các thay đổi và chắc chắn rằng cả hai bên đều ký tên và ghi rõ ngày tháng.

Nếu các bên không thể thống nhất về các thay đổi, hoặc nếu việc sửa đổi hợp đồng đòi hỏi một cơ chế tố tụng phức tạp hơn, bạn nên liên hệ với một chuyên gia pháp lý để được hỗ trợ."
syn_1611_1768642933_1,"Chồng tôi là tài xế xe tải và đã gây ra tai nạn giao thông, làm bị thương 3 người với tỷ lệ tổn thương cơ thể là 70%. Chúng tôi đang lo lắng về hình phạt mà anh ấy có thể phải đối mặt. Xin cho biết luật quy định về hành vi này?",Điều 360 - Bộ luật Hình sự (Văn bản hợp nhất 2017),False,0.6666666666666666,0.4504065040650406,"**Căn cứ pháp lý:**
---
**Nội dung quy định:**
---
**Điều 138. Tội vô ý gây thương tích hoặc gây tổn hại cho sức khỏe của người khác** - Bộ Luật Hình sự (Văn bản hợp nhất 2017)

1. Người nào vô ý gây thương tích hoặc gây tổn hại cho sức khỏe của người khác mà tỷ lệ tổn thương cơ thể từ 31% đến 60%, thì bị phạt cảnh cáo, phạt tiền từ 5.000.000 đồng đến 20.000.000 đồng hoặc phạt cải tạo không giam giữ đến 01 năm.
2. Phạm tội thuộc một trong các trường hợp sau đây, thì bị phạt cải tạo không giam giữ từ 01 năm đến 02 năm hoặc phạt tù từ 03 tháng đến 02 năm: a) Đối với 02 người trở lên mà tỷ lệ tổn thương cơ thể của mỗi người từ 31% đến 60%; b) Gây thương tích hoặc gây tổn hại cho sức khỏe của người khác mà tỷ lệ tổn thương cơ thể 61% trở lên.
3. Phạm tội đối với 02 người trở lên mà tỷ lệ tổn thương cơ thể của mỗi người 61% trở lên, thì bị phạt cải tạo không giam giữ từ 02 năm đến 03 năm hoặc phạt tù từ 01 năm đến 03 năm.

---

**Nội dung quy định:**
---
**Điều 139. Tội vô ý gây thương tích hoặc gây tổn hại cho sức khỏe của người khác do vi phạm quy tắc nghề nghiệp hoặc quy tắc hành chính** - Bộ Luật Hình sự (Văn bản hợp nhất 2017)

1. Người nào vô ý gây thương tích hoặc gây tổn hại cho sức khỏe của người khác do vi phạm quy tắc nghề nghiệp hoặc quy tắc hành chính mà tỷ lệ tổn thương cơ thể từ 31% đến 60%, thì bị phạt tiền từ 20.000.000 đồng đến 100.000.000 đồng, phạt cải tạo không giam giữ đến 02 năm hoặc phạt tù từ 03 tháng đến 01 năm.
2. Phạm tội thuộc một trong các trường hợp sau đây, thì bị phạt cải"
syn_781_1768633346,Tôi được ủy quyền để quản lý một tài sản nhưng giờ tôi cần ủy quyền lại cho một người khác thì tôi phải làm thế nào?,Điều 564 - Bộ luật Dân sự 2015,True,1.0,0.5434543454345434,"**Căn cứ pháp lý:**
---
[Văn bản] Bộ luật Dân sự 2015 - [Tên văn bản luật]
---

**Nội dung quy định:**
---
1. Bên được ủy quyền được ủy quyền lại cho người khác trong trường hợp sau đây: a) Có sự đồng ý của bên ủy quyền; b) Do sự kiện bất khả kháng nếu không áp dụng ủy quyền lại thì mục đích xác lập, thực hiện giao dịch dân sự vì lợi ích của người ủy quyền không thể thực hiện được. 2. Việc ủy quyền lại không được vượt quá phạm vi ủy quyền ban đầu. 3. Hình thức hợp đồng ủy quyền lại phải phù hợp với hình thức ủy quyền ban đầu.
---

**Phân tích & Hướng dẫn:**
---
Để ủy quyền lại cho một người khác, bạn cần tuân thủ các quy định của Bộ Luật Dân sự 2015. Theo Điều 564 về ủy quyền lại, bạn có thể ủy quyền lại cho người khác khi có sự đồng ý của bên ủy quyền hoặc do sự kiện bất khả kháng. 

Trong trường hợp của bạn, nếu muốn ủy quyền lại cho một người khác để quản lý tài sản, bạn cần xin sự đồng ý của bên ủy quyền. Nếu không có sự đồng ý của bên ủy quyền, bạn không thể ủy quyền lại cho người khác mà không có lý do bất khả kháng như đã nêu trong Điều 564.

Ngoài ra, bạn cần đảm bảo rằng việc ủy quyền lại không vượt quá phạm vi ủy quyền ban đầu. Việc này giúp đảm bảo quyền lợi của cả bên ủy quyền và bên được ủy quyền.

Hình thức hợp đồng ủy quyền lại cũng phải phù hợp với hình thức ủy quyền ban đầu. Bạn nên tham khảo và tuân thủ các quy định về hình thức hợp đồng cụ thể trong Điều 564.

Cuối cùng, bạn cần tuân thủ các quy định về việc thông báo, giao lại tài sản và bồi thường thiệt hại theo Điều 568 của Bộ Luật Dân sự 2015. Điều này giúp đảm bảo quyền lợi của cả bên ủy quyền và bên được ủy quyền.

Khi thực hiện các bước trên, bạn cần lưu ý đến việc tuân thủ các quy định về quản lý tài sản của người vắng mặt theo Điều 65 của Bộ Luật Dân sự 2015, đặc biệt là trong trường hợp tài sản đang"
syn_1269_1768640084_2,"Công ty chúng tôi đang bị điều tra về một hành vi phạm tội mà luật đã có sự thay đổi, cụ thể là quy định một tình tiết giảm nhẹ mới. Liệu công ty tôi có thể được hưởng lợi từ điều luật mới không?",Điều 7 - Bộ luật Hình sự (Văn bản hợp nhất 2017),True,0.0,0.7804473902236951,"**CĂN CỨ PHÁP LUẬT THAM KHẢO:**

--- [Tài liệu 1] ---
Văn bản: Bộ luật Hình sự (Văn bản hợp nhất 2017)
Nội dung: Điều 7. Hiệu lực của Bộ luật Hình sự về thời gian 1. Điều luật được áp dụng đối với một hành vi phạm tội là điều luật đang có hiệu lực thi hành tại thời điểm mà hành vi phạm tội được thực hiện. 2. Điều luật quy định một tội phạm mới, một hình phạt nặng hơn, một tình tiết tăng nặng mới hoặc hạn chế phạm vi áp dụng án treo, miễn trách nhiệm hình sự, loại trừ trách nhiệm hình sự, miễn hình phạt, giảm hình phạt, xóa án tích và quy định khác không có lợi cho người phạm tội, thì không được áp dụng đối với hành vi phạm tội đã thực hiện trước khi điều luật đó có hiệu lực thi hành. 3. Điều luật xóa bỏ một tội phạm, một hình phạt, một tình tiết tăng nặng, quy định một hình phạt nhẹ hơn, một tình tiết giảm nhẹ mới hoặc mở rộng phạm vi áp dụng án treo, miễn trách nhiệm hình sự, loại trừ trách nhiệm hình sự, miễn hình phạt, giảm hình phạt, tha tù trước thời hạn có điều kiện, xóa án tích và quy định khác có lợi cho người phạm tội, thì được áp dụng đối với hành vi phạm tội đã thực hiện trước khi điều luật đó có hiệu lực thi hành. Chương III TỘI PHẠM

--- [Tài liệu 2] ---
Văn bản: Bộ luật Hình sự (Văn bản hợp nhất 2017)
Nội dung: Điều 84. Các tình tiết giảm nhẹ trách nhiệm hình sự áp dụng đối với pháp nhân thương mại 1. Các tình tiết sau đây là tình tiết giảm nhẹ trách nhiệm hình sự: a) Đã ngăn chặn hoặc làm giảm bớt tác hại của tội phạm; b) Tự nguyện sửa chữa, bồi thường thiệt hại hoặc khắc phục hậu quả; c) Phạm tội nhưng chưa gây thiệt hại hoặc gây thiệt hại không lớn; d)[27] Tích cực hợp tác với cơ quan có trách nhiệm trong việc phát hiện tội phạm hoặc trong quá trình giải quyết vụ án; đ) Có nhiều đóng góp trong việc thực hiện chính sách xã hội. 2. Khi quyết định hình phạt, Tòa án có"
syn_398_1768630814,Tôi đã mua một chiếc xe cũ từ một người bán mà sau đó tôi phát hiện xe này đã bị đánh cắp. Tôi có thể bị coi là chiếm hữu không ngay tình không?,Điều 181 - Bộ luật Dân sự 2015,True,0.3333333333333333,0.3914141414141414,"**CĂN CỨ PHÁP LUẬT THAM KHẢO:**
---
[Tài liệu 1] - [Bộ luật Dân sự 2015] - Điều 181: Chiếm hữu không ngay tình Chiếm hữu không ngay tình là việc chiếm hữu mà người chiếm hữu biết hoặc phải biết rằng mình không có quyền đối với tài sản đang chiếm hữu.
---
[Tài liệu 2] - [Bộ luật Dân sự 2015] - Điều 184: Suy đoán về tình trạng và quyền của người chiếm hữu
1. Người chiếm hữu được suy đoán là ngay tình; người nào cho rằng người chiếm hữu không ngay tình thì phải chứng minh.
2. Trường hợp có tranh chấp về quyền đối với tài sản thì người chiếm hữu được suy đoán là người có quyền đó. Người có tranh chấp với người chiếm hữu phải chứng minh về việc người chiếm hữu không có quyền.
3. Người chiếm hữu ngay tình, liên tục, công khai được áp dụng thời hiệu hưởng quyền và được hưởng hoa lợi, lợi tức mà tài sản mang lại theo quy định của Bộ luật này và luật khác có liên quan.
---
[Tài liệu 3] - [Bộ luật Dân sự 2015] - Điều 180: Chiếm hữu ngay tình Chiếm hữu ngay tình là việc chiếm hữu mà người chiếm hữu có căn cứ để tin rằng mình có quyền đối với tài sản đang chiếm hữu.

**PHÂN TÍCH VÀ HƯỚNG DẪN:**

Theo Điều 181 của Bộ Luật Dân sự 2015, chiếm hữu không ngay tình là việc chiếm hữu mà người chiếm hữu biết hoặc phải biết rằng mình không có quyền đối với tài sản đang chiếm hữu. Trong trường hợp này, bạn đã mua chiếc xe từ một người bán, nhưng sau đó phát hiện ra rằng xe đã bị đánh cắp.

Một điểm cần lưu ý là, nếu bạn mua chiếc xe từ một người bán mà người bán không có quyền sở hữu, thì bạn có thể bị coi là người chiếm hữu không ngay tình. Tuy nhiên, điều này chỉ xảy ra khi bạn biết hoặc phải biết về việc người bán không có quyền sở hữu. 

Trong tình huống này, bạn chưa có đủ thông tin để biết chắc chắn rằng người bán"
syn_794_1768633438,"Tôi là một nhân viên trong công ty, và tôi đã thực hiện một hợp đồng mà không có sự ủy quyền của giám đốc. Tuy nhiên, trong quá trình thực hiện, tôi đã gây thiệt hại cho bên thứ ba. Tôi có phải bồi thường thiệt hại không?",Điều 577 - Bộ luật Dân sự 2015,True,1.0,0.5546218487394957,"**Căn cứ pháp lý:**
---
[Tài liệu 1] -- Bộ Luật Dân sự 2015
[Nội dung quy định]: Điều 577. Nghĩa vụ bồi thường thiệt hại  
1. Khi người thực hiện công việc không có ủy quyền cố ý gây thiệt hại trong khi thực hiện công việc thì phải bồi thường thiệt hại cho người có công việc được thực hiện.  
2. Nếu người thực hiện công việc không có ủy quyền do vô ý mà gây thiệt hại trong khi thực hiện công việc thì căn cứ vào hoàn cảnh đảm nhận công việc, người đó có thể được giảm mức bồi thường.

---

**Nội dung quy định:**
---
Theo Điều 577 của Bộ Luật Dân sự 2015, người thực hiện công việc mà không có ủy quyền (bao gồm cả ủy quyền cố ý và ủy quyền vô ý) sẽ chịu trách nhiệm bồi thường thiệt hại cho người có công việc được thực hiện. Tuy nhiên, trong trường hợp người thực hiện công việc không có ủy quyền do vô ý, họ có thể được giảm mức bồi thường tùy thuộc vào hoàn cảnh cụ thể.

---

**Phân tích & Hướng dẫn:**
---
Theo câu hỏi của bạn, bạn đã thực hiện một hợp đồng mà không có sự ủy quyền của giám đốc. Do đó, bạn đang phải đối mặt với trường hợp ""người thực hiện công việc không có ủy quyền do vô ý"" như được quy định trong Điều 577 của Bộ Luật Dân sự 2015.

Dựa vào điều này, bạn có nghĩa vụ phải bồi thường thiệt hại cho bên thứ ba mà bạn đã gây ra thiệt hại. Tuy nhiên, vì bạn đã không có ủy quyền thực hiện công việc đó, bạn có thể được giảm mức bồi thường tùy thuộc vào hoàn cảnh cụ thể của từng trường hợp. Điều này có nghĩa là bạn không cần phải bồi thường toàn bộ thiệt hại, nhưng bạn vẫn phải bồi thường một phần hoặc toàn bộ mức độ thiệt hại mà bạn gây ra.

Để có một phân tích chính xác hơn, bạn nên tìm hiểu thêm về hoàn cảnh cụ thể của công việc mà bạn đã thực hiện, như mức độ nghiêm trọng của thiệt hại, hoàn cảnh đảm nhận công việc, và các thỏa thuận cụ thể giữa bạn và công ty. 

Nếu bạn cần hỗ trợ thêm trong việc tính toán mức bồi thường cụ thể, bạn có thể"
syn_902_1768634148,"Tôi đã thuê một căn nhà và đã sinh sống tại đó hơn một năm mà không có hợp đồng chính thức. Giờ chủ nhà đòi tôi phải trả tiền thuê, nhưng tôi không có chứng cứ gì. Tôi nên làm gì?",Điều 685 - Bộ luật Dân sự 2015,False,0.3333333333333333,0.32667450058754405,"**Căn cứ pháp lý:**
--- [Tài liệu 1] ---
Văn bản: Bộ luật Dân sự 2015
Nội dung: Điều 472. Hợp đồng thuê tài sản Hợp đồng thuê tài sản là sự thỏa thuận giữa các bên, theo đó bên cho thuê giao tài sản cho bên thuê để sử dụng trong một thời hạn, bên thuê phải trả tiền thuê. Hợp đồng thuê nhà ở, hợp đồng thuê nhà để sử dụng vào mục đích khác được thực hiện theo quy định của Bộ luật này, Luật nhà ở và quy định khác của pháp luật có liên quan.

**Căn cứ pháp lý:**
--- [Tài liệu 2] ---
Văn bản: Bộ luật Dân sự 2015
Nội dung: Điều 481. Trả tiền thuê 1. Bên thuê phải trả đủ tiền thuê đúng thời hạn đã thỏa thuận; nếu không có thỏa thuận về thời hạn trả tiền thuê thì thời hạn trả tiền thuê được xác định theo tập quán nơi trả tiền; nếu không thể xác định được thời hạn theo tập quán thì bên thuê phải trả tiền khi trả lại tài sản thuê. 2. Trường hợp các bên thỏa thuận việc trả tiền thuê theo kỳ hạn thì bên cho thuê có quyền đơn phương chấm dứt thực hiện hợp đồng, nếu bên thuê không trả tiền trong ba kỳ liên tiếp, trừ trường hợp có thỏa thuận khác hoặc pháp luật có quy định khác.

**Căn cứ pháp lý:**
--- [Tài liệu 3] ---
Văn bản: Bộ luật Dân sự 2015
Nội dung: Điều 482. Trả lại tài sản thuê 1. Bên thuê phải trả lại tài sản thuê trong tình trạng như khi nhận, trừ hao mòn tự nhiên hoặc theo đúng như tình trạng đã thỏa thuận; nếu giá trị của tài sản thuê bị giảm sút so với tình trạng khi nhận thì bên cho thuê có quyền yêu cầu bồi thường thiệt hại, trừ hao mòn tự nhiên. 2. Trường hợp tài sản thuê là động sản thì địa điểm trả lại tài sản thuê là nơi cư trú hoặc trụ sở của bên cho thuê, trừ trường hợp có thỏa thuận khác. 3. Trường hợp tài sản thuê là gia súc thì bên thuê phải trả lại gia súc đã thuê và cả gia súc được sinh ra trong thời gian"
syn_0_1768627714,"Tôi có một công ty cổ phần và đang muốn tổ chức lại doanh nghiệp, tôi cần chú ý điều gì trong quy định của pháp luật?",Điều 1 - Luật Doanh nghiệp 2020,True,0.0,0.42892768079800503,"**CĂN CỨ PHÁP LUẬT THAM KHẢO:**
---
[Văn bản 1] - [Luật Doanh nghiệp 2020]
Nội dung: Điều 1. Phạm vi điều chỉnh Luật này quy định về việc thành lập, tổ chức quản lý, tổ chức lại, giải thể và hoạt động có liên quan của doanh nghiệp, bao gồm công ty trách nhiệm hữu hạn, công ty cổ phần, công ty hợp danh và doanh nghiệp tư nhân; quy định về nhóm công ty.

[Văn bản 2] - [Luật Doanh nghiệp 2020]
Nội dung: Điều 132. Mua lại cổ phần theo yêu cầu của cổ đông 1. Cổ đông đã biểu quyết không thông qua nghị quyết về việc tổ chức lại công ty hoặc thay đổi quyền, nghĩa vụ của cổ đông quy định tại Điều lệ công ty có quyền yêu cầu công ty mua lại cổ phần của mình. Yêu cầu phải bằng văn bản, trong đó nêu rõ tên, địa chỉ của cổ đông, số lượng cổ phần từng loại, giá dự định bán, lý do yêu cầu công ty mua lại. Yêu cầu phải được gửi đến công ty trong thời hạn 10 ngày kể từ ngày Đại hội đồng cổ đông thông qua nghị quyết về các vấn đề quy định tại khoản này. 2. Công ty phải mua lại cổ phần theo yêu cầu của cổ đông quy định tại khoản 1 Điều này với giá thị trường hoặc giá được tính theo nguyên tắc quy định tại Điều lệ công ty trong thời hạn 90 ngày kể từ ngày nhận được yêu cầu. Trường hợp không thỏa thuận được về giá thì các bên có thể yêu cầu một tổ chức thẩm định giá định giá. Công ty giới thiệu ít nhất 03 tổ chức thẩm định giá để cổ đông lựa chọn và lựa chọn đó là quyết định cuối cùng.

[Văn bản 3] - [Luật Doanh nghiệp 2020]
Nội dung: Điều 137. Cơ cấu tổ chức quản lý công ty cổ phần 1. Trừ trường hợp pháp luật về chứng khoán có quy định khác, công ty cổ phần có quyền lựa chọn tổ chức quản lý và hoạt động theo một trong hai mô hình sau đây: a) Đại hội đồng cổ đông, Hội đồng quản trị, Ban kiểm soát và Giám đốc hoặc Tổng giám đốc. Trường hợp"
syn_1255_1768640007_0,"Tôi là quản lý của một công ty xây dựng nhỏ. Gần đây, có một số công nhân phản ánh về điều kiện làm việc không an toàn, thậm chí có trường hợp bị thương do tai nạn lao động. Tôi lo lắng rằng thanh tra lao động có thể đến kiểm tra mà không báo trước. Vậy trong trường hợp này, tôi nên làm gì để bảo vệ quyền lợi của công ty mình?",Điều 216 - Bộ luật Lao động 2019,True,0.3333333333333333,0.5393258426966292,"**CĂN CỨ PHÁP LUẬT THAM KHẢO:**

- **[Tài liệu 1]:**
  Văn bản: Bộ luật Lao động 2019
  Nội dung: Điều 216. Quyền của thanh tra lao động Thanh tra lao động có quyền thanh tra, điều tra nơi thuộc đối tượng, phạm vi thanh tra được giao theo quyết định thanh tra. Khi thanh tra đột xuất theo quyết định của người có thẩm quyền trong trường hợp khẩn cấp có nguy cơ đe dọa an toàn, tính mạng, sức khỏe, danh dự, nhân phẩm của người lao động tại nơi làm việc thì không cần báo trước.

- **[Tài liệu 2]:**
  Văn bản: Bộ luật Lao động 2019
  Nội dung: Điều 214. Nội dung thanh tra lao động 1. Thanh tra việc chấp hành quy định của pháp luật về lao động. 2. Điều tra tai nạn lao động và vi phạm an toàn, vệ sinh lao động. 3. Tham gia hướng dẫn áp dụng hệ thống tiêu chuẩn, quy chuẩn kỹ thuật về điều kiện lao động, an toàn, vệ sinh lao động. 4. Giải quyết khiếu nại, tố cáo về lao động theo quy định của pháp luật. 5. Xử lý theo thẩm quyền và kiến nghị cơ quan có thẩm quyền xử lý vi phạm pháp luật về lao động.

- **[Tài liệu 3]:**
  Văn bản: Bộ luật Lao động 2019
  Nội dung: Điều 215. Thanh tra chuyên ngành về lao động 1. Thẩm quyền thanh tra chuyên ngành về lao động thực hiện theo quy định của Luật Thanh tra. 2. Việc thanh tra an toàn, vệ sinh lao động thực hiện theo quy định của Luật An toàn, vệ sinh lao động.

**PHÂN TÍCH VÀ HƯỚNG DẪN:**

Trong trường hợp của bạn, có một số công nhân phản ánh về điều kiện làm việc không an toàn và có trường hợp bị thương do tai nạn lao động. Điều này rõ ràng yêu cầu thanh tra lao động phải tiến hành kiểm tra để đảm bảo an toàn cho"
syn_374_1768630657,Gia đình tôi đã hòa giải với hàng xóm về một tranh chấp tài sản. Vậy thời hiệu khởi kiện có bắt đầu lại từ ngày nào?,Điều 157 - Bộ luật Dân sự 2015,True,1.0,0.710828025477707,"**Căn cứ pháp lý:** 
- [Tài liệu 1] - [Bộ luật Dân sự 2015], Điều 157. Bắt đầu lại thời hiệu khởi kiện vụ án dân sự

**Nội dung quy định:**
Điều 157. Bắt đầu lại thời hiệu khởi kiện vụ án dân sự 1. Thời hiệu khởi kiện vụ án dân sự bắt đầu lại trong trường hợp sau đây: a) Bên có nghĩa vụ đã thừa nhận một phần hoặc toàn bộ nghĩa vụ của mình đối với người khởi kiện; b) Bên có nghĩa vụ thừa nhận hoặc thực hiện xong một phần nghĩa vụ của mình đối với người khởi kiện; c) Các bên đã tự hòa giải với nhau. 2. Thời hiệu khởi kiện vụ án dân sự bắt đầu lại kể từ ngày tiếp theo sau ngày xảy ra sự kiện quy định tại khoản 1 Điều này.

**Phân tích & Hướng dẫn:**
Theo Điều 157 của Bộ Luật Dân sự 2015, thời hiệu khởi kiện vụ án dân sự bắt đầu lại nếu các bên đã tự hòa giải với nhau. Trong trường hợp của gia đình bạn, sau khi đã hòa giải với hàng xóm về một tranh chấp tài sản, thời hiệu khởi kiện sẽ bắt đầu lại kể từ ngày tiếp theo sau ngày xảy ra sự kiện quy định tại khoản 1 Điều 157, tức là từ ngày hòa giải thành công.

Do đó, thời hiệu khởi kiện vụ án dân sự của gia đình bạn sẽ bắt đầu lại kể từ ngày tiếp theo sau ngày hòa giải thành công giữa các bên."
syn_1503_1768641976_0,"Tôi có một người bạn tên là Minh, năm nay 30 tuổi, đã bị bắt vì tội mua bán ma túy khi anh ấy đang vận chuyển 300 gam Methamphetamine. Anh ấy có thể bị phạt tù bao lâu nếu tòa án xác định đây là lần đầu tiên anh ấy phạm tội?",Điều 251 - Bộ luật Hình sự (Văn bản hợp nhất 2017),True,0.6666666666666666,0.5184782608695652,"**Căn cứ pháp lý:** 
Điều 251. Tội mua bán trái phép chất ma túy - Bộ Luật Hình sự (Văn bản hợp nhất 2017)

**Nội dung quy định:** 
1. Người nào mua bán trái phép chất ma túy, thì bị phạt tù từ 02 năm đến 07 năm.
2. Phạm tội thuộc một trong các trường hợp sau đây, thì bị phạt tù từ 07 năm đến 15 năm: a) Có tổ chức; b) Phạm tội 02 lần trở lên; c) Đối với 02 người trở lên; d) Lợi dụng chức vụ, quyền hạn; đ) Lợi dụng danh nghĩa cơ quan, tổ chức; e) Sử dụng người dưới 16 tuổi vào việc phạm tội hoặc bán ma túy cho người dưới 16 tuổi; g) Qua biên giới; h) Nhựa thuốc phiện, nhựa cần sa hoặc cao côca có khối lượng từ 500 gam đến dưới 01 kilôgam; i) Heroine, Cocaine, Methamphetamine, Amphetamine, MDMA hoặc XLR-11 có khối lượng từ 05 gam đến dưới 30 gam; k) Lá cây côca; lá khát (lá cây Catha edulis); lá, rễ, thân, cành, hoa, quả của cây cần sa hoặc bộ phận của cây khác có chứa chất ma túy do Chính phủ quy định có khối lượng từ 10 kilôgam đến dưới 25 kilôgam; l) Quả thuốc phiện khô có khối lượng từ 50 kilôgam đến dưới 200 kilôgam; m) Quả thuốc phiện tươi có khối lượng từ 10 kilôgam đến dưới 50 kilôgam; n) Các chất ma túy khác ở thể rắn có khối lượng từ 20 gam đến dưới 100 gam; o) Các chất ma túy khác ở thể lỏng có thể tích từ 100 mililít đến dưới 250 mililít; p) Có 02 chất ma túy trở lên mà tổng khối lượng hoặc thể tích của các chất đó tương đương với khối lượng hoặc thể tích chất ma túy quy định tại một trong các điểm từ điểm h đến điểm o khoản này; q) Tái phạm"
syn_222_1768629465,"Trong quá trình hợp tác kinh doanh với một đối tác không quen biết, chúng tôi không có văn bản thỏa thuận. Liệu tôi có thể dựa vào tập quán trong ngành để xác định quyền lợi của mình không?",Điều 5 - Bộ luật Dân sự 2015,True,0.3333333333333333,0.49782608695652175,"**CĂN CỨ PHÁP LUẬT THAM KHẢO:**
---
**[Tài liệu 1]** - Bộ luật Dân sự 2015
- Điều 5. Áp dụng tập quán

**[Tài liệu 2]** - Bộ luật Dân sự 2015
- Điều 504. Hợp đồng hợp tác

**[Tài liệu 3]** - Bộ luật Dân sự 2015
- Điều 433. Giá và phương thức thanh toán

**CÂU HỎI:**
Trong quá trình hợp tác kinh doanh với một đối tác không quen biết, chúng tôi không có văn bản thỏa thuận. Liệu tôi có thể dựa vào tập quán trong ngành để xác định quyền lợi của mình không?

**PHÂN TÍCH VÀ HƯỚNG DẪN:**
Theo Điều 5 của Bộ Luật Dân sự 2015, ""tập quán là quy tắc xử sự có nội dung rõ ràng để xác định quyền, nghĩa vụ của cá nhân, pháp nhân trong quan hệ dân sự cụ thể, được hình thành và lặp đi lặp lại nhiều lần trong một thời gian dài, được thừa nhận và áp dụng rộng rãi trong một vùng, miền, dân tộc, cộng đồng dân cư hoặc trong một lĩnh vực dân sự."" 

Trong trường hợp của bạn, khi không có văn bản thỏa thuận về hợp đồng hợp tác, bạn có thể dựa vào tập quán trong ngành để xác định quyền lợi của mình. Tuy nhiên, cần lưu ý rằng Điều 504 của Bộ Luật Dân sự quy định rõ ràng rằng ""Hợp đồng hợp tác phải được lập thành văn bản."" Do đó, mặc dù có thể sử dụng tập quán trong ngành, bạn vẫn nên cố gắng tạo ra một văn bản thỏa thuận để tránh bất kỳ hiểu lầm hoặc tranh chấp tiềm năng trong tương lai.

Bên cạnh đó, theo Điều 433 của Bộ Luật Dân sự, nếu không có thỏa thuận về giá hoặc phương thức thanh toán, giá và phương thức thanh toán sẽ được xác định theo giá thị trường và theo tập quán tại địa điểm và thời điểm giao kết hợp đồng. Điều này cũng có thể giúp bạn xác định một số chi tiết trong hợp đồng mà không cần phải dựa hoàn toàn vào tập quán.

T"
syn_56_1768628151,"Công ty tôi có quy định riêng trong Điều lệ, nhưng Chủ tịch Hội đồng không triệu tập họp khi có yêu cầu của tôi, tôi cần làm gì để bảo vệ quyền lợi của mình?",Điều 57 - Luật Doanh nghiệp 2020,True,1.0,0.3643157403082672,"**Căn cứ pháp lý:** 
- Điều 183, Điều 57, Điều 157 của Luật Doanh nghiệp 2020 - [Tài liệu 1 và 2]

**Nội dung quy định:**
- Điều 183 của Luật Doanh nghiệp 2020 quy định rằng Chủ tịch Hội đồng thành viên có thể triệu tập họp Hội đồng thành viên khi xét thấy cần thiết hoặc theo yêu cầu của thành viên hợp danh. Trường hợp Chủ tịch Hội đồng thành viên không triệu tập họp theo yêu cầu của thành viên hợp danh thì thành viên đó có quyền triệu tập họp.
- Điều 57 của Luật Doanh nghiệp 2020 quy định về việc triệu tập họp Hội đồng thành viên, trong đó nêu rõ Chủ tịch Hội đồng thành viên hoặc thành viên yêu cầu triệu tập họp chủ tọa cuộc họp. Trường hợp Chủ tịch Hội đồng thành viên không triệu tập họp theo yêu cầu của thành viên trong thời hạn 15 ngày kể từ ngày nhận được yêu cầu, thành viên đó có quyền triệu tập họp.
- Điều 157 của Luật Doanh nghiệp 2020 quy định về việc triệu tập họp Hội đồng quản trị, trong đó nêu rõ Chủ tịch Hội đồng quản trị có quyền triệu tập họp Hội đồng quản trị khi có đề nghị của Ban kiểm soát hoặc thành viên độc lập Hội đồng quản trị; Giám đốc hoặc Tổng giám đốc hoặc ít nhất 05 người quản lý khác; ít nhất 02 thành viên Hội đồng quản trị; hoặc trường hợp khác do Điều lệ công ty quy định.

**Phân tích & Hướng dẫn:**
Theo quy định của Luật Doanh nghiệp 2020, bạn có quyền triệu tập họp Hội đồng thành viên hoặc Hội đồng quản trị nếu Chủ tịch không triệu tập theo yêu cầu của bạn. Bạn nên thực hiện các bước sau:

1. **Triệu tập họp theo quy định của Điều lệ công ty:** Nếu có quy định cụ thể trong Điều lệ công ty về cách triệu tập họp, hãy tuân thủ quy định đó.

2. **Thực hiện theo quy định của Luật Doanh nghiệp 2020:**
   - Nếu chưa có quy định cụ thể trong Điều lệ công ty, bạn có thể triệu tập họp theo quy định của Luật Doanh nghiệp 2020. Theo Điều 183 và Điều 57, bạn có"
syn_1146_1768639344_1,"Chồng tôi làm việc trong ngành dệt may và công ty yêu cầu anh ấy làm thêm giờ trong mùa cao điểm. Tôi lo lắng rằng nếu anh ấy làm thêm quá nhiều giờ, sức khỏe của anh ấy sẽ bị ảnh hưởng. Có quy định nào để bảo vệ người lao động trong trường hợp này không?",Điều 107 - Bộ luật Lao động 2019,True,1.0,0.3654970760233918,"**Căn cứ pháp lý:** 
Điều 108. Làm thêm giờ trong trường hợp đặc biệt - Bộ Luật Lao động 2019

**Nội dung quy định:**
Theo Điều 108 của Bộ Luật Lao động 2019, người sử dụng lao động có quyền yêu cầu người lao động làm thêm giờ vào bất kỳ ngày nào mà không bị giới hạn về số giờ làm thêm theo quy định tại Điều 107 của Bộ luật này. Người lao động không được từ chối trong trường hợp sau đây: 1. Thực hiện lệnh động viên, huy động bảo đảm nhiệm vụ quốc phòng, an ninh theo quy định của pháp luật; 2. Thực hiện các công việc nhằm bảo vệ tính mạng con người, tài sản của cơ quan, tổ chức, cá nhân trong phòng ngừa, khắc phục hậu quả thiên tai, hỏa hoạn, dịch bệnh nguy hiểm và thảm họa, trừ trường hợp có nguy cơ ảnh hưởng đến tính mạng, sức khỏe của người lao động theo quy định của pháp luật về an toàn, vệ sinh lao động.

**Phân tích & Hướng dẫn:**
Trong trường hợp của chồng bạn làm việc trong ngành dệt may và công ty yêu cầu anh ấy làm thêm giờ trong mùa cao điểm, có một số quy định bảo vệ sức khỏe người lao động cần được chú ý. Theo Điều 108 của Bộ Luật Lao động 2019, người lao động không được từ chối làm thêm giờ nếu công việc đó nhằm bảo vệ tính mạng con người, tài sản của cơ quan, tổ chức, cá nhân trong phòng ngừa, khắc phục hậu quả thiên tai, hỏa hoạn, dịch bệnh nguy hiểm và thảm họa. Tuy nhiên, công việc này phải đảm bảo không gây nguy cơ ảnh hưởng đến tính mạng và sức khỏe của người lao động theo quy định của pháp luật về an toàn, vệ sinh lao động.

Việc làm thêm giờ trong mùa cao điểm ở ngành dệt may có thể ảnh hưởng đến sức khỏe của chồng bạn do thời gian làm việc tăng lên và cường độ công việc cũng tăng theo. Do đó, bạn nên kiểm tra xem công ty đã có các biện pháp bảo vệ sức khỏe như cung cấp đồ bảo hộ lao động, nghỉ ngơi đúng giờ, và"
syn_1562_1768642500_0,Vợ tôi vừa mua một số lượng lớn chất cháy để sử dụng trong công việc của mình mà không biết rằng việc này là trái phép. Tôi nên làm gì khi biết được việc này?,Điều 311 - Bộ luật Hình sự (Văn bản hợp nhất 2017),True,1.0,0.4854802680565898,"**Căn cứ pháp lý:** Điều 311. Tội sản xuất, tàng trữ, vận chuyển, sử dụng hoặc mua bán trái phép chất cháy, chất độc - Bộ Luật Hình sự (Văn bản hợp nhất 2017)

**Nội dung quy định:**
Theo Điều 311, người nào sản xuất, tàng trữ, vận chuyển, sử dụng hoặc mua bán trái phép chất cháy, chất độc sẽ bị phạt tù từ 01 năm đến 05 năm. Nếu phạm tội thuộc một trong các trường hợp nghiêm trọng như có tổ chức, vật phạm pháp có số lượng lớn, làm chết người, gây thương tích hoặc tổn hại cho sức khỏe người khác, thì mức phạt sẽ tăng từ 03 năm đến 10 năm tù. Trường hợp nghiêm trọng hơn, nếu vật phạm pháp có số lượng đặc biệt lớn, làm chết 03 người trở lên, hoặc gây thiệt hại về tài sản từ 1.500.000.000 đồng trở lên, người phạm tội có thể bị phạt tù từ 15 năm đến 20 năm hoặc tù chung thân.

**Phân tích & Hướng dẫn:**
Theo thông tin bạn cung cấp, vợ bạn đã mua một số lượng lớn chất cháy để sử dụng trong công việc. Tuy nhiên, việc mua bán chất cháy trái phép là hành vi bị nghiêm cấm theo Điều 311 của Bộ Luật Hình sự. Bạn cần nhanh chóng liên hệ với cơ quan chức năng để báo cáo tình hình này. Việc báo cáo sớm sẽ giúp tránh rủi ro pháp lý cho cả bạn và vợ bạn.

Nếu bạn đã biết về hành vi này từ trước và vẫn tiếp tục sử dụng, bạn có thể gặp rủi ro về tội ""Vi phạm quy định về quản lý chất cháy, chất độc"" theo Điều 312 của Bộ Luật Hình sự. Theo đó, người phạm tội sẽ bị phạt tù từ 01 năm đến 05 năm nếu hành vi gây thiệt hại cho người khác, từ 03 năm đến 10 năm nếu hành vi nghiêm trọng hơn, và từ 07 năm đến 15 năm nếu hành vi gây thiệt hại lớn hơn nữa.

Để tránh rủi ro pháp lý, bạn nên:

1. Báo cáo với cơ quan chức năng để họ kiểm tra và xử lý hành vi mua bán"
syn_763_1768633212,"Tôi đã hoàn thành hợp đồng gia công, nhưng vẫn còn một số nguyên vật liệu dư. Tôi có cần phải trả lại cho bên đặt gia công không?",Điều 546 - Bộ luật Dân sự 2015,False,1.0,0.44354838709677424,"**Căn cứ pháp lý:**
---
[Tài liệu 1] --- Văn bản: Bộ luật Dân sự 2015 --- Điều 553. Thanh lý nguyên vật liệu Khi hợp đồng gia công chấm dứt, bên nhận gia công phải hoàn trả nguyên vật liệu còn lại cho bên đặt gia công, trừ trường hợp có thỏa thuận khác.
---
[Tài liệu 2] --- Văn bản: Bộ luật Dân sự 2015 --- Mục 12. HỢP ĐỒNG GỬI GIỮ TÀI SẢN
---
[Tài liệu 3] --- Văn bản: Bộ luật Dân sự 2015 --- Điều 544. Nghĩa vụ của bên đặt gia công 1. Cung cấp nguyên vật liệu theo đúng số lượng, chất lượng, thời hạn và địa điểm đã thỏa thuận cho bên nhận gia công.

**Nội dung quy định:**
Theo Điều 553 của Bộ Luật Dân sự 2015, khi hợp đồng gia công chấm dứt, bên nhận gia công phải hoàn trả nguyên vật liệu còn lại cho bên đặt gia công, trừ trường hợp có thỏa thuận khác. Đây là một quy định rõ ràng về nghĩa vụ của bên nhận gia công trong trường hợp hợp đồng kết thúc.

**Phân tích & Hướng dẫn:**
Theo quy định trên, dù hợp đồng gia công đã kết thúc, bên nhận gia công vẫn có nghĩa vụ phải hoàn trả nguyên vật liệu còn lại cho bên đặt gia công. Trong trường hợp bạn đã hoàn thành hợp đồng gia công nhưng vẫn còn một số nguyên vật liệu dư, bạn nên tiến hành trả lại cho bên đặt gia công theo đúng quy định của pháp luật.

Việc này không chỉ tuân thủ quy định pháp luật mà còn thể hiện sự tôn trọng và trân trọng tài nguyên của bên đặt gia công. Nếu bạn chưa có thỏa thuận cụ thể với bên đặt gia công về việc xử lý nguyên vật liệu còn lại, thì theo quy định chung, bạn cần phải trả lại nguyên vật liệu đó cho bên đặt gia công.

Nếu có bất kỳ vấn đề nào về cách tiếp cận hoặc thời gian trả lại nguyên vật liệu, bạn nên liên hệ với bên đặt gia công để thảo luận và tìm kiếm sự hiểu biết chung."
syn_156_1768628911,"Tôi đã gửi phiếu biểu quyết cho cuộc họp Hội đồng quản trị qua thư, nhưng không chắc liệu phiếu của tôi có được tính không, tôi cần làm gì để đảm bảo?",Điều 157 - Luật Doanh nghiệp 2020,True,1.0,0.31996394772420006,"**Căn cứ pháp lý:**
Điều 157. Cuộc họp Hội đồng quản trị - Luật Doanh nghiệp 2020

**Nội dung quy định:**
Theo Điều 157 của Luật Doanh nghiệp 2020, thành viên Hội đồng quản trị được coi là tham dự và biểu quyết tại cuộc họp nếu họ tham dự trực tiếp tại cuộc họp, hoặc ủy quyền cho người khác dự họp và biểu quyết theo quy định. Phiếu biểu quyết gửi đến cuộc họp thông qua thư phải được gửi đến Chủ tịch Hội đồng quản trị chậm nhất là 1 giờ trước khi khai mạc cuộc họp. Nếu phiếu biểu quyết không được gửi đến đúng thời hạn, nó sẽ không được tính vào kết quả biểu quyết.

**Phân tích & Hướng dẫn:**
Trước hết, bạn cần đảm bảo rằng phiếu biểu quyết của mình đã được gửi đến Chủ tịch Hội đồng quản trị trước thời hạn quy định, tức là ít nhất 1 giờ trước khi cuộc họp bắt đầu. Nếu phiếu biểu quyết của bạn không được gửi đến đúng thời hạn, nó có thể không được tính vào kết quả biểu quyết và không có tác dụng.

Để đảm bảo rằng phiếu biểu quyết của bạn được tính, bạn nên:

1. **Gửi phiếu biểu quyết trước thời hạn:** Đảm bảo rằng phiếu biểu quyết của bạn được gửi đến Chủ tịch Hội đồng quản trị ít nhất 1 giờ trước thời gian khai mạc cuộc họp. 

2. **Kết quả kiểm phiếu:** Nếu bạn lo ngại về việc phiếu biểu quyết của mình có được tính không, bạn có thể yêu cầu Chủ tịch Hội đồng quản trị kiểm tra lại kết quả phiếu biểu quyết. Chủ tịch Hội đồng quản trị sẽ chịu trách nhiệm về tính trung thực và chính xác của phiếu biểu quyết.

3. **Biên bản họp:** Sau khi cuộc họp kết thúc, bạn nên xem xét biên bản họp để đảm bảo rằng phiếu biểu quyết của bạn được ghi nhận. Biên bản họp thường ghi rõ những phiếu biểu quyết đã được thực hiện và kết quả của chúng.

Nếu bạn vẫn lo lắng về việc phiếu biểu quyết của mình không được tính, bạn cũng có thể yêu cầu người đại diện cho bạn (nếu có) hoặc các thành viên Hội đồng quản trị khác tham gia cuộc họp để kiểm tra lại."
syn_92_1768628431,Tôi có 5 năm kinh nghiệm làm việc trong lĩnh vực tài chính và muốn tham gia Hội đồng thành viên. Liệu tôi có đủ tiêu chuẩn không?,Điều 93 - Luật Doanh nghiệp 2020,True,1.0,0.810760667903525,"**Căn cứ pháp lý:**
---
**[Tài liệu 1]** - [Luật Doanh nghiệp 2020]
---

**Nội dung quy định:**
---
Điều 93. Tiêu chuẩn và điều kiện của thành viên Hội đồng thành viên

1. Không thuộc đối tượng quy định tại khoản 2 Điều 17 của Luật này.
2. Có trình độ chuyên môn, kinh nghiệm trong quản trị kinh doanh hoặc trong lĩnh vực, ngành, nghề hoạt động của doanh nghiệp.
3. Không phải là người có quan hệ gia đình của người đứng đầu, cấp phó của người đứng đầu cơ quan đại diện chủ sở hữu; thành viên Hội đồng thành viên; Giám đốc, Phó giám đốc hoặc Tổng giám đốc, Phó Tổng giám đốc và Kế toán trưởng của công ty; Kiểm soát viên công ty.
4. Không phải là người quản lý doanh nghiệp thành viên.
5. Trừ Chủ tịch Hội đồng thành viên, thành viên khác của Hội đồng thành viên có thể kiêm Giám đốc, Tổng giám đốc công ty đó hoặc công ty khác không phải là doanh nghiệp thành viên theo quyết định của cơ quan đại diện chủ sở hữu.
6. Chưa từng bị cách chức Chủ tịch Hội đồng thành viên, thành viên Hội đồng thành viên hoặc Chủ tịch công ty, Giám đốc, Phó giám đốc hoặc Tổng giám đốc, Phó Tổng giám đốc của doanh nghiệp nhà nước.
7. Tiêu chuẩn và điều kiện khác quy định tại Điều lệ công ty.
---

**Phân tích & Hướng dẫn:**
---
Theo quy định tại Điều 93 của Luật Doanh nghiệp 2020, bạn cần đáp ứng các tiêu chuẩn và điều kiện sau để tham gia Hội đồng thành viên:

1. **Chuẩn bị về trình độ chuyên môn và kinh nghiệm**: Bạn có 5 năm kinh nghiệm làm việc trong lĩnh vực tài chính, điều này đáp ứng yêu cầu về trình độ chuyên môn và kinh nghiệm trong quản trị kinh doanh hoặc lĩnh vực hoạt động cụ thể của doanh nghiệp.

2. **Không có quan hệ gia đình**: Bạn cần đảm bảo rằng không có quan hệ gia đình với người đứng đầu, cấp phó của người đứng đầu cơ quan đại diện chủ sở hữu, thành viên Hội đồng thành viên, Giám đốc, Phó giám đốc, Tổng giám đốc, Phó Tổng giám đốc, Kế toán trưởng, hoặc"
syn_14_1768627826,"Tôi là chủ sở hữu một công ty và đã ủy quyền cho một thành viên trong công ty thực hiện quyền lợi của tôi. Nếu giữa tôi và người đại diện có sự không đồng thuận về cách thực hiện quyền lợi, tôi có quyền hạn chế quyền của họ không?",Điều 15 - Luật Doanh nghiệp 2020,True,1.0,0.7709030100334449,"**Căn cứ pháp lý:**
[Điều 15][Luật Doanh nghiệp 2020]

**Nội dung quy định:**
1. Người đại diện theo ủy quyền nhân danh chủ sở hữu, thành viên, cổ đông công ty thực hiện quyền và nghĩa vụ của chủ sở hữu, thành viên, cổ đông tại Hội đồng thành viên, Đại hội đồng cổ đông theo quy định của Luật này.
2. Mọi hạn chế của chủ sở hữu, thành viên, cổ đông đối với người đại diện theo ủy quyền trong việc thực hiện quyền, nghĩa vụ của chủ sở hữu, thành viên, cổ đông công ty tương ứng tại Hội đồng thành viên, Đại hội đồng cổ đông đều không có hiệu lực đối với bên thứ ba.
3. Người đại diện theo ủy quyền có trách nhiệm tham dự đầy đủ cuộc họp Hội đồng thành viên, Đại hội đồng cổ đông; thực hiện quyền và nghĩa vụ được ủy quyền một cách trung thực, cẩn trọng, tốt nhất, bảo vệ lợi ích hợp pháp của chủ sở hữu, thành viên, cổ đông cử đại diện.
4. Người đại diện theo ủy quyền chịu trách nhiệm trước chủ sở hữu, thành viên, cổ đông cử đại diện do vi phạm trách nhiệm quy định tại Điều này. Chủ sở hữu, thành viên, cổ đông cử đại diện chịu trách nhiệm trước bên thứ ba đối với trách nhiệm phát sinh liên quan đến quyền và nghĩa vụ được thực hiện thông qua người đại diện theo ủy quyền.

**Phân tích & Hướng dẫn:**
Theo quy định tại Điều 15 của Luật Doanh nghiệp 2020, người đại diện theo ủy quyền thực hiện quyền và nghĩa vụ của chủ sở hữu, thành viên, cổ đông công ty tại Hội đồng thành viên, Đại hội đồng cổ đông. Các hạn chế của chủ sở hữu, thành viên, cổ đông đối với người đại diện theo ủy quyền trong việc thực hiện quyền, nghĩa vụ của họ không có hiệu lực đối với bên thứ ba. Điều này có nghĩa là bạn, chủ sở hữu, không có quyền hạn chế quyền của người đại diện theo ủy quyền nếu họ không tuân thủ các trách nhiệm quy định.

Tuy nhiên, theo Điều 15, người đại diện theo ủy quyền có trách nhiệm tham dự đầy đủ cuộc họp Hội đồng thành viên, Đại hội đồng cổ đông; thực hiện quyền và nghĩa vụ được ủy quyền một cách trung thực"
syn_1615_1768642975_0,"Tôi là một doanh nhân và đã có lần đưa một khoản tiền 80 triệu đồng cho một công chức để giúp tôi thông qua một thủ tục hành chính. Hiện tại, tôi nghe nói rằng hành động này có thể bị xử lý hình sự. Vậy tôi có thể bị phạt như thế nào?",Điều 364 - Bộ luật Hình sự (Văn bản hợp nhất 2017),True,1.0,0.6090979182729376,"**Căn cứ pháp lý:**
Điều 364. Tội đưa hối lộ - Bộ luật Hình sự (Văn bản hợp nhất 2017)

**Nội dung quy định:**
1. Người nào trực tiếp hay qua trung gian đã đưa hoặc sẽ đưa cho người có chức vụ, quyền hạn hoặc người khác hoặc tổ chức khác bất kỳ lợi ích nào sau đây để người có chức vụ, quyền hạn làm hoặc không làm một việc vì lợi ích hoặc theo yêu cầu của người đưa hối lộ, thì bị phạt tiền từ 20.000.000 đồng đến 200.000.000 đồng, phạt cải tạo không giam giữ đến 03 năm hoặc phạt tù từ 06 tháng đến 03 năm:
   a) Tiền, tài sản, lợi ích vật chất khác trị giá từ 2.000.000 đồng đến dưới 100.000.000 đồng;
   b) Lợi ích phi vật chất.
2. Phạm tội thuộc một trong các trường hợp sau đây, thì bị phạt tù từ 02 năm đến 07 năm:
   a) Có tổ chức;
   b) Dùng thủ đoạn xảo quyệt;
   c) Dùng tài sản của Nhà nước để đưa hối lộ;
   d) Lợi dụng chức vụ, quyền hạn;
   e) Phạm tội 02 lần trở lên;
   f) Của hối lộ là tiền, tài sản, lợi ích vật chất khác trị giá từ 100.000.000 đồng đến dưới 500.000.000 đồng.

**Phân tích & Hướng dẫn:**
Theo quy định tại Điều 364, Bộ luật Hình sự, nếu hành vi đưa hối lộ được thực hiện trực tiếp hoặc thông qua trung gian, và lợi ích được đưa cho người có chức vụ, quyền hạn nhằm mục đích làm hoặc không làm một việc, thì mức phạt sẽ phụ thuộc vào giá trị của lợi ích được đưa.

Trong trường hợp của bạn, đã đưa một khoản tiền 80 triệu đồng (tương đương với 8.000.000.000 đồng), giá trị này nằm trong khoảng từ 2.000.000.000 đồng đến dưới 10"
syn_1019_1768638681_0,"Tôi có một đứa cháu 10 tuổi và cha mẹ của cháu đã ly hôn. Tôi là ông ngoại và hiện tại không sống cùng cháu. Tôi muốn biết liệu tôi có nghĩa vụ cấp dưỡng cho cháu không, vì tôi đang gặp khó khăn tài chính.",Điều 113 - Luật Hôn nhân và Gia đình 2014,True,1.0,0.49154453213077787,"**Căn cứ pháp lý:**
Điều 113 và Điều 115 - Luật Hôn nhân và Gia đình 2014

**Nội dung quy định:**
Theo Điều 113 của Luật Hôn nhân và Gia đình 2014, ông bà nội, ông bà ngoại có nghĩa vụ cấp dưỡng cho cháu trong trường hợp cháu chưa thành niên hoặc cháu đã thành niên không có khả năng lao động và không có tài sản để tự nuôi mình. Điều 115 của cùng văn bản quy định rằng khi ly hôn, nếu bên khó khăn, túng thiếu có yêu cầu cấp dưỡng mà có lý do chính đáng, bên kia có nghĩa vụ cấp dưỡng theo khả năng của mình.

**Phân tích & Hướng dẫn:**
Theo tình huống bạn cung cấp, cháu của bạn là một đứa trẻ 10 tuổi, còn cha mẹ đã ly hôn và bạn là ông ngoại không sống cùng cháu. Bạn hiện tại đang gặp khó khăn tài chính.

Dựa vào điều 113, bạn có nghĩa vụ cấp dưỡng cho cháu nếu cháu chưa thành niên (tức là đến 18 tuổi). Tuy nhiên, cháu đã đủ tuổi 10 nên không thuộc trường hợp chưa thành niên.

Dựa vào điều 115, bạn cũng có nghĩa vụ cấp dưỡng cho cháu nếu cháu không có khả năng lao động và không có tài sản để tự nuôi mình, đồng thời không có người khác cấp dưỡng. Nhưng từ thông tin bạn cung cấp, chúng ta chưa có đủ thông tin để xác định cháu có đủ điều kiện này hay không.

Tuy nhiên, nếu bạn và cháu có thỏa thuận về việc cấp dưỡng và có lý do chính đáng, bạn có thể yêu cầu cấp dưỡng từ phía cha mẹ hoặc người có quyền lợi khác. 

Do đó, bạn nên thảo luận với cha mẹ của cháu về việc cấp dưỡng và nếu cần, có thể nhờ sự hỗ trợ của cơ quan chức năng như Tòa án nhân dân để giải quyết vấn đề này."
syn_387_1768630736,Công ty tôi phát hiện một đối thủ cạnh tranh đã sử dụng trái phép thương hiệu của chúng tôi. Tôi có thể yêu cầu bồi thường thiệt hại do hành vi xâm phạm này không?,Điều 170 - Bộ luật Dân sự 2015,True,0.0,0.47713226205191595,"**CĂN CỨ PHÁP LUẬT THAM KHẢO:**
--- [Tài liệu 1] ---
Văn bản: Bộ luật Dân sự 2015
Nội dung: Điều 170. Quyền yêu cầu bồi thường thiệt hại Chủ sở hữu, chủ thể có quyền khác đối với tài sản có quyền yêu cầu người có hành vi xâm phạm quyền sở hữu, quyền khác đối với tài sản bồi thường thiệt hại. Mục 3. GIỚI HẠN QUYỀN SỞ HỮU, QUYỀN KHÁC ĐỐI VỚI TÀI SẢN

--- [Tài liệu 2] ---
Văn bản: Bộ luật Dân sự 2015
Nội dung: Điều 185. Bảo vệ việc chiếm hữu Trường hợp việc chiếm hữu bị người khác xâm phạm thì người chiếm hữu có quyền yêu cầu người có hành vi xâm phạm phải chấm dứt hành vi, khôi phục tình trạng ban đầu, trả lại tài sản và bồi thường thiệt hại hoặc yêu cầu Tòa án, cơ quan nhà nước có thẩm quyền khác buộc người đó chấm dứt hành vi, khôi phục tình trạng ban đầu, trả lại tài sản và bồi thường thiệt hại. Chương XIII QUYỀN SỞ HỮU Mục 1. NỘI DUNG QUYỀN SỞ HỮU Tiểu mục 1. QUYỀN CHIẾM HỮU

--- [Tài liệu 3] ---
Văn bản: Bộ luật Dân sự 2015
Nội dung: Điều 164. Biện pháp bảo vệ quyền sở hữu, quyền khác đối với tài sản 1. Chủ sở hữu, chủ thể có quyền khác đối với tài sản có quyền tự bảo vệ, ngăn chặn bất kỳ người nào có hành vi xâm phạm quyền của mình bằng những biện pháp không trái với quy định của pháp luật. 2. Chủ sở hữu, chủ thể có quyền khác đối với tài sản có quyền yêu cầu Tòa án, cơ quan nhà nước có thẩm quyền khác buộc người có hành vi xâm phạm quyền phải trả lại tài sản, chấm dứt hành vi cản trở trái pháp luật việc thực hiện quyền sở hữu, quyền khác đối với tài sản và yêu cầu bồi thường thiệt hại.

**CĂN C"
syn_640_1768632461,"Tôi có một hợp đồng thuê nhà, chủ nhà không thực hiện nghĩa vụ bảo trì nhà theo thỏa thuận trong hợp đồng. Tôi có thể hủy bỏ hợp đồng thuê này không?",Điều 423 - Bộ luật Dân sự 2015,True,0.3333333333333333,0.5783898305084746,"**CĂN CỨ PHÁP LUẬT THAM KHẢO:**
---
[Tài liệu 1] ---
Văn bản: Bộ luật Dân sự 2015
Nội dung: Điều 424. Hủy bỏ hợp đồng do chậm thực hiện nghĩa vụ 1. Trường hợp bên có nghĩa vụ không thực hiện đúng nghĩa vụ mà bên có quyền yêu cầu thực hiện nghĩa vụ trong một thời hạn hợp lý nhưng bên có nghĩa vụ không thực hiện thì bên có quyền có thể hủy bỏ hợp đồng. 2. Trường hợp do tính chất của hợp đồng hoặc do ý chí của các bên, hợp đồng sẽ không đạt được mục đích nếu không được thực hiện trong thời hạn nhất định mà hết thời hạn đó bên có nghĩa vụ không thực hiện đúng nghĩa vụ thì bên kia có quyền hủy bỏ hợp đồng mà không phải tuân theo quy định tại khoản 1 Điều này.

[Tài liệu 2] ---
Văn bản: Bộ luật Dân sự 2015
Nội dung: Điều 423. Hủy bỏ hợp đồng 1. Một bên có quyền hủy bỏ hợp đồng và không phải bồi thường thiệt hại trong trường hợp sau đây: a) Bên kia vi phạm hợp đồng là điều kiện hủy bỏ mà các bên đã thỏa thuận; b) Bên kia vi phạm nghiêm trọng nghĩa vụ hợp đồng; c) Trường hợp khác do luật quy định. 2. Vi phạm nghiêm trọng là việc không thực hiện đúng nghĩa vụ của một bên đến mức làm cho bên kia không đạt được mục đích của việc giao kết hợp đồng. 3. Bên hủy bỏ hợp đồng phải thông báo ngay cho bên kia biết về việc hủy bỏ, nếu không thông báo mà gây thiệt hại thì phải bồi thường.

[Tài liệu 3] ---
Văn bản: Bộ luật Dân sự 2015
Nội dung: Điều 425. Hủy bỏ hợp đồng do không có khả năng thực hiện Trường hợp bên có nghĩa vụ không thể thực hiện được một phần hoặc toàn bộ nghĩa vụ của mình làm cho mục đích của bên có quyền không thể đạt được thì bên có quyền có thể hủy bỏ hợp đồng và yêu cầu bồi thường thiệt hại.

---

**PHÂN TÍCH VÀ HƯỚNG DẪN:**

Theo Điều 424 của Bộ luật Dân sự 2015, trường hợp bên có nghĩa vụ không"
syn_1103_1768639101_1,Công ty của tôi vừa trải qua một đợt cắt giảm nhân sự và tôi muốn thảo luận về tình hình kinh doanh của công ty cũng như yêu cầu của chúng tôi đối với người sử dụng lao động. Liệu tôi có thể yêu cầu nội dung này trong cuộc đối thoại không?,Điều 64 - Bộ luật Lao động 2019,True,1.0,0.4842105263157894,"**Căn cứ pháp lý:** 
- Điều 64. Nội dung đối thoại tại nơi làm việc - Bộ Luật Lao động 2019

**Nội dung quy định:**
- Điều 64 quy định rằng nội dung đối thoại bắt buộc theo quy định tại điểm c khoản 2 Điều 63 của Bộ Luật này. Ngoài ra, các bên có thể lựa chọn một hoặc một số nội dung khác để tiến hành đối thoại, trong đó có việc thảo luận về tình hình sản xuất, kinh doanh của người sử dụng lao động và yêu cầu của người lao động đối với người sử dụng lao động.

**Phân tích & Hướng dẫn:**
Theo Điều 64 của Bộ Luật Lao động 2019, ngoài nội dung quy định bắt buộc, các bên có thể lựa chọn thảo luận thêm về tình hình sản xuất, kinh doanh của người sử dụng lao động và yêu cầu của người lao động đối với người sử dụng lao động. Do đó, bạn hoàn toàn có thể yêu cầu thảo luận về tình hình kinh doanh của công ty cũng như các yêu cầu của công ty đối với người sử dụng lao động trong cuộc đối thoại. 

Tuy nhiên, việc thảo luận về tình hình kinh doanh của công ty sẽ phù hợp hơn khi diễn ra trong môi trường đối thoại định kỳ hoặc khi có yêu cầu cụ thể từ một hoặc các bên liên quan. Nếu chỉ đơn thuần là một cuộc thảo luận giữa hai bên để trao đổi thông tin, bạn nên cân nhắc việc này trong các cuộc đối thoại định kỳ hoặc khi có yêu cầu cụ thể từ phía công ty. 

Để đảm bảo tuân thủ quy định, bạn nên thông báo cho người sử dụng lao động về mục đích và nội dung của cuộc đối thoại, đồng thời đảm bảo rằng cuộc đối thoại diễn ra trong một không gian tôn trọng và phù hợp với quy định của pháp luật về quyền đối thoại tại nơi làm việc."
syn_538_1768631792,Tôi đang thế chấp một mảnh đất để vay ngân hàng. Tôi có thể cho thuê mảnh đất đó không?,Điều 321 - Bộ luật Dân sự 2015,True,1.0,0.8705473501303214,"**Căn cứ pháp lý:**
--- [Tài liệu 1] ---
Văn bản: Bộ luật Dân sự 2015
Nội dung: Điều 321. Quyền của bên thế chấp

**Nội dung quy định:**
1. Khai thác công dụng, hưởng hoa lợi, lợi tức từ tài sản thế chấp, trừ trường hợp hoa lợi, lợi tức cũng là tài sản thế chấp theo thỏa thuận.
2. Đầu tư để làm tăng giá trị của tài sản thế chấp.
3. Nhận lại tài sản thế chấp do người thứ ba giữ và giấy tờ liên quan đến tài sản thế chấp do bên nhận thế chấp giữ khi nghĩa vụ được bảo đảm bằng thế chấp chấm dứt hoặc được thay thế bằng biện pháp bảo đảm khác.
4. Được bán, thay thế, trao đổi tài sản thế chấp, nếu tài sản đó là hàng hóa luân chuyển trong quá trình sản xuất, kinh doanh. Trong trường hợp này, quyền yêu cầu bên mua thanh toán tiền, số tiền thu được, tài sản hình thành từ số tiền thu được, tài sản được thay thế hoặc được trao đổi trở thành tài sản thế chấp. Trường hợp tài sản thế chấp là kho hàng thì bên thế chấp được quyền thay thế hàng hóa trong kho, nhưng phải bảo đảm giá trị của hàng hóa trong kho đúng như thỏa thuận.
5. Được bán, trao đổi, tặng cho tài sản thế chấp không phải là hàng hóa luân chuyển trong quá trình sản xuất, kinh doanh, nếu được bên nhận thế chấp đồng ý hoặc theo quy định của luật.
6. Được cho thuê, cho mượn tài sản thế chấp nhưng phải thông báo cho bên thuê, bên mượn biết về việc tài sản cho thuê, cho mượn đang được dùng để thế chấp và phải thông báo cho bên nhận thế chấp biết.

**Phân tích & Hướng dẫn:**
Theo Điều 321 của Bộ luật Dân sự 2015, bên thế chấp có quyền cho thuê, cho mượn tài sản thế chấp, nhưng phải thông báo cho bên thuê, bên mượn biết về việc tài sản đang được dùng để thế chấp. Đồng thời, bên thế chấp cũng phải thông báo cho bên nhận thế chấp biết về việc cho thuê, cho mượn. 

Trong trường hợp bạn đang thế chấp một mảnh đất để vay"
syn_451_1768631208,"Tôi vừa nhận được thông tin rằng tôi là người thừa kế duy nhất của mẹ tôi, bà ấy đã mất cách đây một tháng, vậy tôi cần làm gì để xác lập quyền sở hữu tài sản thừa kế?",Điều 234 - Bộ luật Dân sự 2015,True,1.0,0.42329545454545464,"**Căn cứ pháp lý:** 
Điều 234. Xác lập quyền sở hữu do được thừa kế - Bộ Luật Dân sự 2015

**Nội dung quy định:**
Theo Điều 234 của Bộ Luật Dân sự 2015, người thừa kế được xác lập quyền sở hữu đối với tài sản thừa kế theo quy định tại Phần thứ tư của Bộ luật này. Phần thứ tư của Bộ Luật Dân sự 2015 quy định về thừa kế, trong đó có quy định về việc xác lập quyền sở hữu đối với tài sản thừa kế.

**Phân tích & Hướng dẫn:**
Theo quy định trên, bạn là người thừa kế duy nhất của mẹ và đã nhận được thông tin về tài sản thừa kế. Để xác lập quyền sở hữu tài sản thừa kế, bạn cần thực hiện các bước sau:

1. **Đặt hàng chứng từ thừa kế:** Bạn nên lập và nộp hồ sơ đề nghị xác lập quyền sở hữu tài sản thừa kế cho cơ quan có thẩm quyền (có thể là Sở Tư pháp hoặc Tòa án nhân dân cấp huyện). Hồ sơ cần có đầy đủ các giấy tờ liên quan như giấy khai tử, quyết định phân chia tài sản thừa kế, nếu có.

2. **Chứng nhận quyền sở hữu:** Sau khi hồ sơ được chấp nhận và xác nhận, cơ quan có thẩm quyền sẽ cấp cho bạn chứng nhận quyền sở hữu tài sản thừa kế. 

3. **Đăng ký sở hữu:** Nếu tài sản thừa kế cần đăng ký, bạn cũng cần tiến hành đăng ký theo quy định của pháp luật hiện hành.

Việc bạn cần làm là liên hệ với cơ quan có thẩm quyền để thực hiện các thủ tục trên. Việc xác lập quyền sở hữu tài sản thừa kế không chỉ giúp bạn nắm quyền sở hữu tài sản mà còn có thể giúp tránh được những tranh chấp về tài sản sau này."
syn_1443_1768641507_2,Vợ tôi đã từng bị xử phạt hành chính về tội tàng trữ pháo nổ. Nếu vợ tôi bị phát hiện tàng trữ 30 kilôgam pháo nổ thì hậu quả pháp lý cho vợ tôi sẽ ra sao?,Điều 191 - Bộ luật Hình sự (Văn bản hợp nhất 2017),False,1.0,0.3082364830722587,"**Căn cứ pháp lý:** [Tài liệu 1] - Bộ luật Hình sự (Văn bản hợp nhất 2017)

**Nội dung quy định:**
Điều 305. Tội chế tạo, tàng trữ, vận chuyển, sử dụng, mua bán trái phép hoặc chiếm đoạt vật liệu nổ

1. Người nào chế tạo, tàng trữ, vận chuyển, sử dụng, mua bán trái phép hoặc chiếm đoạt vật liệu nổ, thì bị phạt tù từ 01 năm đến 05 năm.
2. Phạm tội thuộc một trong các trường hợp sau đây, thì bị phạt tù từ 03 năm đến 10 năm:
   a) Có tổ chức;
   b) Thuốc nổ các loại từ 10 kilôgam đến dưới 30 kilôgam;
   c) Các loại phụ kiện nổ có số lượng lớn;
   d) Vận chuyển, mua bán qua biên giới;
   đ) Làm chết người;
   e) Gây thương tích hoặc gây tổn hại cho sức khỏe của người khác mà tỷ lệ tổn thương cơ thể 61% trở lên;
   f) Gây thương tích hoặc gây tổn hại cho sức khỏe của 02 người trở lên mà tổng tỷ lệ tổn thương cơ thể của những người này từ 61% đến 121%;
   g) Gây thương tích hoặc gây tổn hại cho sức khỏe của 02 người trở lên mà tổng tỷ lệ tổn thương cơ thể của những người này từ 122% đến 200%;
   h) Gây thiệt hại về tài sản từ 100.000.000 đồng đến dưới 500.000.000 đồng;
   i) Tái phạm nguy hiểm.

**Phân tích & Hướng dẫn:**

Theo điều 305 của Bộ Luật Hình sự, nếu vợ bạn tàng trữ 30 kilôgam pháo nổ, thì cô ấy sẽ bị phạt tù từ 03 năm đến 10 năm tùy theo các yếu tố cụ thể như có tổ chức, có tính chất chuyên nghiệp, làm chết người hay gây thương tích cho người khác với tỷ lệ tổn thương cơ thể 61% trở lên, và nhiều hơn nữa.

Tuy nhiên, cần lưu ý rằng vợ bạn đã từng bị xử"
syn_1320_1768640473_1,"Chồng tôi bị kết án 6 tháng tù treo vì tham gia vào một vụ đánh nhau. Gần đây, anh ấy đã có những hành động tích cực như tham gia các hoạt động tình nguyện. Chúng tôi đang thắc mắc liệu anh ấy có thể xin miễn hình phạt không?",Điều 59 - Bộ luật Hình sự (Văn bản hợp nhất 2017),False,1.0,0.36188436830835113,"**Căn cứ pháp lý:** 
- Điều 62. Miễn chấp hành hình phạt - Điều 62 của Bộ Luật Hình sự (Văn bản hợp nhất 2017)

**Nội dung quy định:**
Điều 62 của Bộ Luật Hình sự quy định về việc miễn chấp hành hình phạt. Theo đó, người bị kết án được miễn chấp hành hình phạt nếu thuộc một trong các trường hợp được nêu cụ thể, bao gồm việc lập công, mắc bệnh hiểm nghèo, chấp hành tốt pháp luật, hoàn cảnh gia đình đặc biệt khó khăn và không còn nguy hiểm cho xã hội nữa.

**Phân tích & Hướng dẫn:**
Theo thông tin bạn cung cấp, chồng bạn đã bị kết án 6 tháng tù treo vì tham gia vào vụ đánh nhau. Hiện tại, chồng bạn đã tham gia các hoạt động tình nguyện và có những hành động tích cực. Để xem xét khả năng miễn hình phạt, cần phân tích từng yếu tố quy định trong Điều 62 của Bộ Luật Hình sự.

Cụ thể, chồng bạn có thể xin miễn hình phạt nếu:
1. **Lập công**: Bạn cần có bằng chứng rõ ràng và chính xác về những đóng góp tích cực của chồng bạn trong các hoạt động tình nguyện.
2. **Mắc bệnh hiểm nghèo**: Không có thông tin về tình trạng sức khỏe của chồng bạn hiện tại.
3. **Chấp hành tốt pháp luật**: Bạn cần chứng minh rằng chồng bạn đã chấp hành pháp luật một cách nghiêm túc kể từ khi bị kết án.
4. **Hoàn cảnh gia đình đặc biệt khó khăn**: Bạn cần cung cấp bằng chứng về hoàn cảnh gia đình của chồng bạn, bao gồm thu nhập, tình trạng sức khỏe, tài sản, và khả năng kiếm sống của họ.
5. **Không còn nguy hiểm cho xã hội**: Bạn cần chứng minh rằng chồng bạn đã thay đổi và không còn nguy cơ tái phạm tội phạm.

Nếu chồng bạn thỏa mãn các tiêu chí trên, có thể đề nghị Viện trưởng Viện kiểm sát và Tòa án xem xét miễn hình phạt. Tuy nhiên, việc này cần được thực hiện dựa trên hồ sơ và chứng cứ cụ thể, đầy đủ để đảm bảo tính chính xác và khách quan của quyết định.

Cuối cùng, bạn nên liên hệ với cơ quan chức năng để có hướng dẫn cụ thể và chính xác hơn trong"
syn_1206_1768639693_0,Tôi là một bà mẹ đơn thân và tôi muốn nhận công việc về làm tại nhà để có thể chăm sóc cho con nhỏ. Tôi có thể thỏa thuận như thế nào với công ty của mình về việc này?,Điều 167 - Bộ luật Lao động 2019,True,1.0,0.3642691415313225,"**Căn cứ pháp lý:**
- Văn bản: Bộ luật Lao động 2019
- Nối dụng: Điều 167. Người lao động nhận công việc về làm tại nhà

**Nội dung quy định:**
Người lao động có thể thỏa thuận với người sử dụng lao động để nhận việc về làm tại nhà. Điều này cho phép người lao động có thêm lựa chọn trong việc thực hiện công việc mà không nhất thiết phải đến trụ sở làm việc của người sử dụng lao động.

**Phân tích & Hướng dẫn:**
Theo Điều 167 của Bộ Luật Lao động 2019, bạn có quyền thỏa thuận với công ty của mình về việc nhận công việc về làm tại nhà. Điều này không vi phạm quy định của pháp luật vì việc làm việc tại nhà vẫn được coi là một hình thức làm việc hợp pháp và tuân thủ các quy định về bảo hiểm xã hội, bảo hiểm y tế và bảo hiểm thất nghiệp theo quy định tại Điều 162 của cùng một văn bản luật.

Để đảm bảo quyền lợi của cả bạn và công ty, bạn nên thảo luận và thống nhất rõ ràng các điều khoản sau:

1. Hình thức trả lương: Bạn và công ty cần thỏa thuận về hình thức trả lương (tiền mặt, chuyển khoản, v.v.) và kỳ hạn trả lương.
2. Thời giờ làm việc hằng ngày: Cần xác định rõ thời gian cụ thể mà bạn sẽ làm việc tại nhà.
3. Chỗ ở: Nếu công ty cung cấp chỗ ở, cần xác định rõ vị trí, diện tích và các điều kiện liên quan.
4. Thời gian báo trước: Theo Điều 162, một bên có quyền đơn phương chấm dứt hợp đồng lao động bất kỳ khi nào nhưng phải báo trước ít nhất 15 ngày. Vì vậy, bạn nên thông báo cho công ty về quyết định của mình trước ít nhất 15 ngày để họ có thời gian chuẩn bị.

Khi đã thống nhất các điều khoản trên, bạn và công ty nên lập một văn bản thỏa thuận về việc làm việc tại nhà, bao gồm các điều khoản đã đề cập. Việc này sẽ đảm bảo rằng cả hai bên đều hiểu rõ và chấp nhận các cam kết và trách nhiệm liên quan.

Như vậy, bạn hoàn toàn có thể thỏa thuận với công ty của mình về việc nhận công việc về"
syn_75_1768628302,Tôi là chủ sở hữu một công ty TNHH và đang muốn sửa đổi Điều lệ công ty. Tôi cần thực hiện những bước gì để đảm bảo quyền quyết định của mình được thực hiện đúng theo quy định?,Điều 76 - Luật Doanh nghiệp 2020,True,1.0,0.3959783449342614,"**Căn cứ pháp lý:** 
- Điều 76, Luật Doanh nghiệp 2020 - Văn bản: Luật Doanh nghiệp 2020

**Nội dung quy định:**
- Điều 76 của Luật Doanh nghiệp 2020 quy định về quyền của chủ sở hữu công ty. Trong đó, chủ sở hữu công ty có quyền quyết định sửa đổi Điều lệ công ty.

**Phân tích & Hướng dẫn:**

Để đảm bảo quyền quyết định của bạn trong việc sửa đổi Điều lệ công ty theo quy định, bạn cần thực hiện các bước sau:

1. **Thực hiện Sửa Đổi Điều Lệ Công Ty:** Theo Điều 76 của Luật Doanh nghiệp 2020, chủ sở hữu công ty có quyền quyết định sửa đổi Điều lệ công ty. Bạn nên chuẩn bị một dự thảo điều lệ mới phù hợp với tình hình kinh doanh và mục tiêu phát triển của công ty.

2. **Bổ Nhiệm Hội Đồng Thành Viên:** Chủ sở hữu công ty có quyền bổ nhiệm Hội đồng thành viên. Hội đồng thành viên sẽ tham gia vào việc thảo luận và ra quyết định về việc sửa đổi Điều lệ công ty. 

3. **Triển Khai Cuộc Họp Hội Đồng Thành Viên:** Cuộc họp Hội đồng thành viên sẽ diễn ra để thảo luận và thông qua quyết định về việc sửa đổi Điều lệ công ty. Cuộc họp phải được tổ chức theo đúng quy định tại Điều 80 của Luật Doanh nghiệp 2020, bao gồm việc triệu tập cuộc họp, tính đủ số lượng thành viên dự họp và thông qua quyết định theo quy định.

4. **Số Thành Viên Dự Họp:** Để thông qua quyết định sửa đổi Điều lệ công ty, phải có sự đồng ý của ít nhất 75% số thành viên Hội đồng thành viên. Nếu Điều lệ công ty không có quy định khác, mỗi thành viên Hội đồng thành viên có một phiếu biểu quyết có giá trị như nhau.

5. **Ghi Biên Bản và Phê Bình:** Cuộc họp phải được ghi biên bản, có thể được ghi âm hoặc lưu trữ dưới hình thức điện tử. Biên bản họp Hội đồng thành viên phải được thông qua và ghi tại biên bản.

6. **Thực Hiện Sửa Đổi:** Sau khi thông qua quyết định, bạn cần thực hiện các bước cụ thể để"
syn_621_1768632344,Gia đình tôi đang tranh chấp về một hợp đồng thuê nhà mà có một điều khoản khó hiểu. Tôi có thể giải thích điều khoản này theo cách nào để bảo vệ quyền lợi của chúng tôi?,Điều 404 - Bộ luật Dân sự 2015,True,0.0,0.48766603415559767,"**CĂN CỨ PHÁP LUẬT THAM KHẢO:**
---
**Tài liệu 1:** Bộ luật Dân sự 2015
Nội dung: Điều 404. Giải thích hợp đồng

**Tài liệu 2:** Bộ luật Dân sự 2015
Nội dung: Điều 472. Hợp đồng thuê tài sản

**Tài liệu 3:** Bộ luật Dân sự 2015
Nội dung: Điều 405. Hợp đồng theo mẫu

---

**CÂU HỎI:**
Gia đình tôi đang tranh chấp về một hợp đồng thuê nhà mà có một điều khoản khó hiểu. Tôi có thể giải thích điều khoản này theo cách nào để bảo vệ quyền lợi của chúng tôi?

**TRẢ LỜI:**

Để giải thích điều khoản khó hiểu trong hợp đồng thuê nhà và bảo vệ quyền lợi của gia đình bạn, cần tuân thủ các nguyên tắc quy định trong Bộ luật Dân sự 2015. Theo đó, Điều 404 của Bộ luật Dân sự 2015 về giải thích hợp đồng yêu cầu khi hợp đồng có điều khoản không rõ ràng, cần dựa vào cả ngôn từ của hợp đồng lẫn ý chí của các bên được thể hiện trong toàn bộ quá trình trước, tại thời điểm xác lập, thực hiện hợp đồng.

Cụ thể, theo Điều 404.1, khi hợp đồng có điều khoản không rõ ràng, việc giải thích phải dựa vào ý chí của các bên. Điều 404.2 cho biết khi hợp đồng có điều khoản hoặc ngôn từ có thể hiểu theo nhiều nghĩa khác nhau, phải giải thích theo nghĩa phù hợp nhất với mục đích, tính chất của hợp đồng. Điều 404.3 nêu rõ khi hợp đồng có điều khoản hoặc ngôn từ khó hiểu, phải được giải thích theo tập quán tại địa điểm giao kết hợp đồng.

Đối với trường hợp hợp đồng theo mẫu (theo Điều 405), nếu có điều khoản không rõ ràng, bên đưa ra hợp đồng theo mẫu phải chịu bất lợi khi giải thích điều khoản đó. Tuy nhiên, điều khoản miễn trách nhiệm, tăng trách nhiệm hoặc loại bỏ quyền lợi chính đáng của bên kia không có hiệu lực nếu không có thỏa thuận khác.

Vì vậy,"
syn_723_1768632971,Công ty tôi có một tài sản là nhà xưởng và một thành viên muốn bán tài sản này. Vậy tôi có cần sự đồng ý của tất cả các thành viên trước khi thực hiện việc bán không?,Điều 506 - Bộ luật Dân sự 2015,True,1.0,0.43678160919540227,"**Căn cứ pháp lý:**
---
- **Tài liệu 1:** Bộ luật Dân sự 2015 - Điều 451

**Nội dung quy định:**
---
Tài sản có thể được đem bán đấu giá theo ý chí của chủ sở hữu hoặc theo quy định của pháp luật. Tài sản thuộc sở hữu chung đem bán đấu giá phải có sự đồng ý của tất cả các chủ sở hữu chung, trừ trường hợp có thỏa thuận khác hoặc pháp luật có quy định khác. Việc bán đấu giá tài sản phải đảm bảo nguyên tắc khách quan, công khai, minh bạch, bảo đảm quyền, lợi ích hợp pháp của các bên tham gia và được thực hiện theo quy định của pháp luật về bán đấu giá tài sản.

**Phân tích & Hướng dẫn:**
---
Theo Điều 451 của Bộ Luật Dân sự 2015, khi tài sản thuộc sở hữu chung được đem bán đấu giá, cần có sự đồng ý của tất cả các chủ sở hữu chung. Trong trường hợp bạn đang nói đến, tài sản là nhà xưởng, nếu nó thuộc sở hữu chung của công ty (hoặc do các thành viên hợp tác hoặc gia đình chung sở hữu), thì cần sự đồng ý của tất cả các thành viên sở hữu chung.

Trong trường hợp bạn chỉ có một thành viên muốn bán tài sản mà không có sự đồng ý của các thành viên còn lại, bạn cần phải cân nhắc kỹ lưỡng. Theo Điều 506 Bộ Luật Dân sự 2015, khi có tài sản chung của các thành viên hợp tác, việc định đoạt tài sản (trong trường hợp là bất động sản) cần phải có sự thỏa thuận bằng văn bản của tất cả các thành viên. Nếu không có thỏa thuận, việc định đoạt tài sản chung sẽ không thể thực hiện và cần phải có sự đồng ý của tất cả các thành viên.

Để đảm bảo tuân thủ quy định pháp luật, bạn nên:
1. Thỏa thuận với thành viên muốn bán tài sản để họ nhận thức rõ ràng về yêu cầu này.
2. Nếu không đạt được thỏa thuận, bạn cần thông báo cho tất cả các thành viên còn lại và yêu cầu họ phản hồi về khả năng đồng ý bán tài sản.
3. Nếu vẫn không thể đạt được sự đồng ý, bạn cần xem xét việc thông qua quy trình"
syn_405_1768630868,"Tôi đang quản lý một tài sản của công ty, liệu tôi có quyền sở hữu tài sản này nếu hết thời hạn hợp đồng?",Điều 188 - Bộ luật Dân sự 2015,False,0.3333333333333333,0.4059633027522936,"**CĂN CỨ PHÁP LUẬT THAM KHẢO:**
---
- Văn bản: Bộ luật Dân sự 2015
- Nội dung: Điều 223. Xác lập quyền sở hữu theo hợp đồng

- Văn bản: Bộ luật Dân sự 2015
- Nội dung: Điều 187. Quyền chiếm hữu của người được chủ sở hữu ủy quyền quản lý tài sản

- Văn bản: Bộ luật Dân sự 2015
- Nội dung: Điều 331. Bảo lưu quyền sở hữu

**CĂN CỨ PHÁP LUẬT THAM KHẢO:**

---

**CÂU HỎI:**
Tôi đang quản lý một tài sản của công ty, liệu tôi có quyền sở hữu tài sản này nếu hết thời hạn hợp đồng?

**CĂN CỨ PHÁP LUẬT THAM KHẢO:**
---
- Văn bản: Bộ luật Dân sự 2015
- Nội dung: Điều 223. Xác lập quyền sở hữu theo hợp đồng
---

**PHÂN TÍCH VÀ HƯỚNG DẪN:**
---
Theo Điều 223 của Bộ Luật Dân sự 2015, khi người được giao tài sản thông qua hợp đồng mua bán, tặng cho, trao đổi, cho vay hoặc hợp đồng chuyển quyền sở hữu khác theo quy định của pháp luật thì có quyền sở hữu tài sản đó. Tuy nhiên, bạn cần chú ý đến điều khoản về quyền chiếm hữu và bảo lưu quyền sở hữu trong các hợp đồng liên quan.

Theo Điều 187 của Bộ Luật Dân sự 2015, người được chủ sở hữu ủy quyền quản lý tài sản thực hiện việc chiếm hữu tài sản đó trong phạm vi, theo cách thức, thời hạn do chủ sở hữu xác định. Điều này chỉ cho phép bạn quản lý tài sản mà không có quyền sở hữu đối với tài sản đó.

Mặt khác, Điều 331 cũng đề cập đến bảo lưu quyền sở hữu, cho phép bên bán có thể bảo lưu quyền sở hữu cho đến khi nghĩa vụ thanh toán được thực hiện đầy đủ. Nếu hợp đồng mua bán đã hết thời hạn hợp đồng mà bạn vẫn tiếp tục quản lý tài sản, thì có thể xảy ra tình huống bảo lưu"
syn_1165_1768639456_1,"Chồng tôi bị xử lý kỷ luật kéo dài thời hạn nâng lương vào tháng 8 năm 2022. Nếu anh ấy đã chấp hành được một nửa thời hạn và đã có những tiến bộ trong công việc, liệu công ty có thể giảm thời hạn kỷ luật cho anh ấy không?",Điều 126 - Bộ luật Lao động 2019,True,1.0,0.6194690265486726,"**Căn cứ pháp lý:**
- [Tài liệu 1] - [Bộ luật Lao động 2019]
- Điều 126. Xóa kỷ luật, giảm thời hạn chấp hành kỷ luật lao động

**Nội dung quy định:**
1. Người lao động bị khiển trách sau 03 tháng hoặc bị xử lý kỷ luật kéo dài thời hạn nâng lương sau 06 tháng hoặc bị xử lý kỷ luật cách chức sau 03 năm kể từ ngày bị xử lý, nếu không tiếp tục vi phạm kỷ luật lao động thì đương nhiên được xóa kỷ luật.
2. Người lao động bị xử lý kỷ luật kéo dài thời hạn nâng lương sau khi chấp hành được một nửa thời hạn nếu sửa chữa tiến bộ thì có thể được người sử dụng lao động xét giảm thời hạn.

**Phân tích & Hướng dẫn:**
Theo Điều 126 của Bộ Luật Lao động 2019, nếu chồng bạn đã chấp hành được một nửa thời hạn kỷ luật kéo dài thời hạn nâng lương (06 tháng), và đã có những tiến bộ trong công việc, thì theo quy định thứ hai, công ty có thể xét giảm thời hạn kỷ luật cho chồng bạn. 

Việc xét giảm thời hạn kỷ luật này dựa trên nguyên tắc rằng, nếu người lao động đã cải thiện và tiến bộ trong công việc sau khi chấp hành kỷ luật, và không tiếp tục vi phạm kỷ luật, thì người sử dụng lao động có quyền xem xét và có thể giảm thời hạn kỷ luật đó.

Tuy nhiên, cần lưu ý rằng việc xét giảm thời hạn kỷ luật vẫn phải tuân thủ các quy định khác liên quan đến việc xử lý kỷ luật lao động, cụ thể như quy định về việc xử lý kỷ luật sa thải trong Điều 125 của Bộ Luật Lao động 2019. Nếu chồng bạn đã vi phạm một trong các hành vi quy định tại Điều 125, thì việc giảm thời hạn kỷ luật sẽ không thể thực hiện.

Do đó, trước khi đưa ra quyết định, công ty nên cân nhắc kỹ lưỡng và tuân thủ đầy đủ các quy định pháp luật, đảm bảo công bằng và minh bạch trong quá trình xử lý kỷ luật lao động."
syn_45_1768628067,"Tôi đang có ý định chuyển nhượng phần vốn góp trong công ty TNHH của mình, nhưng không rõ quy trình thực hiện như thế nào?",Điều 46 - Luật Doanh nghiệp 2020,False,1.0,0.40074211502782936,"**Căn cứ pháp lý:**
- Điều 52 và Điều 51 Luật Doanh nghiệp 2020

**Nội dung quy định:**
- Điều 52 Luật Doanh nghiệp 2020 quy định về việc chuyển nhượng phần vốn góp trong công ty trách nhiệm hữu hạn hai thành viên trở lên.
- Điều 51 Luật Doanh nghiệp 2020 quy định về việc mua lại phần vốn góp bởi thành viên.

**Phân tích & Hướng dẫn:**

Theo quy định tại Điều 52 của Luật Doanh nghiệp 2020, bạn có quyền chuyển nhượng phần vốn góp của mình theo các bước sau:

1. **Chào bán cho các thành viên còn lại:** Theo điểm a khoản 1 Điều 52, bạn cần chào bán phần vốn góp đó cho các thành viên còn lại theo tỷ lệ tương ứng với phần vốn góp của họ trong công ty, với cùng điều kiện chào bán. Nếu các thành viên còn lại không mua hoặc mua hết trong thời hạn 30 ngày kể từ ngày chào bán, bạn sẽ có quyền chuyển nhượng với cùng điều kiện chào bán cho người không phải là thành viên.

2. **Chuyển nhượng cho người ngoài:** Nếu các thành viên còn lại không mua hoặc không mua hết trong thời hạn 30 ngày kể từ ngày chào bán, bạn có quyền chuyển nhượng phần vốn góp đó cho người không phải là thành viên, nhưng chỉ khi thông tin về người mua đã được ghi đầy đủ vào sổ đăng ký thành viên.

3. **Thực hiện việc chuyển nhượng:** Bạn cần thực hiện việc chuyển nhượng theo quy định tại Điều 52 và Điều 51 Luật Doanh nghiệp 2020. 

Đối với việc mua lại phần vốn góp, theo Điều 51 của Luật Doanh nghiệp 2020, bạn có quyền yêu cầu công ty mua lại phần vốn góp của mình nếu đã bỏ phiếu không tán thành đối với một số vấn đề nhất định. Bạn cần gửi yêu cầu mua lại phần vốn góp đến công ty trong thời hạn 15 ngày kể từ ngày thông qua nghị quyết, quyết định quy định tại khoản 1 Điều 51.

Quy trình cụ thể bao gồm:

- Gửi yêu cầu mua lại phần vốn góp đến công ty trong thời hạn 15 ngày kể từ ngày"
syn_60_1768628182,"Tôi là Chủ tịch Hội đồng thành viên của một công ty, nhưng một thành viên không gửi phiếu lấy ý kiến đúng hạn. Vậy, nghị quyết của chúng tôi có hợp lệ không?",Điều 61 - Luật Doanh nghiệp 2020,True,1.0,0.3900414937759336,"**Căn cứ pháp lý:** Điều 59 và Điều 61 - Luật Doanh nghiệp 2020

**Nội dung quy định:**
Theo Điều 59 của Luật Doanh nghiệp 2020, nghị quyết, quyết định của Hội đồng thành viên được thông qua khi có hơn một nửa tổng số thành viên tham dự biểu quyết tán thành. Điều 61 quy định về thủ tục lấy ý kiến bằng văn bản, trong đó quy định về thời hạn gửi phiếu lấy ý kiến và các yếu tố khác để đảm bảo hợp lệ.

**Phân tích & Hướng dẫn:**
Để xác định nghị quyết của Hội đồng thành viên có hợp lệ hay không, chúng ta cần phân tích theo quy định của pháp luật:

1. **Thời hạn gửi phiếu lấy ý kiến**: Theo Điều 61, phiếu lấy ý kiến phải được gửi về công ty trong thời hạn quy định. Trong trường hợp này, nếu một thành viên không gửi phiếu lấy ý kiến đúng hạn, có thể coi là phiếu không hợp lệ.

2. **Hợp lệ của phiếu không hợp lệ**: Nếu phiếu không hợp lệ (như không gửi đúng hạn), nó sẽ không được tính vào số phiếu biểu quyết tán thành. Điều này có thể ảnh hưởng đến việc có hơn một nửa tổng số thành viên tham dự biểu quyết tán thành hay không.

3. **Thực tế biểu quyết**: Theo Điều 59, nếu nghị quyết, quyết định không được thông qua theo quy định về số lượng thành viên biểu quyết tán thành, nó có thể không được thông qua. Trong trường hợp này, phiếu không hợp lệ sẽ không được tính vào số phiếu biểu quyết tán thành.

4. **Quyền bảo lưu ý kiến**: Thành viên Hội đồng thành viên có quyền bảo lưu ý kiến của mình và kiến nghị lên cơ quan đại diện chủ sở hữu công ty. Tuy nhiên, ý kiến bảo lưu này không thay thế cho việc bỏ phiếu tán thành hoặc không tán thành.

Bây giờ, chúng ta cần xem xét cụ thể tình huống của bạn:

- Bạn là Chủ tịch Hội đồng thành viên.
- Một thành viên đã không gửi phiếu lấy ý kiến đúng hạn.
- Bạn đã tổ chức kiểm phiếu và báo cáo kết quả kiểm phiếu.

Nếu phiếu không hợp lệ (như không gửi đúng hạn) không được tính vào số phiếu biểu quyết tán thành, thì có thể nghị quyết của Hội đồng thành"
syn_120_1768628644,Công ty tôi phát hành cổ phiếu nhưng có một số sai sót trong thông tin trên cổ phiếu. Quyền lợi của tôi có bị ảnh hưởng không?,Điều 121 - Luật Doanh nghiệp 2020,True,1.0,0.8915857605177994,"**Căn cứ pháp lý:**
- Văn bản: Luật Doanh nghiệp 2020 - Điều 121

**Nội dung quy định:**
1. Cổ phiếu là chứng chỉ do công ty cổ phần phát hành, bút toán ghi sổ hoặc dữ liệu điện tử xác nhận quyền sở hữu một hoặc một số cổ phần của công ty đó.
2. Cổ phiếu phải bao gồm các nội dung chủ yếu sau đây: a) Tên, mã số doanh nghiệp, địa chỉ trụ sở chính của công ty; b) Số lượng cổ phần và loại cổ phần; c) Mệnh giá mỗi cổ phần và tổng mệnh giá số cổ phần ghi trên cổ phiếu; d) Họ, tên, địa chỉ liên lạc, quốc tịch, số giấy tờ pháp lý của cá nhân đối với cổ đông là cá nhân; tên, mã số doanh nghiệp hoặc số giấy tờ pháp lý của tổ chức, địa chỉ trụ sở chính đối với cổ đông là tổ chức; e) Chữ ký của người đại diện theo pháp luật của công ty; f) Số đăng ký tại sổ đăng ký cổ đông của công ty và ngày phát hành cổ phiếu; g) Nội dung khác theo quy định tại các điều 116, 117 và 118 của Luật này đối với cổ phiếu của cổ phần ưu đãi.
3. Trường hợp có sai sót trong nội dung và hình thức cổ phiếu do công ty phát hành thì quyền và lợi ích của người sở hữu cổ phiếu đó không bị ảnh hưởng. Người đại diện theo pháp luật của công ty chịu trách nhiệm về thiệt hại do những sai sót đó gây ra.
4. Trường hợp cổ phiếu bị mất, bị hư hỏng hoặc bị hủy hoại dưới hình thức khác thì cổ đông được công ty cấp lại cổ phiếu theo đề nghị của cổ đông đó. Đề nghị của cổ đông phải bao gồm các nội dung sau đây: a) Thông tin về cổ phiếu đã bị mất, bị hư hỏng hoặc bị hủy hoại dưới hình thức khác; b) Cam kết chịu trách nhiệm về những tranh chấp phát sinh từ việc cấp lại cổ phiếu mới.

**Phân tích & Hướng dẫn:**
Theo quy định tại Điều 121 của Luật Doanh nghiệp 2020, khi phát hiện có sai sót trong nội dung và hình thức cổ phiếu do công ty phát hành, quyền và lợi ích của người sở hữu cổ phiếu không"
syn_1272_1768640104_0,"Tôi có một người bạn, trong lúc say rượu đã lái xe và gây tai nạn. Anh ấy không mong muốn gây tai nạn nhưng vẫn lái xe. Vậy anh ấy có bị xem là cố ý phạm tội không?",Điều 10 - Bộ luật Hình sự (Văn bản hợp nhất 2017),True,1.0,0.6457516339869281,"**Căn cứ pháp lý:**
--- [Tài liệu 1] ---
Văn bản: Bộ luật Hình sự (Văn bản hợp nhất 2017)
Nội dung: Điều 10. Cố ý phạm tội

**Nội dung quy định:**
Điều 10. Cố ý phạm tội Cố ý phạm tội là phạm tội trong những trường hợp sau đây: 1. Người phạm tội nhận thức rõ hành vi của mình là nguy hiểm cho xã hội, thấy trước hậu quả của hành vi đó và mong muốn hậu quả xảy ra; 2. Người phạm tội nhận thức rõ hành vi của mình là nguy hiểm cho xã hội, thấy trước hậu quả của hành vi đó có thể xảy ra, tuy không mong muốn nhưng vẫn có ý thức để mặc cho hậu quả xảy ra.

**Phân tích & Hướng dẫn:**
Theo quy định tại Điều 10 của Bộ luật Hình sự năm 2017, cố ý phạm tội cần phải có hai yếu tố cơ bản: 
1. Người phạm tội nhận thức rõ hành vi của mình là nguy hiểm cho xã hội.
2. Người phạm tội thấy trước hậu quả của hành vi đó.

Trong trường hợp của bạn bè của bạn, mặc dù anh ấy không mong muốn gây tai nạn, nhưng anh ấy đã lái xe trong khi say rượu, điều này cho thấy anh ấy đã nhận thức rõ hành vi lái xe khi say rượu là nguy hiểm cho xã hội. Hơn nữa, anh ấy đã thấy trước hậu quả có thể xảy ra từ việc lái xe trong tình trạng say rượu. Do đó, anh ấy đã có hành vi cố ý phạm tội.

Việc không mong muốn hậu quả không loại trừ anh ấy có tội cố ý, mà ngược lại, nó chỉ minh chứng cho sự thiếu hiểu biết về hậu quả tiềm ẩn của hành vi. Theo Điều 10, anh ấy đã có hành vi cố ý phạm tội."
syn_613_1768632296,"Tôi đã đồng ý cho một người bạn mượn tiền và sau đó tôi bị mất trí nhớ, không nhớ gì về hợp đồng này. Vậy hợp đồng mượn tiền có còn giá trị không?",Điều 396 - Bộ luật Dân sự 2015,True,0.6666666666666666,0.5738498789346247,"**CĂN CỨ PHÁP LUẬT THAM KHẢO:**

- **Tài liệu 1**: Bộ luật Dân sự 2015 - Điều 396
- **Tài liệu 2**: Bộ luật Dân sự 2015 - Điều 395
- **Tài liệu 3**: Bộ luật Dân sự 2015 - Điều 494

**Nội dung quy định:**

Theo Điều 396 và Điều 395 của Bộ Luật Dân sự 2015, chúng ta có thể phân tích như sau:

- **Điều 396**: Trường hợp bên được đề nghị giao kết hợp đồng chết, mất năng lực hành vi dân sự hoặc có khó khăn trong nhận thức, làm chủ hành vi. Trường hợp bên được đề nghị đã chấp nhận giao kết hợp đồng nhưng sau đó chết, mất năng lực hành vi dân sự hoặc có khó khăn trong nhận thức, làm chủ hành vi thì việc trả lời chấp nhận giao kết hợp đồng vẫn có giá trị, trừ trường hợp nội dung giao kết gắn liền với nhân thân bên được đề nghị.
  
- **Điều 395**: Trường hợp bên đề nghị giao kết hợp đồng chết, mất năng lực hành vi dân sự hoặc có khó khăn trong nhận thức, làm chủ hành vi. Trường hợp bên đề nghị chết, mất năng lực hành vi dân sự hoặc có khó khăn trong nhận thức, làm chủ hành vi sau khi bên được đề nghị trả lời chấp nhận giao kết hợp đồng thì đề nghị giao kết hợp đồng vẫn có giá trị, trừ trường hợp nội dung giao kết gắn liền với nhân thân bên đề nghị.

**Phân tích & Hướng dẫn:**

Trong trường hợp của bạn, bạn đã đồng ý cho người bạn mượn tiền (bên được đề nghị) và sau đó bạn bị mất trí nhớ, không nhớ gì về hợp đồng này. Theo Điều 396 và Điều 395, dù bạn bị mất trí nhớ và không nhớ hợp đồng, nhưng vì bạn đã chấp nhận giao kết hợp đồng trước đó, việc trả lời chấp nhận giao kết hợp đồng vẫn có giá trị.

Tuy nhiên, cần lưu ý rằng nếu nội dung hợp đồng mượn tiền gắn liền với nhân thân bạn (ví dụ: nếu hợp đồng chỉ có giá trị khi bạn vẫn còn sống), thì điều"
syn_690_1768632757,"Tôi đang có dự định thuê một mặt bằng thương mại để kinh doanh, nhưng bên cho thuê không rõ ràng về giá. Vậy tôi có thể xác định giá thuê như thế nào?",Điều 473 - Bộ luật Dân sự 2015,True,0.3333333333333333,0.4633821571238349,"**CĂN CỨ PHÁP LUẬT THAM KHẢO:**

- **[Tài liệu 1]**: Bộ luật Dân sự 2015, Điều 473. Giá thuê
- **[Tài liệu 2]**: Bộ luật Dân sự 2015, Điều 433. Giá và phương thức thanh toán
- **[Tài liệu 3]**: Bộ luật Dân sự 2015, Điều 486. Giá thuê khoán

---

**CÂU HỎI:**
Tôi đang có dự định thuê một mặt bằng thương mại để kinh doanh, nhưng bên cho thuê không rõ ràng về giá. Vậy tôi có thể xác định giá thuê như thế nào?

---

**PHÂN TÍCH VÀ HƯỚNG DẪN:**

Theo Điều 473 của Bộ luật Dân sự 2015, giá thuê được xác định theo hai trường hợp chính:

1. Giá thuê do các bên thỏa thuận hoặc do người thứ ba xác định theo yêu cầu của các bên, trừ trường hợp luật có quy định khác.
2. Trường hợp không có thỏa thuận hoặc thỏa thuận không rõ ràng thì giá thuê được xác định theo giá thị trường tại địa điểm và thời điểm giao kết hợp đồng thuê.

Điều này cho thấy, nếu bên cho thuê không rõ ràng về giá thuê, bạn có thể tiến hành thỏa thuận trực tiếp với họ để xác định giá thuê. Nếu thỏa thuận không thành công, giá thuê sẽ được xác định dựa trên giá thị trường.

Tuy nhiên, theo Điều 433 của Bộ luật Dân sự 2015, trong trường hợp không thỏa thuận được về giá và phương thức thanh toán, giá được xác định theo giá thị trường, phương thức thanh toán được xác định theo tập quán tại địa điểm và thời điểm giao kết hợp đồng.

Nếu bạn quyết định thuê mặt bằng thông qua đấu thầu (như trường hợp của Điều 486), giá thuê khoán sẽ được xác định theo kết quả đấu thầu.

Do đó, bạn có thể chọn một trong hai phương án sau:

1. Thỏa thuận trực tiếp với bên cho thuê để xác định giá thuê dựa trên giá thị trường.
2. Đấu thầu để xác định giá thuê.

Hoặc nếu bạn muốn dựa trên"
syn_145_1768628827,Chủ tọa cuộc họp của công ty tôi muốn hoãn cuộc họp vì không đủ chỗ ngồi cho tất cả cổ đông. Điều này có phù hợp với quy định hay không?,Điều 146 - Luật Doanh nghiệp 2020,False,1.0,0.3055555555555556,"**Căn cứ pháp lý:** Điều 8 của Luật Doanh nghiệp 2020 - Văn bản: Luật Doanh nghiệp 2020

**Nội dung quy định:**
Theo Điều 8 của Luật Doanh nghiệp 2020, chủ tọa có quyền hoãn cuộc họp Đại hội đồng cổ đông đã có đủ số người đăng ký dự họp tối đa không quá 03 ngày làm việc kể từ ngày cuộc họp dự định khai mạc. Hoàn toàn phù hợp với quy định này, chủ tọa của công ty bạn có quyền hoãn cuộc họp vì lý do không đủ chỗ ngồi cho tất cả cổ đông dự họp.

**Phân tích & Hướng dẫn:**
Theo quy định tại Điều 8 của Luật Doanh nghiệp 2020, trường hợp không đủ chỗ ngồi cho tất cả cổ đông dự họp, chủ tọa có quyền hoãn cuộc họp. Đây là một trong các trường hợp được phép hoãn cuộc họp theo quy định của pháp luật.

Trong trường hợp của bạn, nếu không đủ chỗ ngồi cho tất cả cổ đông dự họp, chủ tọa có thể hoãn cuộc họp theo quy định này. Tuy nhiên, cần lưu ý rằng chủ tọa chỉ có quyền hoãn cuộc họp trong vòng 03 ngày kể từ ngày cuộc họp dự định khai mạc. Nếu hoãn quá thời hạn này, có thể sẽ phải thực hiện các bước tiếp theo như thông báo mời họp lần thứ hai, lần thứ ba nếu quy định trong Điều lệ công ty không cấm.

Ngoài ra, việc hoãn cuộc họp cũng cần tuân thủ các nguyên tắc và quy định khác của Luật Doanh nghiệp 2020, bao gồm việc thông báo cho cổ đông và đảm bảo rằng việc hoãn không vi phạm quyền lợi hợp pháp của cổ đông."
syn_839_1768633745,"Tôi và anh trai tôi không muốn nhận di sản từ bố mẹ để lại vì lý do cá nhân, vậy tài sản đó sẽ thuộc về ai nếu không có ai khác nhận?",Điều 622 - Bộ luật Dân sự 2015,True,0.3333333333333333,0.5104712041884817,"**CĂN CỨ PHÁP LUẬT THAM KHẢO:**

- Văn bản: Bộ luật Dân sự 2015
- Nội dung: Điều 622. Tài sản không có người nhận thừa kế Trường hợp không có người thừa kế theo di chúc, theo pháp luật hoặc có nhưng không được quyền hưởng di sản, từ chối nhận di sản thì tài sản còn lại sau khi đã thực hiện nghĩa vụ về tài sản mà không có người nhận thừa kế thuộc về Nhà nước.

**PHÂN TÍCH VÀ HƯỚNG DẪN:**

Theo Điều 622 của Bộ Luật Dân sự 2015, trong trường hợp không có người thừa kế theo di chúc, theo pháp luật hoặc có nhưng không được quyền hưởng di sản, từ chối nhận di sản, tài sản còn lại sau khi đã thực hiện nghĩa vụ về tài sản mà không có người nhận thừa kế thuộc về Nhà nước.

Trong trường hợp của bạn và anh trai, nếu cả hai cùng từ chối nhận di sản từ bố mẹ để lại, và không có người khác được coi là người thừa kế, thì theo quy định trên, tài sản đó sẽ thuộc về Nhà nước. 

Việc từ chối nhận di sản phải được lập thành văn bản và gửi đến người quản lý di sản, những người thừa kế khác, người được giao nhiệm vụ phân chia di sản để biết (Điều 620 Bộ Luật Dân sự 2015). Tuy nhiên, trong trường hợp này, cả hai bạn đều từ chối nhận, nên không cần thiết phải thực hiện bước này.

Ngoài ra, theo Điều 623 của Bộ Luật Dân sự 2015, nếu không có người thừa kế đang quản lý di sản, tài sản sẽ thuộc về Nhà nước. Vì vậy, dù bạn và anh trai không muốn nhận di sản, tài sản vẫn sẽ thuộc về Nhà nước sau thời hiệu thừa kế kết thúc (nếu có).

Tóm lại, tài sản sẽ thuộc về Nhà nước nếu không có người thừa kế nào nhận di sản từ bố mẹ để lại."
syn_1068_1768638928_1,"Chồng tôi bị chuyển sang làm công việc khác với mức lương thấp hơn do công ty gặp khó khăn. Anh ấy đã làm việc ở vị trí cũ trong hơn một năm, nhưng giờ đây lương công việc mới chỉ bằng 70% lương cũ. Công ty có vi phạm luật không?",Điều 29 - Bộ luật Lao động 2019,True,1.0,0.4177708495713172,"**Căn cứ pháp lý:**
Bộ luật Lao động 2019 - Văn bản: Bộ luật Lao động 2019

**Nội dung quy định:**
1. Theo Điều 29 của Bộ luật Lao động 2019, khi tạm thời chuyển người lao động làm công việc khác so với hợp đồng lao động, người sử dụng lao động phải đảm bảo rằng tiền lương theo công việc mới ít nhất phải bằng 85% tiền lương của công việc cũ.
2. Nếu tiền lương của công việc mới thấp hơn tiền lương của công việc cũ, người lao động được giữ nguyên tiền lương của công việc cũ trong thời hạn 30 ngày làm việc.

**Phân tích & Hướng dẫn:**
Theo câu hỏi của bạn, chồng bạn đã bị chuyển sang làm công việc khác với mức lương thấp hơn so với lương cũ. Trong trường hợp này, theo quy định tại Điều 29, nếu tiền lương mới thấp hơn tiền lương cũ, chồng bạn có quyền được giữ nguyên mức lương cũ trong thời hạn 30 ngày làm việc. 

Tuy nhiên, trong trường hợp này, lương mới chỉ bằng 70% so với lương cũ, tức là thấp hơn 15% so với mức tối thiểu được quy định. Đây là vi phạm về quyền lợi tiền lương của người lao động theo quy định tại Điều 90 của Bộ luật Lao động 2019, theo đó tiền lương không được thấp hơn mức lương tối thiểu.

Do đó, công ty của bạn cần phải điều chỉnh lại mức lương để đảm bảo tuân thủ quy định về tiền lương, đồng thời đáp ứng quyền lợi của người lao động. Nếu công ty không thực hiện điều chỉnh này, họ có thể vi phạm Luật Lao động 2019 và có thể chịu các hậu quả pháp lý như phạt tiền hoặc thậm chí bị truy cứu trách nhiệm hình sự nếu hành vi vi phạm nghiêm trọng."
syn_806_1768633526,"Gia đình tôi có một mảnh đất bị hàng xóm xâm phạm và làm giảm giá trị, tôi có thể yêu cầu bồi thường cho thiệt hại gắn liền với việc sử dụng đất không?",Điều 589 - Bộ luật Dân sự 2015,True,0.0,0.4485006518904824,"**CĂN CỨ PHÁP LUẬT THAM KHẢO:**

--- [Tài liệu 1] ---
Văn bản: Bộ luật Dân sự 2015
Nội dung: Điều 170. Quyền yêu cầu bồi thường thiệt hại Chủ sở hữu, chủ thể có quyền khác đối với tài sản có quyền yêu cầu người có hành vi xâm phạm quyền sở hữu, quyền khác đối với tài sản bồi thường thiệt hại. Mục 3. GIỚI HẠN QUYỀN SỞ HỮU, QUYỀN KHÁC ĐỐI VỚI TÀI SẢN

--- [Tài liệu 2] ---
Văn bản: Bộ luật Dân sự 2015
Nội dung: Điều 185. Bảo vệ việc chiếm hữu Trường hợp việc chiếm hữu bị người khác xâm phạm thì người chiếm hữu có quyền yêu cầu người có hành vi xâm phạm phải chấm dứt hành vi, khôi phục tình trạng ban đầu, trả lại tài sản và bồi thường thiệt hại hoặc yêu cầu Tòa án, cơ quan nhà nước có thẩm quyền khác buộc người đó chấm dứt hành vi, khôi phục tình trạng ban đầu, trả lại tài sản và bồi thường thiệt hại. Chương XIII QUYỀN SỞ HỮU Mục 1. NỘI DUNG QUYỀN SỞ HỮU Tiểu mục 1. QUYỀN CHIẾM HỮU

--- [Tài liệu 3] ---
Văn bản: Bộ luật Dân sự 2015
Nội dung: Điều 589. Thiệt hại do tài sản bị xâm phạm Thiệt hại do tài sản bị xâm phạm bao gồm: 1. Tài sản bị mất, bị hủy hoại hoặc bị hư hỏng. 2. Lợi ích gắn liền với việc sử dụng, khai thác tài sản bị mất, bị giảm sút. 3. Chi phí hợp lý để ngăn chặn, hạn chế và khắc phục thiệt hại. 4. Thiệt hại khác do luật quy định.

**CĂN CỨ PHÁP LUẬT THAM KHẢO:**

---

**CÂU HỎI:**
Gia đình tôi có một mảnh đất bị hàng xóm xâm phạm và làm giảm giá trị, tôi có thể"
syn_1676_1768643520_0,"Tôi là một cựu quân nhân và đã từng tham gia một tổ chức quân sự ở nước ngoài. Gần đây, tôi nhận được lời mời tham gia một đội quân đánh thuê để làm việc tại một khu vực xung đột. Tôi lo lắng không biết nếu tôi tham gia thì có bị coi là làm lính đánh thuê theo quy định của pháp luật Việt Nam không?",Điều 425 - Bộ luật Hình sự (Văn bản hợp nhất 2017),True,0.3333333333333333,0.5042839657282742,"**CĂN CỨ PHÁP LUẬT THAM KHẢO:**
--- [Tài liệu 1] ---
Văn bản: Bộ luật Hình sự (Văn bản hợp nhất 2017)
Nội dung: Điều 425. Tội làm lính đánh thuê Người nào làm lính đánh thuê nhằm chống một quốc gia hoặc một vùng lãnh thổ độc lập, có chủ quyền, thì bị phạt tù từ 05 năm đến 15 năm. Phần thứ ba ĐIỀU KHOẢN THI HÀNH [407]

--- [Tài liệu 2] ---
Văn bản: Bộ luật Hình sự (Văn bản hợp nhất 2017)
Nội dung: Điều 424. Tội tuyển mộ, huấn luyện hoặc sử dụng lính đánh thuê Người nào tuyển mộ, huấn luyện hoặc sử dụng lính đánh thuê nhằm chống lại một quốc gia hoặc một vùng lãnh thổ độc lập, có chủ quyền, thì bị phạt tù từ 10 năm đến 20 năm hoặc tù chung thân.

**PHÂN TÍCH VÀ HƯỚNG DẪN:**

Theo Điều 424 của Bộ Luật Hình sự (Văn bản hợp nhất 2017), hành vi tuyển mộ, huấn luyện hoặc sử dụng lính đánh thuê nhằm chống lại một quốc gia hoặc vùng lãnh thổ độc lập, có chủ quyền sẽ bị phạt tù từ 10 năm đến 20 năm hoặc tù chung thân. 

Trong trường hợp của bạn, mặc dù bạn đã từng tham gia một tổ chức quân sự ở nước ngoài, nhưng nếu mục đích của bạn chỉ đơn thuần là tìm kiếm công việc hoặc thu nhập, và không có ý định chống lại một quốc gia hoặc vùng lãnh thổ độc lập, có chủ quyền, thì bạn không có nguy cơ bị coi là làm lính đánh thuê theo quy định của pháp luật Việt Nam.

Tuy nhiên, việc bạn tham gia một đội quân đánh thuê trong khu vực xung đột có thể gây ra những hậu quả nghiêm trọng về mặt pháp lý, bao gồm cả việc vi phạm quy định về nghĩa vụ quân sự, như quy định trong Điều 334 của Bộ Luật Hình sự (Văn bản hợp nhất 2017). 

Để tránh rủi ro pháp lý, bạn nên cân nhắc kỹ lưỡng trước khi quyết định"
syn_543_1768631834,"Tôi có một ngôi nhà trên đất, nhưng tôi không phải là người sử dụng đất. Tôi muốn thế chấp ngôi nhà để vay tiền, liệu người cho vay có quyền sử dụng đất không?",Điều 326 - Bộ luật Dân sự 2015,True,0.6666666666666666,0.531062124248497,"**CĂN CỨ PHÁP LUẬT THAM KHẢO:**
---
[Tài liệu 1] - [Bộ luật Dân sự 2015]
---

**Nội dung quy định:**
Theo Điều 326 của Bộ luật Dân sự 2015, nếu chỉ thế chấp tài sản gắn liền với đất mà không thế chấp quyền sử dụng đất và chủ sở hữu tài sản gắn liền với đất không đồng thời là người sử dụng đất, thì khi xử lý tài sản gắn liền với đất, người nhận chuyển quyền sở hữu tài sản gắn liền với đất được tiếp tục sử dụng đất trong phạm vi quyền, nghĩa vụ của chủ sở hữu tài sản gắn liền với đất được chuyển giao, trừ trường hợp có thỏa thuận khác.

---

**Phân tích & Hướng dẫn:**
Trong trường hợp của bạn, ngôi nhà được thế chấp để vay tiền, nhưng bạn không phải là người sử dụng đất. Theo quy định tại Điều 326 của Bộ luật Dân sự 2015, vì bạn không phải là người sử dụng đất, nên khi tài sản (tức là ngôi nhà) bị xử lý, người nhận chuyển quyền sở hữu tài sản gắn liền với đất (nếu có) sẽ tiếp tục sử dụng đất trong phạm vi quyền, nghĩa vụ của chủ sở hữu tài sản gắn liền với đất được chuyển giao. Tuy nhiên, điều này không đồng nghĩa với việc người cho vay có quyền sử dụng đất, mà chỉ đảm bảo rằng chủ sở hữu mới của ngôi nhà vẫn tiếp tục sử dụng đất theo quy định hiện hành.

Người cho vay không có quyền sử dụng đất mà bạn đang thế chấp. Họ chỉ có quyền thu hồi ngôi nhà khi bạn không tuân thủ nghĩa vụ về việc trả nợ. Việc tiếp tục sử dụng đất sẽ thuộc về chủ sở hữu mới của ngôi nhà sau khi tài sản gắn liền với đất được xử lý theo quy định pháp luật.

Ngoài ra, bạn cũng nên cân nhắc kỹ lưỡng về các điều khoản cụ thể trong hợp đồng thế chấp để đảm bảo quyền lợi của mình. Nếu có bất kỳ lo ngại nào về quyền sử dụng đất, bạn nên tham khảo ý kiến của một luật sư chuyên về pháp luật dân sự để được tư vấn chi tiết hơn."
syn_969_1768634610,Tôi và vợ tôi đang trong quá trình ly hôn và tôi muốn biết liệu vợ tôi có quyền ở lại căn nhà mà chúng tôi đã sống chung trong 6 tháng sau khi ly hôn không?,Điều 63 - Luật Hôn nhân và Gia đình 2014,True,1.0,0.5288831835686779,"**Căn cứ pháp lý:** 
- [Tài liệu 1] - Điều 63. Quyền lưu cư của vợ hoặc chồng khi ly hôn - Luật Hôn nhân và Gia đình 2014

**Nội dung quy định:**
- ""Quyền lưu cư của vợ hoặc chồng khi ly hôn: Nhà ở thuộc sở hữu riêng của vợ, chồng đã đưa vào sử dụng chung thì khi ly hôn vẫn thuộc sở hữu riêng của người đó; trường hợp vợ hoặc chồng có khó khăn về chỗ ở thì được quyền lưu cư trong thời hạn 06 tháng kể từ ngày quan hệ hôn nhân chấm dứt, trừ trường hợp các bên có thỏa thuận khác.""

**Phân tích & Hướng dẫn:**
Theo quy định tại Điều 63 của Luật Hôn nhân và Gia đình 2014, vợ bạn có quyền lưu cư trong thời hạn 06 tháng kể từ ngày quan hệ hôn nhân chấm dứt, tùy thuộc vào trường hợp cụ thể của vợ bạn. 

Trong trường hợp của bạn, căn nhà mà vợ bạn đã đưa vào sử dụng chung khi ly hôn vẫn thuộc sở hữu riêng của vợ bạn. Do đó, nếu vợ bạn gặp khó khăn về chỗ ở và muốn lưu cư trong thời hạn 06 tháng theo quy định, bạn cần xem xét thỏa thuận với vợ bạn để đảm bảo quyền lợi của cả hai bên. Nếu không có thỏa thuận khác, vợ bạn có quyền lưu cư trong thời hạn 06 tháng kể từ ngày ly hôn, miễn là không có bất kỳ vấn đề pháp lý hoặc thỏa thuận khác ngăn cản việc lưu cư.

Tuy nhiên, nếu vợ bạn và bạn có thỏa thuận khác về việc lưu cư, thì quy định pháp luật sẽ tuân theo thỏa thuận đó. 

Nếu không có thỏa thuận, bạn nên tham khảo ý kiến của một chuyên gia pháp luật để đảm bảo rằng quyền lợi của vợ bạn được bảo vệ đúng pháp luật và không gây ra bất kỳ tranh chấp nào về tài sản sau ly hôn."
syn_314_1768630244,"Tôi muốn biết khi nào Nhà nước có thể bị kiện trong các quan hệ dân sự, vì tôi đang gặp khó khăn với cơ quan nhà nước về hợp đồng.",Điều 97 - Bộ luật Dân sự 2015,True,0.3333333333333333,0.39897039897039893,"**Căn cứ pháp lý:**
--- [Tài liệu 1] ---
Văn bản: Bộ luật Dân sự 2015
Nội dung: Điều 429. Thời hiệu khởi kiện về hợp đồng Thời hiệu khởi kiện để yêu cầu Tòa án giải quyết tranh chấp hợp đồng là 03 năm, kể từ ngày người có quyền yêu cầu biết hoặc phải biết quyền và lợi ích hợp pháp của mình bị xâm phạm. Chương XVI MỘT SỐ HỢP ĐỒNG THÔNG DỤNG Mục 1. HỢP ĐỒNG MUA BÁN TÀI SẢN

**Căn cứ pháp lý:**
--- [Tài liệu 2] ---
Văn bản: Bộ luật Dân sự 2015
Nội dung: Điều 100. Trách nhiệm về nghĩa vụ dân sự của Nhà nước Cộng hòa xã hội chủ nghĩa Việt Nam, cơ quan nhà nước ở Trung ương, ở địa phương trong quan hệ dân sự với một bên là nhà nước, pháp nhân, cá nhân nước ngoài 1. Nhà nước Cộng hòa xã hội chủ nghĩa Việt Nam, cơ quan nhà nước ở Trung ương, ở địa phương chịu trách nhiệm về nghĩa vụ dân sự do mình xác lập với nhà nước, pháp nhân, cá nhân nước ngoài trong trường hợp sau đây: a) Điều ước quốc tế mà Cộng hòa xã hội chủ nghĩa Việt Nam là thành viên có quy định về việc từ bỏ quyền miễn trừ; b) Các bên trong quan hệ dân sự có thỏa thuận từ bỏ quyền miễn trừ; c) Nhà nước Cộng hòa xã hội chủ nghĩa Việt Nam, cơ quan nhà nước ở Trung ương, ở địa phương từ bỏ quyền miễn trừ. 2. Trách nhiệm về nghĩa vụ dân sự của nhà nước, cơ quan nhà nước của nước ngoài khi tham gia quan hệ dân sự với Nhà nước Cộng hòa xã hội chủ nghĩa Việt Nam, cơ quan nhà nước ở Trung ương, ở địa phương, pháp nhân, cá nhân Việt Nam được áp dụng tương tự khoản 1 Điều này.

**Căn cứ pháp lý:**
--- [Tài liệu 3] ---
Văn bản: Bộ luật Dân sự 2015
Nội dung: Điều 97. Nhà nước Cộng hòa xã hội chủ nghĩa Việt Nam, cơ quan nhà nước ở Trung ương"
syn_1226_1768639823_2,"Gia đình tôi có một người em làm việc tại một nhà hàng, vừa qua đã xảy ra tranh chấp về tiền lương và điều kiện làm việc. Gia đình tôi nên tìm đến cơ quan nào để được hỗ trợ giải quyết?",Điều 187 - Bộ luật Lao động 2019,False,1.0,0.3436341161928307,"**Căn cứ pháp lý:** 
- Điều 181. Trách nhiệm của cơ quan, tổ chức trong giải quyết tranh chấp lao động - Bộ Luật Lao động 2019

**Nội dung quy định:**
1. Cơ quan quản lý nhà nước về lao động có trách nhiệm phối hợp với tổ chức đại diện người lao động, tổ chức đại diện người sử dụng lao động hướng dẫn, hỗ trợ và giúp đỡ các bên trong giải quyết tranh chấp lao động.
2. Bộ Lao động - Thương binh và Xã hội tổ chức việc tập huấn, nâng cao năng lực chuyên môn của hòa giải viên lao động, trọng tài viên lao động trong giải quyết tranh chấp lao động.
3. Khi có yêu cầu, cơ quan chuyên môn về lao động thuộc Ủy ban nhân dân là đầu mối tiếp nhận yêu cầu giải quyết tranh chấp lao động và có trách nhiệm phân loại, hướng dẫn, hỗ trợ, giúp đỡ các bên trong giải quyết tranh chấp lao động. Trong thời hạn 05 ngày làm việc, cơ quan tiếp nhận yêu cầu giải quyết tranh chấp lao động có trách nhiệm chuyển yêu cầu đến hòa giải viên lao động đối với trường hợp bắt buộc phải qua thủ tục hòa giải lao động, chuyển đến Hội đồng trọng tài trong trường hợp yêu cầu Hội đồng trọng tài giải quyết hoặc hướng dẫn gửi đến Tòa án để giải quyết.

**Phân tích & Hướng dẫn:**

Trong trường hợp của gia đình bạn, việc gia đình bạn muốn hỗ trợ giải quyết tranh chấp lao động giữa người em làm việc tại nhà hàng và người sử dụng lao động (nhà hàng) có thể thực hiện theo các bước sau:

1. **Kết nối với cơ quan quản lý nhà nước về lao động**: Theo Điều 181 Bộ Luật Lao động 2019, cơ quan quản lý nhà nước về lao động có trách nhiệm hướng dẫn, hỗ trợ và giúp đỡ các bên trong giải quyết tranh chấp lao động. Bạn có thể liên hệ với Sở Lao động - Thương binh và Xã hội nơi địa phương của nhà hàng để được hỗ trợ.

2. **Hòa giải viên lao động**: Nếu tranh chấp không quá phức tạp và có thể được giải quyết thông qua hòa giải, cơ quan quản lý nhà nước về"
syn_1399_1768641152_1,"Chồng tôi, 35 tuổi, đã bị bắt vì dụ dỗ một bé gái 15 tuổi tham gia vào việc trình diễn khiêu dâm với lý do 'để kiếm tiền nhanh'. Tôi đang rất hoang mang về tình hình này và không biết liệu anh ấy có thể nhận mức án nào nếu bị kết án?",Điều 147 - Bộ luật Hình sự (Văn bản hợp nhất 2017),True,1.0,0.8206106870229007,"**Căn cứ pháp lý:**
--- [Tài liệu 1] ---
Văn bản: Bộ luật Hình sự (Văn bản hợp nhất 2017)
Nội dung: Điều 147. Tội sử dụng người dưới 16 tuổi vào mục đích khiêu dâm

**Nội dung quy định:**
1. Người nào đủ 18 tuổi trở lên mà lôi kéo, dụ dỗ, ép buộc người dưới 16 tuổi trình diễn khiêu dâm hoặc trực tiếp chứng kiến việc trình diễn khiêu dâm dưới mọi hình thức, thì bị phạt tù từ 06 tháng đến 03 năm.
2. Phạm tội thuộc một trong các trường hợp sau đây, thì bị phạt tù từ 03 năm đến 07 năm: a) Phạm tội có tổ chức; b) Phạm tội 02 lần trở lên; c) Đối với 02 người trở lên; d) Đối với người mà người phạm tội có trách nhiệm chăm sóc, giáo dục, chữa bệnh; đ) Có mục đích thương mại; e) Gây rối loạn tâm thần và hành vi của nạn nhân mà tỷ lệ tổn thương cơ thể từ 31% đến 60%; g) Tái phạm nguy hiểm.

3. Phạm tội thuộc một trong các trường hợp sau đây, thì bị phạt tù từ 07 năm đến 12 năm: a) Gây rối loạn tâm thần và hành vi của nạn nhân mà tỷ lệ tổn thương cơ thể 61% trở lên; b) Làm nạn nhân tự sát.

4. Người phạm tội còn có thể bị cấm đảm nhiệm chức vụ, cấm hành nghề hoặc làm công việc nhất định từ 01 năm đến 05 năm.

---

**Phân tích & Hướng dẫn:**
Theo Điều 147 của Bộ Luật Hình sự (Văn bản hợp nhất 2017), chồng bạn bị truy cứu về tội ""sử dụng người dưới 16 tuổi vào mục đích khiêu dâm"". Theo quy định này, anh ta sẽ bị phạt tù từ 06 tháng đến 03 năm nếu phạm tội đơn thuần, không có các yếu tố加重情节加重如组织、多次等加重情形。

根据你提供的信息，妻子的年龄为15岁，低于16岁。因此，按照《刑法》第147条的规定，如果仅基于年龄不满16"
syn_351_1768630507,"Tôi là một người đại diện cho một công ty, nhưng không biết mình có đủ năng lực pháp lý để ký kết hợp đồng hay không, tôi phải làm sao?",Điều 134 - Bộ luật Dân sự 2015,False,0.0,0.32307692307692304,"**CĂN CỨ PHÁP LUẬT THAM KHẢO:**

--- [Tài liệu 1] ---
Văn bản: Bộ luật Lao động 2019
Nội dung: Điều 18. Thẩm quyền giao kết hợp đồng lao động 1. Người lao động trực tiếp giao kết hợp đồng lao động, trừ trường hợp quy định tại khoản 2 Điều này. 2. Đối với công việc theo mùa vụ, công việc nhất định có thời hạn dưới 12 tháng thì nhóm người lao động từ đủ 18 tuổi trở lên có thể ủy quyền cho một người lao động trong nhóm để giao kết hợp đồng lao động; trong trường hợp này, hợp đồng lao động phải được giao kết bằng văn bản và có hiệu lực như giao kết với từng người lao động. Hợp đồng lao động do người được ủy quyền ký kết phải kèm theo danh sách ghi rõ họ tên, ngày tháng năm sinh, giới tính, nơi cư trú và chữ ký của từng người lao động. 3. Người giao kết hợp đồng lao động bên phía người sử dụng lao động là người thuộc một trong các trường hợp sau đây: a) Người đại diện theo pháp luật của doanh nghiệp hoặc người được ủy quyền theo quy định của pháp luật; b) Người đứng đầu cơ quan, tổ chức có tư cách pháp nhân theo quy định của pháp luật hoặc người được ủy quyền theo quy định của pháp luật; c) Người đại diện của hộ gia đình, tổ hợp tác, tổ chức khác không có tư cách pháp nhân hoặc người được ủy quyền theo quy định của pháp luật; d) Cá nhân trực tiếp sử dụng lao động. 4. Người giao kết hợp đồng lao động bên phía người lao động là người thuộc một trong các trường hợp sau đây: a) Người lao động từ đủ 18 tuổi trở lên; b) Người lao động từ đủ 15 tuổi đến chưa đủ 18 tuổi khi có sự đồng ý bằng văn bản của người đại diện theo pháp luật của người đó; c) Người chưa đủ 15 tuổi và người đại diện theo pháp luật của người đó; d) Người lao động được những người lao động trong nhóm ủy quyền hợp pháp giao kết hợp đồng lao động. 5. Người được ủy quyền"
syn_912_1768634214,Gia đình tôi có một số vấn đề liên quan đến quyền nuôi con sau khi ly hôn nhưng không thấy quy định rõ ràng trong luật. Vậy tôi có thể tham khảo Bộ luật dân sự để giải quyết vấn đề này không?,Điều 6 - Luật Hôn nhân và Gia đình 2014,False,0.3333333333333333,0.35006435006435005,"**CĂN CỨ PHÁP LUẬT THAM KHẢO:**
---
**[Tài liệu 1]**
Văn bản: Luật Hôn nhân và Gia đình 2014
Nội dung: Điều 81. Việc trông nom, chăm sóc, nuôi dưỡng, giáo dục con sau khi ly hôn

**[Tài liệu 2]**
Văn bản: Luật Hôn nhân và Gia đình 2014
Nội dung: Điều 84. Thay đổi người trực tiếp nuôi con sau khi ly hôn

**[Tài liệu 3]**
Văn bản: Luật Hôn nhân và Gia đình 2014
Nội dung: Điều 83. Nghĩa vụ, quyền của cha, mẹ trực tiếp nuôi con đối với người không trực tiếp nuôi con sau khi ly hôn

---

**PHÂN TÍCH VÀ HƯỚNG DẪN:**

Theo các quy định của Luật Hôn nhân và Gia đình năm 2014, bạn có thể tham khảo thêm các quy định tại Luật Dân sự để giải quyết vấn đề về quyền nuôi con sau khi ly hôn. 

Trong trường hợp của gia đình bạn, nếu vấn đề liên quan đến việc thay đổi người trực tiếp nuôi con hoặc các quyền và nghĩa vụ giữa cha mẹ và người không trực tiếp nuôi con, bạn có thể tham khảo các quy định tại Điều 84 (thay đổi người trực tiếp nuôi con) và Điều 83 (nghĩa vụ, quyền của cha, mẹ trực tiếp nuôi con đối với người không trực tiếp nuôi con) của Luật Hôn nhân và Gia đình năm 2014.

Điều 84 quy định rằng, trong trường hợp có yêu cầu từ cha, mẹ hoặc cá nhân, tổ chức được quy định tại khoản 5 Điều này, Tòa án có thể quyết định việc thay đổi người trực tiếp nuôi con. Điều 83 cũng xác định rõ quyền và nghĩa vụ của cha, mẹ trực tiếp nuôi con đối với người không trực tiếp nuôi con sau khi ly hôn.

Bên cạnh đó, khi quyết định thay đổi người trực tiếp nuôi con, Tòa án sẽ xem xét nguyện vọng của con từ đủ 07 tuổi trở lên và căn cứ vào lợi ích của con để đưa ra quyết định phù hợp. 

Nếu bạn cần hỗ trợ"
syn_71_1768628273,"Tôi là thành viên của công ty, nhưng Chủ tịch Hội đồng thành viên vi phạm quy định trong Điều lệ công ty. Tôi có thể khởi kiện ông ấy không?",Điều 72 - Luật Doanh nghiệp 2020,True,1.0,0.5847299813780261,"**Căn cứ pháp lý:** [Tên điều luật] - [Tên văn bản luật]

**Nội dung quy định:**
Theo Điều 72 của Luật Doanh nghiệp 2020, thành viên công ty có quyền khởi kiện Chủ tịch Hội đồng thành viên, Giám đốc hoặc Tổng giám đốc, người đại diện theo pháp luật và người quản lý khác do vi phạm quyền, nghĩa vụ và trách nhiệm của người quản lý trong trường hợp sau đây: a) Vi phạm quy định tại Điều 71 của Luật này; b) Không thực hiện, thực hiện không đầy đủ, thực hiện không kịp thời hoặc thực hiện trái với quy định của pháp luật hoặc Điều lệ công ty, nghị quyết, quyết định của Hội đồng thành viên đối với quyền và nghĩa vụ được giao; c) Trường hợp khác theo quy định của pháp luật và Điều lệ công ty.

**Phân tích & Hướng dẫn:**
Theo quy định tại Điều 72 của Luật Doanh nghiệp 2020, bạn, như thành viên của công ty, có quyền khởi kiện Chủ tịch Hội đồng thành viên nếu ông ta vi phạm quyền, nghĩa vụ và trách nhiệm của người quản lý theo Điều lệ công ty. 

Trong trường hợp của bạn, nếu Chủ tịch Hội đồng thành viên đã vi phạm quy định trong Điều lệ công ty, bạn hoàn toàn có quyền khởi kiện ông ấy theo quy định tại Điều 72 của Luật Doanh nghiệp 2020. 

Điều này cũng đồng nghĩa với việc bạn có thể khởi kiện Chủ tịch Hội đồng thành viên theo quy định tại Điều 166 của Luật Doanh nghiệp 2020, nhưng điều này chỉ áp dụng khi vi phạm quy định cụ thể liên quan đến trách nhiệm của người quản lý. Nếu trường hợp cụ thể của bạn không nằm trong những trường hợp được nêu tại Điều 166, bạn vẫn có quyền khởi kiện theo quy định tại Điều 72.

Hướng dẫn tiếp theo là cần thực hiện theo quy định về tố tụng dân sự và xác định chi phí khởi kiện sẽ được tính vào chi phí của công ty, trừ trường hợp bị bác yêu cầu khởi kiện. Bạn nên tìm kiếm sự hỗ trợ từ một luật sư chuyên về lĩnh vực này để đảm bảo rằng quá trình khởi kiện diễn ra đúng quy định pháp luật và có hiệu quả."
syn_1636_1768643180_1,"Vợ tôi là người giữ tài sản bị kê biên trong một vụ án hình sự. Nếu cô ấy chuyển nhượng tài sản đó mà không có sự cho phép, thì hậu quả pháp lý sẽ như thế nào cho cả cô ấy và tôi?",Điều 385 - Bộ luật Hình sự (Văn bản hợp nhất 2017),True,0.6666666666666666,0.4735772357723578,"**Căn cứ pháp lý:**
---
[Văn bản 1] - Bộ luật Hình sự (Văn bản hợp nhất 2017)
Nội dung: Điều 385. Tội vi phạm việc niêm phong, kê biên tài sản, phong tỏa tài khoản

**Phân tích & Hướng dẫn:**
---
Theo Điều 385 của Bộ luật Hình sự, nếu vợ bạn là người được giao giữ, quản lý tài sản bị kê biên mà thực hiện hành vi tiêu dùng, chuyển nhượng, đánh tráo, cất giấu hoặc hủy hoại tài sản đó, thì có thể bị phạt cải tạo không giam giữ từ 02 năm đến 02 năm hoặc phạt tù từ 03 tháng đến 02 năm. 

Nếu hành vi này dẫn đến việc giải quyết vụ án, vụ việc bị sai lệch hoặc gây thiệt hại nghiêm trọng, có thể bị phạt tù từ 02 năm đến 07 năm. 

Do đó, nếu vợ bạn chuyển nhượng tài sản bị kê biên mà không có sự cho phép, cô ấy có thể bị xử lý theo quy định trên. 

Đối với bạn, nếu bạn biết hoặc có dấu hiệu rõ ràng về hành vi chuyển nhượng của vợ mà không có sự cho phép, bạn cũng có thể bị liên đới trách nhiệm hình sự vì đã biết nhưng không ngăn chặn hoặc tố giác hành vi vi phạm này. Tuy nhiên, cần lưu ý rằng chỉ khi có đủ căn cứ xác định bạn có vai trò liên quan đến hành vi vi phạm mới có thể bị truy cứu trách nhiệm hình sự.

Hơn nữa, việc chuyển nhượng tài sản mà không có sự cho phép có thể gây ra hậu quả về mặt dân sự, cụ thể là có thể bị yêu cầu hoàn trả tài sản hoặc bồi thường thiệt hại. Bạn nên cân nhắc kỹ lưỡng và liên hệ với chuyên gia pháp lý để được hỗ trợ trong việc này."
syn_413_1768630928,"Gia đình tôi đang muốn bán một tài sản mà theo tôi biết có một số cá nhân có quyền ưu tiên mua, tôi cần làm gì để đảm bảo quyền lợi của mình?",Điều 196 - Bộ luật Dân sự 2015,True,0.3333333333333333,0.5698198198198199,"**Căn cứ pháp lý:**
--- [Tài liệu 1] ---
Văn bản: Bộ luật Dân sự 2015
Nội dung: Điều 196. Hạn chế quyền định đoạt 1. Quyền định đoạt chỉ bị hạn chế trong trường hợp do luật quy định. 2. Khi tài sản đem bán là tài sản thuộc di tích lịch sử - văn hóa theo quy định của Luật di sản văn hóa thì Nhà nước có quyền ưu tiên mua. Trường hợp cá nhân, pháp nhân có quyền ưu tiên mua đối với tài sản nhất định theo quy định của pháp luật thì khi bán tài sản, chủ sở hữu phải dành quyền ưu tiên mua cho các chủ thể đó. Mục 2. HÌNH THỨC SỞ HỮU Tiểu mục 1. SỞ HỮU TOÀN DÂN

**Căn cứ pháp lý:**
--- [Tài liệu 2] ---
Văn bản: Bộ luật Dân sự 2015
Nội dung: Điều 218. Định đoạt tài sản chung 1. Mỗi chủ sở hữu chung theo phần có quyền định đoạt phần quyền sở hữu của mình. 2. Việc định đoạt tài sản chung hợp nhất được thực hiện theo thỏa thuận của các chủ sở hữu chung hoặc theo quy định của pháp luật. 3. Trường hợp một chủ sở hữu chung theo phần bán phần quyền sở hữu của mình thì chủ sở hữu chung khác được quyền ưu tiên mua. Trong thời hạn 03 tháng đối với tài sản chung là bất động sản, 01 tháng đối với tài sản chung là động sản, kể từ ngày các chủ sở hữu chung khác nhận được thông báo về việc bán và các điều kiện bán mà không có chủ sở hữu chung nào mua thì chủ sở hữu đó được quyền bán cho người khác. Việc thông báo phải được thể hiện bằng văn bản và các điều kiện bán cho chủ sở hữu chung khác phải giống như điều kiện bán cho người không phải là chủ sở hữu chung. Trường hợp bán phần quyền sở hữu mà có sự vi phạm về quyền ưu tiên mua thì trong thời hạn 03 tháng, kể từ ngày phát hiện có sự vi phạm về quyền ưu tiên mua, chủ sở hữu chung theo phần trong số các chủ sở hữu chung có quyền"
syn_1476_1768641759_1,"Công ty tôi đã quyết định đầu tư xây dựng một tòa nhà mới. Tuy nhiên, tôi nghe nói rằng có một số sai phạm trong quá trình phê duyệt thiết kế và dự toán. Nếu công ty tôi bị phát hiện, tôi sẽ phải chịu trách nhiệm gì và có thể bị phạt như thế nào?",Điều 224 - Bộ luật Hình sự (Văn bản hợp nhất 2017),True,1.0,0.7277486910994765,"**Căn cứ pháp lý:** 
Điều 224. Tội vi phạm quy định về đầu tư công trình xây dựng gây hậu quả nghiêm trọng - Bộ luật Hình sự (Văn bản hợp nhất 2017)

**Nội dung quy định:** 
1. Người nào lợi dụng chức vụ, quyền hạn thực hiện một trong những hành vi sau đây, gây thiệt hại từ 100.000.000 đồng đến dưới 300.000.000 đồng hoặc dưới 100.000.000 đồng nhưng đã bị xử lý kỷ luật về hành vi này mà còn vi phạm, thì bị phạt cải tạo không giam giữ đến 03 năm hoặc phạt tù từ 01 năm đến 05 năm: a) Quyết định đầu tư xây dựng không đúng quy định của Luật Xây dựng; b) Lập, thẩm định, phê duyệt thiết kế, dự toán, điều chỉnh dự toán, nghiệm thu công trình sử dụng vốn của Nhà nước trái với quy định của Luật Xây dựng; c) Lựa chọn nhà thầu không đủ điều kiện năng lực để thực hiện hoạt động xây dựng; d) Dàn xếp, thông đồng làm sai lệch kết quả lập dự án, khảo sát, thiết kế, giám sát thi công, xây dựng công trình.
2. Phạm tội thuộc một trong các trường hợp sau đây, thì bị phạt tù từ 03 năm đến 12 năm: a) Vì vụ lợi; b) Có tổ chức; c) Dùng thủ đoạn tinh vi, xảo quyệt; d) Gây thiệt hại từ 300.000.000 đồng đến dưới 1.000.000.000 đồng.

**Phân tích & Hướng dẫn:**

Theo quy định tại Điều 224 của Bộ luật Hình sự, nếu công ty bạn đã lợi dụng chức vụ, quyền hạn thực hiện hành vi như ""lập, thẩm định, phê duyệt thiết kế, dự toán, điều chỉnh dự toán, nghiệm thu công trình sử dụng vốn của Nhà nước trái với quy định của Luật Xây dựng"", và gây thiệt hại từ 100.000.000 đồng đến dưới 300.000.000 đồng hoặc dưới 100.000.000 đồng nhưng"
syn_64_1768628215,"Tôi đã làm Kiểm soát viên được 5 năm và muốn tiếp tục công việc này, liệu tôi có thể được bổ nhiệm lại không?",Điều 65 - Luật Doanh nghiệp 2020,True,0.6666666666666666,0.39173014145810664,"**CĂN CỨ PHÁP LUẬT THAM KHẢO:**
---
- **Tài liệu 1**: Luật Doanh nghiệp 2020, Điều 103
- **Tài liệu 2**: Luật Doanh nghiệp 2020, Điều 65
- **Tài liệu 3**: Luật Doanh nghiệp 2020, Điều 168

---

**Nội dung quy định:**
Theo Điều 103 của Luật Doanh nghiệp 2020, về việc bổ nhiệm lại Kiểm soát viên, quy định rằng ""Nhiệm kỳ Kiểm soát viên không quá 05 năm và có thể được bổ nhiệm lại nhưng không quá 02 nhiệm kỳ liên tục tại công ty đó."" Điều này rõ ràng cho thấy, mặc dù Kiểm soát viên được phép bổ nhiệm lại, nhưng họ không được bổ nhiệm lại liên tục trong hai nhiệm kỳ liên tiếp.

**Phân tích & Hướng dẫn:**
Theo câu hỏi của bạn, bạn đã làm Kiểm soát viên được 5 năm và muốn tiếp tục công việc này. Tuy nhiên, quy định của pháp luật không cho phép bạn được bổ nhiệm lại liên tục trong hai nhiệm kỳ liên tiếp. Vì vậy, mặc dù bạn đã đủ điều kiện để được bổ nhiệm lại (nghỉ 5 năm), bạn không thể được bổ nhiệm lại ngay lập tức mà phải chờ ít nhất một nhiệm kỳ.

Để cụ thể hóa, nếu bạn đã làm Kiểm soát viên từ năm 2017 (đạt 5 năm), bạn sẽ bắt đầu nhiệm kỳ thứ hai vào năm 2022. Trong năm 2022, bạn không thể được bổ nhiệm lại làm Kiểm soát viên vì đã có một nhiệm kỳ liên tiếp. Bạn sẽ phải đợi đến năm 2027, khi nhiệm kỳ thứ hai của bạn kết thúc, bạn mới có thể được bổ nhiệm lại làm Kiểm soát viên.

Ngoài ra, bạn cần đảm bảo rằng bạn vẫn đáp ứng các tiêu chuẩn và điều kiện quy định tại Điều 103 của Luật Doanh nghiệp 2020, bao gồm yêu cầu về trình độ chuyên môn, kinh nghiệm làm việc, và không có các yếu tố cấm như đang là người quản lý công ty hoặc có quan hệ gia đình với người đứng đầu cơ quan đại diện chủ sở hữu."
syn_528_1768631730,"Tôi đã cầm cố một chiếc xe máy cho ngân hàng, nhưng hiện tại tôi không có khả năng thanh toán chi phí bảo quản cho chiếc xe đó. Tôi cần phải làm gì?",Điều 311 - Bộ luật Dân sự 2015,False,0.3333333333333333,0.576158940397351,"**CĂN CỨ PHÁP LUẬT THAM KHẢO:**
---
**[Tài liệu 1]** - [Bộ luật Dân sự 2015]
**Nội dung quy định:**
1. Giao tài sản cầm cố cho bên nhận cầm cố theo đúng thỏa thuận.
2. Báo cho bên nhận cầm cố về quyền của người thứ ba đối với tài sản cầm cố, nếu có; trường hợp không thông báo thì bên nhận cầm cố có quyền hủy hợp đồng cầm cố tài sản và yêu cầu bồi thường thiệt hại hoặc duy trì hợp đồng và chấp nhận quyền của người thứ ba đối với tài sản cầm cố.
3. Thanh toán cho bên nhận cầm cố chi phí hợp lý để bảo quản tài sản cầm cố, trừ trường hợp có thỏa thuận khác.

**[Tài liệu 2]** - [Bộ luật Dân sự 2015]
**Nội dung quy định:**
1. Yêu cầu người đang chiếm hữu, sử dụng trái pháp luật tài sản cầm cố trả lại tài sản đó.
2. Xử lý tài sản cầm cố theo phương thức đã thỏa thuận hoặc theo quy định của pháp luật.
3. Được cho thuê, cho mượn, khai thác công dụng tài sản cầm cố và hưởng hoa lợi, lợi tức từ tài sản cầm cố, nếu có thỏa thuận.
4. Được thanh toán chi phí hợp lý bảo quản tài sản cầm cố khi trả lại tài sản cho bên cầm cố.

**[Tài liệu 3]** - [Bộ luật Dân sự 2015]
**Nội dung quy định:**
1. Số tiền có được từ việc xử lý tài sản cầm cố, thế chấp sau khi thanh toán chi phí bảo quản, thu giữ và xử lý tài sản cầm cố, thế chấp được thanh toán theo thứ tự ưu tiên quy định tại Điều 308 của Bộ luật này.
2. Trường hợp số tiền có được từ việc xử lý tài sản cầm cố, thế chấp sau khi thanh toán chi phí bảo quản, thu giữ và xử lý tài sản cầm cố, thế chấp lớn hơn giá trị nghĩa vụ được bảo đảm thì số tiền chênh lệch phải được trả cho bên bảo đảm.
3. Trường hợp số tiền có được từ việc xử lý tài sản cầm cố, thế chấp sau khi thanh toán chi phí bảo quản, thu giữ và xử lý tài sản cầm cố,"
syn_1211_1768639728_0,"Tôi là một nhân viên trong công ty và công ty tôi đang muốn thành lập tổ chức của người lao động. Tuy nhiên, tôi không rõ quy trình đăng ký tổ chức này như thế nào. Tôi nên bắt đầu từ đâu và cần những giấy tờ gì?",Điều 172 - Bộ luật Lao động 2019,True,1.0,0.7212230215827338,"**Căn cứ pháp lý:**
---
[Tài liệu 1] - [Bộ luật Lao động 2019]
---

**Nội dung quy định:**
---
Điều 172 của Bộ luật Lao động 2019 quy định về việc thành lập, gia nhập tổ chức của người lao động tại doanh nghiệp. Theo đó, tổ chức của người lao động tại doanh nghiệp phải được thành lập và hoạt động sau khi cơ quan nhà nước có thẩm quyền cấp đăng ký. Tổ chức này phải tuân thủ Hiến pháp, pháp luật và điều lệ, và cần bảo đảm nguyên tắc tuân thủ Hiến pháp, pháp luật và điều lệ.
Điều 172 cũng nêu rõ rằng tổ chức của người lao động tại doanh nghiệp bị thu hồi đăng ký nếu vi phạm về tôn chỉ, mục đích của tổ chức quy định tại điểm b khoản 1 Điều 174 của Bộ luật này hoặc nếu tổ chức của người lao động tại doanh nghiệp chấm dứt sự tồn tại trong trường hợp chia, tách, hợp nhất, sáp nhập, giải thể hoặc doanh nghiệp giải thể, phá sản.
Điều 172 còn quy định về việc tổ chức của người lao động tại doanh nghiệp gia nhập Công đoàn Việt Nam và Chính phủ quy định về hồ sơ, trình tự, thủ tục đăng ký, thẩm quyền, thủ tục cấp đăng ký, thu hồi đăng ký, quản lý nhà nước đối với vấn đề tài chính, tài sản của tổ chức của người lao động tại doanh nghiệp, chia, tách, hợp nhất, sáp nhập, giải thể, quyền liên kết của tổ chức của người lao động tại doanh nghiệp.
---

**Phân tích & Hướng dẫn:**
---
Để thành lập tổ chức của người lao động tại doanh nghiệp, bạn cần tuân thủ các quy định của Bộ luật Lao động 2019, cụ thể là Điều 172. Trước hết, bạn cần chuẩn bị hồ sơ đăng ký tổ chức của người lao động theo quy định của Chính phủ, bao gồm nhưng không giới hạn ở các giấy tờ sau:

1. Hồ sơ cá nhân của các thành viên ban lãnh đạo: bao gồm CMND/CCCD, giấy phép lao động, và giấy chứng nhận đã hoàn thành chương trình đào tạo về quyền và trách nhiệm"
syn_767_1768633243,Tôi đặt gia công một sản phẩm nhưng bên nhận gia công đã chậm giao hàng quá thời hạn. Tôi nên làm gì trong trường hợp này?,Điều 550 - Bộ luật Dân sự 2015,True,1.0,0.4910891089108911,"**Căn cứ pháp lý:**
---
[Văn bản] Bộ luật Dân sự 2015

**Nội dung quy định:**
---
1. Trường hợp bên nhận gia công chậm giao sản phẩm thì bên đặt gia công có thể gia hạn; nếu hết thời hạn đó mà bên nhận gia công vẫn chưa hoàn thành công việc thì bên đặt gia công có quyền đơn phương chấm dứt thực hiện hợp đồng và yêu cầu bồi thường thiệt hại.
2. Bên đặt gia công phải chịu mọi chi phí phát sinh từ việc gửi giữ sản phẩm nếu bên nhận gia công chậm giao sản phẩm và gửi sản phẩm đó tại nơi nhận gửi giữ.

**Phân tích & Hướng dẫn:**
---
Theo quy định tại Điều 550 của Bộ Luật Dân sự 2015, nếu bên nhận gia công (công ty bạn) đã chậm giao hàng quá thời hạn mà đã hết thời hạn gia hạn, thì bên đặt gia công (bạn) có quyền đơn phương chấm dứt thực hiện hợp đồng và yêu cầu bồi thường thiệt hại. 

Trong trường hợp này, bạn nên tiến hành theo các bước sau:

1. **Gửi thông báo cho bên nhận gia công**: Bạn cần gửi một thông báo rõ ràng cho bên nhận gia công về việc họ đã vi phạm hợp đồng do chậm giao hàng. Thông báo này nên nêu rõ thời hạn gia hạn đã được thỏa thuận và thời hạn cuối cùng để hoàn thành công việc.

2. **Thời gian gia hạn**: Nếu bên nhận gia công đã xác nhận và chấp nhận thời gian gia hạn, bạn cần theo dõi và kiểm tra tiến độ công việc. Nếu sau thời gian gia hạn vẫn chưa hoàn thành, bạn có quyền đơn phương chấm dứt hợp đồng và yêu cầu bồi thường thiệt hại.

3. **Bồi thường thiệt hại**: Theo Điều 548 của Bộ Luật Dân sự 2015, bên đặt gia công sẽ phải chịu rủi ro đối với sản phẩm từ thời điểm chậm nhận sản phẩm, trừ trường hợp có thỏa thuận khác. Do đó, bạn cần tính toán chi phí phát sinh từ việc gửi giữ sản phẩm và bất kỳ chi phí pháp lý liên quan nếu cần.

4. **Hủy bỏ hợp đồng**: Nếu bên nhận gia công vẫn không hoàn thành công việc trong thời gian đã thỏa thuận, bạn có quyền đơn phương chấm dứt hợp đồng và yêu"
syn_1613_1768642955_0,"Tôi là nhân viên tại một cơ quan nhà nước và trong một lần sơ suất, tôi đã để lộ tài liệu mật liên quan đến dự án mà tôi đang phụ trách. Dù tôi không cố ý nhưng điều này đã gây ra một số rắc rối cho cơ quan của tôi. Liệu tôi có thể bị xử phạt theo điều luật này không?",Điều 362 - Bộ luật Hình sự (Văn bản hợp nhất 2017),False,1.0,0.4255744255744256,"**Căn cứ pháp lý:** 
- Điều 338. Tội vô ý làm lộ bí mật nhà nước; tội làm mất vật, tài liệu bí mật nhà nước - Bộ Luật Hình sự (Văn bản hợp nhất 2017)

**Nội dung quy định:** 
Điều 338 quy định về hình thức xử phạt đối với hành vi vô ý làm lộ bí mật nhà nước hoặc làm mất vật, tài liệu bí mật nhà nước. Theo đó, người phạm tội sẽ bị phạt cải tạo không giam giữ từ 03 năm trở lên hoặc phạt tù từ 06 tháng đến 03 năm.

**Phân tích & Hướng dẫn:**
Theo tình huống của bạn, mặc dù bạn đã để lộ tài liệu mật không cố ý, nhưng hành vi này vẫn nằm trong phạm vi xử phạt của Điều 338. Bạn đã vô ý làm lộ tài liệu mật liên quan đến dự án mà bạn đang phụ trách, điều này tương ứng với hành vi ""vô ý làm lộ bí mật nhà nước"" quy định trong điều luật trên.

Theo nội dung quy định, bạn có thể bị phạt cải tạo không giam giữ từ 03 năm trở lên hoặc phạt tù từ 06 tháng đến 03 năm tùy thuộc vào mức độ nghiêm trọng của hành vi và các yếu tố cụ thể liên quan như thời gian, tầm quan trọng của tài liệu và hậu quả gây ra. 

Ngoài ra, bạn cũng có thể phải chịu các hình thức xử phạt bổ sung, bao gồm cấm đảm nhiệm chức vụ, cấm hành nghề hoặc làm công việc nhất định từ 01 năm đến 05 năm.

Lưu ý rằng mức độ xử phạt cụ thể sẽ do cơ quan chức năng xem xét và quyết định căn cứ vào các yếu tố cụ thể của trường hợp này."
syn_503_1768631560,Công ty tôi không thể giao hàng đúng hạn theo hợp đồng đã ký. Tôi có thể đề xuất một nghĩa vụ khác để thay thế nghĩa vụ giao hàng không?,Điều 286 - Bộ luật Dân sự 2015,True,0.6666666666666666,0.4610866372980911,"**CĂN CỨ PHÁP LUẬT THAM KHẢO:**
---
[Văn bản 1] Bộ luật Dân sự 2015
[Nội dung] Điều 286. Thực hiện nghĩa vụ thay thế được

[Văn bản 2] Bộ luật Dân sự 2015
[Nội dung] Điều 356. Trách nhiệm do không thực hiện nghĩa vụ giao vật

[Văn bản 3] Bộ luật Dân sự 2015
[Nội dung] Điều 383. Chấm dứt nghĩa vụ khi vật đặc định không còn

---

**Câu hỏi:**
Công ty tôi không thể giao hàng đúng hạn theo hợp đồng đã ký. Tôi có thể đề xuất một nghĩa vụ khác để thay thế nghĩa vụ giao hàng không?

**CĂN CỨ PHÁP LUẬT THAM KHẢO:**
---
[Văn bản 1] Bộ luật Dân sự 2015
[Nội dung] Điều 286. Thực hiện nghĩa vụ thay thế được

**Nội dung quy định:**
Điều 286 của Bộ Luật Dân sự 2015 quy định rằng ""Nghĩa vụ thay thế được là nghĩa vụ mà bên có nghĩa vụ không thực hiện được nghĩa vụ ban đầu thì có thể thực hiện một nghĩa vụ khác đã được bên có quyền chấp nhận để thay thế nghĩa vụ đó.""

**Phân tích & Hướng dẫn:**
Theo quy định trên, nếu Công ty bạn không thể thực hiện nghĩa vụ giao hàng đúng hạn theo hợp đồng đã ký, bạn hoàn toàn có thể đề xuất một nghĩa vụ khác để thay thế nghĩa vụ giao hàng. Điều này tuân theo nguyên tắc ""nghĩa vụ thay thế được"" như được quy định tại Điều 286 của Bộ Luật Dân sự 2015.

Ví dụ, nếu khách hàng đã đặt hàng với thời hạn giao hàng cụ thể, nhưng do một lý do nào đó (như thiếu nguyên vật liệu, lỗi kỹ thuật, vv) không thể giao hàng đúng hạn, công ty bạn có thể đề xuất một số giải pháp như:

1. Giao hàng trước thời hạn đã hẹn.
2. Giao hàng nhanh hơn so với thời hạn đã hẹn.
3. Giao hàng sau thời hạn đã"
syn_567_1768631983,"Công ty tôi đã cầm giữ một chiếc xe của đối tác vì nợ tiền, nhưng giờ đối tác đã thanh toán toàn bộ nợ. Tôi có cần làm gì thêm để chấm dứt cầm giữ không?",Điều 350 - Bộ luật Dân sự 2015,True,1.0,0.5245901639344263,"**Căn cứ pháp lý:**
---
**Căn cứ pháp lý tham khảo:**
---
- Văn bản: Bộ luật Dân sự 2015
- Nội dung: Điều 350. Chấm dứt cầm giữ Cầm giữ tài sản chấm dứt trong trường hợp sau đây: 1. Bên cầm giữ không còn chiếm giữ tài sản trên thực tế. 2. Các bên thỏa thuận sử dụng biện pháp bảo đảm khác để thay thế cho cầm giữ. 3. Nghĩa vụ đã được thực hiện xong. 4. Tài sản cầm giữ không còn. 5. Theo thỏa thuận của các bên.
---

**Nội dung quy định:**
---
Điều 350 của Bộ Luật Dân sự 2015 quy định rằng ""Cầm giữ tài sản chấm dứt trong trường hợp sau đây: 1. Bên cầm giữ không còn chiếm giữ tài sản trên thực tế. 2. Các bên thỏa thuận sử dụng biện pháp bảo đảm khác để thay thế cho cầm giữ. 3. Nghĩa vụ đã được thực hiện xong. 4. Tài sản cầm giữ không còn. 5. Theo thỏa thuận của các bên.""
---

**Phân tích & Hướng dẫn:**
---
Theo quy định tại Điều 350 của Bộ Luật Dân sự 2015, công ty bạn đã cầm giữ chiếc xe của đối tác vì nợ tiền. Hiện nay, đối tác đã thanh toán toàn bộ nợ, nghĩa vụ đã được thực hiện xong. Do đó, căn cứ vào điểm 3 của điều luật này, công ty bạn không còn phải cầm giữ tài sản. 

Việc công ty bạn cần làm là thông báo cho đối tác về việc chấm dứt cầm giữ và hoàn trả lại chiếc xe cho đối tác. Nếu có bất kỳ thiệt hại nào xảy ra cho chiếc xe trong quá trình cầm giữ, công ty bạn cũng cần phải tính toán và bồi thường thiệt hại cho đối tác theo quy định của pháp luật.

Cuối cùng, công ty bạn nên lập biên bản giao nhận để chứng minh việc hoàn trả chiếc xe và ghi rõ thông tin về việc chấm dứt cầm giữ, nhằm tránh những tranh chấp trong tương lai."
syn_168_1768629012,"Tôi đã làm Kiểm soát viên cho một công ty tư nhân, giờ tôi muốn chuyển sang làm cho công ty đại chúng, tôi có cần phải đáp ứng thêm điều kiện gì không?",Điều 169 - Luật Doanh nghiệp 2020,True,0.3333333333333333,0.644976076555024,"**CĂN CỨ PHÁP LUẬT THAM KHẢO:**

- **[Tài liệu 1]**: Luật Doanh nghiệp 2020 - Điều 169
- **[Tài liệu 2]**: Luật Doanh nghiệp 2020 - Điều 103
- **[Tài liệu 3]**: Luật Doanh nghiệp 2020 - Điều 218 (Quy định chuyển tiếp)

**Nội dung quy định:**

**[Tài liệu 1]:**  
Điều 169. Tiêu chuẩn và điều kiện của Kiểm soát viên  
a) Không thuộc đối tượng theo quy định tại khoản 2 Điều 17 của Luật này;  
b) Được đào tạo một trong các chuyên ngành về kinh tế, tài chính, kế toán, kiểm toán, luật, quản trị kinh doanh hoặc chuyên ngành phù hợp với hoạt động kinh doanh của doanh nghiệp;  
c) Không phải là người có quan hệ gia đình của thành viên Hội đồng quản trị, Giám đốc hoặc Tổng giám đốc và người quản lý khác;  
d) Không phải là người quản lý công ty; không nhất thiết phải là cổ đông hoặc người lao động của công ty, trừ trường hợp Điều lệ công ty có quy định khác;  
đ) Tiêu chuẩn và điều kiện khác theo quy định khác của pháp luật có liên quan và Điều lệ công ty.

**[Tài liệu 2]:**  
Điều 103. Ban kiểm soát, Kiểm soát viên  
a) Có bằng tốt nghiệp đại học trở lên thuộc một trong các chuyên ngành về kinh tế, tài chính, kế toán, kiểm toán, luật, quản trị kinh doanh hoặc chuyên ngành phù hợp với hoạt động kinh doanh của doanh nghiệp và có ít nhất 03 năm kinh nghiệm làm việc;  
Trưởng Ban kiểm soát phải có ít nhất 05 năm kinh nghiệm làm việc;  
b) Không được là người quản lý công ty và người quản lý tại doanh nghiệp khác; không được là Kiểm soát viên của doanh nghiệp không phải là doanh nghiệp nhà nước; không phải là người lao động của công ty;  
c) Không phải là người có quan hệ gia đình của người đứng đầu, cấp phó của người đứng đầu cơ quan đại diện chủ sở"
syn_1128_1768639234_1,"Công ty tôi vừa mới thành lập và đang trong quá trình thương lượng thỏa ước lao động tập thể. Nếu chúng tôi phát sinh thêm chi phí trong quá trình này, liệu chúng tôi có thể yêu cầu công đoàn chi trả không?",Điều 89 - Bộ luật Lao động 2019,True,1.0,0.5054263565891473,"**Căn cứ pháp lý:**
---
Văn bản: Bộ luật Lao động 2019  
Nội dung: Điều 89. Chi phí thương lượng, ký kết thỏa ước lao động tập thể Mọi chi phí cho việc thương lượng, ký kết, sửa đổi, bổ sung, gửi và công bố thỏa ước lao động tập thể do phía người sử dụng lao động chi trả. Chương VI TIỀN LƯƠNG

**Nội dung quy định:**
---
Mọi chi phí cho việc thương lượng, ký kết, sửa đổi, bổ sung, gửi và công bố thỏa ước lao động tập thể do phía người sử dụng lao động chi trả. 

**Phân tích & Hướng dẫn:**
---
Theo quy định tại Điều 89 của Bộ Luật Lao động 2019, mọi chi phí liên quan đến việc thương lượng, ký kết, sửa đổi, bổ sung, gửi và công bố thỏa ước lao động tập thể đều thuộc trách nhiệm của phía người sử dụng lao động. Do đó, nếu Công ty bạn phát sinh thêm chi phí trong quá trình thương lượng thỏa ước lao động tập thể, bạn sẽ phải chịu trách nhiệm chi trả cho những chi phí đó. 

Công đoàn không có nghĩa vụ chi trả cho các chi phí liên quan đến việc thương lượng thỏa ước lao động tập thể. Việc chi trả cho các chi phí này tuân theo nguyên tắc chi trả bởi phía người sử dụng lao động như quy định tại điều luật trên.

Để đảm bảo tuân thủ quy định pháp luật, Công ty nên xác định rõ các chi phí cụ thể và lập kế hoạch tài chính phù hợp để đảm bảo chi trả cho tất cả các chi phí liên quan đến quá trình thương lượng thỏa ước lao động tập thể."
syn_773_1768633287,"Tôi đã gửi đồ đạc trong 6 tháng và giờ muốn lấy lại, có cần thông báo trước không?",Điều 556 - Bộ luật Dân sự 2015,True,0.3333333333333333,0.4855842185128983,"**CĂN CỨ PHÁP LUẬT THAM KHẢO:**
---
[Văn bản] Bộ luật Dân sự 2015
[Nội dung] Điều 556. Quyền của bên gửi tài sản

**CĂN CỨ PHÁP LUẬT THAM KHẢO:**
---
[Văn bản] Bộ luật Dân sự 2015
[Nội dung] Điều 558. Quyền của bên giữ tài sản

---

**CÂU HỎI:**
Tôi đã gửi đồ đạc trong 6 tháng và giờ muốn lấy lại, có cần thông báo trước không?

**CĂN CỨ PHÁP LUẬT THAM KHẢO:**
---
[Văn bản] Bộ luật Dân sự 2015
[Nội dung] Điều 556. Quyền của bên gửi tài sản 1. Yêu cầu lấy lại tài sản bất cứ lúc nào, nếu hợp đồng gửi giữ không xác định thời hạn, nhưng phải báo trước cho bên giữ một thời gian hợp lý.

---

**PHÂN TÍCH & HƯỚNG DẪN:**
Theo Điều 556 của Bộ luật Dân sự 2015, bên gửi tài sản (trong trường hợp này là bạn) có quyền yêu cầu lấy lại tài sản bất cứ lúc nào, miễn là họ báo trước cho bên giữ một thời gian hợp lý. Trong trường hợp bạn đã gửi đồ đạc trong 6 tháng và giờ muốn lấy lại, bạn hoàn toàn có quyền yêu cầu lấy lại tài sản mà không cần thông báo trước, nhưng vẫn cần báo trước cho bên giữ một thời gian hợp lý. Thời gian hợp lý sẽ tùy thuộc vào tình hình cụ thể giữa bạn và bên giữ tài sản. Tuy nhiên, để tránh hiểu lầm và đảm bảo quyền lợi, thông báo sớm cho bên giữ là một biện pháp tốt."
syn_1387_1768641048_0,"Tôi vừa bị một nhóm người gây thương tích nặng, tỷ lệ tổn thương của tôi là 45%. Sau khi sự việc xảy ra, tôi biết rằng họ đã bị kích động bởi hành vi của tôi khi tôi bảo vệ người thân. Tôi có thể làm gì để bảo vệ quyền lợi của mình?",Điều 135 - Bộ luật Hình sự (Văn bản hợp nhất 2017),True,1.0,0.4953959484346225,"**Căn cứ pháp lý:** Điều 135 và Điều 138 - Bộ Luật Hình sự (Văn bản hợp nhất 2017)

**Nội dung quy định:**
- Điều 135 quy định về tội cố ý gây thương tích hoặc gây tổn hại cho sức khỏe của người khác trong trạng thái tinh thần bị kích động mạnh.
- Điều 138 quy định về tội vô ý gây thương tích hoặc gây tổn hại cho sức khỏe của người khác.

**Phân tích & Hướng dẫn:**
Theo tài liệu tham khảo, bạn đang phải đối mặt với tình huống phức tạp liên quan đến tội cố ý gây thương tích hoặc gây tổn hại cho sức khỏe của người khác. Theo Điều 135, nếu bạn gây thương tích hoặc tổn hại cho sức khỏe của người khác với tỷ lệ tổn thương cơ thể từ 31% đến 60% trong trạng thái tinh thần bị kích động mạnh, và hành vi này xuất phát từ hành vi trái pháp luật của nạn nhân hoặc người thân của nạn nhân, bạn có thể bị xử lý hình sự.

Tuy nhiên, tỷ lệ tổn thương cơ thể của bạn là 45%, vượt qua ngưỡng 60% quy định tại Điều 135. Do đó, bạn có thể bị xử lý theo Điều 138, quy định về tội vô ý gây thương tích hoặc gây tổn hại cho sức khỏe của người khác.

Để bảo vệ quyền lợi của mình, bạn nên:
1. **Ghi Chứng Minh:** Ghi lại mọi chi tiết có liên quan đến vụ việc, bao gồm thời điểm, địa điểm, những người tham gia, và bất kỳ bằng chứng nào có thể hỗ trợ cho việc minh oan cho bạn.
2. **Khiếu Nại:** Bạn có thể gửi đơn kêu cứu đến cơ quan chức năng, yêu cầu họ xem xét lại quyết định của mình.
3. **Hồ Sơ Pháp Lý:** Nếu cần thiết, bạn có thể nhờ sự giúp đỡ của một chuyên gia tư vấn pháp luật để chuẩn bị hồ sơ và đề nghị xử lý lại vụ việc theo đúng quy định của pháp luật.
4. **Viện Kiểm sát:** Nếu quyết định của cơ quan điều tra hoặc tòa án không hài lòng với kết luận của bạn, bạn có thể gửi đơn kêu cứu lên Viện Kiểm sát để họ"
syn_1276_1768640132_1,Con trai tôi năm nay 15 tuổi và gần đây nó đã kết bạn với những người có tiền án về tội phạm. Tôi lo lắng rằng con có thể bị lôi kéo vào những hành động phạm tội. Nếu con tôi chỉ tham gia cùng nhóm mà không làm gì cụ thể thì có bị xử lý pháp lý không?,Điều 14 - Bộ luật Hình sự (Văn bản hợp nhất 2017),True,1.0,0.5234619395203337,"**Căn cứ pháp lý:** Điều 14. Chuẩn bị phạm tội - Bộ luật Hình sự (Văn bản hợp nhất 2017)

**Nội dung quy định:**
Theo Điều 14 của Bộ luật Hình sự, chuẩn bị phạm tội là tìm kiếm, sửa soạn công cụ, phương tiện hoặc tạo ra những điều kiện khác để thực hiện tội phạm hoặc thành lập, tham gia nhóm tội phạm. Người chuẩn bị phạm tội quy định tại một trong các điều 108, 109, 110, 111, 112, 113, 114, 115, 116, 117, 118, 119, 120, 121, 123, 134, 168, 169, 207, 299, 300, 301, 302, 303 và 324 của Bộ luật này thì phải chịu trách nhiệm hình sự. 

**Phân tích & Hướng dẫn:**
Theo quy định trên, việc tham gia nhóm tội phạm mà không có hành vi cụ thể phạm tội vẫn có thể bị xử lý hình sự. Trong trường hợp của bạn, con trai bạn mới 15 tuổi và đang kết bạn với những người có tiền án về tội phạm. Nếu con bạn chỉ tham gia nhóm mà không thực hiện hành vi cụ thể nào phạm tội, vẫn có khả năng bị xử lý hình sự nếu nhóm đó chuẩn bị hoặc thực hiện các hành vi phạm tội.

Điều 14 của Bộ luật Hình sự đề cập đến ""tìm kiếm, sửa soạn công cụ, phương tiện hoặc tạo ra những điều kiện khác để thực hiện tội phạm"" và ""thành lập, tham gia nhóm tội phạm"". Điều này bao gồm cả việc tham gia vào nhóm mà có thể dẫn đến hành vi phạm tội trong tương lai.

Việc này đòi hỏi bạn cần phải quan tâm và giám sát chặt chẽ hành vi của con bạn. Nếu phát hiện con bạn có dấu hiệu tham gia vào nhóm có hành vi phạm tội, bạn nên đưa vấn đề này lên với giáo viên, nhà trường, hoặc thậm chí là cảnh sát. Đồng thời, bạn cũng nên tìm cách xây dựng mối quan hệ tốt"
syn_670_1768632628,"Tôi đã ký hợp đồng mua một chiếc tivi trả dần, nhưng bây giờ tôi muốn sử dụng nó trước khi hoàn tất thanh toán. Tôi có được sử dụng không?",Điều 453 - Bộ luật Dân sự 2015,True,1.0,0.5351812366737739,"**Căn cứ pháp lý:** 
- [Tên điều luật] - [Tên văn bản luật]
  
**Nội dung quy định:**
- Điều 453. Mua trả chậm, trả dần 1. Các bên có thể thỏa thuận về việc bên mua trả chậm hoặc trả dần tiền mua trong một thời hạn sau khi nhận tài sản mua. Bên bán được bảo lưu quyền sở hữu đối với tài sản bán cho đến khi bên mua trả đủ tiền, trừ trường hợp có thỏa thuận khác. 2. Hợp đồng mua trả chậm hoặc trả dần phải được lập thành văn bản. Bên mua có quyền sử dụng tài sản mua trả chậm, trả dần và phải chịu rủi ro trong thời gian sử dụng, trừ trường hợp có thỏa thuận khác.
- Điều 434. Thời hạn thực hiện hợp đồng mua bán 1. Thời hạn thực hiện hợp đồng mua bán do các bên thỏa thuận. Bên bán phải giao tài sản cho bên mua đúng thời hạn đã thỏa thuận; bên bán chỉ được giao tài sản trước hoặc sau thời hạn nếu được bên mua đồng ý. 2. Khi các bên không thỏa thuận thời hạn giao tài sản thì bên mua có quyền yêu cầu bên bán giao tài sản và bên bán cũng có quyền yêu cầu bên mua nhận tài sản bất cứ lúc nào, nhưng phải báo trước cho nhau một thời gian hợp lý. 3. Bên mua thanh toán tiền mua theo thời gian thỏa thuận. Nếu không xác định hoặc xác định không rõ ràng thời gian thanh toán thì bên mua phải thanh toán ngay tại thời điểm nhận tài sản mua hoặc nhận giấy tờ chứng nhận quyền sở hữu tài sản.

**Phân tích & Hướng dẫn:**
Theo quy định tại Điều 453 của Bộ Luật Dân sự 2015, bên mua có quyền sử dụng tài sản mua trả chậm hoặc trả dần kể từ khi nhận tài sản mua, trừ trường hợp có thỏa thuận khác. Điều này cho thấy bạn có quyền sử dụng tivi của mình ngay cả khi chưa hoàn tất việc thanh toán toàn bộ số tiền.

Điều 434 cũng quy định rằng nếu không thỏa thuận thời hạn thanh toán, bên mua có quyền yêu cầu bên bán giao tài sản ngay tại thời điểm nhận tài sản, và bên bán cũng có quyền"
syn_1533_1768642224_2,"Gia đình tôi có một người thân làm việc trong ngành giao thông và vừa bị phát hiện không có biện pháp xử lý kịp thời khi phát hiện công trình giao thông của mình bị hư hỏng. Nếu điều này dẫn đến thiệt hại lớn về tài sản, tôi nên lo lắng về hình phạt nào có thể xảy ra không?",Điều 281 - Bộ luật Hình sự (Văn bản hợp nhất 2017),True,0.6666666666666666,0.592274678111588,"**Căn cứ pháp lý:** 
- Điều 281. Tội vi phạm quy định về duy tu, sửa chữa, quản lý công trình giao thông [287] - Bộ luật Hình sự (Văn bản hợp nhất 2017)

**Nội dung quy định:**
1. Người nào có trách nhiệm trong việc duy tu, sửa chữa, quản lý công trình giao thông đường bộ, đường sắt, đường thủy, đường không mà có một trong các hành vi sau đây, dẫn đến hậu quả làm chết người, gây thương tích hoặc gây tổn hại cho sức khỏe của người khác mà tỷ lệ tổn thương cơ thể 61% trở lên hoặc gây thương tích hoặc gây tổn hại cho sức khỏe của 02 người trở lên mà tổng tỷ lệ tổn thương cơ thể của những người này từ 61% đến 121% hoặc gây thiệt hại về tài sản từ 100.000.000 đồng đến dưới 500.000.000 đồng, thì bị phạt tù từ 06 tháng đến 03 năm.
2. Phạm tội thuộc một trong các trường hợp sau đây, thì bị phạt tù từ 02 năm đến 07 năm: a) Làm chết 02 người; b) Gây thương tích hoặc gây tổn hại cho sức khỏe của 02 người trở lên mà tổng tỷ lệ tổn thương cơ thể của những người này từ 122% đến 200%; c) Gây thiệt hại về tài sản từ 500.000.000 đồng đến dưới 1.500.000.000 đồng.
3. Phạm tội thuộc một trong các trường hợp sau đây, thì bị phạt tù từ 06 năm đến 15 năm: a) Làm chết 03 người trở lên; b) Gây thương tích hoặc gây tổn hại cho sức khỏe của 03 người trở lên mà tổng tỷ lệ tổn thương cơ thể của những người này 201% trở lên; c) Gây thiệt hại về tài sản 1.500.000.000 đồng trở lên.
4. Người phạm tội còn có thể bị phạt tiền từ 10.000.000 đồng đến 50.000.000 đồng, cấm đảm"
syn_1614_1768642964_2,"Chồng tôi là một công chức nhưng trong bối cảnh dịch bệnh hiện tại, anh ấy đã quyết định không tham gia vào công việc của mình nữa. Nếu điều này gây ra hậu quả nghiêm trọng cho cơ quan, liệu anh có thể bị xử lý theo điều luật về tội đào nhiệm không?",Điều 363 - Bộ luật Hình sự (Văn bản hợp nhất 2017),True,1.0,0.6282828282828282,"**Căn cứ pháp lý:** 
Điều 363. Tội đào nhiệm 1 và 2 - Bộ luật Hình sự (Văn bản hợp nhất 2017)

**Nội dung quy định:**
1. Điều 363. Tội đào nhiệm 1: Người nào là cán bộ, công chức, viên chức mà cố ý từ bỏ nhiệm vụ công tác gây hậu quả nghiêm trọng, thì bị phạt cải tạo không giam giữ đến 03 năm hoặc phạt tù từ 06 tháng đến 03 năm.
2. Điều 363. Tội đào nhiệm 2: Phạm tội thuộc một trong các trường hợp sau đây, thì bị phạt tù từ 02 năm đến 07 năm: a) Lôi kéo người khác đào nhiệm; b) Gây hậu quả rất nghiêm trọng hoặc đặc biệt nghiêm trọng; c) Phạm tội trong hoàn cảnh chiến tranh, thiên tai, dịch bệnh hoặc trong trường hợp khó khăn đặc biệt khác của xã hội.

**Phân tích & Hướng dẫn:**
Theo quy định của Điều 363 Bộ luật Hình sự, việc từ bỏ nhiệm vụ công tác của một cán bộ, công chức, viên chức sẽ bị xử lý nếu gây hậu quả nghiêm trọng. Trong trường hợp của chồng bạn, anh ấy đã quyết định không tham gia vào công việc của mình trong bối cảnh dịch bệnh, và nếu hậu quả này gây ra thiệt hại đáng kể cho cơ quan, anh ấy có thể bị xử lý theo điều này.

Tuy nhiên, cần lưu ý rằng, để áp dụng Điều 363, cần phải chứng minh rõ ràng rằng anh ấy đã cố ý từ bỏ nhiệm vụ công tác và hậu quả gây ra là nghiêm trọng. Nếu anh ấy không có mục đích xấu, chỉ đơn giản là vì lý do sức khỏe cá nhân hoặc do tình hình sức khỏe chung của xã hội, thì có thể không đủ điều kiện để áp dụng điều luật này.

Trong trường hợp này, có thể cần phải xem xét thêm các điều luật khác như Điều 162 Bộ luật Hình sự liên quan đến việc buộc công chức, viên chức thôi việc hoặc sa thải trái pháp luật, để xem xét xem có bất kỳ hành vi nào khác mà anh ấy đã thực hiện có thể được coi là tội phạm hay không.

Vì vậy, để có câu trả lời chính xác, tôi"
syn_307_1768630193,Nếu công ty tôi chia thành hai công ty mới thì các hợp đồng đang thực hiện của công ty cũ sẽ như thế nào?,Điều 90 - Bộ luật Dân sự 2015,False,1.0,0.2968553459119497,"**Căn cứ pháp lý:**
Điều 198, Điều 200 của Luật Doanh nghiệp 2020 - Văn bản: Luật Doanh nghiệp 2020

**Nội dung quy định:**
Theo Điều 198 của Luật Doanh nghiệp 2020, khi công ty chia thành hai công ty mới, các hợp đồng đang thực hiện của công ty cũ vẫn có hiệu lực, nhưng người thực hiện hợp đồng cần thay đổi đối tác. Điều 200 của Luật Doanh nghiệp 2020 cũng đề cập đến quy trình chia công ty, trong đó nêu rõ các công ty mới sẽ kế thừa toàn bộ quyền, nghĩa vụ và lợi ích hợp pháp của các công ty bị chia theo nghị quyết, quyết định chia công ty.

**Phân tích & Hướng dẫn:**
Khi công ty bạn chia thành hai công ty mới, các hợp đồng đang thực hiện của công ty cũ sẽ tiếp tục có hiệu lực. Tuy nhiên, các bên tham gia hợp đồng sẽ cần xác định và thay đổi đối tác phù hợp với công ty mới mà họ đang làm việc. Ví dụ, nếu một hợp đồng đang thực hiện giữa công ty cũ và bên thứ ba, công ty mới sẽ trở thành đối tác thay vì công ty cũ.

Các hợp đồng này sẽ tiếp tục được thực hiện bởi công ty mới, và họ sẽ tiếp tục thực hiện trách nhiệm và nghĩa vụ theo quy định của pháp luật. Việc này đảm bảo rằng các hoạt động kinh doanh không bị gián đoạn và các bên liên quan đều được bảo vệ theo đúng quy định.

Mặt khác, theo Điều 198 và Điều 200 của Luật Doanh nghiệp 2020, các công ty mới sẽ kế thừa toàn bộ quyền, nghĩa vụ và lợi ích hợp pháp của công ty cũ. Điều này có nghĩa là công ty mới sẽ tiếp nhận tất cả các tài sản, nghĩa vụ và quyền lợi đã được chia trong quá trình chia công ty.

Vì vậy, khi công ty bạn chia thành hai công ty mới, các hợp đồng đang thực hiện của công ty cũ sẽ tiếp tục có hiệu lực, nhưng cần có sự thay đổi đối tác phù hợp với công ty mới. Các công ty mới sẽ kế thừa toàn bộ quyền, nghĩa vụ và lợi ích hợp pháp từ công ty cũ, đảm"
syn_557_1768631918,"Công ty tôi đã bảo lãnh cho một dự án, nhưng bên nhận bảo lãnh không thực hiện nghĩa vụ. Tôi nên làm gì để đòi quyền lợi của mình?",Điều 340 - Bộ luật Dân sự 2015,True,0.0,0.34117647058823525,"**CĂN CỨ PHÁP LUẬT THAM KHẢO:**
--- [Tài liệu 1] ---
Văn bản: Bộ luật Dân sự 2015
Nội dung: Điều 342. Trách nhiệm dân sự của bên bảo lãnh 1. Trường hợp bên được bảo lãnh không thực hiện hoặc thực hiện không đúng nghĩa vụ thì bên bảo lãnh phải thực hiện nghĩa vụ đó. 2. Trường hợp bên bảo lãnh không thực hiện đúng nghĩa vụ bảo lãnh thì bên nhận bảo lãnh có quyền yêu cầu bên bảo lãnh thanh toán giá trị nghĩa vụ vi phạm và bồi thường thiệt hại.

--- [Tài liệu 2] ---
Văn bản: Bộ luật Dân sự 2015
Nội dung: Điều 339. Quan hệ giữa bên bảo lãnh và bên nhận bảo lãnh 1. Trường hợp bên được bảo lãnh không thực hiện hoặc thực hiện không đúng nghĩa vụ của mình thì bên nhận bảo lãnh có quyền yêu cầu bên bảo lãnh phải thực hiện nghĩa vụ bảo lãnh, trừ trường hợp các bên có thỏa thuận bên bảo lãnh chỉ phải thực hiện nghĩa vụ thay cho bên được bảo lãnh trong trường hợp bên được bảo lãnh không có khả năng thực hiện nghĩa vụ. 2. Bên nhận bảo lãnh không được yêu cầu bên bảo lãnh thực hiện nghĩa vụ thay cho bên được bảo lãnh khi nghĩa vụ chưa đến hạn. 3. Bên bảo lãnh không phải thực hiện nghĩa vụ bảo lãnh trong trường hợp bên nhận bảo lãnh có thể bù trừ nghĩa vụ với bên được bảo lãnh.

--- [Tài liệu 3] ---
Văn bản: Bộ luật Dân sự 2015
Nội dung: Điều 340. Quyền yêu cầu của bên bảo lãnh Bên bảo lãnh có quyền yêu cầu bên được bảo lãnh thực hiện nghĩa vụ đối với mình trong phạm vi nghĩa vụ bảo lãnh đã thực hiện, trừ trường hợp có thỏa thuận khác.

**CĂN CỨ PHÁP LUẬT THAM KHẢO:**
--- [Tài liệu 1] ---
Văn bản: Bộ luật Dân sự 2015
Nội dung: Điều 342. Trách nhiệm dân sự của bên bảo lãnh 1. Trường hợp bên được bảo lãnh không thực hiện hoặc thực hiện không đúng nghĩa vụ thì bên bảo lãnh phải thực hiện nghĩa vụ đó. 2. Trường hợp bên bảo lãnh không thực hiện"
syn_840_1768633752,"Tôi là con của một người đã mất cách đây 15 năm và có một bất động sản mà cha mẹ để lại, tôi có quyền yêu cầu chia di sản không?",Điều 623 - Bộ luật Dân sự 2015,True,0.3333333333333333,0.7507389162561576,"**CĂN CỨ PHÁP LUẬT THAM KHẢO:**
--- [Tài liệu 1] ---
Văn bản: Bộ luật Dân sự 2015
Nội dung: Điều 623. Thời hiệu thừa kế 1. Thời hiệu để người thừa kế yêu cầu chia di sản là 30 năm đối với bất động sản, 10 năm đối với động sản, kể từ thời điểm mở thừa kế. Hết thời hạn này thì di sản thuộc về người thừa kế đang quản lý di sản đó. Trường hợp không có người thừa kế đang quản lý di sản thì di sản được giải quyết như sau: a) Di sản thuộc quyền sở hữu của người đang chiếm hữu theo quy định tại Điều 236 của Bộ luật này; b) Di sản thuộc về Nhà nước, nếu không có người chiếm hữu quy định tại điểm a khoản này. 2. Thời hiệu để người thừa kế yêu cầu xác nhận quyền thừa kế của mình hoặc bác bỏ quyền thừa kế của người khác là 10 năm, kể từ thời điểm mở thừa kế. 3. Thời hiệu yêu cầu người thừa kế thực hiện nghĩa vụ về tài sản của người chết để lại là 03 năm, kể từ thời điểm mở thừa kế. Chương XXII THỪA KẾ THEO DI CHÚC

---

**PHÂN TÍCH VÀ HƯỚNG DẪN:**

Theo Điều 623 của Bộ Luật Dân sự 2015, thời hiệu để người thừa kế yêu cầu chia di sản là 30 năm đối với bất động sản, kể từ thời điểm mở thừa kế. Trong trường hợp này, bạn là con của người đã mất cách đây 15 năm, nên thời hạn yêu cầu chia di sản là 30 năm tính từ thời điểm mở thừa kế (tức là từ 15 năm trước).

Điều 623 quy định rõ rằng, nếu hết thời hạn này (30 năm), di sản sẽ thuộc về người đang quản lý di sản đó. Nếu không có người đang quản lý di sản, di sản sẽ được giải quyết theo quy định tại điểm a và b của điều luật này.

Trong trường hợp bạn yêu cầu chia di sản bất động sản, và thời hạn 30 năm đã hết, thì di sản sẽ thuộc về người đang quản lý di sản. Nếu không có người đang"
syn_808_1768633538,"Gia đình tôi không thể thỏa thuận với bên bồi thường về mức bù đắp tổn thất tinh thần, vậy tôi có thể yêu cầu mức bồi thường tối đa là bao nhiêu?",Điều 591 - Bộ luật Dân sự 2015,True,1.0,0.6199460916442048,"**Căn cứ pháp lý:** 
- Điều 606, Điều 591 và Điều 590, Bộ Luật Dân sự 2015

**Nội dung quy định:**
- Theo Điều 606 của Bộ Luật Dân sự 2015, mức bồi thường bù đắp tổn thất về tinh thần do người chịu trách nhiệm bồi thường khi thi thể bị xâm phạm được quy định như sau: ""Người chịu trách nhiệm bồi thường khi thi thể bị xâm phạm phải bồi thường theo quy định tại khoản 2 Điều này và một khoản tiền khác để bù đắp tổn thất về tinh thần cho những người thân thích thuộc hàng thừa kế thứ nhất của người chết, nếu không có những người này thì người trực tiếp nuôi dưỡng người chết được hưởng khoản tiền này. Mức bồi thường bù đắp tổn thất về tinh thần do các bên thỏa thuận; nếu không thỏa thuận được thì mức tối đa đối với mỗi thi thể bị xâm phạm không quá ba mươi lần mức lương cơ sở do Nhà nước quy định.""
- Theo Điều 591 của Bộ Luật Dân sự 2015, mức bồi thường bù đắp tổn thất về tinh thần cho người chịu trách nhiệm bồi thường trong trường hợp tính mạng của người khác bị xâm phạm cũng được quy định tương tự: ""Người chịu trách nhiệm bồi thường trong trường hợp tính mạng của người khác bị xâm phạm phải bồi thường thiệt hại theo quy định tại khoản 1 Điều này và một khoản tiền khác để bù đắp tổn thất về tinh thần cho những người thân thích thuộc hàng thừa kế thứ nhất của người bị thiệt hại, nếu không có những người này thì người mà người bị thiệt hại đã trực tiếp nuôi dưỡng, người đã trực tiếp nuôi dưỡng người bị thiệt hại được hưởng khoản tiền này. Mức bồi thường bù đắp tổn thất về tinh thần do các bên thỏa thuận; nếu không thỏa thuận được thì mức tối đa cho một người có tính mạng bị xâm phạm không quá một trăm lần mức lương cơ sở do Nhà nước quy định.""

**Phân tích & Hướng dẫn:**
Theo quy định tại Điều 606 và Điều 591 của Bộ Luật Dân sự 2015, mức bồi thường tối đa cho tổn thất về tinh"
syn_316_1768630264,"Gia đình tôi đã ký hợp đồng với một cơ quan nhà nước để thực hiện dự án xây dựng, nếu họ không hoàn thành hợp đồng thì chúng tôi có thể yêu cầu bồi thường từ ai?",Điều 99 - Bộ luật Dân sự 2015,False,0.0,0.33889376646180863,"**CĂN CỨ PHÁP LUẬT THAM KHẢO:**
---
--- [Tài liệu 1] ---
Văn bản: Bộ luật Dân sự 2015
Nội dung: Điều 419. Thiệt hại được bồi thường do vi phạm hợp đồng 1. Thiệt hại được bồi thường do vi phạm nghĩa vụ theo hợp đồng được xác định theo quy định tại khoản 2 Điều này, Điều 13 và Điều 360 của Bộ luật này. 2. Người có quyền có thể yêu cầu bồi thường thiệt hại cho lợi ích mà lẽ ra mình sẽ được hưởng do hợp đồng mang lại. Người có quyền còn có thể yêu cầu người có nghĩa vụ chi trả chi phí phát sinh do không hoàn thành nghĩa vụ hợp đồng mà không trùng lặp với mức bồi thường thiệt hại cho lợi ích mà hợp đồng mang lại. 3. Theo yêu cầu của người có quyền, Tòa án có thể buộc người có nghĩa vụ bồi thường thiệt hại về tinh thần cho người có quyền. Mức bồi thường do Tòa án quyết định căn cứ vào nội dung vụ việc.

--- [Tài liệu 2] ---
Văn bản: Bộ luật Dân sự 2015
Nội dung: Điều 413. Nghĩa vụ không thực hiện được do lỗi của một bên Trong hợp đồng song vụ, khi một bên không thực hiện được nghĩa vụ của mình do lỗi của bên kia thì có quyền yêu cầu bên kia vẫn phải thực hiện nghĩa vụ đối với mình hoặc hủy bỏ hợp đồng và yêu cầu bồi thường thiệt hại.

--- [Tài liệu 3] ---
Văn bản: Bộ luật Dân sự 2015
Nội dung: Điều 550. Chậm giao, chậm nhận sản phẩm gia công 1. Trường hợp bên nhận gia công chậm giao sản phẩm thì bên đặt gia công có thể gia hạn; nếu hết thời hạn đó mà bên nhận gia công vẫn chưa hoàn thành công việc thì bên đặt gia công có quyền đơn phương chấm dứt thực hiện hợp đồng và yêu cầu bồi thường thiệt hại. 2. Trường hợp bên đặt gia công chậm nhận sản phẩm thì bên nhận gia công có thể gửi sản phẩm đó tại nơi nhận gửi giữ và phải báo ngay cho bên đặt gia công. Nghĩa vụ giao sản phẩm hoàn thành khi đáp ứng"
syn_1572_1768642594_2,"Chồng tôi đã từng bị xử phạt vì đánh bạc trái phép, và giờ đây anh ấy lại bị bắt gặp tham gia một ván bài. Vậy nếu anh ấy tái phạm, hình phạt sẽ như thế nào?",Điều 321 - Bộ luật Hình sự (Văn bản hợp nhất 2017),True,1.0,0.7742574257425742,"**Căn cứ pháp lý:**
- [Tài liệu 1] - Điều 321. Tội đánh bạc - Bộ luật Hình sự (Văn bản hợp nhất 2017)

**Nội dung quy định:**
1. Người nào đánh bạc trái phép dưới bất kỳ hình thức nào được thua bằng tiền hay hiện vật trị giá từ 5.000.000 đồng đến dưới 50.000.000 đồng hoặc dưới 5.000.000 đồng nhưng đã bị xử phạt vi phạm hành chính về hành vi này hoặc hành vi quy định tại Điều 322 của Bộ luật này hoặc đã bị kết án về tội này hoặc tội quy định tại Điều 322 của Bộ luật này, chưa được xóa án tích mà còn vi phạm, thì bị phạt tiền từ 20.000.000 đồng đến 100.000.000 đồng, phạt cải tạo không giam giữ đến 03 năm hoặc phạt tù từ 06 tháng đến 03 năm.
2. Phạm tội thuộc một trong các trường hợp sau đây, thì bị phạt tù từ 03 năm đến 07 năm: a) Có tính chất chuyên nghiệp; b) Tiền hoặc hiện vật dùng đánh bạc trị giá 50.000.000 đồng trở lên; c) Sử dụng mạng internet, mạng máy tính, mạng viễn thông, phương tiện điện tử để phạm tội; d) Tái phạm nguy hiểm.

**Phân tích & Hướng dẫn:**
Theo quy định tại Điều 321 của Bộ luật Hình sự, nếu chồng bạn đã từng bị xử phạt vì đánh bạc trái phép và hiện tại lại bị bắt gặp tham gia một ván bài, thì anh ấy sẽ bị coi là tái phạm. Điều này dựa trên quy định rằng ""Người phạm tội còn có thể bị phạt tiền từ 10.000.000 đồng đến 50.000.000 đồng"" nếu anh ấy đã bị xử phạt về hành vi này trước đó và tiếp tục vi phạm.

Đặc biệt, nếu chồng bạn tái phạm với những hành vi nghiêm trọng hơn như sử dụng mạng internet, mạng máy tính, mạng viễn thông hoặc phương tiện điện tử để phạm tội, hoặc tái phạm nguy hiểm, thì mức hình phạt sẽ"
syn_751_1768633140,"Tôi có cần phải mua bảo hiểm cho hàng hóa của mình khi thuê bên vận chuyển không, và ai sẽ chịu trách nhiệm chi phí này?",Điều 534 - Bộ luật Dân sự 2015,True,0.6666666666666666,0.3922018348623853,"**CĂN CỨ PHÁP LUẬT THAM KHẢO:**

- **Tài liệu 1:** Bộ luật Dân sự 2015 - Điều 534

- **Tài liệu 2:** Bộ luật Dân sự 2015 - Điều 524

- **Tài liệu 3:** Bộ luật Dân sự 2015 - Điều 536

**Nội dung quy định:**

Theo Điều 534 của Bộ Luật Dân sự 2015, bên vận chuyển có nghĩa vụ ""Mua bảo hiểm trách nhiệm dân sự theo quy định của pháp luật."" Tuy nhiên, điều này không phải lúc nào cũng bắt buộc vì có thể thỏa thuận khác. 

Đối với Điều 524, bên thuê vận chuyển (trong trường hợp vận chuyển hành khách) cũng có nghĩa vụ ""Mua bảo hiểm trách nhiệm dân sự đối với hành khách theo quy định của pháp luật.""

**Phân tích & Hướng dẫn:**

Theo quy định tại Điều 534 và Điều 524, bên vận chuyển và bên thuê vận chuyển đều có nghĩa vụ mua bảo hiểm trách nhiệm dân sự theo quy định của pháp luật. Tuy nhiên, quy định cụ thể về việc bắt buộc mua bảo hiểm hay không phụ thuộc vào thỏa thuận giữa hai bên.

Trong trường hợp bạn thuê một bên vận chuyển để vận chuyển hàng hóa, có thể xảy ra một số trường hợp như sau:

1. **Thỏa thuận riêng:** Nếu bạn và bên vận chuyển đã thỏa thuận rõ ràng rằng bạn sẽ mua bảo hiểm cho hàng hóa của mình, thì bạn cần tuân thủ thỏa thuận đó. Trong trường hợp này, bên vận chuyển sẽ chịu trách nhiệm về chi phí bảo hiểm.

2. **Không có thỏa thuận:** Nếu hai bên không thỏa thuận về việc mua bảo hiểm, thì bên vận chuyển sẽ không có nghĩa vụ mua bảo hiểm cho hàng hóa của bạn. Tuy nhiên, theo Điều 536, bên thuê vận chuyển (bạn) vẫn có nghĩa vụ trông coi tài sản nếu có thỏa thuận, và bên vận chuyển sẽ không chịu trách nhiệm bồi thường nếu tài sản bị mất, hư hỏng do việc trông coi của bạn.

**Hướng dẫn:**

1. **Thỏa thuận:** Trước khi ký hợp đồng vận chuyển, nên thảo luận và thỏa"
syn_931_1768634341,"Tôi và chồng tôi đang cùng nhau mở một cửa hàng, nhưng chúng tôi chưa ký kết thỏa thuận nào. Liệu tôi có thể đại diện cho chồng tôi trong các giao dịch kinh doanh không?",Điều 25 - Luật Hôn nhân và Gia đình 2014,True,1.0,0.49376558603491266,"**Căn cứ pháp lý:** 
- Luật Hôn nhân và Gia đình 2014 - Điều 25 (1) và Điều 24

**Nội dung quy định:**
- Điều 25 của Luật Hôn nhân và Gia đình 2014 quy định rằng ""trong trường hợp vợ, chồng kinh doanh chung thì vợ, chồng trực tiếp tham gia quan hệ kinh doanh là người đại diện hợp pháp của nhau trong quan hệ kinh doanh đó, trừ trường hợp trước khi tham gia quan hệ kinh doanh, vợ chồng có thỏa thuận khác hoặc Luật này và các luật liên quan có quy định khác.""
- Điều 24 của Luật Hôn nhân và Gia đình 2014 quy định rằng ""Việc đại diện giữa vợ và chồng trong xác lập, thực hiện, chấm dứt giao dịch được xác định theo quy định của Luật này, Bộ luật dân sự và các luật khác có liên quan.""

**Phân tích & Hướng dẫn:**
Theo Điều 25 của Luật Hôn nhân và Gia đình 2014, nếu vợ và chồng kinh doanh chung, họ sẽ trực tiếp tham gia quan hệ kinh doanh và trở thành người đại diện hợp pháp cho nhau trong quan hệ kinh doanh đó, trừ khi có thỏa thuận khác hoặc có quy định khác trong Luật này và các luật liên quan. 

Trong trường hợp của bạn, mặc dù chưa ký thỏa thuận cụ thể, vì bạn và chồng đều tham gia vào việc kinh doanh chung, bạn có thể được coi là người đại diện hợp pháp cho chồng trong quan hệ kinh doanh đó. Điều này tuân thủ quy định tại Điều 25 của Luật Hôn nhân và Gia đình 2014.

Tuy nhiên, điều này không loại trừ khả năng rằng vợ chồng có thể thỏa thuận về việc ai sẽ đại diện hợp pháp trong quan hệ kinh doanh nếu họ muốn. 

Để chắc chắn hơn, bạn nên cân nhắc việc thảo luận với chồng về việc này và nếu cần thiết, có thể ký một thỏa thuận riêng để tránh bất kỳ hiểu lầm hay tranh chấp về quyền đại diện trong tương lai."
syn_1548_1768642374_1,"Chồng tôi hiện đang bị điều tra vì đã ép một số công nhân trong công ty của anh ấy phải làm việc không ký hợp đồng lao động. Nếu có người bị thương trong quá trình làm việc, anh ấy có thể bị phạt như thế nào?",Điều 297 - Bộ luật Hình sự (Văn bản hợp nhất 2017),True,1.0,0.5,"**Căn cứ pháp lý:** 
Điều 297. Tội cưỡng bức lao động - Điều 299, Bộ luật Hình sự (Văn bản hợp nhất 2017)

**Nội dung quy định:**
Theo Điều 297, nếu một người dùng vũ lực, đe dọa dùng vũ lực hoặc thủ đoạn khác ép buộc người khác phải lao động, và nếu trong đó có người bị thương, tỷ lệ tổn thương cơ thể từ 31% đến 60%, thì người đó sẽ bị phạt tiền từ 50.000.000 đồng đến 200.000.000 đồng, phạt cải tạo không giam giữ đến 03 năm hoặc phạt tù từ 06 tháng đến 03 năm. 

**Phân tích & Hướng dẫn:**
Trong trường hợp của chồng bạn, nếu anh ấy đã ép buộc một số công nhân phải làm việc không ký hợp đồng lao động và trong quá trình đó có người bị thương với tỷ lệ tổn thương cơ thể từ 31% đến 60%, thì anh ấy có thể bị xử lý theo Điều 297.

Theo đó, mức hình phạt tối thiểu mà anh ấy có thể đối mặt là phạt tiền từ 50.000.000 đồng đến 200.000.000 đồng hoặc phạt cải tạo không giam giữ từ 06 tháng đến 03 năm, hoặc phạt tù từ 06 tháng đến 03 năm.

Tuy nhiên, nếu trong trường hợp này có thêm các yếu tố đặc biệt như anh ấy đã từng bị xử phạt về tội này hoặc tái phạm, hoặc gây thương tích hoặc tổn hại cho sức khỏe của nhiều người, thì mức hình phạt có thể tăng lên. Ví dụ, nếu anh ấy gây thương tích hoặc tổn hại cho sức khỏe của 2 người trở lên mà tổng tỷ lệ tổn thương cơ thể từ 61% đến 121%, anh ấy có thể bị phạt tù từ 02 năm đến 07 năm.

Ngoài ra, tùy thuộc vào mức độ nghiêm trọng của hành vi, anh ấy cũng có thể bị áp dụng các biện pháp khác như cấm đảm nhiệm chức vụ, cấm hành nghề hoặc làm công việc nhất định từ 01 năm"
syn_966_1768634581,"Tôi có một khoản tiền gửi ngân hàng chung với vợ cũ. Hiện tại, chúng tôi không có thỏa thuận gì về khoản tiền này. Tôi có thể yêu cầu ngân hàng trả lại tiền cho tôi không?",Điều 60 - Luật Hôn nhân và Gia đình 2014,False,0.3333333333333333,0.3448275862068965,"**CĂN CỨ PHÁP LUẬT THAM KHẢO:**
---
[Tài liệu 1] --- [Tài liệu 2] --- [Tài liệu 3] ---
---

**CÂU HỎI:**
Tôi có một khoản tiền gửi ngân hàng chung với vợ cũ. Hiện tại, chúng tôi không có thỏa thuận gì về khoản tiền này. Tôi có thể yêu cầu ngân hàng trả lại tiền cho tôi không?

**PHÂN TÍCH VÀ HƯỚNG DẪN:**

Theo Điều 556 của Bộ Luật Dân sự 2015, bên gửi (trong trường hợp này là bạn) có quyền yêu cầu bên giữ (trong trường hợp này là ngân hàng) lấy lại tài sản (tài sản gửi giữ trong trường hợp này là tiền gửi ngân hàng) bất cứ lúc nào, nếu hợp đồng gửi giữ không xác định thời hạn. Đây là cơ sở pháp lý chính để bạn có thể yêu cầu ngân hàng trả lại tiền cho bạn.

Tuy nhiên, theo Điều 559 của Bộ Luật Dân sự 2015, bên giữ (trong trường hợp này là ngân hàng) phải trả lại chính tài sản đã nhận và cả hoa lợi nếu có, trừ trường hợp có thỏa thuận khác. Điều này nghĩa là bạn cần đảm bảo rằng bạn có đầy đủ quyền về tài sản đó và không có bất kỳ thỏa thuận nào giữa bạn và ngân hàng ngăn cản việc bạn yêu cầu lấy lại tài sản.

Ngoài ra, theo Điều 561, bên gửi (trong trường hợp này là bạn) phải trả đủ tiền công khi lấy lại tài sản gửi giữ, trừ trường hợp có thỏa thuận khác. Điều này có nghĩa là bạn sẽ cần phải trả tiền công cho ngân hàng nếu bạn yêu cầu lấy lại tiền gửi trước thời hạn.

Bằng cách nắm vững các quy định trên, bạn có thể yêu cầu ngân hàng trả lại tiền cho mình. Tuy nhiên, bạn nên liên hệ trực tiếp với ngân hàng để thảo luận về việc này, và có thể cần phải cung cấp các giấy tờ chứng minh mối quan hệ vợ chồng hiện tại của bạn với vợ cũ."
syn_1170_1768639485_0,"Tôi là một nhân viên bán hàng và gần đây tôi bị công ty tạm đình chỉ công việc vì lý do vi phạm nội quy. Tôi không đồng ý với quyết định này và muốn khiếu nại, nhưng tôi không biết phải bắt đầu từ đâu. Tôi cần làm gì để thực hiện quyền khiếu nại của mình?",Điều 131 - Bộ luật Lao động 2019,True,1.0,0.5401301518438177,"**Căn cứ pháp lý:**
- Văn bản: Bộ luật Lao động 2019
- Nội dung: Điều 131. Khiếu nại về kỷ luật lao động, trách nhiệm vật chất

**Nội dung quy định:**
Người bị xử lý kỷ luật lao động, bị tạm đình chỉ công việc hoặc phải bồi thường theo chế độ trách nhiệm vật chất nếu thấy không thỏa đáng có quyền khiếu nại với người sử dụng lao động, với cơ quan có thẩm quyền theo quy định của pháp luật hoặc yêu cầu giải quyết tranh chấp lao động theo trình tự do pháp luật quy định. Chính phủ quy định chi tiết Điều này.

**Phân tích & Hướng dẫn:**

Theo quy định tại Điều 131 của Bộ Luật Lao động 2019, bạn có quyền khiếu nại quyết định tạm đình chỉ công việc của công ty nếu bạn không đồng ý với quyết định đó. Bạn cần thực hiện các bước sau để tiến hành quyền khiếu nại của mình:

1. **Khiếu nại với người sử dụng lao động**: Đầu tiên, bạn nên gửi đơn khiếu nại đến người quản lý trực tiếp của mình hoặc bộ phận nhân sự của công ty. Trong đơn khiếu nại, bạn cần nêu rõ lý do không đồng ý với quyết định tạm đình chỉ công việc của công ty và yêu cầu được giải thích rõ ràng về quyết định này.

2. **Khiếu nại với cơ quan có thẩm quyền**: Nếu khiếu nại với người sử dụng lao động không mang lại kết quả mong muốn, bạn có thể yêu cầu giải quyết tranh chấp lao động theo trình tự do pháp luật quy định. Để thực hiện quyền này, bạn cần liên hệ với Tổng Liên đoàn Lao động Việt Nam hoặc Sở Lao động - Thương binh và Xã hội (theo địa phương nơi bạn làm việc).

3. **Thực hiện trách nhiệm vật chất**: Theo quy định tại Điều 128, khoản 3 của Bộ Luật Lao động 2019, người lao động không phải trả lại số tiền lương đã tạm ứng nếu bị tạm đình chỉ công việc vì lý do vi phạm kỷ luật lao động. Tuy nhiên, bạn vẫn cần tuân thủ các quy định về trách nhiệm vật chất trong nội quy lao động của công ty.

4. **Giữ"
syn_1317_1768640447_2,Công ty tôi đang phải chấp hành một bản án về vi phạm hợp đồng và đã có 2 bản án khác liên quan đến các hành vi vi phạm khác cũng đã có hiệu lực pháp luật. Tôi muốn biết làm thế nào để tổng hợp các hình phạt của các bản án này?,Điều 56 - Bộ luật Hình sự (Văn bản hợp nhất 2017),True,0.0,0.7283531409168081,"**CĂN CỨ PHÁP LUẬT THAM KHẢO:**
--- [Tài liệu 1] ---
Văn bản: Bộ luật Hình sự (Văn bản hợp nhất 2017)
Nội dung: Điều 87. Tổng hợp hình phạt của nhiều bản án 1. Trường hợp pháp nhân thương mại đang chấp hành một bản án mà lại bị xét xử về tội đã phạm trước khi có bản án này, thì Tòa án quyết định hình phạt đối với tội đang bị xét xử, sau đó quyết định hình phạt chung theo quy định tại Điều 86 của Bộ luật này. Thời gian đã chấp hành hình phạt của bản án trước về đình chỉ hoạt động có thời hạn, cấm kinh doanh, cấm hoạt động trong một số lĩnh vực nhất định hoặc cấm huy động vốn được trừ vào thời hạn chấp hành hình phạt chung. 2. Khi xét xử một pháp nhân thương mại đang phải chấp hành một bản án mà lại thực hiện hành vi phạm tội mới, Tòa án quyết định hình phạt đối với tội mới, sau đó tổng hợp với phần hình phạt chưa chấp hành của bản án trước rồi quyết định hình phạt chung theo quy định tại Điều 86 của Bộ luật này. 3. Trong trường hợp một pháp nhân thương mại phải chấp hành nhiều bản án đã có hiệu lực pháp luật mà các hình phạt của các bản án chưa được tổng hợp, thì Chánh án Tòa án có thẩm quyền ra quyết định tổng hợp hình phạt của các bản án theo quy định tại khoản 1 và khoản 2 Điều này.

--- [Tài liệu 2] ---
Văn bản: Bộ luật Hình sự (Văn bản hợp nhất 2017)
Nội dung: Điều 56. Tổng hợp hình phạt của nhiều bản án 1. Trong trường hợp một người đang phải chấp hành một bản án mà lại bị xét xử về tội đã phạm trước khi có bản án này, thì Tòa án quyết định hình phạt đối với tội đang bị xét xử, sau đó quyết định hình phạt chung theo quy định tại Điều 55 của Bộ luật này. Thời gian đã chấp hành hình phạt của bản án trước được trừ vào thời hạn chấp hành hình phạt chung. 2. Khi xét xử một người đang phải chấp hành một bản án mà lại thực hiện hành vi phạm tội mới, Tòa án quyết"
syn_1008_1768638618_1,Vợ chồng tôi đã ly thân và tôi đang nuôi con. Tôi muốn xác định quyền làm cha của chồng tôi với con tôi để thực hiện các thủ tục pháp lý. Tôi cần yêu cầu ai và làm như thế nào?,Điều 102 - Luật Hôn nhân và Gia đình 2014,True,0.0,0.7995991983967935,"**CĂN CỨ PHÁP LUẬT THAM KHẢO:**

--- [Tài liệu 1] ---
Văn bản: Luật Hôn nhân và Gia đình 2014
Nội dung: Điều 102. Người có quyền yêu cầu xác định cha, mẹ, con 1. Cha, mẹ, con đã thành niên không bị mất năng lực hành vi dân sự có quyền yêu cầu cơ quan đăng ký hộ tịch xác định con, cha, mẹ cho mình trong trường hợp được quy định tại khoản 1 Điều 101 của Luật này. 2. Cha, mẹ, con, theo quy định của pháp luật về tố tụng dân sự, có quyền yêu cầu Tòa án xác định con, cha, mẹ cho mình trong trường hợp được quy định tại khoản 2 Điều 101 của Luật này. 3. Cá nhân, cơ quan, tổ chức sau đây, theo quy định của pháp luật về tố tụng dân sự, có quyền yêu cầu Tòa án xác định cha, mẹ cho con chưa thành niên, con đã thành niên mất năng lực hành vi dân sự; xác định con cho cha, mẹ chưa thành niên hoặc mất năng lực hành vi dân sự trong các trường hợp được quy định tại khoản 2 Điều 101 của Luật này: a) Cha, mẹ, con, người giám hộ; b) Cơ quan quản lý nhà nước về gia đình; c) Cơ quan quản lý nhà nước về trẻ em; d) Hội liên hiệp phụ nữ. Chương VI QUAN HỆ GIỮA CÁC THÀNH VIÊN KHÁC CỦA GIA ĐÌNH

--- [Tài liệu 2] ---
Văn bản: Luật Hôn nhân và Gia đình 2014
Nội dung: Điều 92. Xác định cha, mẹ, con trong trường hợp người có yêu cầu chết Trong trường hợp có yêu cầu về việc xác định cha, mẹ, con mà người có yêu cầu chết thì người thân thích của người này có quyền yêu cầu Tòa án xác định cha, mẹ, con cho người yêu cầu đã chết.

--- [Tài liệu 3] ---
Văn bản: Luật Hôn nhân và Gia đình 2014
Nội dung: Điều 101. Thẩm quyền giải quyết việc xác định cha, mẹ, con 1"
syn_1554_1768642427_0,"Tôi là một kỹ sư xây dựng, và trong quá trình thi công dự án, tôi phát hiện ra rằng một phần của công trình mà chúng tôi đang xây dựng do điều kiện thời tiết xấu đã bị hư hỏng. Nếu tôi không báo cáo kịp thời và để cho nó tiếp tục hư hỏng nặng hơn, thì tôi có thể bị xử lý như thế nào?",Điều 303 - Bộ luật Hình sự (Văn bản hợp nhất 2017),False,0.6666666666666666,0.394342762063228,"**Căn cứ pháp lý:** 
Điều 281. Tội vi phạm quy định về duy tu, sửa chữa, quản lý công trình giao thông - Bộ luật Hình sự (Văn bản hợp nhất 2017)

**Nội dung quy định:** 
1. Người nào có trách nhiệm trong việc duy tu, sửa chữa, quản lý công trình giao thông đường bộ, đường sắt, đường thủy, đường không mà có một trong các hành vi sau đây, dẫn đến hậu quả làm chết người, gây thương tích hoặc gây tổn hại cho sức khỏe của người khác mà tỷ lệ tổn thương cơ thể 61% trở lên hoặc gây thương tích hoặc gây tổn hại cho sức khỏe của 02 người trở lên mà tổng tỷ lệ tổn thương cơ thể của những người này từ 61% đến 121% hoặc gây thiệt hại về tài sản từ 100.000.000 đồng đến dưới 500.000.000 đồng, thì bị phạt tù từ 06 tháng đến 03 năm: a) Không thực hiện hoặc thực hiện không đúng quy định về duy tu, bảo dưỡng, quản lý để công trình giao thông không bảo đảm an toàn kỹ thuật và tiêu chuẩn kỹ thuật; b) Không khắc phục kịp thời đối với công trình giao thông bị hư hỏng, đe dọa an toàn giao thông; c) Không thực hiện hoặc thực hiện không đúng biện pháp hướng dẫn, điều khiển giao thông, đặt biển hiệu, cọc tiêu, rào chắn ngăn ngừa tai nạn khi công trình giao thông đã bị hư hại mà chưa kịp hoặc đang tiến hành duy tu, sửa chữa; d) Không thực hiện hoặc thực hiện không đúng quy định về kiểm tra và thực hiện biện pháp bảo đảm an toàn giao thông trên đoạn đường đèo dốc nguy hiểm, đoạn đường có đá lở, đất sụt, nước ngập hoặc trên đoạn đường có nguy cơ không bảo đảm an toàn giao thông; đ) Không có biện pháp xử lý kịp thời và biện pháp ngăn ngừa tai nạn khi phát hiện hoặc nhận được tin báo công trình giao thông thuộc thẩm quyền quản lý của mình bị hư hỏng; e) Không thực hiện hoặc thực hiện không đúng quy định về đặt tín hiệu phòng vệ khi thi công, sửa chữa công trình giao thông; g) Không thu dọn, than"
syn_1455_1768641593_0,Tôi là chủ một doanh nghiệp nhỏ và mới đây tôi phát hiện rằng một trong những nhân viên của tôi đã in hóa đơn giả để bán cho khách hàng. Tôi không biết phải làm gì và liệu tôi có phải chịu trách nhiệm pháp lý không?,Điều 203 - Bộ luật Hình sự (Văn bản hợp nhất 2017),True,1.0,0.49764521193092615,"**Căn cứ pháp lý:**
---
Văn bản: Bộ luật Hình sự (Văn bản hợp nhất 2017)
Nội dung: Điều 203. Tội in, phát hành, mua bán trái phép hóa đơn, chứng từ thu nộp ngân sách nhà nước

---

**Nội dung quy định:**
Điều 203 quy định về tội in, phát hành, mua bán trái phép hóa đơn, chứng từ thu nộp ngân sách nhà nước. Theo đó, người nào in, phát hành, mua bán trái phép hóa đơn, chứng từ thu nộp ngân sách nhà nước ở dạng phôi từ 50 số đến dưới 100 số hoặc hóa đơn, chứng từ đã ghi nội dung từ 10 số đến dưới 30 số hoặc thu lợi bất chính từ 30.000.000 đồng đến dưới 100.000.000 đồng, thì bị phạt tiền từ 50.000.000 đồng đến 200.000.000 đồng, phạt cải tạo không giam giữ đến 03 năm hoặc phạt tù từ 06 tháng đến 03 năm.

---

**Phân tích & Hướng dẫn:**
---
Theo thông tin bạn cung cấp, nhân viên của bạn đã in hóa đơn giả để bán cho khách hàng. Việc này có thể coi là hành vi in, phát hành, mua bán trái phép hóa đơn, chứng từ thu nộp ngân sách nhà nước.

Dựa trên quy định của Điều 203 Bộ Luật Hình sự, nếu nhân viên của bạn đã in hóa đơn giả và thu lợi bất chính từ 30.000.000 đồng đến dưới 100.000.000 đồng, thì có thể bị phạt tiền từ 50.000.000 đồng đến 200.000.000 đồng, phạt cải tạo không giam giữ đến 03 năm hoặc phạt tù từ 06 tháng đến 03 năm.

Việc bạn cần làm là lập tức thông báo cho cơ quan điều tra để họ tiến hành điều tra và xác minh. Đồng thời, bạn cũng cần kiểm tra lại hệ thống hóa đơn của doanh nghiệp để đảm bảo rằng tất cả đều hợp pháp và không có bất kỳ hóa đơn giả nào. 

N"
syn_268_1768629879,"Chồng tôi đã bị tai nạn và hiện không thể tự mình quản lý tài sản. Tôi có thể cử một người bạn làm người giám sát việc giám hộ cho chồng tôi không, và tôi phải làm thế nào để thực hiện việc này?",Điều 51 - Bộ luật Dân sự 2015,True,1.0,0.4468085106382979,"**Căn cứ pháp lý:**
- Điều 51 và Điều 54 của Bộ luật Dân sự 2015

**Nội dung quy định:**
1. **Điều 51 (Bộ luật Dân sự 2015):**
   - Người thân thích của người được giám hộ (ví dụ: vợ, chồng, cha, mẹ, con) có quyền cử người giám sát việc giám hộ.
   - Trường hợp không có người thân thích, Ủy ban nhân dân cấp xã nơi cư trú của người được giám hộ sẽ cử người giám sát.
   - Trường hợp tranh chấp về việc cử người giám sát, Tòa án sẽ quyết định.

2. **Điều 54 (Bộ luật Dân sự 2015):**
   - Trường hợp người chưa thành niên, người mất năng lực hành vi dân sự không có người giám hộ đương nhiên, Ủy ban nhân dân cấp xã nơi cư trú của người được giám hộ sẽ cử người giám hộ.
   - Trường hợp tranh chấp về việc cử người giám hộ, Tòa án sẽ chỉ định người giám hộ.
   - Việc cử người giám hộ phải được sự đồng ý của người được cử làm người giám hộ và được lập thành văn bản.

**Phân tích & Hướng dẫn:**

Theo quy định của Bộ luật Dân sự 2015, bạn có quyền cử một người bạn làm người giám sát việc giám hộ cho chồng bạn. Tuy nhiên, trước khi tiến hành, bạn cần tuân thủ các bước sau:

1. **Xác định Người Thân Thích:** Trước hết, bạn nên xác định người thân thích của chồng bạn, như vợ, chồng, cha, mẹ, con. Nếu không có người thân thích, Ủy ban nhân dân cấp xã nơi cư trú của chồng bạn sẽ cử người giám sát.

2. **Lập Văn Bản:** Sau khi xác định người được cử làm người giám sát, bạn cần lập một văn bản ghi rõ lý do cử người giám sát, quyền, nghĩa vụ cụ thể của người giám sát, và tình trạng tài sản của chồng bạn tại thời điểm cử.

3. **Thành Lập Văn Bản:** Văn bản này cần được lập thành văn bản, ghi rõ tất cả thông tin trên. Đây là bước quan trọng vì nó đảm bảo rằng mọi quyền và nghĩa vụ của người giám sát đều được minh bạch và công nhận.

4. **Đăng"
syn_1262_1768640034_2,"Công ty chúng tôi có một thỏa ước lao động tập thể ký từ năm 2020, liệu thỏa ước này có cần phải xem xét lại để phù hợp với Bộ luật mới không?",Điều 220 - Bộ luật Lao động 2019,False,1.0,0.3851162790697675,"**Căn cứ pháp lý:**
- [Tài liệu 1] - Bộ luật Lao động 2019

**Nội dung quy định:**
1. Thỏa ước lao động tập thể chỉ được sửa đổi, bổ sung theo thỏa thuận tự nguyện của các bên, thông qua thương lượng tập thể. Việc sửa đổi, bổ sung thỏa ước lao động tập thể được thực hiện như việc thương lượng, ký kết thỏa ước lao động tập thể.
2. Trường hợp quy định của pháp luật thay đổi dẫn đến thỏa ước lao động tập thể không còn phù hợp với quy định của pháp luật thì các bên phải tiến hành sửa đổi, bổ sung thỏa ước lao động tập thể cho phù hợp với quy định của pháp luật. Trong thời gian tiến hành sửa đổi, bổ sung thỏa ước lao động tập thể thì quyền lợi của người lao động được thực hiện theo quy định của pháp luật.

**Phân tích & Hướng dẫn:**
Theo Căn cứ pháp lý [Tài liệu 1], nếu quy định của pháp luật thay đổi dẫn đến thỏa ước lao động tập thể không còn phù hợp với quy định của pháp luật, các bên phải tiến hành sửa đổi, bổ sung thỏa ước lao động tập thể cho phù hợp với quy định của pháp luật. 

Trong trường hợp của công ty bạn, thỏa ước lao động tập thể được ký từ năm 2020. Theo đó, nếu từ năm 2020 đến nay có những quy định mới trong Bộ luật Lao động 2019 hoặc có những thay đổi về quy định lao động khác mà không phù hợp với thỏa ước lao động tập thể ban đầu, công ty sẽ cần xem xét lại và có thể cần sửa đổi, bổ sung thỏa ước lao động tập thể để đảm bảo tuân thủ quy định mới của pháp luật.

Nếu không có sự thay đổi về quy định pháp luật liên quan đến nội dung của thỏa ước lao động tập thể, thỏa ước lao động tập thể vẫn có thể tiếp tục có hiệu lực. Tuy nhiên, công ty nên kiểm tra lại nội dung thỏa ước lao động tập thể để đảm bảo rằng tất cả các quy định đều phù hợp với các quy định hiện hành của pháp luật lao động.

Ngoài ra, nếu có bất kỳ th"
syn_637_1768632447,"Tôi là một doanh nghiệp nhỏ đã ký hợp đồng cung cấp hàng hóa cho một công ty lớn, nhưng do thiên tai xảy ra khiến nguồn cung vật liệu bị gián đoạn. Tôi có thể yêu cầu đàm phán lại hợp đồng không?",Điều 420 - Bộ luật Dân sự 2015,True,0.0,0.8904006046863189,"**CĂN CỨ PHÁP LUẬT THAM KHẢO:**
--- [Tài liệu 1] ---
Văn bản: Bộ luật Dân sự 2015
Nội dung: Điều 420. Thực hiện hợp đồng khi hoàn cảnh thay đổi cơ bản 1. Hoàn cảnh thay đổi cơ bản khi có đủ các điều kiện sau đây: a) Sự thay đổi hoàn cảnh do nguyên nhân khách quan xảy ra sau khi giao kết hợp đồng; b) Tại thời điểm giao kết hợp đồng, các bên không thể lường trước được về sự thay đổi hoàn cảnh; c) Hoàn cảnh thay đổi lớn đến mức nếu như các bên biết trước thì hợp đồng đã không được giao kết hoặc được giao kết nhưng với nội dung hoàn toàn khác; d) Việc tiếp tục thực hiện hợp đồng mà không có sự thay đổi nội dung hợp đồng sẽ gây thiệt hại nghiêm trọng cho một bên; đ) Bên có lợi ích bị ảnh hưởng đã áp dụng mọi biện pháp cần thiết trong khả năng cho phép, phù hợp với tính chất của hợp đồng mà không thể ngăn chặn, giảm thiểu mức độ ảnh hưởng đến lợi ích. 2. Trong trường hợp hoàn cảnh thay đổi cơ bản, bên có lợi ích bị ảnh hưởng có quyền yêu cầu bên kia đàm phán lại hợp đồng trong một thời hạn hợp lý. 3. Trường hợp các bên không thể thỏa thuận được về việc sửa đổi hợp đồng trong một thời hạn hợp lý, một trong các bên có thể yêu cầu Tòa án: a) Chấm dứt hợp đồng tại một thời điểm xác định; b) Sửa đổi hợp đồng để cân bằng quyền và lợi ích hợp pháp của các bên do hoàn cảnh thay đổi cơ bản. Tòa án chỉ được quyết định việc sửa đổi hợp đồng trong trường hợp việc chấm dứt hợp đồng sẽ gây thiệt hại lớn hơn so với các chi phí để thực hiện hợp đồng nếu được sửa đổi. 4. Trong quá trình đàm phán sửa đổi, chấm dứt hợp đồng, Tòa án giải quyết vụ việc, các bên vẫn phải tiếp tục thực hiện nghĩa vụ của mình theo hợp đồng, trừ trường hợp có thỏa thuận khác. Tiểu mục 3. SỬA ĐỔI, CHẤM DỨT HỢP ĐỒNG

--- [Tài liệu 2] ---
Văn bản:"
syn_1257_1768640020_0,"Công ty tôi chỉ có 8 nhân viên, nhưng chúng tôi gặp khó khăn trong việc thực hiện một số thủ tục hành chính. Tôi muốn biết liệu có những thủ tục nào mà chúng tôi được miễn hoặc giảm không?",Điều 218 - Bộ luật Lao động 2019,True,1.0,0.5111111111111111,"**Căn cứ pháp lý:** 
Bộ luật Lao động 2019 - Điều 218

**Nội dung quy định:**
Người sử dụng lao động sử dụng dưới 10 người lao động thực hiện quy định của Bộ luật này nhưng được miễn, giảm một số thủ tục theo quy định của Chính phủ.

**Phân tích & Hướng dẫn:**
Theo điều 218 của Bộ luật Lao động 2019, nếu công ty bạn chỉ sử dụng 8 người lao động, bạn có thể được miễn hoặc giảm một số thủ tục hành chính theo quy định của Chính phủ. Tuy nhiên, để có thông tin cụ thể về thủ tục nào sẽ được miễn hoặc giảm, bạn cần tham khảo thêm văn bản pháp luật của Chính phủ về quy định chi tiết này.

Bởi vì quy định chi tiết về thủ tục được miễn hoặc giảm đối với các doanh nghiệp sử dụng dưới 10 lao động vẫn chưa được ban hành, nên tôi đề xuất bạn nên liên hệ trực tiếp với Văn phòng Chính phủ hoặc Sở Lao động – Thương binh và Xã hội địa phương để nhận được thông tin chính xác nhất về các thủ tục có thể được miễn hoặc giảm cho doanh nghiệp của mình."
syn_235_1768629569,"Tôi muốn thuê một căn nhà và ký hợp đồng, nhưng tôi nghe nói rằng người chưa đủ 18 tuổi không có quyền ký hợp đồng. Điều đó có đúng không?",Điều 18 - Bộ luật Dân sự 2015,False,1.0,0.39853747714808047,"**Căn cứ pháp lý:**
---
- Văn bản: Bộ luật Dân sự 2015
- Nội dung: Điều 21. Người chưa thành niên

**Nội dung quy định:**
---
1. Điều 21 của Bộ luật Dân sự 2015 quy định về người chưa thành niên, cụ thể: ""Người chưa thành niên là người chưa đủ mười tám tuổi."" 

2. Theo điều này, người chưa đủ 18 tuổi không được coi là người đủ tuổi để thực hiện một số giao dịch dân sự, bao gồm cả việc ký kết hợp đồng.

**Phân tích & Hướng dẫn:**
---
Đối với trường hợp bạn muốn thuê một căn nhà và ký hợp đồng thuê nhà, theo quy định của Bộ luật Dân sự 2015, người chưa đủ 18 tuổi không có quyền tự mình ký kết hợp đồng thuê nhà. Điều này có nghĩa là bạn cần phải có sự đồng ý từ người đại diện theo pháp luật của bạn (nếu bạn dưới 16 tuổi) hoặc sự đồng ý của người đại diện theo pháp luật (nếu bạn từ 16 đến 17 tuổi) để ký kết hợp đồng thuê nhà.

Tuy nhiên, điều này không ảnh hưởng đến quyền của bạn để tham gia vào quá trình thảo luận và quyết định về việc thuê nhà, chỉ đơn giản là bạn không thể ký tên vào hợp đồng mà không có sự đồng ý của người đại diện theo pháp luật."
syn_281_1768630005,"Tôi có một người bạn đã mất liên lạc hơn 6 tháng, tôi có thể yêu cầu Tòa án tìm kiếm bạn tôi không?",Điều 64 - Bộ luật Dân sự 2015,True,1.0,0.6260869565217391,"**Căn cứ pháp lý:** 
Điều 64. Yêu cầu thông báo tìm kiếm người vắng mặt tại nơi cư trú và quản lý tài sản của người đó - Bộ luật Dân sự 2015

**Nội dung quy định:**
Theo Điều 64 của Bộ Luật Dân sự 2015, khi một người biệt tích 06 tháng liền trở lên, những người có quyền, lợi ích liên quan có quyền yêu cầu Tòa án thông báo tìm kiếm người vắng mặt tại nơi cư trú theo quy định của pháp luật về tố tụng dân sự và có thể yêu cầu Tòa án áp dụng biện pháp quản lý tài sản của người vắng mặt tại nơi cư trú quy định tại Điều 65 của Bộ Luật này.

**Phân tích & Hướng dẫn:**
Theo câu hỏi của bạn, người bạn của bạn đã mất liên lạc hơn 6 tháng. Theo quy định trong Điều 64 của Bộ Luật Dân sự 2015, bạn có quyền yêu cầu Tòa án thông báo tìm kiếm người vắng mặt tại nơi cư trú của người bạn đó. Tuy nhiên, cần lưu ý rằng chỉ khi người biệt tích 06 tháng liền trở lên mới có quyền yêu cầu như vậy.

Vì người bạn của bạn chỉ mất liên lạc hơn 6 tháng, chưa đủ thời gian để áp dụng quy định về yêu cầu thông báo tìm kiếm. Bạn nên chờ ít nhất 6 tháng kể từ thời điểm cuối cùng bạn có tin tức về người bạn của bạn để có thể yêu cầu Tòa án thông báo tìm kiếm.

Nếu sau 6 tháng mà người bạn của bạn vẫn không xuất hiện và không có tin tức xác thực về việc họ còn sống hay đã chết, bạn có thể tiếp tục yêu cầu Tòa án tuyên bố người đó mất tích theo quy định tại Điều 68 của Bộ Luật Dân sự 2015."
syn_352_1768630512,"Công ty tôi có một nhân viên muốn ủy quyền cho người khác tham gia ký hợp đồng, tôi cần phải làm gì theo quy định của pháp luật?",Điều 135 - Bộ luật Dân sự 2015,False,0.6666666666666666,0.3319946452476573,"**Căn cứ pháp lý:**
--- [Tài liệu 1] ---
Văn bản: Bộ luật Lao động 2019
Nội dung: Điều 18. Thẩm quyền giao kết hợp đồng lao động

**Căn cứ pháp lý:**
--- [Tài liệu 2] ---
Văn bản: Bộ luật Dân sự 2015
Nội dung: Điều 562. Hợp đồng ủy quyền

**Căn cứ pháp lý:**
--- [Tài liệu 3] ---
Văn bản: Luật Doanh nghiệp 2020
Nội dung: Điều 67. Hợp đồng, giao dịch phải được Hội đồng thành viên chấp thuận

---

**Phân tích & Hướng dẫn:**

Theo Điều 18 của Bộ luật Lao động 2019, nếu một người lao động từ đủ 18 tuổi trở lên muốn ủy quyền cho một người khác tham gia ký kết hợp đồng lao động, thì quy trình cụ thể như sau:

1. **Ủy quyền hợp pháp:** Người lao động từ đủ 18 tuổi trở lên cần thực hiện hợp đồng ủy quyền theo quy định của Bộ luật Dân sự 2015. Hợp đồng ủy quyền phải được lập thành văn bản và phải bao gồm các thông tin như họ tên, ngày tháng năm sinh, giới tính, địa chỉ cư trú và chữ ký của người được ủy quyền.

2. **Ủy quyền cho người khác ký hợp đồng:** Theo quy định tại Điều 18, người lao động có thể ủy quyền cho một người khác giao kết hợp đồng lao động, nhưng người được ủy quyền không được ủy quyền lại cho người khác. 

3. **Thông báo và đăng ký:** Việc ủy quyền cần được thông báo cho người sử dụng lao động và phải được ghi nhận trong hồ sơ lao động. Người sử dụng lao động cũng cần thông báo về các đối tượng có liên quan và lợi ích có liên quan đến hợp đồng, giao dịch đó cho Hội đồng thành viên.

4. **Chấp thuận của Hội đồng thành viên:** Theo Điều 67 của Luật Doanh nghiệp 2020, hợp đồng, giao dịch giữa công ty với đối tượng có liên quan (như người lao động đã được ủy quyền) cần được Hội đồng thành viên chấp"
syn_1450_1768641558_1,"Tôi đang có ý định đầu tư vào một quán cà phê, nhưng nghe nói rằng chủ quán trước đã bị xử phạt vì lừa dối khách hàng. Nếu tôi tiếp quản quán và tiếp tục hoạt động, tôi có thể bị liên đới trách nhiệm hay không?",Điều 198 - Bộ luật Hình sự (Văn bản hợp nhất 2017),True,1.0,0.42610364683301344,"**Căn cứ pháp lý:** 
Điều 198. Tội lừa dối khách hàng - Bộ luật Hình sự (Văn bản hợp nhất 2017)

**Nội dung quy định:**
Điều 198. Tội lừa dối khách hàng quy định về hình thức xử phạt đối với người vi phạm hành vi lừa dối khách hàng. 

**Phân tích & Hướng dẫn:**
Theo quy định tại Điều 198 của Bộ Luật Hình sự, nếu chủ quán cà phê trước đã bị xử phạt vi phạm hành chính về hành vi lừa dối khách hàng hoặc đã bị kết án về tội này, chưa được xóa án tích mà còn tiếp tục vi phạm, họ sẽ phải chịu trách nhiệm hình sự. Tuy nhiên, câu hỏi đặt ra là bạn, người tiếp quản quán cà phê, có bị liên đới trách nhiệm không?

Theo Điều 198 của Bộ Luật Hình sự, việc xử lý trách nhiệm hình sự chỉ áp dụng cho người phạm tội, tức là người chủ quán cà phê đã vi phạm hành vi lừa dối khách hàng. Bạn, người tiếp quản quán cà phê, không phải là người đã phạm tội lừa dối khách hàng. Do đó, bạn không phải chịu trách nhiệm hình sự về hành vi lừa dối khách hàng của chủ quán cà phê trước.

Tuy nhiên, bạn cần lưu ý rằng việc tiếp quản quán cà phê có thể dẫn đến việc phát hiện thêm các vi phạm khác trong quá khứ của chủ quán cà phê. Nếu bạn phát hiện ra các vi phạm khác mà chủ quán cà phê trước đã vi phạm, bạn vẫn có thể bị xử lý hình sự nếu các quy định tương ứng áp dụng. Tuy nhiên, cần lưu ý rằng bạn không phải là người đã phạm tội, mà chỉ là người tiếp quản quán cà phê.

Tóm lại, bạn không bị liên đới trách nhiệm hình sự do việc tiếp quản quán cà phê, nhưng vẫn cần tuân thủ các quy định về quản lý và sử dụng vốn đầu tư công, đặc biệt là nếu phát hiện ra các vi phạm khác."
syn_834_1768633713,"Gia đình tôi có người vừa mất, tôi là người quản lý di sản. Tôi có nghĩa vụ gì trong việc thông báo về tình trạng di sản cho các thừa kế khác?",Điều 617 - Bộ luật Dân sự 2015,True,1.0,0.6377325066430469,"**Căn cứ pháp lý:**
Điều 617. Nghĩa vụ của người quản lý di sản - Bộ Luật Dân sự 2015

**Nội dung quy định:**
1. Người quản lý di sản quy định tại khoản 1 và khoản 3 Điều 616 của Bộ luật này có nghĩa vụ sau đây: 
   a) Lập danh mục di sản; thu hồi tài sản thuộc di sản của người chết mà người khác đang chiếm hữu, trừ trường hợp pháp luật có quy định khác;
   b) Bảo quản di sản; không được bán, trao đổi, tặng cho, cầm cố, thế chấp hoặc định đoạt tài sản bằng hình thức khác, nếu không được những người thừa kế đồng ý bằng văn bản;
   c) Thông báo về tình trạng di sản cho những người thừa kế;
   d) Bồi thường thiệt hại nếu vi phạm nghĩa vụ của mình mà gây thiệt hại;
   đ) Giao lại di sản theo yêu cầu của người thừa kế.

**Phân tích & Hướng dẫn:**
Theo quy định tại Điều 617 của Bộ Luật Dân sự 2015, bạn, người quản lý di sản, có nghĩa vụ thông báo về tình trạng di sản cho những người thừa kế. 

Trong trường hợp của gia đình bạn, khi người thân vừa mất, bạn cần lập tức tiến hành các hoạt động như lập danh mục di sản, thu hồi tài sản đang bị chiếm hữu trái phép, và đặc biệt là thông báo về tình trạng di sản cho các thừa kế khác. Đây là bước rất quan trọng nhằm đảm bảo rằng mọi người thừa kế đều nắm được tình hình di sản, từ đó họ có thể thực hiện các quyền của mình, như yêu cầu giao lại di sản, hoặc tham gia vào các quyết định liên quan đến tài sản thừa kế.

Việc thông báo này không chỉ giúp duy trì mối quan hệ giữa người quản lý di sản và những người thừa kế, mà còn giúp tránh những hiểu lầm hoặc tranh chấp về tài sản sau khi người thân đã qua đời. Do đó, bạn cần thực hiện nghĩa vụ này một cách kịp thời và đầy đủ, tuân thủ các quy định của pháp luật về di chúc và di sản thừa kế."
syn_831_1768633692,"Tôi có một người thân vừa qua đời và không có di chúc, vậy quyền thừa kế của tôi sẽ bắt đầu từ thời điểm nào?",Điều 614 - Bộ luật Dân sự 2015,False,0.3333333333333333,0.3740340030911901,"**CĂN CỨ PHÁP LUẬT THAM KHẢO:**
---
[Văn bản] Bộ luật Dân sự 2015
[Nội dung] Điều 611. Thời điểm, địa điểm mở thừa kế 1. Thời điểm mở thừa kế là thời điểm người có tài sản chết. Trường hợp Tòa án tuyên bố một người là đã chết thì thời điểm mở thừa kế là ngày được xác định tại khoản 2 Điều 71 của Bộ luật này. 2. Địa điểm mở thừa kế là nơi cư trú cuối cùng của người để lại di sản; nếu không xác định được nơi cư trú cuối cùng thì địa điểm mở thừa kế là nơi có toàn bộ di sản hoặc nơi có phần lớn di sản.
---

**PHÂN TÍCH & HƯỚNG DẪN:**

Theo quy định tại Điều 611 của Bộ Luật Dân sự 2015, thời điểm mở thừa kế là thời điểm người có tài sản chết. Trường hợp Tòa án tuyên bố một người là đã chết, thời điểm mở thừa kế là ngày được xác định tại khoản 2 Điều 71 của Bộ luật này. 

Trong trường hợp bạn đang hỏi, người thân của bạn vừa qua đời và không có di chúc. Theo đó, thời điểm mở thừa kế sẽ là khi người đó chết. Địa điểm mở thừa kế sẽ là nơi cư trú cuối cùng của người đó hoặc nếu không xác định được nơi cư trú cuối cùng, sẽ là nơi có toàn bộ di sản hoặc nơi có phần lớn di sản.

Vì vậy, quyền thừa kế của bạn sẽ bắt đầu từ thời điểm người thân của bạn chết. Bạn cần thông báo cho Tòa án để xác nhận thời điểm chính xác mà người đó chết, sau đó xác định địa điểm mở thừa kế theo quy định trên."
syn_617_1768632322,"Tôi đã gửi email đề nghị hợp tác làm ăn với một công ty, và họ đã trả lời đồng ý nhưng không ký hợp đồng. Vậy hợp đồng có xem như đã được giao kết không?",Điều 400 - Bộ luật Dân sự 2015,False,0.6666666666666666,0.6086044071353621,"**Căn cứ pháp lý:**
---
- **[Tài liệu 1]**
  - Điều 393. Chấp nhận đề nghị giao kết hợp đồng
    - 1. Chấp nhận đề nghị giao kết hợp đồng là sự trả lời của bên được đề nghị về việc chấp nhận toàn bộ nội dung của đề nghị.
    - 2. Sự im lặng của bên được đề nghị không được coi là chấp nhận đề nghị giao kết hợp đồng, trừ trường hợp có thỏa thuận hoặc theo thói quen đã được xác lập giữa các bên.

- **[Tài liệu 2]**
  - Điều 386. Đề nghị giao kết hợp đồng
    - 1. Đề nghị giao kết hợp đồng là việc thể hiện rõ ý định giao kết hợp đồng và chịu sự ràng buộc về đề nghị này của bên đề nghị đối với bên đã được xác định hoặc tới công chúng.
    - 2. Trường hợp đề nghị giao kết hợp đồng có nêu rõ thời hạn trả lời, nếu bên đề nghị lại giao kết hợp đồng với người thứ ba trong thời hạn chờ bên được đề nghị trả lời thì phải bồi thường thiệt hại cho bên được đề nghị mà không được giao kết hợp đồng nếu có thiệt hại phát sinh.

- **[Tài liệu 3]**
  - Điều 400. Thời điểm giao kết hợp đồng
    - 1. Hợp đồng được giao kết vào thời điểm bên đề nghị nhận được chấp nhận giao kết.
    - 2. Trường hợp các bên có thỏa thuận im lặng là sự trả lời chấp nhận giao kết hợp đồng trong một thời hạn thì thời điểm giao kết hợp đồng là thời điểm cuối cùng của thời hạn đó.
    - 3. Thời điểm giao kết hợp đồng bằng lời nói là thời điểm các bên đã thỏa thuận về nội dung của hợp đồng.
    - 4. Thời điểm giao kết hợp đồng bằng văn bản là thời điểm bên sau cùng ký vào văn bản hay bằng hình thức chấp nhận khác được thể hiện trên văn bản.
    - 4. Trường hợp hợp đồng giao kết bằng lời nói và sau đó được xác lập bằng văn bản thì thời điểm giao kết hợp đồng được xác định theo khoản 3 Điều này.

---

**Phân tích & Hướng dẫn:**
---
Theo quy định tại Điều 393 của Bộ Luật Dân sự 2"
syn_808_1768633538,"Tôi vừa mất người thân do tai nạn giao thông, liệu tôi có được bồi thường chi phí mai táng và tiền cấp dưỡng cho các con của người đã mất không?",Điều 591 - Bộ luật Dân sự 2015,True,0.0,0.7550839964633068,"**CĂN CỨ PHÁP LUẬT THAM KHẢO:**

--- [Tài liệu 1] ---
Văn bản: Bộ luật Dân sự 2015
Nội dung: Điều 591. Thiệt hại do tính mạng bị xâm phạm 1. Thiệt hại do tính mạng bị xâm phạm bao gồm: a) Thiệt hại do sức khỏe bị xâm phạm theo quy định tại Điều 590 của Bộ luật này; b) Chi phí hợp lý cho việc mai táng; c) Tiền cấp dưỡng cho những người mà người bị thiệt hại có nghĩa vụ cấp dưỡng; d) Thiệt hại khác do luật quy định. 2. Người chịu trách nhiệm bồi thường trong trường hợp tính mạng của người khác bị xâm phạm phải bồi thường thiệt hại theo quy định tại khoản 1 Điều này và một khoản tiền khác để bù đắp tổn thất về tinh thần cho những người thân thích thuộc hàng thừa kế thứ nhất của người bị thiệt hại, nếu không có những người này thì người mà người bị thiệt hại đã trực tiếp nuôi dưỡng, người đã trực tiếp nuôi dưỡng người bị thiệt hại được hưởng khoản tiền này. Mức bồi thường bù đắp tổn thất về tinh thần do các bên thỏa thuận; nếu không thỏa thuận được thì mức tối đa cho một người có tính mạng bị xâm phạm không quá một trăm lần mức lương cơ sở do Nhà nước quy định.

--- [Tài liệu 2] ---
Văn bản: Bộ luật Dân sự 2015
Nội dung: Điều 593. Thời hạn hưởng bồi thường thiệt hại do tính mạng, sức khỏe bị xâm phạm 1. Trường hợp người bị thiệt hại mất hoàn toàn khả năng lao động thì người bị thiệt hại được hưởng bồi thường từ thời điểm mất hoàn toàn khả năng lao động cho đến khi chết, trừ trường hợp có thỏa thuận khác. 2. Trường hợp người bị thiệt hại chết thì những người mà người này có nghĩa vụ cấp dưỡng khi còn sống được hưởng tiền cấp dưỡng từ thời điểm người có tính mạng bị xâm phạm chết trong thời hạn sau đây: a) Người chưa thành niên hoặc người đã thành thai là con của người chết và còn sống sau khi sinh ra được hưởng tiền cấp dưỡng cho đến khi đủ mười tám tuổi, trừ trường hợp người từ đủ mười lăm tuổi đến chưa đủ"
syn_745_1768633105,"Tôi vừa mua vé máy bay và bị thương trong quá trình lên máy bay, vậy tôi có được bồi thường không?",Điều 528 - Bộ luật Dân sự 2015,True,0.6666666666666666,0.5665665665665666,"**CĂN CỨ PHÁP LUẬT THAM KHẢO:**
--- [Tài liệu 1] ---
Văn bản: Bộ luật Dân sự 2015
Nội dung: Điều 528. Trách nhiệm bồi thường thiệt hại 1. Trường hợp tính mạng, sức khỏe và hành lý của hành khách bị thiệt hại thì bên vận chuyển phải bồi thường theo quy định của pháp luật. 2. Bên vận chuyển không phải bồi thường thiệt hại về tính mạng, sức khỏe và hành lý của hành khách nếu thiệt hại xảy ra hoàn toàn do lỗi của hành khách, trừ trường hợp pháp luật có quy định khác. 3. Trường hợp hành khách vi phạm điều kiện vận chuyển đã thỏa thuận, quy định của điều lệ vận chuyển mà gây thiệt hại cho bên vận chuyển hoặc người thứ ba thì phải bồi thường.

---

**Nội dung quy định:**
Trong trường hợp tính mạng, sức khỏe và hành lý của hành khách bị thiệt hại, bên vận chuyển phải bồi thường theo quy định của pháp luật. Tuy nhiên, bên vận chuyển không phải bồi thường thiệt hại về tính mạng, sức khỏe và hành lý của hành khách nếu thiệt hại xảy ra hoàn toàn do lỗi của hành khách, trừ trường hợp pháp luật có quy định khác.

---

**Phân tích & Hướng dẫn:**
Theo điều 528 của Bộ Luật Dân sự 2015, khi hành khách bị thương trong quá trình lên máy bay, nếu thiệt hại đó không hoàn toàn do lỗi của hành khách, thì bên vận chuyển phải chịu trách nhiệm bồi thường. Điều này nghĩa là, nếu thương tích bạn không do lỗi riêng của bạn, ví dụ như tai nạn không lường trước được, sự cố kỹ thuật máy bay, thì bên vận chuyển có trách nhiệm bồi thường thiệt hại.

Tuy nhiên, điều 528 cũng lưu ý rằng bên vận chuyển không phải chịu trách nhiệm nếu thiệt hại hoàn toàn do lỗi của hành khách, trừ trường hợp pháp luật có quy định khác. Vì vậy, nếu bạn bị thương do lỗi của mình, như tự ý làm những việc nguy hiểm không được phép, hoặc không tuân thủ quy định vận chuyển, thì bạn sẽ không được bồi thường.

Để xác định rõ ràng hơn về lỗi của bạn và trách nhiệm bồi thường của bên vận chuyển, bạn nên liên hệ với hãng hàng không để thảo luận và có"
syn_1592_1768642756_1,"Công ty tôi đã từng bị phát hiện sử dụng giấy tờ giả và bị phạt, nhưng gần đây chúng tôi lại gặp phải tình huống tương tự. Nếu tôi tiếp tục tái phạm, mức phạt sẽ như thế nào?",Điều 341 - Bộ luật Hình sự (Văn bản hợp nhất 2017),True,1.0,0.873015873015873,"**Căn cứ pháp lý:**
--- [Tài liệu 1] ---
Văn bản: Bộ luật Hình sự (Văn bản hợp nhất 2017)
Nội dung: Điều 341. Tội làm giả con dấu, tài liệu của cơ quan, tổ chức; tội sử dụng con dấu hoặc tài liệu giả của cơ quan, tổ chức [348]

**Nội dung quy định:**
1. Người nào làm giả con dấu, tài liệu hoặc giấy tờ khác của cơ quan, tổ chức hoặc sử dụng con dấu, tài liệu hoặc giấy tờ giả thực hiện hành vi trái pháp luật, thì bị phạt tiền từ 30.000.000 đồng đến 100.000.000 đồng, phạt cải tạo không giam giữ đến 03 năm hoặc phạt tù từ 06 tháng đến 02 năm.
2. Phạm tội thuộc một trong các trường hợp sau đây, thì bị phạt tù từ 02 năm đến 05 năm: a) Có tổ chức; b) Phạm tội 02 lần trở lên; c) Làm từ 02 con dấu, tài liệu hoặc giấy tờ khác đến 05 con dấu, tài liệu hoặc giấy tờ khác; d) Sử dụng con dấu, tài liệu hoặc giấy tờ khác thực hiện tội phạm ít nghiêm trọng hoặc tội phạm nghiêm trọng; đ) Thu lợi bất chính từ 10.000.000 đồng đến dưới 50.000.000 đồng; e) Tái phạm nguy hiểm.
3. Phạm tội thuộc một trong các trường hợp sau đây, thì bị phạt tù từ 03 năm đến 07 năm: a) Làm 06 con dấu, tài liệu hoặc giấy tờ khác trở lên; b) Sử dụng con dấu, tài liệu hoặc giấy tờ khác thực hiện tội phạm rất nghiêm trọng hoặc tội phạm đặc biệt nghiêm trọng; c) Thu lợi bất chính 50.000.000 đồng trở lên.
4. Người phạm tội còn có thể bị phạt tiền từ 5.000.000 đồng đến 50.000.000 đồng.

**Phân tích & Hướng dẫn:**
Theo điều 341 của Bộ luật Hình sự, nếu bạn tái phạm và tiếp tục sử dụng giấy tờ giả, mức phạt sẽ phụ thuộc vào nhiều yếu"
syn_119_1768628639,Tôi đã là cổ đông sáng lập của công ty được 4 năm và muốn chuyển nhượng cổ phần mà tôi đã mua thêm sau khi công ty thành lập. Liệu tôi có cần phải xin sự chấp thuận từ Đại hội đồng cổ đông không?,Điều 120 - Luật Doanh nghiệp 2020,True,1.0,0.8238213399503722,"**Căn cứ pháp lý:**
Điều 120. Cổ phần phổ thông của cổ đông sáng lập 1. Công ty cổ phần mới thành lập phải có ít nhất 03 cổ đông sáng lập. Công ty cổ phần được chuyển đổi từ doanh nghiệp nhà nước hoặc từ công ty trách nhiệm hữu hạn hoặc được chia, tách, hợp nhất, sáp nhập từ công ty cổ phần khác không nhất thiết phải có cổ đông sáng lập; trường hợp này, Điều lệ công ty trong hồ sơ đăng ký doanh nghiệp phải có chữ ký của người đại diện theo pháp luật hoặc các cổ đông phổ thông của công ty đó. 2. Các cổ đông sáng lập phải cùng nhau đăng ký mua ít nhất 20% tổng số cổ phần phổ thông được quyền chào bán khi đăng ký thành lập doanh nghiệp. 3. Trong thời hạn 03 năm kể từ ngày công ty được cấp Giấy chứng nhận đăng ký doanh nghiệp, cổ phần phổ thông của cổ đông sáng lập được tự do chuyển nhượng cho cổ đông sáng lập khác và chỉ được chuyển nhượng cho người không phải là cổ đông sáng lập nếu được sự chấp thuận của Đại hội đồng cổ đông. Trường hợp này, cổ đông sáng lập dự định chuyển nhượng cổ phần phổ thông thì không có quyền biểu quyết về việc chuyển nhượng cổ phần đó. 4. Các hạn chế quy định tại khoản 3 Điều này không áp dụng đối với cổ phần phổ thông sau đây: a) Cổ phần mà cổ đông sáng lập có thêm sau khi đăng ký thành lập doanh nghiệp; b) Cổ phần đã được chuyển nhượng cho người khác không phải là cổ đông sáng lập.

**Nội dung quy định:**
Theo Điều 120 của Luật Doanh nghiệp 2020, cổ phần phổ thông của cổ đông sáng lập có thể được tự do chuyển nhượng cho cổ đông sáng lập khác và chỉ được chuyển nhượng cho người không phải là cổ đông sáng lập nếu được sự chấp thuận của Đại hội đồng cổ đông. Đặc biệt, các hạn chế quy định tại khoản 3 Điều này không áp dụng đối với cổ phần phổ thông sau đây: a) Cổ phần mà cổ đông sáng lập có thêm sau khi đăng ký thành lập doanh nghiệp; b) Cổ phần đã được chuyển nhượng cho người khác không phải là cổ đông sáng lập.

**Phân tích & Hướng dẫn:**
Trong trường"
syn_960_1768634537,"Gia đình tôi đang trong quá trình ly hôn, nhưng tôi muốn biết về quy trình hòa giải tại Tòa án có thể diễn ra trong bao lâu?",Điều 54 - Luật Hôn nhân và Gia đình 2014,True,0.6666666666666666,0.39046199701937406,"**CĂN CỨ PHÁP LUẬT THAM KHẢO:**
---
[Văn bản] Luật Hôn nhân và Gia đình 2014
[Nội dung] Điều 54. Hòa giải tại Tòa án

**CĂN CỨ PHÁP LUẬT THAM KHẢO:**
---
[Văn bản] Luật Hôn nhân và Gia đình 2014
[Nội dung] Điều 56. Ly hôn theo yêu cầu của một bên

---

**CÔNG TY CỔ PHẦN ĐỊNH HƯỚNG XÃ HỘI VÀ NGHỀ NGHIỆP Qwen**

**CÂU HỎI:**
Gia đình tôi đang trong quá trình ly hôn, nhưng tôi muốn biết về quy trình hòa giải tại Tòa án có thể diễn ra trong bao lâu?

**CĂN CỨ PHÁP LUẬT THAM KHẢO:**
---
[Văn bản] Luật Hôn nhân và Gia đình 2014
[Nội dung] Điều 54. Hòa giải tại Tòa án

**NỘI DUNG QUY ĐỊNH:**
---
Theo Điều 54 của Luật Hôn nhân và Gia đình 2014, sau khi đã thụ lý đơn yêu cầu ly hôn, Tòa án tiến hành hòa giải theo quy định của pháp luật về tố tụng dân sự. Quy trình hòa giải tại Tòa án không có quy định cụ thể về thời gian tối đa hoặc tối thiểu mà chỉ nói rằng hòa giải phải được tiến hành.

**PHÂN TÍCH & HƯỚNG DẪN:**
---
Trong quy trình hòa giải tại Tòa án, thời gian diễn ra có thể khác nhau tùy thuộc vào nhiều yếu tố như mức độ hiểu biết và thiện chí của cả hai bên, khả năng phối hợp giữa nguyên đơn và bị đơn, cũng như thái độ của tòa án đối với việc hòa giải. 

Theo Điều 56 của Luật Hôn nhân và Gia đình 2014, khi hòa giải tại Tòa án không thành, Tòa án sẽ quyết định về việc giải quyết ly hôn dựa trên các tiêu chí cụ thể. Tuy nhiên, không có quy định cụ thể về thời gian tối đa cho quy trình hòa giải.

Do đó, để có câu trả lời chính xác nhất,"
syn_713_1768632901,"Tôi đã mượn một chiếc xe của bạn và trong quá trình sử dụng, xe bị hư hỏng nhẹ. Tôi cần sửa chữa nhưng không biết có phải báo với bạn không?",Điều 496 - Bộ luật Dân sự 2015,False,0.6666666666666666,0.4046610169491525,"**CĂN CỨ PHÁP LUẬT THAM KHẢO:**
--- [Tài liệu 1] ---
Văn bản: Bộ luật Dân sự 2015
Nội dung: Điều 498. Nghĩa vụ của bên cho mượn tài sản 1. Cung cấp thông tin cần thiết về việc sử dụng tài sản và khuyết tật của tài sản, nếu có. 2. Thanh toán cho bên mượn chi phí sửa chữa, chi phí làm tăng giá trị tài sản, nếu có thỏa thuận. 3. Bồi thường thiệt hại cho bên mượn nếu biết tài sản có khuyết tật mà không báo cho bên mượn biết dẫn đến gây thiệt hại cho bên mượn, trừ những khuyết tật mà bên mượn biết hoặc phải biết.

---

**Nội dung quy định:**
Điều 498 của Bộ Luật Dân sự 2015 quy định rằng bên cho mượn tài sản có nghĩa vụ cung cấp thông tin cần thiết về việc sử dụng tài sản và khuyết tật của tài sản, nếu có. Đồng thời, bên cho mượn cũng có nghĩa vụ bồi thường thiệt hại cho bên mượn nếu biết tài sản có khuyết tật mà không báo cho bên mượn biết, trừ những khuyết tật mà bên mượn biết hoặc phải biết.

---

**Phân tích & Hướng dẫn:**
Trong trường hợp này, bạn đã mượn một chiếc xe từ tôi và trong quá trình sử dụng, xe bị hư hỏng nhẹ. Theo quy định tại Điều 498 của Bộ Luật Dân sự 2015, bạn có nghĩa vụ cung cấp thông tin cần thiết về việc sử dụng tài sản và khuyết tật của tài sản, nếu có. Do đó, bạn cần báo với tôi về tình trạng hư hỏng của xe.

Tuy nhiên, không phải tất cả các hư hỏng đều yêu cầu báo cáo. Chỉ khi bạn biết rằng tài sản có khuyết tật mà không báo cho tôi biết, bạn mới có trách nhiệm bồi thường thiệt hại. Trong trường hợp này, hư hỏng nhẹ là thông thường và không thuộc phạm vi khuyết tật cần báo cáo.

Như vậy, bạn chỉ cần báo với tôi về việc xe bị hư hỏng nhẹ và tiến hành sửa chữa. Tuy nhiên, bạn không cần phải b"
syn_357_1768630545,"Gia đình tôi đang có tranh chấp về tài sản, và tôi đã ủy quyền cho một luật sư để đại diện cho tôi. Nhưng bây giờ tôi muốn chấm dứt việc ủy quyền này. Tôi có thể làm như thế nào?",Điều 140 - Bộ luật Dân sự 2015,True,1.0,0.7452907452907452,"**Căn cứ pháp lý:**
- Điều 140 Bộ Luật Dân sự 2015 - [Bộ luật Dân sự 2015]

**Nội dung quy định:**
1. Thời hạn đại diện được xác định theo văn bản ủy quyền, quyết định của cơ quan có thẩm quyền, điều lệ của pháp nhân hoặc quy định của pháp luật.
2. Trường hợp không xác định được thời hạn đại diện theo quy định tại khoản 1 Điều này thì thời hạn đại diện được xác định như sau:
   - Nếu quyền đại diện được xác định theo giao dịch dân sự cụ thể thì thời hạn đại diện được tính đến thời điểm chấm dứt giao dịch dân sự đó;
   - Nếu quyền đại diện không được xác định với giao dịch dân sự cụ thể thì thời hạn đại diện là 01 năm, kể từ thời điểm phát sinh quyền đại diện.
3. Đại diện theo ủy quyền chấm dứt trong trường hợp sau đây:
   - Theo thỏa thuận;
   - Thời hạn ủy quyền đã hết;
   - Công việc được ủy quyền đã hoàn thành;
   - Người được đại diện hoặc người đại diện đơn phương chấm dứt thực hiện việc ủy quyền;
   - Người được đại diện, người đại diện là cá nhân chết; người được đại diện, người đại diện là pháp nhân chấm dứt tồn tại;
   - Người đại diện không còn đủ điều kiện quy định tại khoản 3 Điều 134 của Bộ luật này;
   - Căn cứ khác làm cho việc đại diện không thể thực hiện được.

**Phân tích & Hướng dẫn:**
Theo quy định tại Điều 140 Bộ Luật Dân sự 2015, bạn có thể chấm dứt việc ủy quyền đại diện cho luật sư trong trường hợp sau đây:
- Theo thỏa thuận giữa bạn và người được ủy quyền (điều này thường dựa trên hợp đồng ủy quyền ban đầu);
- Khi thời hạn ủy quyền đã hết;
- Khi công việc được ủy quyền đã hoàn thành;
- Khi người được ủy quyền đơn phương chấm dứt việc ủy quyền;
- Trong trường hợp người đại diện là cá nhân chết hoặc pháp nhân chấm dứt tồn tại;
- Trong trường hợp người đại diện không còn đủ điều kiện quy định tại khoản 3 Điều 134 của Bộ luật này;
- Hay khi có căn cứ khác"
syn_1238_1768639908_1,"Gia đình tôi có một số công nhân làm việc trong một nhà máy, và họ đã gửi đơn tới Ban trọng tài lao động nhưng đến nay vẫn chưa có quyết định giải quyết. Vậy nếu Ban trọng tài không ra quyết định, họ có quyền đình công không?",Điều 199 - Bộ luật Lao động 2019,True,0.3333333333333333,0.48883374689826303,"**CĂN CỨ PHÁP LUẬT THAM KHẢO:**
---
**Tài liệu 1:** 
- Văn bản: Bộ luật Lao động 2019
- Nội dung: Điều 197 (Mục 5. ĐÌNH CÔNG)

**Tài liệu 2:** 
- Văn bản: Bộ luật Lao động 2019
- Nội dung: Điều 199

**Tài liệu 3:** 
- Văn bản: Bộ luật Lao động 2019
- Nội dung: Điều 193

---

**CÂU HỎI:**
Gia đình tôi có một số công nhân làm việc trong một nhà máy, và họ đã gửi đơn tới Ban trọng tài lao động nhưng đến nay vẫn chưa có quyết định giải quyết. Vậy nếu Ban trọng tài không ra quyết định, họ có quyền đình công không?

**CĂN CỨ PHÁP LUẬT THAM KHẢO:**
---
**Tài liệu 1:** 
- Văn bản: Bộ luật Lao động 2019
- Nội dung: Điều 197 (Mục 5. ĐÌNH CÔNG)

**Tài liệu 2:** 
- Văn bản: Bộ luật Lao động 2019
- Nội dung: Điều 199

**Tài liệu 3:** 
- Văn bản: Bộ luật Lao động 2019
- Nội dung: Điều 193

---

**PHÂN TÍCH VÀ HƯỚNG DẪN:**
Theo Điều 197 của Bộ luật Lao động 2019, khi Ban trọng tài lao động không được thành lập hoặc thành lập nhưng không ra quyết định giải quyết tranh chấp, hoặc người sử dụng lao động là bên tranh chấp không thực hiện quyết định giải quyết tranh chấp của Ban trọng tài lao động, thì tổ chức đại diện người lao động có quyền tiến hành thủ tục quy định tại các điều 200, 201 và 202 của Bộ luật này để đình công. 

Trong trường hợp của gia đình bạn, nếu Ban trọng tài lao động không ra quyết định giải quyết tranh chấp sau thời hạn quy định, theo Điều 199 của Bộ luật Lao động 201"
syn_867_1768633910,"Tôi có một người bà đã lập di chúc, nhưng trong di chúc không đề cập đến một phần tài sản. Nếu bà tôi mất, phần tài sản chưa được định đoạt sẽ được chia như thế nào?",Điều 650 - Bộ luật Dân sự 2015,False,0.0,0.38975297346752064,"**CĂN CỨ PHÁP LUẬT THAM KHẢO:**
---
--- [Tài liệu 1] ---
Văn bản: Bộ luật Dân sự 2015
Nội dung: Điều 659. Phân chia di sản theo di chúc 1. Việc phân chia di sản được thực hiện theo ý chí của người để lại di chúc; nếu di chúc không xác định rõ phần của từng người thừa kế thì di sản được chia đều cho những người được chỉ định trong di chúc, trừ trường hợp có thỏa thuận khác. 2. Trường hợp di chúc xác định phân chia di sản theo hiện vật thì người thừa kế được nhận hiện vật kèm theo hoa lợi, lợi tức thu được từ hiện vật đó hoặc phải chịu phần giá trị của hiện vật bị giảm sút tính đến thời điểm phân chia di sản; nếu hiện vật bị tiêu hủy do lỗi của người khác thì người thừa kế có quyền yêu cầu bồi thường thiệt hại. 3. Trường hợp di chúc chỉ xác định phân chia di sản theo tỷ lệ đối với tổng giá trị khối di sản thì tỷ lệ này được tính trên giá trị khối di sản đang còn vào thời điểm phân chia di sản.
---

--- [Tài liệu 2] ---
Văn bản: Bộ luật Dân sự 2015
Nội dung: Điều 645. Di sản dùng vào việc thờ cúng 1. Trường hợp người lập di chúc để lại một phần di sản dùng vào việc thờ cúng thì phần di sản đó không được chia thừa kế và được giao cho người đã được chỉ định trong di chúc quản lý để thực hiện việc thờ cúng; nếu người được chỉ định không thực hiện đúng di chúc hoặc không theo thỏa thuận của những người thừa kế thì những người thừa kế có quyền giao phần di sản dùng vào việc thờ cúng cho người khác quản lý để thờ cúng. Trường hợp người để lại di sản không chỉ định người quản lý di sản thờ cúng thì những người thừa kế cử người quản lý di sản thờ cúng. Trường hợp tất cả những người thừa kế theo di chúc đều đã chết thì phần di sản dùng để thờ cúng thuộc về người đang quản lý hợp pháp di sản đó trong số những người thuộc diện thừa kế theo pháp luật. 2. Trường hợp toàn bộ di sản"
syn_614_1768632304,"Tôi đang trong quá trình thương thảo hợp đồng và đã gửi thông báo chấp nhận. Nếu tôi quyết định thay đổi ý kiến vào phút cuối, tôi có thể rút lại thông báo này hay không?",Điều 397 - Bộ luật Dân sự 2015,True,0.3333333333333333,0.49468085106382986,"**CĂN CỨ PHÁP LUẬT THAM KHẢO:**

- Văn bản: Bộ luật Dân sự 2015
- Nội dung: Điều 397. Rút lại thông báo chấp nhận giao kết hợp đồng

**CÂU HỎI:**
Tôi đang trong quá trình thương thảo hợp đồng và đã gửi thông báo chấp nhận. Nếu tôi quyết định thay đổi ý kiến vào phút cuối, tôi có thể rút lại thông báo này hay không?

**PHÂN TÍCH VÀ HƯỚNG DẪN:**

Theo Điều 397 của Bộ Luật Dân sự 2015, ""Bên được đề nghị giao kết hợp đồng có thể rút lại thông báo chấp nhận giao kết hợp đồng, nếu thông báo về việc rút lại này đến trước hoặc cùng với thời điểm bên đề nghị nhận được trả lời chấp nhận giao kết hợp đồng.""

Trong trường hợp của bạn, đã có thông báo chấp nhận hợp đồng từ phía bạn (bên được đề nghị). Theo điều luật này, bạn có quyền rút lại thông báo chấp nhận nếu thông báo về việc rút lại này đến trước hoặc cùng thời điểm với thời điểm bên đề nghị (điều này thường là bên gửi thông báo chấp nhận) nhận được thông báo rút lại.

Điều này cho thấy bạn có quyền rút lại thông báo chấp nhận hợp đồng của mình mà không cần phải đợi đến khi thông báo về việc thay đổi hoặc rút lại đề nghị có hiệu lực. Bạn chỉ cần đảm bảo rằng thông báo rút lại của mình được gửi trước hoặc cùng thời điểm với thông báo chấp nhận.

Vì vậy, nếu bạn muốn thay đổi ý kiến và không muốn tiếp tục hợp đồng, bạn có thể gửi thông báo rút lại thông báo chấp nhận hợp đồng của mình trước hoặc cùng thời điểm với thông báo chấp nhận."
syn_1245_1768639948_1,"Vợ tôi là một trong những người lao động tham gia đình công và hôm nay họ đã quyết định ngừng đình công. Nếu chúng tôi muốn đóng cửa tạm thời nơi làm việc trong ngày hôm nay, điều đó có hợp pháp không?",Điều 206 - Bộ luật Lao động 2019,True,0.0,0.3851091142490372,"**CĂN CỨ PHÁP LUẬT THAM KHẢO:**
---
[Văn bản 1] - [Bộ luật Lao động 2019]
Nội dung: Điều 206. Trường hợp cấm đóng cửa tạm thời nơi làm việc  
1. Trước 12 giờ so với thời điểm bắt đầu đình công ghi trong quyết định đình công.  
2. Sau khi người lao động ngừng đình công.

[Văn bản 2] - [Bộ luật Lao động 2019]
Nội dung: Điều 205. Thông báo quyết định đóng cửa tạm thời nơi làm việc  
Ít nhất 03 ngày làm việc trước ngày đóng cửa tạm thời nơi làm việc, người sử dụng lao động phải niêm yết công khai quyết định đóng cửa tạm thời nơi làm việc tại nơi làm việc và thông báo cho các cơ quan, tổ chức sau đây:  
1. Tổ chức đại diện người lao động đang tổ chức và lãnh đạo đình công;  
2. Ủy ban nhân dân cấp tỉnh có nơi làm việc dự kiến đóng cửa;  
3. Ủy ban nhân dân cấp huyện có nơi làm việc dự kiến đóng cửa.

[Văn bản 3] - [Bộ luật Lao động 2019]
Nội dung: Điều 203. Quyền của các bên trước và trong quá trình đình công  
1. Tiếp tục thỏa thuận để giải quyết nội dung tranh chấp lao động tập thể hoặc cùng đề nghị hòa giải viên lao động, Hội đồng trọng tài lao động tiến hành hòa giải, giải quyết tranh chấp lao động.  
2. Tổ chức đại diện người lao động có quyền tổ chức và lãnh đạo đình công theo quy định tại Điều 198 của Bộ luật này có quyền sau đây:  
a) Rút quyết định đình công nếu chưa đình công hoặc chấm dứt đình công nếu đang đình công;  
b) Yêu cầu Tòa án tuyên bố cuộc đình công là hợp pháp.  
3. Người sử dụng lao động có quyền sau đây:  
a) Chấp nhận toàn bộ hoặc một phần yêu cầu và thông báo bằng văn bản cho tổ chức đại diện người lao động đang tổ chức và lãnh đạo đình công;  
b) Đóng cửa tạm thời nơi làm việc trong thời gian đình công do không đủ điều kiện để duy trì hoạt động bình"
syn_714_1768632906,"Tôi muốn mượn một chiếc xe của bạn tôi để đi du lịch nhưng không chắc chắn về việc sử dụng xe có đúng mục đích hay không, tôi phải làm gì?",Điều 497 - Bộ luật Dân sự 2015,True,1.0,0.4914285714285714,"**Căn cứ pháp lý:**
--- [Tài liệu 1] ---
Văn bản: Bộ luật Dân sự 2015
Nội dung: Điều 497. Quyền của bên mượn tài sản 1. Được sử dụng tài sản mượn theo đúng công dụng của tài sản và đúng mục đích đã thỏa thuận. 2. Yêu cầu bên cho mượn thanh toán chi phí hợp lý về việc sửa chữa hoặc làm tăng giá trị tài sản mượn, nếu có thỏa thuận. 3. Không phải chịu trách nhiệm về những hao mòn tự nhiên của tài sản mượn.

---

**Nội dung quy định:**
1. Được sử dụng tài sản mượn theo đúng công dụng của tài sản và đúng mục đích đã thỏa thuận.
2. Yêu cầu bên cho mượn thanh toán chi phí hợp lý về việc sửa chữa hoặc làm tăng giá trị tài sản mượn, nếu có thỏa thuận.
3. Không phải chịu trách nhiệm về những hao mòn tự nhiên của tài sản mượn.

---

**Phân tích & Hướng dẫn:**
Theo quy định tại Điều 497 của Bộ Luật Dân sự 2015, bạn có quyền sử dụng chiếc xe của bạn theo đúng công dụng và mục đích đã thỏa thuận. Tuy nhiên, bạn cũng cần tuân thủ nghĩa vụ của mình, cụ thể là không được sử dụng xe không đúng mục đích, công dụng, không đúng cách thức đã thỏa thuận, hoặc cho người khác mượn lại mà không có sự đồng ý của chủ sở hữu (bạn).

Nếu bạn lo ngại rằng việc sử dụng xe không đúng mục đích, bạn có thể liên hệ với bạn để xem xét việc thỏa thuận một thỏa thuận mới hoặc yêu cầu bạn chấp nhận việc sử dụng xe theo đúng mục đích đã thỏa thuận. Nếu bạn vẫn lo lắng về vấn đề này, bạn có thể cân nhắc việc tìm kiếm một phương án thay thế hoặc sử dụng một chiếc xe khác để tránh rủi ro pháp lý.

Đồng thời, bạn cũng cần tuân thủ nghĩa vụ thanh toán chi phí hợp lý về việc sửa chữa hoặc làm tăng giá trị tài sản mượn, nếu có thỏa thuận.

Tóm lại, bạn nên liên hệ với bạn để thảo luận về vấn đề này và đảm bảo rằng cả hai đều hiểu rõ và hài lòng về cách sử dụng"
syn_1109_1768639138_1,Vợ tôi là thành viên của tổ chức đại diện người lao động và gần đây cô ấy tham gia một cuộc họp thương lượng tập thể. Tôi muốn biết liệu thời gian tham gia đó có được tính là thời gian làm việc có hưởng lương không?,Điều 70 - Bộ luật Lao động 2019,True,1.0,0.45032165832737675,"**Căn cứ pháp lý:** 
- Điều 70. Quy trình thương lượng tập thể tại doanh nghiệp - Bộ luật Lao động 2019

**Nội dung quy định:**
Trong thời hạn 07 ngày làm việc kể từ ngày nhận được yêu cầu và nội dung thương lượng, các bên thỏa thuận về địa điểm, thời gian bắt đầu thương lượng. Người sử dụng lao động có trách nhiệm bố trí thời gian, địa điểm và các điều kiện cần thiết để tổ chức các phiên họp thương lượng tập thể. Thời gian bắt đầu thương lượng không được quá 30 ngày kể từ ngày nhận được yêu cầu thương lượng tập thể. Thời gian tham gia các phiên họp thương lượng tập thể của đại diện bên người lao động được tính là thời gian làm việc có hưởng lương. 

**Phân tích & Hướng dẫn:**
Theo quy định tại Điều 70 của Bộ Luật Lao động 2019, thời gian tham gia các phiên họp thương lượng tập thể của đại diện bên người lao động được tính là thời gian làm việc có hưởng lương. Do đó, thời gian tham gia cuộc họp thương lượng tập thể mà vợ bạn tham gia là thời gian làm việc có hưởng lương. Bạn có thể căn cứ vào quy định này để yêu cầu công ty trả lương cho thời gian tham dự cuộc họp này."
syn_831_1768633692,"Tôi có 2 anh chị em, và chúng tôi cùng thừa kế tài sản từ cha mẹ, vậy thời điểm nào chúng tôi chính thức có quyền và nghĩa vụ đối với tài sản đó?",Điều 614 - Bộ luật Dân sự 2015,True,1.0,0.5237113402061856,"**Căn cứ pháp lý:**
---
**[Tài liệu 1]** - [Bộ luật Dân sự 2015] - Điều 614

**Nội dung quy định:**
Kể từ thời điểm mở thừa kế, những người thừa kế có các quyền, nghĩa vụ tài sản do người chết để lại.

**Phân tích & Hướng dẫn:**
---
Theo Điều 614 của Bộ Luật Dân sự 2015, thời điểm phát sinh quyền và nghĩa vụ của người thừa kế là từ thời điểm mở thừa kế. Trong trường hợp của bạn, khi cha mẹ bạn qua đời và việc phân chia di sản đã được xác lập, bạn và hai anh chị em sẽ chính thức trở thành những người thừa kế và bắt đầu có quyền và nghĩa vụ đối với tài sản đó từ thời điểm mở thừa kế.

Điều này cũng đồng nghĩa với việc bạn và các anh chị em cần tuân thủ các quy định về việc quản lý, sử dụng và phân chia tài sản theo đúng quy định của pháp luật, đặc biệt là trong thời gian diễn ra thời hiệu thừa kế (theo quy định tại Điều 623 của Bộ Luật Dân sự 2015)."
syn_222_1768629465,Tôi có một doanh nghiệp nhỏ và không có hợp đồng cụ thể với nhà cung cấp. Tình huống này có thể áp dụng tập quán thương mại địa phương để giải quyết vấn đề không?,Điều 5 - Bộ luật Dân sự 2015,True,1.0,0.6061224489795918,"**Căn cứ pháp lý:**
---
[Văn bản] Bộ luật Dân sự 2015
[Nội dung] Điều 5. Áp dụng tập quán 1. Tập quán là quy tắc xử sự có nội dung rõ ràng để xác định quyền, nghĩa vụ của cá nhân, pháp nhân trong quan hệ dân sự cụ thể, được hình thành và lặp đi lặp lại nhiều lần trong một thời gian dài, được thừa nhận và áp dụng rộng rãi trong một vùng, miền, dân tộc, cộng đồng dân cư hoặc trong một lĩnh vực dân sự. 2. Trường hợp các bên không có thỏa thuận và pháp luật không quy định thì có thể áp dụng tập quán nhưng tập quán áp dụng không được trái với các nguyên tắc cơ bản của pháp luật dân sự quy định tại Điều 3 của Bộ luật này.

[Văn bản] Bộ luật Dân sự 2015
[Nội dung] Điều 666. Áp dụng tập quán quốc tế Các bên được lựa chọn tập quán quốc tế trong trường hợp quy định tại khoản 2 Điều 664 của Bộ luật này. Nếu hậu quả của việc áp dụng tập quán quốc tế đó trái với các nguyên tắc cơ bản của pháp luật Việt Nam thì pháp luật Việt Nam được áp dụng.

**Nội dung quy định:**
---
Theo Điều 5 của Bộ Luật Dân sự 2015, tập quán là quy tắc xử sự có nội dung rõ ràng để xác định quyền, nghĩa vụ của cá nhân, pháp nhân trong quan hệ dân sự cụ thể, được hình thành và lặp đi lặp lại nhiều lần trong một thời gian dài, được thừa nhận và áp dụng rộng rãi trong một vùng, miền, dân tộc, cộng đồng dân cư hoặc trong một lĩnh vực dân sự. 

Đối với trường hợp không có thỏa thuận và pháp luật không quy định, có thể áp dụng tập quán nhưng tập quán áp dụng không được trái với các nguyên tắc cơ bản của pháp luật dân sự quy định tại Điều 3 của Bộ luật này.

**Phân tích & Hướng dẫn:**
---
Trong tình huống của bạn, doanh nghiệp nhỏ không có hợp đồng cụ thể với nhà cung cấp, nên không có thỏa thuận về pháp luật áp dụng. Tuy nhiên, theo Điều 5 của Bộ Luật Dân sự 2015, có thể áp dụng tập quán thương mại địa phương. 

Tuy nhiên,"
syn_925_1768634302,"Tôi có một công việc yêu cầu tôi thường xuyên phải đi công tác xa nhà, vậy tôi có cần phải làm gì để bảo đảm nghĩa vụ vợ chồng trong thời gian tôi vắng nhà không?",Điều 19 - Luật Hôn nhân và Gia đình 2014,True,0.6666666666666666,0.41190476190476194,"**CĂN CỨ PHÁP LUẬT THAM KHẢO:**

- **[Tài liệu 1]** - [Luật Hôn nhân và Gia đình 2014]
- **[Tài liệu 2]** - [Bộ luật Dân sự 2015]
- **[Tài liệu 3]** - [Luật Hôn nhân và Gia đình 2014]

**Nội dung quy định:**

Theo Điều 19 của Luật Hôn nhân và Gia đình 2014, vợ chồng có nghĩa vụ thương yêu, chung thủy, tôn trọng, quan tâm, chăm sóc, giúp đỡ nhau; cùng nhau chia sẻ, thực hiện các công việc trong gia đình. Theo Điều 66 của Bộ luật Dân sự 2015, người quản lý tài sản của người vắng mặt tại nơi cư trú có nghĩa vụ giữ gìn, bảo quản tài sản của người vắng mặt như tài sản của chính mình; bán ngay tài sản là hoa màu, sản phẩm khác có nguy cơ bị hư hỏng; thực hiện nghĩa vụ cấp dưỡng, thanh toán nợ đến hạn, nghĩa vụ tài chính khác của người vắng mặt bằng tài sản của người đó theo quyết định của Tòa án.

**Phân tích & Hướng dẫn:**

Đối với trường hợp bạn phải đi công tác xa nhà thường xuyên, việc duy trì mối quan hệ vợ chồng và đảm bảo nghĩa vụ vợ chồng trong thời gian vắng nhà đòi hỏi cả hai bên cần có sự hiểu biết và hợp tác chặt chẽ. Dưới góc nhìn của Luật Hôn nhân và Gia đình 2014, bạn và vợ/chồng của mình cần cùng nhau chia sẻ, thực hiện các công việc trong gia đình, nhất là những công việc liên quan đến việc chăm sóc con cái, quản lý tài sản và các hoạt động khác trong gia đình.

Theo Điều 66 của Bộ luật Dân sự 2015, nếu bạn là người quản lý tài sản của người vắng mặt (vợ/chồng), bạn có nghĩa vụ giữ gìn, bảo quản tài sản của người vắng mặt như tài sản của chính mình, bán ngay tài sản là hoa màu, sản phẩm khác có nguy cơ bị hư hỏng, và thực hiện nghĩa vụ cấp dưỡng, thanh toán nợ đến hạn,"
syn_1081_1768638995_1,"Tôi làm việc trong một nhà máy sản xuất và nghe nói rằng nhà máy sẽ thay đổi quy trình công nghệ, điều này có thể ảnh hưởng đến vị trí công việc của tôi. Tôi muốn hỏi, nếu có vị trí mới, công ty có phải ưu tiên đào tạo lại cho tôi không?",Điều 42 - Bộ luật Lao động 2019,True,1.0,0.46029173419773095,"**Căn cứ pháp lý:**
Điều 42 và Điều 44 - Bộ luật Lao động 2019

**Nội dung quy định:**
Theo Điều 42 của Bộ luật Lao động 2019, nếu có thay đổi cơ cấu, công nghệ hoặc vì lý do kinh tế, người sử dụng lao động phải xây dựng và thực hiện phương án sử dụng lao động theo quy định tại Điều 44 của Bộ luật này. Điều 44 quy định rằng nếu thay đổi cơ cấu, công nghệ mà ảnh hưởng đến việc làm của nhiều người lao động, người sử dụng lao động phải xây dựng và thực hiện phương án sử dụng lao động, ưu tiên đào tạo lại người lao động để tiếp tục sử dụng. Nếu có vị trí mới do thay đổi công nghệ, người sử dụng lao động cần tuân thủ quy định này.

**Phân tích & Hướng dẫn:**
Trong trường hợp của bạn, nếu nhà máy đã thông báo rằng quy trình công nghệ sẽ thay đổi và có thể ảnh hưởng đến vị trí công việc của bạn, công ty cần tuân thủ các quy định về đào tạo lại và sử dụng lao động theo Điều 42 và Điều 44 của Bộ luật Lao động 2019. Theo đó, nếu thay đổi công nghệ ảnh hưởng đến việc làm của nhiều người lao động, công ty phải xây dựng và thực hiện phương án sử dụng lao động, ưu tiên đào tạo lại người lao động để họ tiếp tục làm việc.

Vì vậy, nếu nhà máy thay đổi quy trình công nghệ và có vị trí mới, công ty có nghĩa vụ ưu tiên đào tạo lại cho bạn. Bạn nên liên hệ với bộ phận nhân sự của công ty để thảo luận về kế hoạch đào tạo và việc chuyển đổi vị trí mới. Đồng thời, bạn cũng có quyền yêu cầu thông báo chính thức về việc thay đổi công nghệ và vị trí mới, cũng như các biện pháp bảo vệ quyền lợi của bạn theo quy định của pháp luật."
syn_1075_1768638965_2,Công ty tôi đang gặp khó khăn tài chính và buộc phải giảm bớt nhân sự. Chúng tôi đã thử nhiều biện pháp nhưng không thành công. Vậy công ty có thể đơn phương chấm dứt hợp đồng lao động với nhân viên không?,Điều 36 - Bộ luật Lao động 2019,True,1.0,0.40417209908735335,"**Căn cứ pháp lý:** 
- [Tài liệu 1] - Điều 36. Quyền đơn phương chấm dứt hợp đồng lao động của người sử dụng lao động, Bộ luật Lao động 2019

**Nội dung quy định:**
- Theo Điều 36 của Bộ Luật Lao động 2019, người sử dụng lao động có quyền đơn phương chấm dứt hợp đồng lao động trong trường hợp do thiên tai, hỏa hoạn, dịch bệnh nguy hiểm, địch họa hoặc di dời, thu hẹp sản xuất, kinh doanh theo yêu cầu của cơ quan nhà nước có thẩm quyền mà người sử dụng lao động đã tìm mọi biện pháp khắc phục nhưng vẫn buộc phải giảm chỗ làm việc.

**Phân tích & Hướng dẫn:**
Trong trường hợp của công ty bạn, nếu công ty đang gặp khó khăn tài chính và buộc phải giảm bớt nhân sự, nhưng đã tìm mọi biện pháp khắc phục mà vẫn không thành công, công ty có thể đơn phương chấm dứt hợp đồng lao động với nhân viên dựa trên quy định tại điểm c của Điều 36 của Bộ Luật Lao động 2019. Điều này cho phép người sử dụng lao động đơn phương chấm dứt hợp đồng lao động trong trường hợp do thiên tai, hỏa hoạn, dịch bệnh nguy hiểm, địch họa hoặc di dời, thu hẹp sản xuất, kinh doanh.

Tuy nhiên, công ty cũng cần tuân thủ quy định về thời gian báo trước và các quy định cụ thể về việc đơn phương chấm dứt hợp đồng lao động khác theo Điều 36 của Bộ Luật Lao động 2019. 

Đồng thời, công ty nên cân nhắc báo trước cho nhân viên về quyết định này và có kế hoạch hỗ trợ phù hợp nếu có thể, như việc chuyển hướng công việc, hỗ trợ việc làm mới, hoặc hỗ trợ đào tạo nghề cho nhân viên."
syn_1095_1768639064_1,"Công ty tôi hiện đang cho thuê một nhóm lao động cho một bên khác, nhưng họ không cung cấp thông tin đầy đủ về công việc của nhân viên. Tôi có quyền yêu cầu họ thông báo nội dung hợp đồng cho thuê lại không?",Điều 56 - Bộ luật Lao động 2019,True,1.0,0.44038668098818473,"**Căn cứ pháp lý:** [Tài liệu 1] - [Bộ Luật Lao động 2019]

**Nội dung quy định:**
Theo Điều 56 của Bộ Luật Lao động 2019, doanh nghiệp cho thuê lại lao động có quyền và nghĩa vụ thông báo cho người lao động biết nội dung của hợp đồng cho thuê lại lao động. Điều này bao gồm việc thông báo về địa điểm làm việc, vị trí việc làm, nội dung công việc cụ thể, yêu cầu đối với người lao động thuê lại, thời hạn thuê lại lao động, thời gian bắt đầu làm việc, thời giờ làm việc, thời giờ nghỉ ngơi, điều kiện an toàn, vệ sinh lao động tại nơi làm việc, trách nhiệm bồi thường tai nạn lao động, bệnh nghề nghiệp, và nghĩa vụ của mỗi bên đối với người lao động.

**Phân tích & Hướng dẫn:**
Theo quy định trên, Công ty bạn có quyền yêu cầu bên thuê lại lao động thông báo cho người lao động biết nội dung của hợp đồng cho thuê lại lao động. Đây là quyền và nghĩa vụ của doanh nghiệp cho thuê lại lao động theo Điều 56 của Bộ Luật Lao động 2019. 

Trong trường hợp công ty bạn nhận thấy rằng bên thuê lại lao động không cung cấp thông tin đầy đủ về công việc của nhân viên, bạn nên tiến hành giao tiếp với bên thuê lại lao động để yêu cầu họ cung cấp thông tin đầy đủ và chi tiết. Nếu vấn đề vẫn tồn tại, bạn có thể đưa ra yêu cầu chính thức thông qua hợp đồng cho thuê lại lao động hoặc thông qua các kênh tố tụng pháp luật nếu cần thiết."
syn_382_1768630702,"Tôi vừa phát hiện một chiếc xe máy bị bỏ quên ở công viên, tôi có thể giữ chiếc xe đó không?",Điều 165 - Bộ luật Dân sự 2015,False,1.0,0.35555555555555557,"**Căn cứ pháp lý:** [Tên điều luật] - [Tên văn bản luật]

**Nội dung quy định:**
Theo Điều 230 của Bộ Luật Dân sự 2015, người phát hiện tài sản do người khác đánh rơi, bỏ quên mà biết được địa chỉ của người đánh rơi hoặc bỏ quên thì phải thông báo hoặc trả lại tài sản cho người đó. Nếu không biết địa chỉ, cần thông báo hoặc giao nộp cho Ủy ban nhân dân cấp xã hoặc công an cấp xã nơi gần nhất để thông báo công khai cho chủ sở hữu biết mà nhận lại. 

**Phân tích & Hướng dẫn:**
Theo Điều 230 của Bộ Luật Dân sự 2015, bạn đã phát hiện một chiếc xe máy bị bỏ quên ở công viên. Theo quy định, nếu bạn biết được địa chỉ của người đánh rơi hoặc bỏ quên, bạn nên thông báo hoặc trả lại tài sản cho họ. 

Tuy nhiên, nếu bạn không biết địa chỉ của người đánh rơi hoặc bỏ quên, bạn cần thông báo hoặc giao nộp cho Ủy ban nhân dân cấp xã hoặc công an cấp xã nơi gần nhất để họ thông báo công khai cho chủ sở hữu biết. Trong trường hợp tài sản không xác định được chủ sở hữu, sau 1 năm kể từ khi thông báo công khai mà không xác định được chủ sở hữu hoặc chủ sở hữu không đến nhận, tài sản sẽ thuộc về Nhà nước theo quy định.

Trong trường hợp này, vì bạn đã phát hiện chiếc xe máy và đã thông báo cho Ủy ban nhân dân cấp xã hoặc công an cấp xã, bạn đang thực hiện đúng theo quy định của pháp luật. Tuy nhiên, bạn vẫn cần chờ thời gian 1 năm để xem liệu có ai đến nhận tài sản hay không. Nếu sau 1 năm không có ai nhận lại, tài sản sẽ thuộc về Nhà nước.

Do đó, bạn có thể giữ chiếc xe máy nhưng cần tuân thủ quy định của pháp luật về việc thông báo hoặc giao nộp tài sản bị bỏ quên."
syn_137_1768628764,Tôi là cổ đông của một công ty cổ phần và muốn biết quyền của tôi trong việc quyết định mức cổ tức hằng năm của cổ phần tôi đang nắm giữ là gì?,Điều 138 - Luật Doanh nghiệp 2020,True,1.0,0.3989769820971867,"**Căn cứ pháp lý:** 
- Điều 138 của Luật Doanh nghiệp 2020 - Văn bản: Luật Doanh nghiệp 2020

**Nội dung quy định:**
Đại hội đồng cổ đông có quyền và nghĩa vụ thông qua quyết định về mức cổ tức hằng năm của từng loại cổ phần. Theo đó, cổ đông có quyền biểu quyết trực tiếp hoặc thông qua người đại diện theo ủy quyền hoặc hình thức khác do Điều lệ công ty quy định.

**Phân tích & Hướng dẫn:**
Theo quy định tại Điều 138 của Luật Doanh nghiệp 2020, Đại hội đồng cổ đông có quyền quyết định mức cổ tức hằng năm của từng loại cổ phần. Như vậy, bạn, như một cổ đông của công ty cổ phần, có quyền tham gia vào việc thông qua mức cổ tức hằng năm của cổ phần mà bạn đang nắm giữ.

Để cụ thể hóa quy định này, bạn cần tham gia vào các cuộc họp Đại hội đồng cổ đông, nơi cổ đông sẽ được nghe báo cáo về tình hình kinh doanh và sau đó sẽ biểu quyết về mức cổ tức hằng năm. Nếu bạn muốn góp ý hoặc đưa ra yêu cầu về mức cổ tức, bạn cũng có thể gửi yêu cầu bằng văn bản và phải bao gồm các thông tin như họ tên, địa chỉ liên lạc, số lượng cổ phần và thời điểm đăng ký cổ phần của bạn.

Nếu bạn là cổ đông sở hữu cổ phần ưu đãi, theo quy định tại Điều 117 của Luật Doanh nghiệp 2020, bạn có quyền nhận cổ tức với mức cao hơn so với cổ phần phổ thông nhưng không có quyền biểu quyết. Bạn nên xem xét và thảo luận về mức cổ tức hằng năm với Hội đồng Quản trị và có thể gửi ý kiến hoặc yêu cầu thông qua quy trình thông qua Đại hội đồng cổ đông.

Nhớ rằng, quyền của bạn phụ thuộc vào tỷ lệ sở hữu cổ phần và quy định cụ thể của Điều lệ công ty."
syn_1547_1768642365_0,"Tôi có một cửa hàng và đã thuê một thiếu niên 15 tuổi để làm việc. Gần đây, tôi nghe nói rằng điều này có thể vi phạm pháp luật. Liệu tôi có phải chịu hình phạt gì không?",Điều 296 - Bộ luật Hình sự (Văn bản hợp nhất 2017),True,1.0,0.5996908809891809,"**Căn cứ pháp lý:**
Điều 296. Tội vi phạm quy định về sử dụng người lao động dưới 16 tuổi - Bộ luật Hình sự (Văn bản hợp nhất 2017)

**Nội dung quy định:**
Người nào sử dụng người lao động dưới 16 tuổi làm công việc nặng nhọc, nguy hiểm hoặc tiếp xúc với chất độc hại theo danh mục mà Nhà nước quy định thuộc một trong các trường hợp sau đây, thì bị phạt tiền từ 30.000.000 đồng đến 200.000.000 đồng, phạt cải tạo không giam giữ đến 03 năm hoặc phạt tù từ 06 tháng đến 03 năm:

a) Đã bị xử phạt vi phạm hành chính về hành vi này hoặc đã bị kết án về tội này, chưa được xóa án tích mà còn vi phạm;
b) Gây thương tích hoặc gây tổn hại cho sức khỏe của người khác mà tỷ lệ tổn thương cơ thể từ 31% đến 60%;
c) Gây thương tích hoặc gây tổn hại cho sức khỏe của 02 người trở lên mà tổng tỷ lệ tổn thương cơ thể của những người này từ 31% đến 60%.

**Phân tích & Hướng dẫn:**
Theo quy định tại Điều 296 của Bộ Luật Hình sự, việc sử dụng người lao động dưới 16 tuổi (trong trường hợp này là 15 tuổi) không chỉ bao gồm việc làm công việc nặng nhọc, nguy hiểm, mà còn bao gồm việc tiếp xúc với chất độc hại theo danh mục mà Nhà nước quy định. 

Trong trường hợp của bạn, đã thuê một thiếu niên 15 tuổi làm việc tại cửa hàng của mình, mặc dù thiếu niên này đã đủ tuổi để làm việc nhưng vẫn chưa đủ 16 tuổi theo quy định của Bộ luật Lao động 2019. 

Nếu thiếu niên này làm việc trong môi trường có nguy cơ làm tổn hại đến sức khỏe, hoặc làm việc trong môi trường chứa chất độc hại mà thiếu niên này không phù hợp, hoặc thiếu niên này đang làm việc quá nhiều giờ làm việc hoặc làm việc trong môi trường không an toàn, có thể bạn sẽ vi phạm quy định tại Điều 296 của Bộ Luật Hình sự.

T"
syn_1005_1768638595_1,"Tôi và vợ tôi đang trong quá trình nhờ mang thai hộ, nhưng nếu không may cả hai chúng tôi đều gặp phải sự cố và không thể chăm sóc đứa trẻ sau khi sinh, liệu người mang thai hộ có quyền nhận nuôi đứa trẻ hay không?",Điều 99 - Luật Hôn nhân và Gia đình 2014,True,0.3333333333333333,0.6553672316384181,"**CĂN CỨ PHÁP LUẬT THAM KHẢO:**
--- [Tài liệu 1] ---
Văn bản: Luật Hôn nhân và Gia đình 2014
Nội dung: Điều 99. Giải quyết tranh chấp liên quan đến việc sinh con bằng kỹ thuật hỗ trợ sinh sản, mang thai hộ vì mục đích nhân đạo 1. Tòa án là cơ quan có thẩm quyền giải quyết tranh chấp về sinh con bằng kỹ thuật hỗ trợ sinh sản, mang thai hộ. 2. Trong trường hợp chưa giao đứa trẻ mà cả hai vợ chồng bên nhờ mang thai hộ chết hoặc mất năng lực hành vi dân sự thì bên mang thai hộ có quyền nhận nuôi đứa trẻ; nếu bên mang thai hộ không nhận nuôi đứa trẻ thì việc giám hộ và cấp dưỡng đối với đứa trẻ được thực hiện theo quy định của Luật này và Bộ luật dân sự.

---

**PHÂN TÍCH & HƯỚNG DẪN:**

Theo quy định tại Điều 99 của Luật Hôn nhân và Gia đình 2014, trong trường hợp cả hai vợ chồng bên nhờ mang thai hộ chết hoặc mất năng lực hành vi dân sự, bên mang thai hộ có quyền nhận nuôi đứa trẻ. 

Trong trường hợp của bạn và vợ, nếu cả hai gặp phải sự cố nghiêm trọng và không thể chăm sóc đứa trẻ sau khi sinh, thì theo quy định trên, người mang thai hộ (tức là bạn và vợ) sẽ có quyền nhận nuôi đứa trẻ. Nếu bạn và vợ không muốn nhận nuôi đứa trẻ, theo quy định tại Điều 99 của cùng một điều luật, việc giám hộ và cấp dưỡng đối với đứa trẻ sẽ được thực hiện theo quy định của Luật này và Bộ luật dân sự.

Như vậy, nếu cả hai bạn và vợ đều gặp phải sự cố và không thể chăm sóc đứa trẻ sau khi sinh, người mang thai hộ (bạn và vợ) sẽ có quyền nhận nuôi đứa trẻ, trừ trường hợp họ từ chối nhận. Nếu bạn và vợ không muốn nhận nuôi đứa trẻ, bạn có thể yêu cầu tòa án buộc bạn và vợ nhận đứa trẻ, hoặc tòa án có thể quyết định việc giám hộ và cấp dưỡng khác phù hợp."
syn_458_1768631257,Tôi đang nợ ngân hàng và họ đã quyết định xử lý tài sản của tôi để thu hồi nợ. Tôi muốn biết khi nào quyền sở hữu tài sản của tôi sẽ chấm dứt?,Điều 241 - Bộ luật Dân sự 2015,True,1.0,0.47186147186147187,"**Căn cứ pháp lý:**
- [Tài liệu 1] - Điều 237. Bộ luật Dân sự 2015
- [Tài liệu 2] - Điều 241. Bộ luật Dân sự 2015
- [Tài liệu 3] - Điều 244. Bộ luật Dân sự 2015

**Nội dung quy định:**
- Theo Điều 237 của Bộ Luật Dân sự 2015, quyền sở hữu tài sản chấm dứt trong trường hợp tài sản bị xử lý để thực hiện nghĩa vụ của chủ sở hữu.
- Theo Điều 241 của Bộ Luật Dân sự 2015, khi tài sản bị xử lý để thực hiện nghĩa vụ của chủ sở hữu, quyền sở hữu đối với tài sản đó chấm dứt tại thời điểm phát sinh quyền sở hữu của người nhận tài sản đó.
- Theo Điều 244 của Bộ Luật Dân sự 2015, khi tài sản của chủ sở hữu do phạm tội, vi phạm hành chính mà bị tịch thu, quyền sở hữu đối với tài sản đó chấm dứt kể từ thời điểm bản án, quyết định của Tòa án, cơ quan nhà nước có thẩm quyền khác có hiệu lực pháp luật.

**Phân tích & Hướng dẫn:**
Theo quy định tại Điều 241 của Bộ Luật Dân sự 2015, khi tài sản của bạn bị xử lý để thực hiện nghĩa vụ với ngân hàng (trong trường hợp này là việc thu hồi nợ), quyền sở hữu đối với tài sản đó sẽ chấm dứt tại thời điểm phát sinh quyền sở hữu của người nhận tài sản đó, tức là khi tài sản đó được chuyển giao cho ngân hàng.

Việc xử lý tài sản để thu hồi nợ thông qua việc ngân hàng yêu cầu Tòa án ra quyết định xử lý tài sản là một quá trình cụ thể. Khi quyết định xử lý tài sản được ra và có hiệu lực pháp luật, quyền sở hữu tài sản của bạn sẽ chấm dứt ngay lập tức. 

Do đó, bạn cần chú ý đến thời điểm quyết định xử lý tài sản được Tòa án ra và có hiệu lực pháp luật. Từ thời điểm đó, bạn không còn quyền sở hữu đối với tài sản đó."
syn_1504_1768641984_0,"Tôi là một người làm trong lĩnh vực giao hàng và vô tình nhận được một gói hàng chứa khoảng 0,3 gam heroin mà không biết đó là chất ma túy. Tôi sẽ phải đối mặt với án phạt gì nếu bị phát hiện?",Điều 252 - Bộ luật Hình sự (Văn bản hợp nhất 2017),True,1.0,0.2890523582864561,"**Căn cứ pháp lý:** Điều 250. Tội vận chuyển trái phép chất ma túy - Điều 252. Tội chiếm đoạt chất ma túy - Điều 251. Tội mua bán trái phép chất ma túy - Bộ luật Hình sự (Văn bản hợp nhất 2017)

**Nội dung quy định:**
1. Theo Điều 250, tội vận chuyển trái phép chất ma túy quy định về mức phạt tù đối với hành vi vận chuyển chất ma túy mà không nhằm mục đích sản xuất, mua bán, tàng trữ trái phép. Nếu người này chưa từng bị xử phạt về hành vi này trước đó, họ sẽ bị phạt tù từ 2 năm đến 7 năm.
   
2. Theo Điều 252, tội chiếm đoạt chất ma túy cũng quy định về mức phạt tù đối với hành vi chiếm đoạt chất ma túy mà không nhằm mục đích sản xuất, mua bán, tàng trữ trái phép. Người này sẽ bị phạt tù từ 1 năm đến 5 năm nếu chưa từng bị xử phạt về hành vi này trước đó.

3. Theo Điều 251, tội mua bán trái phép chất ma túy quy định về mức phạt tù đối với hành vi mua bán chất ma túy mà không nhằm mục đích sản xuất, mua bán, tàng trữ trái phép. Người này sẽ bị phạt tù từ 2 năm đến 7 năm.

**Phân tích & Hướng dẫn:**
Trong trường hợp bạn nhận được một gói hàng chứa khoảng 0,3 gam heroin mà không biết đó là chất ma túy, bạn có thể đang đối mặt với một trong hai tội danh: tội vận chuyển trái phép chất ma túy hoặc tội chiếm đoạt chất ma túy. 

Đối với trường hợp vận chuyển trái phép chất ma túy, vì bạn không có ý định sản xuất, mua bán, tàng trữ chất ma túy và chưa từng bị xử phạt về hành vi này trước đó, bạn chỉ có thể bị phạt tù từ 2 năm đến 7 năm, tùy thuộc vào mức độ nghiêm trọng của hành vi cụ thể.

Đối với trường hợp chiếm đoạt chất ma túy, nếu bạn chiếm đoạt chất ma túy mà không nhằm mục đích sản xuất, mua bán, tàng trữ trái phép và chưa từng bị xử phạt về hành vi này trước đó, bạn"
syn_1392_1768641094_1,Chồng tôi vừa mới biết rằng vợ tôi đang mang thai nhưng anh ta lại có những hành động bạo lực và chửi mắng vợ. Tôi rất lo lắng cho sức khỏe của vợ và thai nhi. Liệu hành vi của chồng tôi có thể bị truy cứu trách nhiệm hình sự không?,Điều 140 - Bộ luật Hình sự (Văn bản hợp nhất 2017),False,1.0,0.48024948024948033,"**Căn cứ pháp lý:**
---
Văn bản: Bộ luật Hình sự (Văn bản hợp nhất 2017)
Nội dung: Điều 185. Tội ngược đãi hoặc hành hạ ông bà, cha mẹ, vợ chồng, con, cháu hoặc người có công nuôi dưỡng mình

**Nội dung quy định:**
---
Điều 185. Tội ngược đãi hoặc hành hạ ông bà, cha mẹ, vợ chồng, con, cháu hoặc người có công nuôi dưỡng mình 1. Người nào đối xử tồi tệ hoặc có hành vi bạo lực xâm phạm thân thể ông bà, cha mẹ, vợ chồng, con, cháu hoặc người có công nuôi dưỡng mình thuộc một trong những trường hợp sau đây, thì bị phạt cảnh cáo, phạt cải tạo không giam giữ đến 03 năm hoặc phạt tù từ 06 tháng đến 03 năm: a) Thường xuyên làm cho nạn nhân bị đau đớn về thể xác, tinh thần; b) Đã bị xử phạt vi phạm hành chính về hành vi này mà còn vi phạm. 2. Phạm tội thuộc một trong các trường hợp sau đây, thì bị phạt tù từ 02 năm đến 05 năm: a) Đối với người dưới 16 tuổi, phụ nữ mà biết là có thai, người già yếu; b) Đối với người khuyết tật nặng, khuyết tật đặc biệt nặng hoặc người mắc bệnh hiểm nghèo.

---

**Phân tích & Hướng dẫn:**
---
Theo Điều 185 của Bộ luật Hình sự, hành vi ngược đãi hoặc hành hạ vợ, con hoặc người có công nuôi dưỡng mình có thể bị truy cứu trách nhiệm hình sự nếu phạm vào một trong các trường hợp cụ thể được quy định. 

Trong trường hợp của bạn, chồng bạn đã có hành động bạo lực và chửi mắng vợ khi vợ đang mang thai. Nếu hành vi này thường xuyên làm cho vợ bị đau đớn về thể xác và tinh thần, hoặc đã bị xử phạt về hành vi tương tự mà còn tiếp tục vi phạm, thì chồng bạn có thể bị truy cứu trách nhiệm hình sự theo Điều 185, Mô hình 1, Điểm a) với mức phạt từ 06 tháng đến 03 năm tù.

Mặt khác, nếu hành vi bạo lực này xảy ra với người dưới 16 tuổi,"
syn_685_1768632726,Tôi muốn vay 200 triệu đồng từ một người bạn và chúng tôi đã thỏa thuận lãi suất là 25%/năm. Vậy thỏa thuận này có hợp pháp không?,Điều 468 - Bộ luật Dân sự 2015,True,1.0,0.6240681576144835,"**Căn cứ pháp lý:** 
- [Tài liệu 1] - Bộ luật Dân sự 2015

**Nội dung quy định:** 
- Điều 468. Lãi suất 1. Lãi suất vay do các bên thỏa thuận. Trường hợp các bên có thỏa thuận về lãi suất thì lãi suất theo thỏa thuận không được vượt quá 20%/năm của khoản tiền vay, trừ trường hợp luật khác có liên quan quy định khác. 

**Phân tích & Hướng dẫn:**

Theo Điều 468 của Bộ Luật Dân sự 2015, lãi suất vay do các bên thỏa thuận. Tuy nhiên, quy định cụ thể về giới hạn lãi suất cho vay được nêu tại Điều 468.1. Trong đó, lãi suất theo thỏa thuận không được vượt quá 20%/năm của khoản tiền vay, trừ trường hợp luật khác quy định khác.

Trong trường hợp của bạn, lãi suất thỏa thuận là 25%/năm. Theo quy định trên, lãi suất 25%/năm vượt quá giới hạn 20%/năm quy định tại Điều 468.1. Do đó, lãi suất thỏa thuận 25%/năm không được phép thực hiện. 

Tuy nhiên, theo Điều 468.2, nếu các bên có thỏa thuận về việc trả lãi nhưng không xác định rõ lãi suất và có tranh chấp về lãi suất thì lãi suất được xác định bằng 50% mức lãi suất giới hạn quy định tại khoản 1 Điều này tại thời điểm trả nợ. 

Trong trường hợp này, lãi suất 25%/năm không được phép thực hiện, nhưng nếu bạn và người bạn đã thỏa thuận rằng sẽ tính lãi bằng 50% mức lãi suất giới hạn quy định tại khoản 1 Điều 468 của Bộ luật Dân sự, tức là 10%/năm, thì thỏa thuận này là hợp pháp.

Để chắc chắn hơn, bạn nên tham khảo ý kiến của một chuyên gia pháp lý hoặc法律顾问 để đảm bảo rằng tất cả các điều khoản trong hợp đồng đều tuân thủ đúng các quy định của pháp luật Việt Nam."
syn_1042_1768638791_2,"Công ty tôi thành lập năm 2021 và hiện tại đang tìm kiếm nhân viên. Tôi có thể thuê một người chưa đủ 15 tuổi để làm những công việc nhẹ nhàng không, và điều gì sẽ xảy ra nếu tôi làm điều đó?",Điều 3 - Bộ luật Lao động 2019,False,0.6666666666666666,0.3262325015216068,"**Căn cứ pháp lý:**
--- [Tài liệu 1] ---
Văn bản: Bộ luật Lao động 2019
Nội dung: Điều 145. Sử dụng người chưa đủ 15 tuổi làm việc 1. Khi sử dụng người chưa đủ 15 tuổi làm việc, người sử dụng lao động phải tuân theo quy định sau đây: a) Phải giao kết hợp đồng lao động bằng văn bản với người chưa đủ 15 tuổi và người đại diện theo pháp luật của người đó; b) Bố trí giờ làm việc không ảnh hưởng đến thời gian học tập của người chưa đủ 15 tuổi; c) Phải có giấy khám sức khỏe của cơ sở khám bệnh, chữa bệnh có thẩm quyền xác nhận sức khỏe của người chưa đủ 15 tuổi phù hợp với công việc và tổ chức kiểm tra sức khỏe định kỳ ít nhất một lần trong 06 tháng; d) Bảo đảm điều kiện làm việc, an toàn, vệ sinh lao động phù hợp với lứa tuổi. 2. Người sử dụng lao động chỉ được tuyển dụng và sử dụng người từ đủ 13 tuổi đến chưa đủ 15 tuổi vào làm các công việc nhẹ theo quy định tại khoản 3 Điều 143 của Bộ luật này.

**Phân tích & Hướng dẫn:**
Theo Điều 145 của Bộ Luật Lao động 2019, bạn không được sử dụng người chưa đủ 15 tuổi làm việc, trừ khi họ đang thực hiện công việc nhẹ theo danh mục do Bộ trưởng Bộ Lao động - Thương binh và Xã hội ban hành. 

Điều này đồng nghĩa với việc, công ty của bạn không được thuê một người chưa đủ 15 tuổi để làm bất kỳ công việc nào, kể cả công việc nhẹ nhàng. Nếu bạn cố gắng làm điều này, bạn sẽ vi phạm quy định của Bộ Luật Lao động 2019 và có thể đối mặt với các hậu quả pháp lý nghiêm trọng, bao gồm phạt tiền và có thể bị truy cứu trách nhiệm hình sự.

Vì vậy, công ty bạn nên tìm kiếm nhân viên đủ 13 tuổi trở lên để đảm bảo tuân thủ quy định của pháp luật về lao động trẻ em."
syn_1422_1768641332_2,Tôi biết một người đang lợi dụng tình trạng dịch bệnh để ép buộc những người khác chuyển nhượng tài sản cho mình. Tôi có thể báo cáo điều này với cơ quan nào và liệu họ có bị xử lý theo pháp luật không?,Điều 170 - Bộ luật Hình sự (Văn bản hợp nhất 2017),False,0.0,0.3582718651211802,"**CĂN CỨ PHÁP LUẬT THAM KHẢO:**
---
--- [Tài liệu 1] ---
Văn bản: Bộ luật Hình sự (Văn bản hợp nhất 2017)
Nội dung: Điều 196. Tội đầu cơ

--- [Tài liệu 2] ---
Văn bản: Bộ luật Hình sự (Văn bản hợp nhất 2017)
Nội dung: Điều 241. Tội làm lây lan dịch bệnh nguy hiểm cho động vật, thực vật

---

**CĂN CỨ PHÁP LUẬT THAM KHẢO:**
---
--- [Tài liệu 3] ---
Văn bản: Bộ luật Hình sự (Văn bản hợp nhất 2017)
Nội dung: Điều 384. Tội mua chuộc hoặc cưỡng ép người khác trong việc khai báo, cung cấp tài liệu

---

**CĂN CỨ PHÁP LUẬT THAM KHẢO:**
---
--- [Tài liệu 1] ---
Văn bản: Bộ luật Hình sự (Văn bản hợp nhất 2017)
Nội dung: Điều 196. Tội đầu cơ

---

**CĂN CỨ PHÁP LUẬT THAM KHẢO:**
---
--- [Tài liệu 2] ---
Văn bản: Bộ luật Hình sự (Văn bản hợp nhất 2017)
Nội dung: Điều 241. Tội làm lây lan dịch bệnh nguy hiểm cho động vật, thực vật

---

**CĂN CỨ PHÁP LUẬT THAM KHẢO:**
---
--- [Tài liệu 3] ---
Văn bản: Bộ luật Hình sự (Văn bản hợp nhất 2017)
Nội dung: Điều 384. Tội mua chuộc hoặc cưỡng ép người khác trong việc khai báo, cung cấp tài liệu

---

**CĂN CỨ PHÁP LUẬT THAM KHẢO:**
---
--- [Tài liệu 1] ---
Văn bản: Bộ luật Hình sự (Văn bản hợp nhất 2017)
Nội dung: Điều 196. Tội đầu cơ

---

**CĂN CỨ PHÁP LUẬT THAM"
syn_379_1768630685,"Công ty tôi cho thuê một chiếc xe, nhưng xe bị mất cắp. Ai sẽ phải chịu trách nhiệm về khoản thiệt hại này?",Điều 162 - Bộ luật Dân sự 2015,False,1.0,0.35648148148148145,"**Căn cứ pháp lý:** 
- [Tài liệu 1] - [Tài liệu 3]
- [Tài liệu 2] - [Tài liệu 1]

**Nội dung quy định:**
- Theo Điều 541 của Bộ luật Dân sự 2015, bên vận chuyển (công ty cho thuê xe) phải chịu trách nhiệm bồi thường thiệt hại cho bên thuê (công ty thuê xe) nếu để tài sản bị mất hoặc hư hỏng, trừ trường hợp quy định tại khoản 3 Điều 536 của Bộ luật này.
- Theo Điều 479 của Bộ luật Dân sự 2015, bên thuê (công ty thuê xe) phải chịu trách nhiệm về những hao mòn tự nhiên do sử dụng tài sản thuê, nhưng không phải chịu trách nhiệm về tài sản có tính chất nguy hiểm, độc hại mà không có biện pháp đóng gói, bảo đảm an toàn trong quá trình vận chuyển.
- Theo Điều 196 của Luật Doanh nghiệp 2020, công ty mẹ (công ty cho thuê xe) không phải chịu trách nhiệm về thiệt hại nếu không can thiệp ngoài thẩm quyền của chủ sở hữu, thành viên hoặc cổ đông và buộc công ty con (công ty thuê xe) phải thực hiện hoạt động kinh doanh trái với thông lệ kinh doanh bình thường hoặc thực hiện hoạt động không sinh lợi mà không đền bù hợp lý trong năm tài chính có liên quan.

**Phân tích & Hướng dẫn:**
Trong trường hợp này, xe của công ty bạn đã bị mất cắp. Theo Điều 541 của Bộ luật Dân sự 2015, bên vận chuyển (công ty cho thuê xe) phải chịu trách nhiệm bồi thường thiệt hại cho bên thuê (công ty thuê xe) nếu để tài sản bị mất hoặc hư hỏng. Tuy nhiên, cần phân tích thêm về các yếu tố khác để xác định trách nhiệm cụ thể.

1. **Thực hiện biện pháp bảo vệ**: Công ty cho thuê xe cần đảm bảo rằng xe của họ được bảo vệ đầy đủ. Nếu không có biện pháp bảo vệ phù hợp, công ty cho thuê xe có thể phải chịu trách nhiệm bồi thường theo Điều 541 của Bộ luật Dân sự 2015.

2. **Việc bảo quản và tu sửa**: Theo Điều 4"
syn_1506_1768642000_0,Tôi là một chủ cửa hàng dụng cụ thể thao và gần đây có một số hàng hóa mà tôi không biết rõ nguồn gốc. Tôi có thể bị xử lý pháp lý nếu hàng hóa đó được sử dụng vào việc sản xuất hay sử dụng trái phép chất ma túy không?,Điều 254 - Bộ luật Hình sự (Văn bản hợp nhất 2017),True,1.0,0.5910543130990414,"**Căn cứ pháp lý:**
Điều 254. Tội sản xuất, tàng trữ, vận chuyển hoặc mua bán phương tiện, dụng cụ dùng vào việc sản xuất hoặc sử dụng trái phép chất ma túy - Bộ luật Hình sự (Văn bản hợp nhất 2017)

**Nội dung quy định:**
Theo Điều 254, nếu cá nhân nào sản xuất, tàng trữ, vận chuyển hoặc mua bán phương tiện, dụng cụ dùng vào việc sản xuất hoặc sử dụng trái phép chất ma túy thuộc một trong các trường hợp sau đây, thì bị phạt tù từ 01 năm đến 05 năm:

a) Đã bị xử phạt vi phạm hành chính về một trong các hành vi này hoặc đã bị kết án về tội này, chưa được xóa án tích mà còn vi phạm;
b) Có số lượng từ 06 đơn vị đến 19 đơn vị dụng cụ, phương tiện cùng loại hoặc khác loại.

**Phân tích & Hướng dẫn:**
Theo thông tin bạn cung cấp, bạn là một chủ cửa hàng dụng cụ thể thao và có một số hàng hóa mà bạn không chắc chắn về nguồn gốc. Để tránh vi phạm pháp luật, bạn cần phải chắc chắn rằng tất cả các hàng hóa bạn bán đều được sản xuất theo đúng quy định của pháp luật và không chứa bất kỳ thành phần nào có thể sử dụng để sản xuất hoặc sử dụng trái phép chất ma túy.

Nếu hàng hóa mà bạn bán được sử dụng để sản xuất hoặc sử dụng trái phép chất ma túy, theo Điều 254 của Bộ luật Hình sự, bạn có thể bị truy cứu trách nhiệm hình sự với mức án từ 01 năm đến 05 năm tù. Ngoài ra, bạn cũng có thể bị phạt tiền, cấm đảm nhiệm chức vụ, cấm hành nghề hoặc làm công việc nhất định, hoặc tịch thu một phần hoặc toàn bộ tài sản.

Việc kiểm tra và xác minh nguồn gốc của các hàng hóa trước khi bán rất quan trọng. Nếu bạn nghi ngờ một sản phẩm có thể sử dụng để sản xuất trái phép chất ma túy, bạn nên liên hệ với cơ quan chức năng để xác minh.

Ngoài ra, bạn nên tuân thủ các quy định về kiểm soát hàng hóa có thể liên quan đến ma túy như việc đăng ký với cơ quan chức năng, theo dõi lưu"
syn_1549_1768642381_2,"Gia đình tôi đã thuê một nhà thầu để xây dựng nhà, nhưng sau khi hoàn thành, tôi phát hiện ra rằng công trình này có nhiều sai sót nghiêm trọng và gây thiệt hại về tài sản khoảng 600 triệu đồng. Tôi muốn biết liệu nhà thầu có thể bị xử lý pháp lý không?",Điều 298 - Bộ luật Hình sự (Văn bản hợp nhất 2017),False,1.0,0.45745511319281806,"**Căn cứ pháp lý:**
---
[Văn bản] Bộ luật Hình sự (Văn bản hợp nhất 2017)  
[Nội dung] Điều 224. Tội vi phạm quy định về đầu tư công trình xây dựng gây hậu quả nghiêm trọng

**Nội dung quy định:**
---
1. Người nào lợi dụng chức vụ, quyền hạn thực hiện một trong những hành vi sau đây, gây thiệt hại từ 100.000.000 đồng đến dưới 300.000.000 đồng hoặc dưới 100.000.000 đồng nhưng đã bị xử lý kỷ luật về hành vi này mà còn vi phạm, thì bị phạt cải tạo không giam giữ đến 03 năm hoặc phạt tù từ 01 năm đến 05 năm:
   a) Quyết định đầu tư xây dựng không đúng quy định của Luật Xây dựng;
   b) Lập, thẩm định, phê duyệt thiết kế, dự toán, điều chỉnh dự toán, nghiệm thu công trình sử dụng vốn của Nhà nước trái với quy định của Luật Xây dựng;
   c) Lựa chọn nhà thầu không đủ điều kiện năng lực để thực hiện hoạt động xây dựng;
   d) Dàn xếp, thông đồng làm sai lệch kết quả lập dự án, khảo sát, thiết kế, giám sát thi công, xây dựng công trình.

2. Phạm tội thuộc một trong các trường hợp sau đây, thì bị phạt tù từ 03 năm đến 12 năm:
   a) Vì vụ lợi;
   b) Có tổ chức;
   c) Dùng thủ đoạn tinh vi, xảo quyệt;
   d) Gây thiệt hại từ 300.000.000 đồng đến dưới 1.000.000.000 đồng.

3. Phạm tội gây thiệt hại 1.000.000.000 đồng trở lên, thì bị phạt tù từ 10 năm đến 20 năm.
4. Người phạm tội còn có thể bị cấm đảm nhiệm chức vụ hoặc làm công việc nhất định từ 01 năm đến 05 năm hoặc tịch thu một phần hoặc toàn bộ tài sản.

---

**Phân tích & Hướng dẫn:**

Theo Điều 224 của Bộ luật Hình sự, nếu nhà thầu vi phạm một trong các"
syn_780_1768633341,"Gia đình tôi đang có một hợp đồng ủy quyền để thực hiện việc bán bất động sản, nhưng hợp đồng này đã ký được 3 năm. Vậy hợp đồng này còn hiệu lực hay không?",Điều 563 - Bộ luật Dân sự 2015,True,0.3333333333333333,0.4475,"**CĂN CỨ PHÁP LUẬT THAM KHẢO:**

- **[Tài liệu 1]** - Bộ luật Dân sự 2015
  - Điều 563. Thời hạn ủy quyền: Thời hạn ủy quyền do các bên thỏa thuận hoặc do pháp luật quy định; nếu không có thỏa thuận và pháp luật không có quy định thì hợp đồng ủy quyền có hiệu lực 01 năm, kể từ ngày xác lập việc ủy quyền.

- **[Tài liệu 2]** - Bộ luật Dân sự 2015
  - Điều 401. Hiệu lực của hợp đồng: Hợp đồng được giao kết hợp pháp có hiệu lực từ thời điểm giao kết, trừ trường hợp có thỏa thuận khác hoặc luật liên quan có quy định khác. Từ thời điểm hợp đồng có hiệu lực, các bên phải thực hiện quyền và nghĩa vụ đối với nhau theo cam kết. Hợp đồng chỉ có thể bị sửa đổi hoặc hủy bỏ theo thỏa thuận của các bên hoặc theo quy định của pháp luật.

**PHÂN TÍCH VÀ HƯỚNG DẪN:**

Theo điều 563 của Bộ Luật Dân sự 2015, hợp đồng ủy quyền có thời hạn mặc định là 1 năm, kể từ ngày xác lập việc ủy quyền. Trong trường hợp hợp đồng ủy quyền giữa gia đình bạn đã ký kết được 3 năm, thời hạn mặc định này đã hết hạn. 

Điều 401 của cùng bộ luật quy định rằng hợp đồng có hiệu lực từ thời điểm giao kết và chỉ có thể bị sửa đổi hoặc hủy bỏ theo thỏa thuận của các bên hoặc theo quy định của pháp luật. Tuy nhiên, trong trường hợp này, thời hạn mặc định đã hết và không có thỏa thuận bổ sung về thời hạn mới.

Dựa trên quy định này, hợp đồng ủy quyền của gia đình bạn đã hết hiệu lực từ khi thời hạn mặc định 1 năm kết thúc, tức là sau 3 năm kể từ ngày xác lập hợp đồng. Vì vậy, hợp đồng ủy quyền giữa gia đình bạn và bên được ủy quyền đã không còn hiệu lực từ đó.

Tuy nhiên, theo điều 569 của Bộ Luật Dân sự 2015, bên ủy quyền (gia đình bạn) có quyền đơn phương chấm dứt hợp đồng bất cứ lúc"
syn_751_1768633140,"Tôi đang có một lô hàng giá trị lớn cần vận chuyển, nhưng không biết bên vận chuyển có nghĩa vụ gì trong việc bảo đảm an toàn và đúng thời hạn cho hàng hóa của tôi không?",Điều 534 - Bộ luật Dân sự 2015,True,1.0,0.561056105610561,"**Căn cứ pháp lý:** 
- [Tài liệu 1] - Bộ luật Dân sự 2015

**Nội dung quy định:**
1. Bảo đảm vận chuyển tài sản đầy đủ, an toàn đến địa điểm đã định, theo đúng thời hạn.
2. Giao tài sản cho người có quyền nhận.
3. Chịu chi phí liên quan đến việc chuyên chở tài sản, trừ trường hợp có thỏa thuận khác.
4. Mua bảo hiểm trách nhiệm dân sự theo quy định của pháp luật.
5. Bồi thường thiệt hại cho bên thuê vận chuyển trong trường hợp bên vận chuyển để mất, hư hỏng tài sản, trừ trường hợp có thỏa thuận khác hoặc pháp luật có quy định khác.

**Phân tích & Hướng dẫn:**
Theo quy định tại Điều 534 của Bộ Luật Dân sự 2015, bên vận chuyển có nghĩa vụ bảo đảm vận chuyển tài sản đầy đủ, an toàn đến địa điểm đã định, theo đúng thời hạn. Điều này có nghĩa là bên vận chuyển phải đảm bảo rằng tài sản của bạn sẽ được chuyển đi đúng địa điểm và đúng thời hạn đã cam kết, đồng thời phải bảo vệ tài sản của bạn trong suốt quá trình vận chuyển. Nếu bên vận chuyển để mất hoặc hư hỏng tài sản của bạn, họ sẽ phải chịu trách nhiệm bồi thường, trừ trường hợp có thỏa thuận khác hoặc pháp luật có quy định khác.

Ngoài ra, theo Điều 536 của cùng một văn bản pháp luật, bên thuê vận chuyển (trong trường hợp này là bạn) có nghĩa vụ trả đủ tiền cước phí vận chuyển cho bên vận chuyển theo đúng thời hạn và phương thức đã thỏa thuận, đồng thời cung cấp thông tin cần thiết liên quan đến tài sản vận chuyển để bảo đảm an toàn cho tài sản vận chuyển. 

Như vậy, bạn có thể yêu cầu bên vận chuyển đảm bảo an toàn và đúng thời hạn cho lô hàng của mình, đồng thời tuân thủ các nghĩa vụ về tiền cước phí và thông tin cần thiết. Nếu bên vận chuyển không thực hiện đúng nghĩa vụ này, bạn có quyền yêu cầu bồi thường thiệt hại theo quy định của pháp luật."
syn_1503_1768641976_1,"Chồng tôi vừa bị bắt vì bị nghi ngờ mua bán cần sa. Nếu anh ấy bị cáo buộc sử dụng người dưới 16 tuổi để bán ma túy, mức án nào có thể áp dụng cho anh ấy?",Điều 251 - Bộ luật Hình sự (Văn bản hợp nhất 2017),False,0.6666666666666666,0.4390791690061763,"**Căn cứ pháp lý:** 
Điều 251. Tội mua bán trái phép chất ma túy - Điều 254. Tội sản xuất, tàng trữ, vận chuyển hoặc mua bán phương tiện, dụng cụ dùng vào việc sản xuất hoặc sử dụng trái phép chất ma túy

**Nội dung quy định:**
1. **Điều 251. Tội mua bán trái phép chất ma túy:**
   - Phạm tội có thể bị phạt tù từ 02 năm đến 07 năm.
   - Phạm tội thuộc một trong các trường hợp sau đây, bị phạt tù từ 07 năm đến 15 năm:
     - Có tổ chức;
     - Phạm tội 02 lần trở lên;
     - Đối với 02 người trở lên;
     - Lợi dụng chức vụ, quyền hạn;
     - Đổi dụng danh nghĩa cơ quan, tổ chức;
     - Sử dụng người dưới 16 tuổi vào việc phạm tội hoặc bán ma túy cho người dưới 16 tuổi;
     - Qua biên giới;
     - Nhựa thuốc phiện, nhựa cần sa hoặc cao côca có khối lượng từ 500 gam đến dưới 01 kilôgam;
     - Heroine, Cocaine, Methamphetamine, Amphetamine, MDMA hoặc XLR-11 có khối lượng từ 05 gam đến dưới 30 gam;
     - Lá cây côca;
     - Lá khát (lá cây Catha edulis);
     - Lá, rễ, thân, cành, hoa, quả của cây cần sa hoặc bộ phận của cây khác có chứa chất ma túy do Chính phủ quy định có khối lượng từ 10 kilôgam đến dưới 25 kilôgam;
     - Quả thuốc phiện khô có khối lượng từ 50 kilôgam đến dưới 200 kilôgam;
     - Quả thuốc phiện tươi có khối lượng từ 10 kilôgam đến dưới 50 kilôgam;
     - Các chất ma túy khác ở thể rắn có khối lượng từ 20 gam đến dưới 100 gam;
     - Các chất ma túy khác ở thể lỏng có thể tích từ 100 mililít đến dưới 250 mililít;
     - Có 02 chất ma túy trở"
syn_1425_1768641357_0,Tôi vừa bị mất một chiếc xe máy trị giá 30 triệu đồng và tôi đã nghe nói rằng kẻ trộm này từng bị phạt hành chính vì hành vi chiếm đoạt tài sản trước đây. Tôi muốn biết liệu kẻ trộm này có bị xử lý nặng hơn không?,Điều 173 - Bộ luật Hình sự (Văn bản hợp nhất 2017),True,0.6666666666666666,0.773747841105354,"**Căn cứ pháp lý:**
- Bộ Luật Hình sự (Văn bản hợp nhất 2017), Điều 173

**Nội dung quy định:**
1. Người nào trộm cắp tài sản của người khác trị giá từ 2.000.000 đồng đến dưới 50.000.000 đồng hoặc dưới 2.000.000 đồng nhưng thuộc một trong các trường hợp sau đây, thì bị phạt cải tạo không giam giữ đến 03 năm hoặc phạt tù từ 06 tháng đến 03 năm:
   a) Đã bị xử phạt vi phạm hành chính về hành vi chiếm đoạt tài sản mà còn vi phạm;
   b) Đã bị kết án về tội này hoặc về một trong các tội quy định tại các điều 168, 169, 170, 171, 173, 174, 175 và 290 của Bộ luật này, chưa được xóa án tích mà còn vi phạm;
   c) Gây ảnh hưởng xấu đến an ninh, trật tự, an toàn xã hội;
   d) Tài sản là phương tiện kiếm sống chính của người bị hại và gia đình họ;
   e) Tài sản là di vật, cổ vật.
2. Phạm tội thuộc một trong các trường hợp sau đây, thì bị phạt tù từ 02 năm đến 07 năm:
   a) Có tổ chức;
   b) Có tính chất chuyên nghiệp;
   c) Chiếm đoạt tài sản trị giá từ 50.000.000 đồng đến dưới 200.000.000 đồng;
   d) Dùng thủ đoạn xảo quyệt, nguy hiểm;
   e) Hành hung để tẩu thoát;
   f) Tài sản là bảo vật quốc gia;
   g) Tái phạm nguy hiểm.
3. Phạm tội thuộc một trong các trường hợp sau đây, thì bị phạt tù từ 07 năm đến 15 năm:
   a) Chiếm đoạt tài sản trị giá từ 200.000.000 đồng đến dưới 500.000.000 đồng;
   b) Lợi dụng thiên tai, dịch bệnh.
4. Phạm tội thuộc một trong các trường hợp sau"
syn_495_1768631508,Công ty tôi và một nhà cung cấp đã ký hợp đồng nhưng không ghi rõ thời hạn thực hiện nghĩa vụ. Vậy tôi có thể yêu cầu họ thực hiện hợp đồng vào bất kỳ lúc nào không?,Điều 278 - Bộ luật Dân sự 2015,True,0.3333333333333333,0.5015544041450777,"**CĂN CỨ PHÁP LUẬT THAM KHẢO:**
---
**Tài liệu 1:** Bộ luật Dân sự 2015, Điều 278

**Tài liệu 2:** Bộ luật Dân sự 2015, Điều 434

**Tài liệu 3:** Bộ luật Dân sự 2015, Điều 415

---

**CÂU HỎI:**
Công ty tôi và một nhà cung cấp đã ký hợp đồng nhưng không ghi rõ thời hạn thực hiện nghĩa vụ. Vậy tôi có thể yêu cầu họ thực hiện hợp đồng vào bất kỳ lúc nào không?

---

**PHÂN TÍCH VÀ HƯỚNG DẪN:**

Theo Điều 278 của Bộ Luật Dân sự 2015, thời hạn thực hiện nghĩa vụ được xác định như sau:

1. Thời hạn thực hiện nghĩa vụ do các bên thỏa thuận, theo quy định của pháp luật hoặc theo quyết định của cơ quan có thẩm quyền.
2. Bên có nghĩa vụ phải thực hiện nghĩa vụ đúng thời hạn, trừ trường hợp Bộ luật này, luật khác có liên quan quy định khác.

Đối với hợp đồng mua bán (theo Điều 434 của Bộ Luật Dân sự 2015), nếu không xác định rõ thời hạn giao hàng, thì:

- Bên bán có quyền giao hàng trước hoặc sau thời hạn nếu được bên mua đồng ý.
- Bên mua có quyền yêu cầu bên bán giao hàng bất cứ lúc nào, nhưng phải báo trước cho bên bán một thời gian hợp lý.

Trong trường hợp hợp đồng mua bán không ghi rõ thời hạn giao hàng, bên mua có quyền yêu cầu bên bán giao hàng bất cứ lúc nào, miễn là thông báo cho bên bán trước một thời gian hợp lý. Đây là một điểm quan trọng cần lưu ý.

Tuy nhiên, Điều 415 của Bộ Luật Dân sự 2015 cũng quy định rằng khi thực hiện hợp đồng vì lợi ích của người thứ ba, người thứ ba chỉ có quyền yêu cầu bên có nghĩa vụ thực hiện nghĩa vụ đối với mình khi các bên trong hợp đồng không tranh chấp về việc thực hiện hợp đồng. 

Nếu tranh chấp giữa các bên trong hợp đồng chưa được giải quyết, người thứ ba không có"
syn_1346_1768640705_2,"Công ty tôi bị kết án với nhiều hình phạt khác loại, bao gồm phạt tiền và đình chỉ hoạt động có thời hạn. Tôi không hiểu liệu chúng tôi có phải chấp hành tất cả các hình phạt này hay có hình phạt nào được tổng hợp không?",Điều 86 - Bộ luật Hình sự (Văn bản hợp nhất 2017),True,1.0,0.556745182012848,"**CĂN CỨ PHÁP LUẬT THAM KHẢO:**
---
[Tài liệu 1] --- [Tài liệu 3] ---
Văn bản: Bộ luật Hình sự (Văn bản hợp nhất 2017)
Nội dung: Điều 86 và Điều 55.

---

**Căn cứ pháp lý:**
Điều 86 và Điều 55 của Bộ luật Hình sự (Văn bản hợp nhất 2017)

---

**Nội dung quy định:**
Theo Điều 86 của Bộ luật Hình sự, khi xét xử cùng một lần pháp nhân thương mại phạm nhiều tội, hình phạt sẽ được quyết định cho từng tội và tổng hợp theo các quy định cụ thể. Đối với hình phạt chính, nếu các hình phạt đã tuyên cùng là phạt tiền, các khoản tiền sẽ được cộng lại thành hình phạt chung. Hình phạt tiền không được tổng hợp với các hình phạt khác. Nếu các hình phạt đã tuyên là đình chỉ hoạt động có thời hạn và đình chỉ hoạt động vĩnh viễn trong cùng lĩnh vực, hình phạt chung là đình chỉ hoạt động vĩnh viễn trong lĩnh vực đó. 

Đối với hình phạt bổ sung, nếu các hình phạt đã tuyên là cùng loại, hình phạt chung được quyết định trong giới hạn do Bộ luật này quy định. Nếu các hình phạt đã tuyên là khác loại, pháp nhân thương mại bị kết án phải chấp hành tất cả các hình phạt đã tuyên.

---

**Phân tích & Hướng dẫn:**
Theo Điều 55 của Bộ luật Hình sự, đối với hình phạt chính, nếu các hình phạt đã tuyên là cải tạo không giam giữ hoặc tù có thời hạn, chúng sẽ được cộng lại thành hình phạt chung, nhưng hình phạt chung không vượt quá 03 năm đối với hình phạt cải tạo không giam giữ và 30 năm đối với hình phạt tù có thời hạn.

Trong trường hợp của công ty bạn, hình phạt bao gồm cả phạt tiền và đình chỉ hoạt động có thời hạn. Theo Điều 86 của Bộ luật Hình sự, hình phạt bổ sung (trong trường hợp này là đình chỉ hoạt động có thời hạn) không được tổng hợp với hình phạt tiền. Do đó, công ty bạn sẽ phải chấp hành tất cả các hình phạt đã tuyên, tức là cả hình phạt tiền và hình phạt đình chỉ hoạt động có thời hạn.

Việc tổng hợp"
syn_855_1768633834,Tôi đang điều trị tại bệnh viện và muốn lập di chúc. Tôi cần xác nhận của ai để di chúc của tôi có giá trị pháp lý?,Điều 638 - Bộ luật Dân sự 2015,True,1.0,0.8406708595387841,"**Căn cứ pháp lý:**
---
[Văn bản] Bộ luật Dân sự 2015  
[Nội dung] Điều 638. Di chúc bằng văn bản có giá trị như di chúc được công chứng hoặc chứng thực

**Nội dung quy định:**
1. Di chúc của quân nhân tại ngũ có xác nhận của thủ trưởng đơn vị từ cấp đại đội trở lên, nếu quân nhân không thể yêu cầu công chứng hoặc chứng thực.
2. Di chúc của người đang đi trên tàu biển, máy bay có xác nhận của người chỉ huy phương tiện đó.
3. Di chúc của người đang điều trị tại bệnh viện, cơ sở chữa bệnh, điều dưỡng khác có xác nhận của người phụ trách bệnh viện, cơ sở đó.
4. Di chúc của người đang làm công việc khảo sát, thăm dò, nghiên cứu ở vùng rừng núi, hải đảo có xác nhận của người phụ trách đơn vị.
5. Di chúc của công dân Việt Nam đang ở nước ngoài có chứng nhận của cơ quan lãnh sự, đại diện ngoại giao Việt Nam ở nước đó.
6. Di chúc của người đang bị tạm giam, tạm giữ, đang chấp hành hình phạt tù, người đang chấp hành biện pháp xử lý hành chính tại cơ sở giáo dục, cơ sở chữa bệnh có xác nhận của người phụ trách cơ sở đó.

**Phân tích & Hướng dẫn:**
Theo Điều 638 của Bộ Luật Dân sự 2015, khi lập di chúc, người đang điều trị tại bệnh viện cần có xác nhận của người phụ trách bệnh viện, cơ sở đó để di chúc có giá trị pháp lý. Trong trường hợp này, người phụ trách bệnh viện sẽ đảm nhận vai trò xác nhận cho di chúc của bạn, giúp đảm bảo rằng di chúc của bạn tuân thủ các quy định về giá trị pháp lý của di chúc tại Việt Nam."
syn_1517_1768642087_1,Chồng tôi đã tổ chức một cuộc đua xe trái phép tại một khu vực đông dân cư và có một tai nạn xảy ra làm chết một người. Hình phạt nào sẽ áp dụng cho chồng tôi?,Điều 265 - Bộ luật Hình sự (Văn bản hợp nhất 2017),True,1.0,0.4042857142857143,"**Căn cứ pháp lý:**
Điều 265. Tội tổ chức đua xe trái phép - Điều 265. Tội đua xe trái phép - Văn bản: Bộ luật Hình sự (Văn bản hợp nhất 2017)

**Nội dung quy định:**
1. Theo Điều 265.1, nếu tổ chức đua xe trái phép trong các trường hợp như tại khu vực đông dân cư, hoặc gây thương tích hoặc tổn hại sức khỏe của người khác với tỷ lệ tổn thương cơ thể từ 61% trở lên, người tổ chức đua xe có thể bị phạt tù từ 1 năm đến 5 năm hoặc phạt cải tạo không giam giữ.
2. Theo Điều 265.4, nếu tổ chức đua xe trái phép trong các trường hợp nghiêm trọng như gây thương tích hoặc tổn hại sức khỏe của 2 người trở lên với tổng tỷ lệ tổn thương cơ thể từ 122% trở lên, người tổ chức đua xe có thể bị phạt tù từ 7 năm đến 15 năm.

**Phân tích & Hướng dẫn:**
Trong trường hợp của người dùng, chồng bạn đã tổ chức một cuộc đua xe trái phép tại một khu vực đông dân cư và tai nạn đã xảy ra làm chết một người. Theo Điều 265.4 của Bộ luật Hình sự, đây là trường hợp nghiêm trọng vì đã gây tử vong cho một người. Do đó, hình phạt áp dụng cho chồng bạn sẽ là bị phạt tù từ 7 năm đến 15 năm.

Điều này cũng tương ứng với trường hợp quy định trong Điều 265.1 về việc tổ chức đua xe trái phép trong khu vực đông dân cư, gây thương tích hoặc tổn hại sức khỏe của người khác với tỷ lệ tổn thương cơ thể từ 61% trở lên. Tuy nhiên, mức hình phạt cao hơn được quy định trong Điều 265.4.

Mặc dù chồng bạn có thể còn gặp thêm hình phạt bổ sung như phạt tiền hoặc phạt cải tạo không giam giữ tùy thuộc vào từng trường hợp cụ thể, nhưng theo quy định chính xác nhất từ các điều khoản trên, hình phạt áp dụng cho chồng bạn sẽ là từ 7 năm đến 15 năm tù."
syn_768_1768633251,"Tôi là bên gia công, nhưng khách hàng đã đơn phương chấm dứt hợp đồng mà không báo trước. Tôi có quyền yêu cầu bồi thường không?",Điều 551 - Bộ luật Dân sự 2015,True,0.6666666666666666,0.6858846918489065,"**CĂN CỨ PHÁP LUẬT THAM KHẢO:**
---
[Văn bản] Bộ luật Dân sự 2015

**Nội dung quy định:**
---
[Trích dẫn] Điều 551. Đơn phương chấm dứt thực hiện hợp đồng gia công 1. Mỗi bên đều có quyền đơn phương chấm dứt thực hiện hợp đồng gia công, nếu việc tiếp tục thực hiện hợp đồng không mang lại lợi ích cho mình, trừ trường hợp có thỏa thuận khác hoặc pháp luật có quy định khác, nhưng phải báo cho bên kia biết trước một thời gian hợp lý. 2. Bên đặt gia công đơn phương chấm dứt thực hiện hợp đồng thì phải trả tiền công tương ứng với công việc đã làm, trừ trường hợp có thỏa thuận khác. Bên nhận gia công đơn phương chấm dứt thực hiện hợp đồng thì không được trả tiền công, trừ trường hợp có thỏa thuận khác. 3. Bên đơn phương chấm dứt thực hiện hợp đồng mà gây thiệt hại cho bên kia thì phải bồi thường.

**Phân tích & Hướng dẫn:**
---
Theo Điều 551 của Bộ Luật Dân sự 2015, mỗi bên đều có quyền đơn phương chấm dứt hợp đồng gia công nếu việc tiếp tục thực hiện hợp đồng không mang lại lợi ích cho mình. Tuy nhiên, bên chấm dứt hợp đồng phải báo cho bên kia biết trước một thời gian hợp lý. 

Trong trường hợp bạn là bên gia công và khách hàng đã đơn phương chấm dứt hợp đồng mà không báo trước, bạn có thể yêu cầu bồi thường thiệt hại dựa trên quy định tại điểm 3 của điều này. Theo đó, bên đơn phương chấm dứt hợp đồng mà gây thiệt hại cho bên kia thì phải bồi thường.

Tuy nhiên, cần lưu ý rằng nếu bên chấm dứt hợp đồng đã báo trước một thời gian hợp lý (theo quy định của điều luật), thì bạn sẽ không có quyền yêu cầu bồi thường. Do đó, cần kiểm tra xem khách hàng có báo trước thời gian hợp lý hay không.

Nếu khách hàng đã không báo trước thời gian hợp lý và bạn đã chịu mất mát do việc chấm dứt hợp đồng mà không báo trước, bạn nên nhanh chóng tiến hành các bước sau:
1. Gửi thông báo cho"
syn_728_1768633003,Gia đình tôi có hợp đồng hợp tác và chúng tôi muốn mời một người bạn tham gia nhưng không biết phải làm gì để được sự đồng ý của các thành viên khác.,Điều 511 - Bộ luật Dân sự 2015,True,1.0,0.4183673469387755,"**Căn cứ pháp lý:** 
Điều 511. Gia nhập hợp đồng hợp tác - Bộ luật Dân sự 2015

**Nội dung quy định:**
Hợp đồng hợp tác không quy định khác thì một cá nhân, pháp nhân trở thành thành viên mới của hợp đồng nếu được sự đồng ý của hơn một nửa tổng số thành viên hợp tác.

**Phân tích & Hướng dẫn:**
Theo quy định tại Điều 511 của Bộ luật Dân sự 2015, để gia đình bạn có thể mời một người bạn tham gia vào hợp đồng hợp tác, cần phải được sự đồng ý của hơn một nửa tổng số thành viên hợp tác. Điều này có nghĩa là, nếu hợp đồng hợp tác của gia đình bạn có từ 3 thành viên trở lên, thì bạn cần thuyết phục ít nhất 2 thành viên (tức là hơn một nửa) đồng ý cho người bạn tham gia hợp đồng.

Bước đầu tiên bạn nên làm là thống nhất với tất cả các thành viên trong gia đình về quyết định mời người bạn tham gia hợp đồng. Sau đó, bạn cần tìm hiểu và nắm rõ các điều khoản cụ thể của hợp đồng hiện tại. Nếu hợp đồng không có quy định nào về việc mời thêm thành viên mới, thì việc duy nhất để được chấp thuận là thông qua việc đạt được sự đồng ý của các thành viên khác.

Sau khi đã nhận được sự đồng ý của các thành viên khác, bạn cần lập một văn bản ghi rõ thông tin về việc mời người bạn tham gia hợp đồng, bao gồm thông tin về người bạn, lý do mời và quyết định của các thành viên khác. Đây là bước cuối cùng cần thực hiện để đảm bảo rằng hành động của bạn tuân thủ đúng quy định của pháp luật.

Cuối cùng, sau khi đã có văn bản đồng ý từ các thành viên khác, bạn nên gửi văn bản này đến người bạn, thông báo cho họ biết rằng họ đã được chấp thuận tham gia hợp đồng và yêu cầu họ ký vào văn bản đó để xác nhận sự đồng ý của họ."
syn_1453_1768641580_0,"Tôi đã cho một người bạn vay 50 triệu đồng với lãi suất 20% một tháng, và bây giờ họ không thể trả nợ. Liệu tôi có thể bị xử lý pháp lý vì cho vay lãi nặng không?",Điều 201 - Bộ luật Hình sự (Văn bản hợp nhất 2017),True,1.0,0.7477678571428571,"**Căn cứ pháp lý:** 
- Điều 201. Tội cho vay lãi nặng trong giao dịch dân sự - Bộ luật Hình sự (Văn bản hợp nhất 2017)

**Nội dung quy định:** 
1. Người nào trong giao dịch dân sự mà cho vay với lãi suất gấp 05 lần trở lên của mức lãi suất cao nhất quy định trong Bộ luật Dân sự, thu lợi bất chính từ 30.000.000 đồng đến dưới 100.000.000 đồng hoặc đã bị xử phạt vi phạm hành chính về hành vi này hoặc đã bị kết án về tội này, chưa được xóa án tích mà còn vi phạm, thì bị phạt tiền từ 50.000.000 đồng đến 200.000.000 đồng hoặc phạt cải tạo không giam giữ đến 03 năm.
2. Phạm tội mà thu lợi bất chính 100.000.000 đồng trở lên, thì bị phạt tiền từ 200.000.000 đồng đến 1.000.000.000 đồng hoặc phạt tù từ 06 tháng đến 03 năm.
3. Người phạm tội còn có thể bị phạt tiền từ 30.000.000 đồng đến 100.000.000 đồng, cấm đảm nhiệm chức vụ, cấm hành nghề hoặc làm công việc nhất định từ 01 năm đến 05 năm.

**Phân tích & Hướng dẫn:**

Theo quy định tại Điều 201 của Bộ luật Hình sự 2017, việc cho vay lãi suất gấp 5 lần mức lãi suất cao nhất quy định trong Bộ luật Dân sự sẽ bị coi là cho vay lãi nặng. 

Đối với trường hợp cụ thể của bạn, lãi suất vay là 20% một tháng, tức là 240% một năm. Mức lãi suất này gấp 4 lần mức lãi suất cao nhất quy định tại Điều 468 của Bộ luật Dân sự 2015 (20%). Do đó, nếu bạn cho vay với lãi suất 240% một năm, đó đã vượt quá mức cho phép, và có thể coi là"
syn_224_1768629483,Tôi đang tham gia một dự án cộng đồng mà có một số thành viên có ý kiến khác nhau về cách thức thực hiện. Làm sao tôi có thể góp ý mà vẫn giữ được sự đoàn kết trong nhóm?,Điều 7 - Bộ luật Dân sự 2015,False,1.0,0.3391933815925543,"**Căn cứ pháp lý:**
- Văn bản: Bộ luật Dân sự 2015 - Điều 211

**Nội dung quy định:**
Điều 211 của Bộ luật Dân sự 2015 quy định rằng sở hữu chung của cộng đồng bao gồm tài sản được hình thành theo tập quán, tài sản do các thành viên của cộng đồng cùng nhau đóng góp, quyên góp, được tặng cho chung hoặc từ các nguồn khác phù hợp với quy định của pháp luật nhằm mục đích thỏa mãn lợi ích chung hợp pháp của cộng đồng. Các thành viên của cộng đồng cùng quản lý, sử dụng, định đoạt tài sản chung theo thỏa thuận hoặc theo tập quán vì lợi ích chung của cộng đồng nhưng không được vi phạm điều cấm của luật, không trái đạo đức xã hội.

**Phân tích & Hướng dẫn:**
Trong trường hợp của bạn, việc tham gia một dự án cộng đồng và gặp phải sự khác biệt trong ý kiến có thể gây ra xung đột. Để giữ được sự đoàn kết trong nhóm, bạn cần tập trung vào việc duy trì mối quan hệ tốt đẹp giữa mọi thành viên và tìm kiếm giải pháp hài hòa.

1. **Thỏa thuận và Thỏa hiệp:** Đầu tiên, hãy khuyến khích mọi người trong nhóm thảo luận và tìm kiếm sự đồng thuận về những mục tiêu chung. Việc này giúp mọi người cảm thấy được tôn trọng và có cơ hội đóng góp ý kiến.

2. **Tiến hành Đánh giá:** Thực hiện một cuộc đánh giá về các phương án hiện tại và xem xét khả năng thực hiện chúng. Điều này giúp xác định những điểm mạnh và điểm yếu của mỗi phương án.

3. **Học hỏi từ Kinh nghiệm:** Tìm hiểu về kinh nghiệm và quan điểm của các thành viên khác. Điều này không chỉ giúp bạn hiểu rõ hơn về những khác biệt, mà còn tạo cơ hội để mọi người học hỏi từ nhau.

4. **Học Tập Từ Kinh Nghiệm:** Nếu có thể, tham khảo ý kiến của những người đã từng tham gia vào các dự án cộng đồng khác. Họ có thể cung cấp thêm thông tin quý giá về cách giải quyết các vấn đề tương tự.

5. **Đồng lòng và Thỏa hiệp:** Cuối cùng, nếu không thể đạt được sự đồng thuận, hãy khuyến"
syn_447_1768631180,Tôi vừa nhặt được một chiếc điện thoại mà không biết ai là chủ. Tôi có cần phải thông báo cho ai không và nếu có thì tôi phải làm như thế nào?,Điều 230 - Bộ luật Dân sự 2015,True,0.0,0.36211699164345407,"**CĂN CỨ PHÁP LUẬT THAM KHẢO:**
--- [Tài liệu 1] ---
Văn bản: Bộ luật Dân sự 2015
Nội dung: Điều 230. Xác lập quyền sở hữu đối với tài sản do người khác đánh rơi, bỏ quên

**CĂN CỨ PHÁP LUẬT THAM KHẢO:**
--- [Tài liệu 2] ---
Văn bản: Bộ luật Dân sự 2015
Nội dung: Điều 228. Xác lập quyền sở hữu đối với tài sản vô chủ, tài sản không xác định được chủ sở hữu

---

**CĂN CỨ PHÁP LUẬT THAM KHẢO:**
--- [Tài liệu 3] ---
Văn bản: Bộ luật Dân sự 2015
Nội dung: Điều 229. Xác lập quyền sở hữu đối với tài sản bị chôn, giấu, bị vùi lấp, chìm đắm được tìm thấy

---

**CÔNG TY CỔ PHẦN ĐÀO TẠO VÀ KIỂM SOÁT TƯ VẤN QUỐC GIA ALIBABA**
Địa chỉ: Số 4, Đường F, Khu Công nghệ cao, Thành phố Hồ Chí Minh, Việt Nam
Điện thoại: +84 1234 5678 90
Email: [quyendoithuong@alibabacloud.com]

**CÔNG TY CỔ PHẦN ĐÀO TẠO VÀ KIỂM SOÁT TƯ VẤN QUỐC GIA ALIBABA**

**CĂN CỨ PHÁP LUẬT THAM KHẢO:**
--- [Tài liệu 1] ---
Văn bản: Bộ luật Dân sự 2015
Nội dung: Điều 230. Xác lập quyền sở hữu đối với tài sản do người khác đánh rơi, bỏ quên

**CÔNG TY CỔ PHẦN ĐÀO TẠO VÀ KIỂM SOÁT TƯ VẤN QUỐC GIA ALIBABA**
Địa chỉ: Số 4, Đường F, Khu Công nghệ cao, Thành phố Hồ Chí Minh, Việt Nam"
syn_830_1768633686,"Tôi có một người bạn đã lập di chúc để lại tài sản cho một tổ chức, nhưng tổ chức đó không còn hoạt động tại thời điểm tôi qua đời, liệu có ai khác được thừa hưởng không?",Điều 613 - Bộ luật Dân sự 2015,False,1.0,0.3814064362336114,"**Căn cứ pháp lý:** 
- Điều 650. Những trường hợp thừa kế theo pháp luật - Bộ luật Dân sự 2015

**Nội dung quy định:**
1. Thừa kế theo pháp luật được áp dụng trong trường hợp sau đây: d) Những người được chỉ định làm người thừa kế theo di chúc mà không có quyền hưởng di sản hoặc từ chối nhận di sản, chết trước hoặc chết cùng thời điểm với người lập di chúc; liên quan đến cơ quan, tổ chức được hưởng di sản theo di chúc, nhưng không còn tồn tại vào thời điểm mở thừa kế.
2. Thừa kế theo pháp luật cũng được áp dụng đối với các phần di sản sau đây: c) Phần di sản có liên quan đến người được thừa kế theo di chúc nhưng họ không có quyền hưởng di sản, từ chối nhận di sản, chết trước hoặc chết cùng thời điểm với người lập di chúc.

**Phân tích & Hướng dẫn:**
Theo Điều 650 của Bộ luật Dân sự 2015, khi người bạn của bạn đã chết trước khi di sản được phân chia (tức là chết cùng thời điểm với người lập di chúc), và tổ chức được chỉ định nhận di sản theo di chúc không còn tồn tại vào thời điểm mở thừa kế, thì người thừa kế theo di chúc sẽ không còn quyền hưởng di sản. 

Trong trường hợp này, phần di sản thuộc về người được chỉ định (tổ chức) sẽ bị thu hồi theo quy định. Theo Điều 650, khi người được chỉ định làm người thừa kế không còn tồn tại, thì phần di sản thuộc về người được chỉ định này không có hiệu lực. 

Vì vậy, trong trường hợp của bạn, người bạn của bạn không còn quyền hưởng di sản theo di chúc do tổ chức được chỉ định nhận di sản đã không còn tồn tại vào thời điểm mở thừa kế. Do đó, người bạn của bạn sẽ không được thừa hưởng bất kỳ phần di sản nào. 

Tuy nhiên, người bạn của bạn vẫn có quyền hưởng di sản theo pháp luật nếu có người thừa kế khác đủ điều kiện theo pháp luật."
syn_1373_1768640948_1,"Gia đình tôi có một người thân đã sống ở nước ngoài nhiều năm và gần đây bị cáo buộc liên quan đến các hoạt động chống chính quyền. Nếu anh ấy quay về nước, những hậu quả pháp lý nào có thể xảy ra cho anh ấy?",Điều 121 - Bộ luật Hình sự (Văn bản hợp nhất 2017),True,0.6666666666666666,0.5316455696202532,"**CĂN CỨ PHÁP LUẬT THAM KHẢO:**
---
- **Tài liệu 1:** Bộ luật Hình sự (Văn bản hợp nhất 2017), Điều 121
- **Tài liệu 2:** Bộ luật Hình sự (Văn bản hợp nhất 2017), Điều 120
- **Tài liệu 3:** Bộ luật Hình sự (Văn bản hợp nhất 2017), Điều 112

**Nội dung quy định:**
Theo Điều 121 của Bộ Luật Hình sự (Văn bản hợp nhất 2017), người nào trốn đi nước ngoài hoặc trốn ở lại nước ngoài nhằm chống chính quyền nhân dân sẽ bị phạt tù từ 03 năm đến 12 năm. Trong trường hợp phạm tội đặc biệt nghiêm trọng, mức phạt sẽ tăng lên từ 12 năm đến 20 năm. Nếu người chuẩn bị phạm tội này, họ sẽ bị phạt tù từ 01 năm đến 05 năm.

Theo Điều 120 của Bộ Luật Hình sự (Văn bản hợp nhất 2017), người nào tổ chức, cưỡng ép, xúi giục người khác trốn đi nước ngoài hoặc trốn ở lại nước ngoài nhằm chống chính quyền nhân dân sẽ bị phạt tù từ 05 năm đến 15 năm. Trường hợp phạm tội đặc biệt nghiêm trọng, mức phạt sẽ tăng lên từ 12 năm đến 20 năm hoặc tù chung thân. Nếu người chuẩn bị phạm tội này, họ sẽ bị phạt tù từ 01 năm đến 05 năm.

**Phân tích & Hướng dẫn:**
Bằng việc truy cứu tội danh, nếu người thân của bạn đã sống ở nước ngoài nhiều năm và hiện tại bị cáo buộc liên quan đến các hoạt động chống chính quyền, khi anh ấy quay về nước, có khả năng anh ấy sẽ phải đối mặt với các hình phạt như đã nêu trong các điều luật trên.

Đối với người thân đã sống ở nước ngoài lâu dài, việc quay về Việt Nam có thể coi là hành vi trốn tránh hoặc không phục tùng chính quyền, do đó có thể bị truy cứu theo tội trốn đi nước ngoài hoặc trốn ở lại nước ngoài nhằm chống chính quyền nhân dân. Mức độ nặng nhẹ của tội danh này sẽ"
syn_840_1768633752,"Gia đình tôi đã không yêu cầu chia tài sản thừa kế của ông nội trong 12 năm, liệu tôi có thể yêu cầu chia tài sản này nữa không?",Điều 623 - Bộ luật Dân sự 2015,True,1.0,0.5034013605442177,"**Căn cứ pháp lý:** 
- Văn bản: Bộ luật Dân sự 2015
- Nội dung: Điều 623. Thời hiệu thừa kế (Điều 623)

**Nội dung quy định:**
Điều 623 Bộ Luật Dân sự 2015 quy định về thời hiệu thừa kế. Theo đó, thời hiệu để người thừa kế yêu cầu chia di sản là 30 năm đối với bất động sản và 10 năm đối với động sản, kể từ thời điểm mở thừa kế. Trường hợp không có người thừa kế đang quản lý di sản thì di sản sẽ được giải quyết theo quy định cụ thể của pháp luật.

**Phân tích & Hướng dẫn:**
Theo quy định tại Điều 623, thời hiệu để yêu cầu chia di sản là 30 năm đối với bất động sản và 10 năm đối với động sản, kể từ thời điểm mở thừa kế. Trong trường hợp của bạn, gia đình bạn đã không yêu cầu chia tài sản thừa kế của ông nội trong 12 năm, nghĩa là chưa vượt qua thời hạn 30 năm cho di sản bất động sản.

Dựa trên quy định này, bạn không thể yêu cầu chia tài sản thừa kế của ông nội nữa vì thời hiệu yêu cầu chia di sản đã kết thúc. Việc vượt quá thời hạn 30 năm (hoặc 10 năm đối với di sản động sản) sẽ khiến di sản thuộc về người thừa kế đang quản lý di sản đó hoặc thuộc về Nhà nước nếu không có người đang chiếm hữu.

Tuy nhiên, nếu trong thời gian này, tình hình tài sản hoặc đời sống gia đình có biến đổi nghiêm trọng cần được giải quyết, bạn nên liên hệ với cơ quan tư pháp để được hướng dẫn cụ thể hơn."
syn_136_1768628759,Tôi muốn thành lập một công ty cổ phần nhưng không biết có cần phải có Ban kiểm soát không nếu công ty tôi có 9 cổ đông và tất cả đều là tổ chức sở hữu dưới 50% tổng số cổ phần?,Điều 137 - Luật Doanh nghiệp 2020,True,1.0,0.6557377049180327,"**Căn cứ pháp lý:** 
Điều 137. Cơ cấu tổ chức quản lý công ty cổ phần - Luật Doanh nghiệp 2020

**Nội dung quy định:**
Trừ trường hợp pháp luật về chứng khoán có quy định khác, công ty cổ phần có quyền lựa chọn tổ chức quản lý và hoạt động theo một trong hai mô hình sau đây: a) Đại hội đồng cổ đông, Hội đồng quản trị, Ban kiểm soát và Giám đốc hoặc Tổng giám đốc. Trường hợp công ty cổ phần có dưới 11 cổ đông và các cổ đông là tổ chức sở hữu dưới 50% tổng số cổ phần của công ty thì không bắt buộc phải có Ban kiểm soát; b) Đại hội đồng cổ đông, Hội đồng quản trị và Giám đốc hoặc Tổng giám đốc. Trường hợp này ít nhất 20% số thành viên Hội đồng quản trị phải là thành viên độc lập và có Ủy ban kiểm toán trực thuộc Hội đồng quản trị. Cơ cấu tổ chức, chức năng, nhiệm vụ của Ủy ban kiểm toán quy định tại Điều lệ công ty hoặc quy chế hoạt động của Ủy ban kiểm toán do Hội đồng quản trị ban hành.

**Phân tích & Hướng dẫn:**
Theo quy định tại Điều 137 của Luật Doanh nghiệp 2020, nếu công ty bạn có dưới 11 cổ đông và tất cả các cổ đông là tổ chức sở hữu dưới 50% tổng số cổ phần của công ty, thì không bắt buộc phải có Ban kiểm soát. 

Trong trường hợp của bạn, công ty có 9 cổ đông và tất cả đều là tổ chức sở hữu dưới 50% tổng số cổ phần. Theo quy định trên, bạn không phải thiết lập Ban kiểm soát cho công ty của mình.

Tuy nhiên, bạn nên xem xét thêm các quy định khác về cơ cấu tổ chức quản lý công ty, đặc biệt là quy định về Hội đồng quản trị, Ủy ban kiểm toán và các chức danh khác. Đây đều là yếu tố quan trọng trong việc đảm bảo hoạt động quản lý và điều hành công ty hiệu quả.

Nếu bạn vẫn muốn có thêm sự bảo hộ về mặt quản lý, bạn có thể cân nhắc việc thành lập một Ban kiểm soát nhỏ, với tối đa 5 thành viên, như quy định tại Điều 103 của Luật Doanh nghiệp 2020, nhưng điều này cần tuân thủ đầy đủ các"
syn_180_1768629106,Tôi muốn biết quyền lợi của mình khi tham gia quản lý công ty và có thể yêu cầu công ty bù đắp thiệt hại nếu có sự cố xảy ra trong hoạt động kinh doanh không?,Điều 181 - Luật Doanh nghiệp 2020,True,1.0,0.4232686980609418,"**Căn cứ pháp lý:**
- **Điều 181, Luật Doanh nghiệp 2020** - Văn bản: Luật Doanh nghiệp 2020

**Nội dung quy định:**
Theo Điều 181 của Luật Doanh nghiệp 2020, thành viên hợp danh có quyền sau đây:
a) Tham gia họp, thảo luận và biểu quyết về các vấn đề của công ty;
b) Nhân danh công ty kinh doanh các ngành, nghề kinh doanh của công ty;
c) Sử dụng tài sản của công ty để kinh doanh các ngành, nghề kinh doanh của công ty;
d) Yêu cầu công ty bù đắp thiệt hại từ hoạt động kinh doanh trong phạm vi nhiệm vụ được phân công nếu thiệt hại đó xảy ra không phải do sai sót cá nhân của thành viên đó.

**Phân tích & Hướng dẫn:**
Theo quy định trên, bạn, như một thành viên hợp danh của công ty, có quyền yêu cầu công ty bù đắp thiệt hại nếu sự cố xảy ra trong hoạt động kinh doanh không phải do lỗi cá nhân của bạn. Điều này cho thấy bạn có quyền được bảo vệ nếu gặp rủi ro hay thiệt hại do hoạt động kinh doanh của công ty.

Tuy nhiên, để thực hiện quyền này, bạn cần đảm bảo rằng sự cố đã xảy ra không phải do lỗi của mình. Nếu sự cố được xác định là do lỗi cá nhân, bạn có thể không được quyền yêu cầu công ty bù đắp thiệt hại.

Việc yêu cầu bù đắp thiệt hại cũng cần tuân theo quy định về trình tự và thủ tục khởi kiện theo Luật Tố tụng Dân sự, cụ thể là thông qua việc khởi kiện tại Tòa án hoặc Trọng tài.

Ngoài ra, bạn cũng có quyền yêu cầu công ty hoàn trả số tiền, tài sản đã nhận từ hoạt động kinh doanh của công ty mà không đem nộp cho công ty, và có quyền yêu cầu công ty cung cấp thông tin về tình hình kinh doanh của công ty.

Cuối cùng, bạn cần tuân thủ trách nhiệm của thành viên hợp danh, bao gồm việc quản lý và thực hiện hoạt động kinh doanh một cách trung thực, cẩn trọng và tốt nhất để bảo đảm lợi ích hợp pháp tối đa cho công ty, và"
syn_1094_1768639059_1,"Chồng tôi đang làm việc tại một công ty và công ty này có nhu cầu thuê lại lao động từ một doanh nghiệp khác. Tôi lo lắng về việc nếu hợp đồng không đảm bảo các quyền lợi cho người lao động, chồng tôi có thể bị thiệt thòi. Tôi muốn biết những nội dung nào trong hợp đồng thuê lại lao động là bắt buộc phải có để bảo vệ quyền lợi của chồng tôi?",Điều 55 - Bộ luật Lao động 2019,True,1.0,0.5218253968253969,"**CĂN CỨ PHÁP LUẬT THAM KHẢO:**
---
[Văn bản 1] Bộ luật Lao động 2019, Điều 55 (Hợp đồng cho thuê lại lao động)
[Văn bản 2] Bộ luật Lao động 2019, Điều 56 (Quyền và nghĩa vụ của doanh nghiệp cho thuê lại lao động)
[Văn bản 3] Bộ luật Lao động 2019, Điều 57 (Quyền và nghĩa vụ của bên thuê lại lao động)

**Câu hỏi:**
Chồng tôi đang làm việc tại một công ty và công ty này có nhu cầu thuê lại lao động từ một doanh nghiệp khác. Tôi lo lắng về việc nếu hợp đồng không đảm bảo các quyền lợi cho người lao động, chồng tôi có thể bị thiệt thòi. Tôi muốn biết những nội dung nào trong hợp đồng thuê lại lao động là bắt buộc phải có để bảo vệ quyền lợi của chồng tôi?

**Căn cứ pháp lý:**
---
**Căn cứ pháp lý:**
---
Bộ luật Lao động 2019 - Điều 55

**Nội dung quy định:**
---
Điều 55 của Bộ luật Lao động 2019 quy định về hợp đồng cho thuê lại lao động như sau:
1. Hợp đồng cho thuê lại lao động phải được ký kết bằng văn bản và được làm thành 02 bản, mỗi bên giữ 01 bản.
2. Hợp đồng cho thuê lại lao động phải bao gồm các nội dung chủ yếu sau đây:
   a) Địa điểm làm việc, vị trí việc làm cần sử dụng lao động thuê lại, nội dung cụ thể của công việc, yêu cầu cụ thể đối với người lao động thuê lại;
   b) Thời hạn thuê lại lao động; thời gian bắt đầu làm việc của người lao động thuê lại;
   c) Thời giờ làm việc, thời giờ nghỉ ngơi, điều kiện an toàn, vệ sinh lao động tại nơi làm việc;
   d) Trách nhiệm bồi thường tai nạn lao động, bệnh nghề nghiệp;
   e) Nghĩa vụ của mỗi bên đối với người lao động.

**Phân tích & Hướng dẫn:**
---
Theo Điều 55 của Bộ luật Lao động"
syn_785_1768633371,"Tôi ủy quyền cho một người bạn bán một số tài sản của tôi, nhưng anh ấy không giao lại cho tôi số tiền thu được từ việc bán đó, tôi có quyền yêu cầu gì không?",Điều 568 - Bộ luật Dân sự 2015,False,0.6666666666666666,0.37897042716319823,"**Căn cứ pháp lý:**
--- [Tài liệu 1] ---
Văn bản: Bộ luật Dân sự 2015
Nội dung: Điều 558. Quyền của bên giữ tài sản 1. Yêu cầu bên gửi trả tiền công theo thỏa thuận. 2. Yêu cầu bên gửi trả chi phí hợp lý để bảo quản tài sản trong trường hợp gửi không trả tiền công. 3. Yêu cầu bên gửi nhận lại tài sản bất cứ lúc nào, nhưng phải báo trước cho bên gửi một thời gian hợp lý trong trường hợp gửi giữ không xác định thời hạn. 4. Bán tài sản gửi giữ có nguy cơ bị hư hỏng hoặc tiêu hủy nhằm bảo đảm lợi ích cho bên gửi, báo việc đó cho bên gửi và trả cho bên gửi khoản tiền thu được do bán tài sản, sau khi trừ chi phí hợp lý để bán tài sản.

---

**Phân tích & Hướng dẫn:**
Theo Điều 558 của Bộ Luật Dân sự 2015, bên giữ tài sản (trong trường hợp này là bạn của bạn) có quyền yêu cầu bên gửi trả tiền công theo thỏa thuận, chi phí hợp lý để bảo quản tài sản và cũng có quyền yêu cầu nhận lại tài sản bất cứ lúc nào, kể cả khi đã bán tài sản. Tuy nhiên, bên giữ tài sản cũng có nghĩa vụ báo trước cho bên gửi một thời gian hợp lý trước khi bán tài sản.

Trong trường hợp của bạn, bạn đã ủy quyền cho bạn bè bán tài sản của bạn và bạn bè đã thu được số tiền từ việc bán tài sản. Tuy nhiên, bạn chưa nhận được số tiền đó từ bạn bè. Theo Điều 558 nêu trên, bạn có quyền yêu cầu bạn bè trả lại số tiền thu được từ việc bán tài sản, trừ chi phí hợp lý để bán tài sản. 

Ngoài ra, bạn cũng có quyền yêu cầu bạn bè báo cáo về việc bán tài sản và trả lại số tiền thu được. Nếu bạn bè không thực hiện yêu cầu này, bạn có thể đưa ra yêu cầu tố tụng để đòi lại số tiền đó theo quy định tại Điều 582 của Bộ Luật Dân sự 2015, theo đó người chiếm hữu hoặc người sử dụng tài sản không có căn cứ pháp luật đã giao tài sản cho người thứ ba, khi bị chủ sở hữu, chủ"
syn_846_1768633782,"Nếu tôi lập di chúc miệng trong tình trạng sắp chết nhưng sau đó lại hồi phục sức khỏe, di chúc đó có còn hiệu lực không?",Điều 629 - Bộ luật Dân sự 2015,True,1.0,0.5812499999999999,"**Căn cứ pháp lý:**
---
[Văn bản] Bộ luật Dân sự 2015 - [Tên tài liệu]
---

**Nội dung quy định:**
---
1. Trường hợp tính mạng một người bị cái chết đe dọa và không thể lập di chúc bằng văn bản thì có thể lập di chúc miệng.
2. Sau 03 tháng, kể từ thời điểm di chúc miệng mà người lập di chúc còn sống, minh mẫn, sáng suốt thì di chúc miệng mặc nhiên bị hủy bỏ.
---

**Phân tích & Hướng dẫn:**
---
Theo Điều 629 của Bộ Luật Dân sự 2015, khi lập di chúc miệng trong tình trạng sắp chết và không thể lập di chúc bằng văn bản, người lập di chúc sẽ có quyền lập di chúc miệng. Tuy nhiên, quy định thứ hai trong điều này cũng cung cấp thông tin quan trọng: sau 03 tháng kể từ thời điểm lập di chúc miệng, nếu người lập di chúc còn sống, minh mẫn, sáng suốt thì di chúc miệng sẽ bị hủy bỏ tự động.

Trong trường hợp bạn đã lập di chúc miệng trong tình trạng sắp chết và sau đó đã hồi phục sức khỏe, thì di chúc miệng của bạn sẽ bị hủy bỏ do quy định này. Do đó, di chúc miệng bạn lập không còn hiệu lực pháp luật.

Như vậy, đáp án cho câu hỏi của bạn là: Nếu bạn lập di chúc miệng trong tình trạng sắp chết nhưng sau đó lại hồi phục sức khỏe, di chúc miệng đó sẽ không còn hiệu lực."
syn_1530_1768642201_2,"Tôi là người có trách nhiệm trực tiếp quản lý thiết bị an toàn giao thông đường không ở một sân bay, nhưng một sự cố nhỏ xảy ra dẫn đến nhiều hành khách bị thương. Nếu hậu quả là có 02 người bị thương nặng và gây thiệt hại lớn cho tài sản, tôi sẽ phải đối mặt với những hình phạt nào?",Điều 278 - Bộ luật Hình sự (Văn bản hợp nhất 2017),False,0.6666666666666666,0.526508226691042,"**Căn cứ pháp lý:**
Điều 279. Tội đưa vào sử dụng tàu bay, thiết bị bảo đảm hoạt động bay không bảo đảm an toàn - Bộ Luật Hình sự (Văn bản hợp nhất 2017)

**Nội dung quy định:**
1. Người nào chịu trách nhiệm trực tiếp về việc điều động hoặc về tình trạng kỹ thuật mà cho phép đưa vào sử dụng tàu bay, thiết bị bảo đảm hoạt động bay rõ ràng không bảo đảm tiêu chuẩn an toàn kỹ thuật, thì bị phạt tù từ 01 năm đến 05 năm.
2. Phạm tội thuộc một trong các trường hợp sau đây, thì bị phạt tù từ 03 năm đến 10 năm:
   a) Làm chết người;
   b) Gây thương tích hoặc gây tổn hại cho sức khỏe của người khác mà tỷ lệ tổn thương cơ thể 61% trở lên;
   c) Gây thương tích hoặc gây tổn hại cho sức khỏe của 02 người trở lên mà tổng tỷ lệ tổn thương cơ thể của những người này từ 61% đến 121%;
   d) Gây thiệt hại về tài sản từ 100.000.000 đồng đến dưới 500.000.000 đồng.
3. Phạm tội thuộc một trong các trường hợp sau đây, thì bị phạt tù từ 08 năm đến 15 năm:
   a) Làm chết 02 người;
   b) Gây thương tích hoặc gây tổn hại cho sức khỏe của 02 người trở lên mà tổng tỷ lệ tổn thương cơ thể của những người này từ 122% đến 200%;
   c) Gây thiệt hại về tài sản từ 500.000.000 đồng đến dưới 1.500.000.000 đồng.
4. Phạm tội thuộc một trong các trường hợp sau đây, thì bị phạt tù từ 12 năm đến 20 năm:
   a) Làm chết 03 người trở lên;
   b) Gây thương tích hoặc gây tổn hại cho sức khỏe của 03 người trở lên mà tổng tỷ lệ tổn thương cơ thể của những người này 201% trở lên;
   c) Gây thiệt hại về tài sản 1.500.000.00"
syn_1581_1768642668_1,"Chồng tôi làm trong cơ quan nhà nước và đã bị một nhóm người đến nhà cản trở khi đang thi hành công vụ. Nếu họ đe dọa chồng tôi và khiến ông ấy không thể thực hiện nhiệm vụ, thì họ có thể bị xử lý như thế nào?",Điều 330 - Bộ luật Hình sự (Văn bản hợp nhất 2017),True,0.3333333333333333,0.4257907542579076,"**CĂN CỨ PHÁP LUẬT THAM KHẢO:**
---
- **[Tài liệu 1]**: Bộ luật Hình sự (Văn bản hợp nhất 2017), Điều 330
- **[Tài liệu 2]**: Bộ luật Hình sự (Văn bản hợp nhất 2017), Điều 133
- **[Tài liệu 3]**: Bộ luật Hình sự (Văn bản hợp nhất 2017), Điều 396

---

**CÂU HỎI:**
Chồng tôi làm trong cơ quan nhà nước và đã bị một nhóm người đến nhà cản trở khi đang thi hành công vụ. Nếu họ đe dọa chồng tôi và khiến ông ấy không thể thực hiện nhiệm vụ, thì họ có thể bị xử lý như thế nào?

**CĂN CỨ PHÁP LUẬT THAM KHẢO:**
---
- **[Tài liệu 1]**: Bộ luật Hình sự (Văn bản hợp nhất 2017), Điều 330
- **[Tài liệu 2]**: Bộ luật Hình sự (Văn bản hợp nhất 2017), Điều 133
- **[Tài liệu 3]**: Bộ luật Hình sự (Văn bản hợp nhất 2017), Điều 396

---

**PHÂN TÍCH VÀ HƯỚNG DẪN:**

Theo Điều 330 của Bộ luật Hình sự, hành vi cản trở người thi hành công vụ và ép buộc họ thực hiện hành vi trái pháp luật sẽ bị phạt cải tạo không giam giữ đến 03 năm hoặc phạt tù từ 06 tháng đến 03 năm. Tuy nhiên, trong trường hợp này, chồng bạn bị đe dọa và không thể thực hiện nhiệm vụ, điều này có thể phù hợp với cả Điều 330 và Điều 133 của Bộ luật Hình sự.

1. **Điều 133 (Tội đe dọa giết người):** 
   - Nếu nhóm người đe dọa chồng bạn và khiến ông ấy không thể thực hiện nhiệm vụ, đây có thể coi là hành vi đe dọa nhằm ngăn cản việc thực hiện công vụ. Theo Điều 133, hành vi đe d"
syn_1266_1768640063_1,Chồng tôi vừa bị bắt vì nghi ngờ tham gia vào một vụ án hình sự. Tôi có thể làm gì để hỗ trợ và đảm bảo rằng quyền lợi của chồng tôi được bảo vệ trong quá trình điều tra?,Điều 4 - Bộ luật Hình sự (Văn bản hợp nhất 2017),False,0.6666666666666666,0.3625954198473283,"**Căn cứ pháp lý:** 
--- [Tài liệu 1] ---
Văn bản: Luật Hôn nhân và Gia đình 2014
Nội dung: Điều 5. Bảo vệ chế độ hôn nhân và gia đình 3. Mọi hành vi vi phạm pháp luật về hôn nhân và gia đình phải được xử lý nghiêm minh, đúng pháp luật. Cơ quan, tổ chức, cá nhân có quyền yêu cầu Tòa án, cơ quan khác có thẩm quyền áp dụng biện pháp kịp thời ngăn chặn và xử lý người có hành vi vi phạm pháp luật về hôn nhân và gia đình.

--- [Tài liệu 2] ---
Văn bản: Bộ luật Hình sự (Văn bản hợp nhất 2017)
Nội dung: Điều 3. Nguyên tắc xử lý đ). Đối với người phạm tội lần đầu phạm tội ít nghiêm trọng, thì có thể áp dụng hình phạt nhẹ hơn hình phạt tù, giao họ cho cơ quan, tổ chức hoặc gia đình giám sát, giáo dục.

**Phân tích & Hướng dẫn:**

Đối với trường hợp của bạn, việc chồng bạn bị bắt vì nghi ngờ tham gia vào một vụ án hình sự, bạn cần nắm vững và thực hiện các bước sau để hỗ trợ và bảo vệ quyền lợi của anh ấy:

1. **Hỗ trợ chồng bạn**: Giúp chồng bạn hiểu rõ về vụ việc, cung cấp thông tin cần thiết, và khuyến khích anh ấy tuân thủ lời khuyên của luật sư. Đảm bảo rằng chồng bạn không tự tiện phán đoán hay hành động mà không có tư vấn từ luật sư.

2. **Liên hệ với luật sư**: Đưa chồng bạn đến gặp một luật sư chuyên về lĩnh vực hình sự để được tư vấn về cách tiếp cận vụ việc. Luật sư sẽ giúp bảo vệ quyền lợi và nghĩa vụ của chồng bạn, cũng như đề xuất biện pháp thích hợp.

3. **Giữ gìn danh dự và nhân phẩm**: Trong quá trình điều tra, bảo vệ danh dự, nhân phẩm và uy tín của chồng bạn. Nếu cần, bạn có thể yêu cầu cơ quan chức năng áp dụng biện pháp ngăn chặn và xử lý hành vi vi phạm pháp luật theo quy định tại Điều 5 của Luật Hôn nhân và Gia đình 2014.

4. **Hỗ trợ tài chính**: Nếu cần, hỗ trợ tài chính cho chồng bạn trong suốt quá"
syn_461_1768631276,Chồng tôi bị kết án vì tội phạm và tài sản chung của chúng tôi bị tịch thu. Tôi có quyền gì đối với tài sản này không?,Điều 244 - Bộ luật Dân sự 2015,True,0.6666666666666666,0.45734597156398105,"**CĂN CỨ PHÁP LUẬT THAM KHẢO:**

- **Tài liệu 1**: Bộ luật Dân sự 2015 - Điều 244
- **Tài liệu 2**: Bộ luật Hình sự (Văn bản hợp nhất 2017) - Điều 45
- **Tài liệu 3**: Luật Hôn nhân và Gia đình 2014 - Điều 64

**Nội dung quy định:**

Theo Điều 244 của Bộ luật Dân sự 2015, khi tài sản của chủ sở hữu do phạm tội, vi phạm hành chính mà bị tịch thu, quyền sở hữu đối với tài sản đó chấm dứt kể từ thời điểm bản án, quyết định của Tòa án, cơ quan nhà nước có thẩm quyền khác có hiệu lực pháp luật.

Điều 45 của Bộ luật Hình sự quy định rằng việc tịch thu tài sản chỉ được áp dụng đối với những người bị kết án về tội phạm nghiêm trọng, tội phạm rất nghiêm trọng hoặc tội phạm đặc biệt nghiêm trọng xâm phạm an ninh quốc gia, tội phạm về ma túy, tham nhũng hoặc tội phạm khác do Bộ luật này quy định. Tịch thu tài sản chỉ được áp dụng khi người bị kết án đã được tuyên bố là đã chết hoặc có bằng chứng xác định họ đã chết.

**Phân tích & Hướng dẫn:**

Theo thông tin bạn cung cấp, tài sản chung của bạn và chồng bạn đã bị tịch thu vì chồng bạn bị kết án về tội phạm. Theo Điều 244 của Bộ luật Dân sự 2015, quyền sở hữu đối với tài sản đó sẽ chấm dứt kể từ thời điểm bản án, quyết định của Tòa án có hiệu lực pháp luật.

Tuy nhiên, theo Điều 45 của Bộ luật Hình sự, việc tịch thu tài sản chỉ được áp dụng khi người bị kết án đã được tuyên bố là đã chết hoặc có bằng chứng xác định họ đã chết. Nếu chồng bạn vẫn còn sống, việc tịch thu tài sản này không thể được thực hiện theo quy định của Điều 45.

Vì vậy, nếu chồng bạn vẫn còn sống, thì tài sản chung của bạn và chồng bạn vẫn thuộc quyền sở hữu của cả hai. Bạn có quyền tiếp tục sử dụng, quản lý và hưởng lợi từ tài sản đó"
syn_483_1768631426,Tôi có quyền hưởng dụng một phần đất của người khác nhưng giờ đây tôi muốn chấm dứt quyền hưởng dụng này. Tôi cần phải làm gì để hoàn trả tài sản cho chủ sở hữu?,Điều 266 - Bộ luật Dân sự 2015,True,0.6666666666666666,0.41133004926108374,"**CĂN CỨ PHÁP LUẬT THAM KHẢO:**

- **[Tài liệu 1]**: Bộ luật Dân sự 2015, Điều 266
- **[Tài liệu 2]**: Bộ luật Dân sự 2015, Điều 265
- **[Tài liệu 3]**: Bộ luật Dân sự 2015, Điều 262

**Nội dung quy định:**

Theo Điều 262 của Bộ luật Dân sự 2015, người hưởng dụng có nghĩa vụ hoàn trả tài sản cho chủ sở hữu khi hết thời hạn hưởng dụng. Điều 265 quy định rằng quyền hưởng dụng chấm dứt khi gặp các trường hợp cụ thể, trong đó có trường hợp người hưởng dụng muốn chấm dứt quyền hưởng dụng. 

Theo Điều 266, khi chấm dứt quyền hưởng dụng, người hưởng dụng phải hoàn trả tài sản cho chủ sở hữu, ngoại trừ trường hợp có thỏa thuận khác hoặc luật có quy định khác.

**Phân tích & Hướng dẫn:**

Theo thông tin bạn cung cấp, bạn đang có quyền hưởng dụng một phần đất của người khác và muốn chấm dứt quyền hưởng dụng này. Để đảm bảo tuân thủ quy định pháp luật, bạn cần thực hiện các bước sau:

1. **Hãy xác định thời hạn hưởng dụng:** Bạn cần biết rõ thời hạn mà bạn đã được phép hưởng dụng tài sản này. Nếu không rõ ràng, bạn nên liên hệ với chủ sở hữu để tìm hiểu thêm thông tin.

2. **Hoàn trả tài sản:** Khi thời hạn hưởng dụng kết thúc, bạn cần hoàn trả tài sản cho chủ sở hữu. Điều này bao gồm cả tài sản vật chất và bất kỳ tài sản phế liệu nào mà bạn đã thu thập trong quá trình hưởng dụng.

3. **Thỏa thuận nếu có:** Nếu bạn và chủ sở hữu đã có thỏa thuận về việc chấm dứt quyền hưởng dụng, bạn cần tuân theo thỏa thuận đó.

4. **Liên hệ với cơ quan có thẩm quyền:** Nếu có bất kỳ vấn đề nào liên quan đến việc chấm dứt quyền hưởng dụng hoặc hoàn trả tài sản, bạn nên liên hệ với cơ quan có thẩm quyền như Tòa án để có hướng dẫn chính xác.

Nhớ rằng, việc tuân thủ"
syn_952_1768634482,"Tôi và chồng tôi đã thỏa thuận nhập tài sản riêng vào tài sản chung, nhưng hiện tại chúng tôi có một số khoản nợ phát sinh từ tài sản riêng. Ai sẽ chịu trách nhiệm về những khoản nợ đó?",Điều 46 - Luật Hôn nhân và Gia đình 2014,True,1.0,0.6144329896907216,"**Căn cứ pháp lý:**
--- [Tài liệu 1] ---
Văn bản: Luật Hôn nhân và Gia đình 2014
Nội dung: Điều 46. Nhập tài sản riêng của vợ, chồng vào tài sản chung 1. Việc nhập tài sản riêng của vợ, chồng vào tài sản chung được thực hiện theo thỏa thuận của vợ chồng. 2. Tài sản được nhập vào tài sản chung mà theo quy định của pháp luật, giao dịch liên quan đến tài sản đó phải tuân theo hình thức nhất định thì thỏa thuận phải bảo đảm hình thức đó. 3. Nghĩa vụ liên quan đến tài sản riêng đã nhập vào tài sản chung được thực hiện bằng tài sản chung, trừ trường hợp vợ chồng có thỏa thuận khác hoặc pháp luật có quy định khác.

**Nội dung quy định:**
Theo Điều 46 của Luật Hôn nhân và Gia đình năm 2014, khi vợ, chồng nhập tài sản riêng vào tài sản chung, nghĩa vụ liên quan đến tài sản đó sẽ được thực hiện bằng tài sản chung, trừ trường hợp vợ chồng có thỏa thuận khác hoặc pháp luật có quy định khác.

**Phân tích & Hướng dẫn:**
Theo thông tin bạn cung cấp, bạn và chồng đã có thỏa thuận nhập tài sản riêng vào tài sản chung. Do đó, theo quy định tại Điều 46 của Luật Hôn nhân và Gia đình năm 2014, nghĩa vụ liên quan đến tài sản riêng đã nhập vào tài sản chung sẽ được thực hiện bằng tài sản chung. Điều này đồng nghĩa rằng, nếu có các khoản nợ phát sinh từ tài sản riêng, trách nhiệm trả nợ sẽ thuộc về tài sản chung, không phải là cá nhân hoặc tài sản riêng của mỗi bên.

Tuy nhiên, cần lưu ý rằng, nếu bạn và chồng có bất kỳ thỏa thuận nào khác về việc xử lý các khoản nợ này, thì thỏa thuận đó sẽ có hiệu lực thay thế cho quy định của pháp luật. Do đó, để đảm bảo quyền lợi cho cả hai bên, nên có thêm thỏa thuận cụ thể về việc xử lý các khoản nợ phát sinh từ tài sản riêng sau khi đã nhập vào tài sản chung.

Trong trường hợp không có thỏa thuận khác, bạn và chồng nên tìm kiếm sự tư vấn pháp lý để chắc chắn về cách xử"
syn_511_1768631611,"Công ty tôi ký hợp đồng cung cấp hàng hóa, nhưng chưa rõ nghĩa vụ sẽ phát sinh vào thời điểm nào, tôi có thể bảo đảm nghĩa vụ này như thế nào?",Điều 294 - Bộ luật Dân sự 2015,True,0.6666666666666666,0.45911047345767575,"**Căn cứ pháp lý:**
---
- **Tài liệu 1:** [Bộ luật Dân sự 2015](https://luatphapdalieu.com/ban-benh-va-co-quyen-cho-bien-phap-bao-deman-1097.html) - Điều 293
- **Tài liệu 2:** [Bộ luật Dân sự 2015](https://luatphapdalieu.com/ban-benh-va-co-quyen-cho-bien-phap-bao-deman-1097.html) - Điều 294
- **Tài liệu 3:** [Bộ luật Dân sự 2015](https://luatphapdalieu.com/ban-benh-va-co-quyen-cho-bien-phap-bao-deman-1097.html) - Điều 296

**Nội dung quy định:**
---
- **Điều 293 (Bộ luật Dân sự 2015):**
  1. Nghĩa vụ có thể được bảo đảm một phần hoặc toàn bộ theo thỏa thuận hoặc theo quy định của pháp luật; nếu không có thỏa thuận và pháp luật không quy định phạm vi bảo đảm thì nghĩa vụ coi như được bảo đảm toàn bộ, kể cả nghĩa vụ trả lãi, tiền phạt và bồi thường thiệt hại.
  2. Nghĩa vụ được bảo đảm có thể là nghĩa vụ hiện tại, nghĩa vụ trong tương lai hoặc nghĩa vụ có điều kiện.
  3. Trường hợp bảo đảm nghĩa vụ trong tương lai thì nghĩa vụ được hình thành trong thời hạn bảo đảm là nghĩa vụ được bảo đảm, trừ trường hợp có thỏa thuận khác.

- **Điều 294 (Bộ luật Dân sự 2015):**
  1. Trường hợp bảo đảm thực hiện nghĩa vụ trong tương lai, các bên có quyền thỏa thuận cụ thể về phạm vi nghĩa vụ được bảo đảm và thời hạn thực hiện nghĩa vụ được bảo đảm, trừ trường hợp pháp luật có quy định khác.
  2. Khi nghĩa vụ trong tương lai được hình thành, các bên không phải xác lập lại biện pháp bảo đảm đối với nghĩa vụ đó.

- **Điều 296 (Bộ luật Dân sự 2015):**
  1"
syn_285_1768630037,Chồng tôi đã biệt tích suốt 3 năm và tôi muốn ly hôn. Tôi cần làm gì để Tòa án chấp nhận yêu cầu ly hôn của tôi?,Điều 68 - Bộ luật Dân sự 2015,True,0.6666666666666666,0.48467966573816157,"**CĂN CỨ PHÁP LUẬT THAM KHẢO:**
- [Tài liệu 1] - [Tài liệu 2] - [Tài liệu 3] - [Luật Hôn nhân và Gia đình 2014] - [Bộ luật Dân sự 2015]

**Nội dung quy định:**
Theo Điều 56 của Luật Hôn nhân và Gia đình 2014, khi vợ hoặc chồng yêu cầu ly hôn mà hòa giải tại Tòa án không thành, Tòa án giải quyết cho ly hôn nếu có căn cứ về việc vợ, chồng có hành vi bạo lực gia đình hoặc vi phạm nghiêm trọng quyền, nghĩa vụ của vợ, chồng làm cho hôn nhân lâm vào tình trạng trầm trọng, đời sống chung không thể kéo dài, mục đích của hôn nhân không đạt được. Điều này cũng áp dụng cho trường hợp vợ hoặc chồng của người bị Tòa án tuyên bố mất tích yêu cầu ly hôn. 

Theo Điều 68 của Bộ luật Dân sự 2015, khi một người biệt tích 02 năm liền trở lên, mặc dù đã áp dụng đầy đủ các biện pháp thông báo, tìm kiếm theo quy định của pháp luật về tố tụng dân sự nhưng vẫn không có tin tức xác thực về việc người đó còn sống hay đã chết thì theo yêu cầu của người có quyền, lợi ích liên quan, Tòa án có thể tuyên bố người đó mất tích. Thời hạn 02 năm được tính từ ngày biết được tin tức cuối cùng về người đó.

**Phân tích & Hướng dẫn:**
Để Tòa án chấp nhận yêu cầu ly hôn của bạn, cần đảm bảo rằng chồng bạn đã biệt tích suốt 03 năm (trên cơ sở 02 năm của Điều 68 Bộ luật Dân sự 2015), và Tòa án đã tuyên bố anh ấy mất tích theo quy định của pháp luật. 

Sau khi chứng minh anh ấy đã biệt tích trong thời gian tối thiểu 02 năm và Tòa án đã tuyên bố anh ấy mất tích, bạn có thể nộp đơn yêu cầu ly hôn tại Tòa án nơi cư trú của anh ấy. Trong đơn yêu cầu ly hôn, bạn cần nêu rõ lý do ly hôn, bao gồm cả việc chứng minh anh ấy đã biệt tích và"
syn_211_1768629364,Công ty tôi vừa bị phát hiện là có nội dung kê khai trong hồ sơ đăng ký doanh nghiệp là giả mạo. Tôi nên làm gì để xử lý tình huống này?,Điều 212 - Luật Doanh nghiệp 2020,True,1.0,0.7505470459518598,"**Căn cứ pháp lý:**
---
**Căn cứ pháp lý tham khảo:**
---
- **Điều 212. Thu hồi Giấy chứng nhận đăng ký doanh nghiệp** - Luật Doanh nghiệp 2020
---

**Nội dung quy định:**
---
**Điều 212. Thu hồi Giấy chứng nhận đăng ký doanh nghiệp**
1. Doanh nghiệp bị thu hồi Giấy chứng nhận đăng ký doanh nghiệp trong trường hợp sau đây:
   a) Nội dung kê khai trong hồ sơ đăng ký doanh nghiệp là giả mạo;
   b) Doanh nghiệp do những người bị cấm thành lập doanh nghiệp theo quy định tại khoản 2 Điều 17 của Luật này thành lập;
   c) Doanh nghiệp ngừng hoạt động kinh doanh 01 năm mà không thông báo với Cơ quan đăng ký kinh doanh và cơ quan thuế;
   d) Doanh nghiệp không gửi báo cáo theo quy định tại điểm c khoản 1 Điều 216 của Luật này đến Cơ quan đăng ký kinh doanh trong thời hạn 06 tháng kể từ ngày hết hạn gửi báo cáo hoặc có yêu cầu bằng văn bản;
   đ) Trường hợp khác theo quyết định của Tòa án, đề nghị của cơ quan có thẩm quyền theo quy định của luật.
2. Chính phủ quy định trình tự, thủ tục thu hồi Giấy chứng nhận đăng ký doanh nghiệp.
---

**Phân tích & Hướng dẫn:**
---
Theo Điều 212 của Luật Doanh nghiệp 2020, nếu nội dung kê khai trong hồ sơ đăng ký doanh nghiệp của Công ty bạn là giả mạo, Công ty bạn sẽ bị thu hồi Giấy chứng nhận đăng ký doanh nghiệp. 

Việc xử lý tình huống này như sau:

1. **Thực hiện Thanh tra và Đánh giá**: Công ty bạn cần tiến hành kiểm tra lại hồ sơ đăng ký doanh nghiệp để xác minh và chứng minh rằng thông tin kê khai là chính xác và không có bất kỳ sự giả mạo nào.

2. **Đăng ký lại**: Nếu xác minh được thông tin kê khai là chính xác, Công ty bạn cần đăng ký lại hồ sơ đăng ký doanh nghiệp và gửi thông báo về việc này cho Cơ quan đăng ký kinh doanh. 

3. **Thủ tục Thu"
syn_451_1768631208,"Tôi có một người anh trai và chúng tôi đều là những người thừa kế của cha tôi. Nếu chúng tôi không thống nhất được về việc chia tài sản, liệu tôi có thể tự mình xác lập quyền sở hữu cho phần tài sản mà tôi muốn không?",Điều 234 - Bộ luật Dân sự 2015,False,1.0,0.3700234192037471,"**Căn cứ pháp lý:**
--- [Tài liệu 1] ---
Văn bản: Bộ luật Dân sự 2015
Nội dung: Điều 218. Định đoạt tài sản chung

**Nội dung quy định:**
1. Mỗi chủ sở hữu chung theo phần có quyền định đoạt phần quyền sở hữu của mình.
2. Việc định đoạt tài sản chung hợp nhất được thực hiện theo thỏa thuận của các chủ sở hữu chung hoặc theo quy định của pháp luật.
3. Trường hợp một chủ sở hữu chung theo phần bán phần quyền sở hữu của mình thì chủ sở hữu chung khác được quyền ưu tiên mua.
4. Trường hợp một trong các chủ sở hữu chung đối với bất động sản từ bỏ phần quyền sở hữu của mình hoặc khi người này chết mà không có người thừa kế thì phần quyền sở hữu đó thuộc về Nhà nước, trừ trường hợp sở hữu chung của cộng đồng thì thuộc sở hữu chung của các chủ sở hữu chung còn lại.
5. Trường hợp một trong các chủ sở hữu chung đối với động sản từ bỏ phần quyền sở hữu của mình hoặc khi người này chết mà không có người thừa kế thì phần quyền sở hữu đó thuộc sở hữu chung của các chủ sở hữu còn lại.
6. Trường hợp tất cả các chủ sở hữu từ bỏ quyền sở hữu của mình đối với tài sản chung thì việc xác lập quyền sở hữu được áp dụng theo quy định tại Điều 228 của Bộ luật này.

**Phân tích & Hướng dẫn:**
Theo Điều 218 của Bộ Luật Dân sự 2015, mỗi chủ sở hữu chung theo phần có quyền định đoạt phần quyền sở hữu của mình. Bạn là một trong những người thừa kế của cha bạn, tức là một chủ sở hữu chung. Nếu bạn và người anh trai của bạn không thống nhất được về việc chia tài sản, bạn vẫn có quyền tự mình xác lập quyền sở hữu cho phần tài sản mà bạn muốn. Tuy nhiên, quyền xác lập quyền sở hữu này sẽ phụ thuộc vào các điều kiện sau:

1. **Thỏa thuận chung:** Trước hết, bạn cần xem xét có thỏa thuận chung giữa các chủ sở hữu chung (bạn và người anh trai) về việc chia tài sản không. Nếu có thỏa thuận, bạn nên tuân"
syn_810_1768633553,"Tôi bị tai nạn giao thông và mất hoàn toàn khả năng lao động từ năm 2020, nhưng hiện tại tôi vẫn còn sống. Vậy tôi có được bồi thường đến khi nào?",Điều 593 - Bộ luật Dân sự 2015,True,0.0,0.7832558139534884,"**CĂN CỨ PHÁP LUẬT THAM KHẢO:**
--- [Tài liệu 1] ---
Văn bản: Bộ luật Dân sự 2015
Nội dung: Điều 593. Thời hạn hưởng bồi thường thiệt hại do tính mạng, sức khỏe bị xâm phạm 1. Trường hợp người bị thiệt hại mất hoàn toàn khả năng lao động thì người bị thiệt hại được hưởng bồi thường từ thời điểm mất hoàn toàn khả năng lao động cho đến khi chết, trừ trường hợp có thỏa thuận khác. 2. Trường hợp người bị thiệt hại chết thì những người mà người này có nghĩa vụ cấp dưỡng khi còn sống được hưởng tiền cấp dưỡng từ thời điểm người có tính mạng bị xâm phạm chết trong thời hạn sau đây: a) Người chưa thành niên hoặc người đã thành thai là con của người chết và còn sống sau khi sinh ra được hưởng tiền cấp dưỡng cho đến khi đủ mười tám tuổi, trừ trường hợp người từ đủ mười lăm tuổi đến chưa đủ mười tám tuổi đã tham gia lao động và có thu nhập đủ nuôi sống bản thân; b) Người thành niên nhưng không có khả năng lao động được hưởng tiền cấp dưỡng cho đến khi chết. 3. Đối với con đã thành thai của người chết, tiền cấp dưỡng được tính từ thời điểm người này sinh ra và còn sống. Mục 3. BỒI THƯỜNG THIỆT HẠI TRONG MỘT SỐ TRƯỜNG HỢP CỤ THỂ

--- [Tài liệu 2] ---
Văn bản: Bộ luật Dân sự 2015
Nội dung: Điều 588. Thời hiệu khởi kiện yêu cầu bồi thường thiệt hại Thời hiệu khởi kiện yêu cầu bồi thường thiệt hại là 03 năm, kể từ ngày người có quyền yêu cầu biết hoặc phải biết quyền, lợi ích hợp pháp của mình bị xâm phạm. Mục 2. XÁC ĐỊNH THIỆT HẠI

--- [Tài liệu 3] ---
Văn bản: Bộ luật Lao động 2019
Nội dung: Điều 130. Xử lý bồi thường thiệt hại 1. Việc xem xét, quyết định mức bồi thường thiệt hại phải căn cứ vào lỗi, mức độ thiệt hại thực tế và hoàn cảnh thực tế gia đình,"
syn_1220_1768639788_1,Vợ tôi là nhân viên một công ty cổ phần và gần đây công ty đã thay đổi hợp đồng lao động mà không thông qua ý kiến của cô ấy. Vợ tôi rất băn khoăn về việc này và muốn biết liệu có thể nhờ cơ quan nào giúp đỡ hay không. Tôi có thể yêu cầu sự can thiệp của Bộ Lao động - Thương binh và Xã hội trong trường hợp này không?,Điều 181 - Bộ luật Lao động 2019,True,1.0,0.36870503597122306,"**Căn cứ pháp lý:**
Bộ luật Lao động 2019 - Điều 33

**Nội dung quy định:**
1. Trong quá trình thực hiện hợp đồng lao động, nếu bên nào có yêu cầu sửa đổi, bổ sung nội dung hợp đồng lao động thì phải báo cho bên kia biết trước ít nhất 03 ngày làm việc về nội dung cần sửa đổi, bổ sung.
2. Trường hợp hai bên thỏa thuận được thì việc sửa đổi, bổ sung nội dung hợp đồng lao động được tiến hành bằng việc ký kết phụ lục hợp đồng lao động hoặc giao kết hợp đồng lao động mới.
3. Trường hợp hai bên không thỏa thuận được việc sửa đổi, bổ sung nội dung hợp đồng lao động thì tiếp tục thực hiện hợp đồng lao động đã giao kết.

**Phân tích & Hướng dẫn:**

Theo quy định tại Điều 33 của Bộ Luật Lao động 2019, để có thể sửa đổi, bổ sung nội dung hợp đồng lao động, bên nào cũng cần phải báo cho bên kia biết trước ít nhất 03 ngày làm việc về nội dung cần sửa đổi, bổ sung. Trong trường hợp công ty đã thay đổi hợp đồng lao động mà không thông qua ý kiến của vợ bạn, đây có thể coi là vi phạm quy định về việc báo trước và thỏa thuận giữa hai bên.

Để có thể giải quyết vấn đề này, vợ bạn có thể liên hệ với cơ quan có thẩm quyền để can thiệp. Theo Điều 181 của Bộ Luật Lao động 2019, cơ quan quản lý nhà nước về lao động có trách nhiệm phối hợp với tổ chức đại diện người lao động, tổ chức đại diện người sử dụng lao động hướng dẫn, hỗ trợ và giúp đỡ các bên trong giải quyết tranh chấp lao động. 

Bên cạnh đó, Bộ Lao động - Thương binh và Xã hội cũng có trách nhiệm trong việc tổ chức tập huấn, nâng cao năng lực chuyên môn của hòa giải viên lao động, trọng tài viên lao động, giúp đỡ các bên trong giải quyết tranh chấp lao động.

Vì vậy, vợ bạn có thể nhờ Bộ Lao động - Thương binh và Xã hội can thiệp vào vấn đề này. Bộ này có thể hỗ trợ việc hòa giải hoặc đưa vụ việc đến"
syn_333_1768630383,Tôi muốn ký một hợp đồng thuê nhà nhưng bên cho thuê không ký. Vậy giao dịch này có hiệu lực không?,Điều 116 - Bộ luật Dân sự 2015,False,0.6666666666666666,0.318118948824343,"**CĂN CỨ PHÁP LUẬT THAM KHẢO:**
---
- **Tài liệu 1:** Bộ luật Dân sự 2015 - Điều 401 (hiệu lực của hợp đồng)
- **Tài liệu 2:** Bộ luật Dân sự 2015 - Điều 129 (giao dịch dân sự vô hiệu do không tuân thủ quy định về hình thức)
- **Tài liệu 3:** Bộ luật Dân sự 2015 - Điều 472 (hợp đồng thuê tài sản)

---

**Nội dung quy định:**
Theo Điều 401 của Bộ luật Dân sự 2015, hợp đồng được giao kết hợp pháp có hiệu lực từ thời điểm giao kết, trừ trường hợp có thỏa thuận khác hoặc luật liên quan có quy định khác. Điều 129 cũng nêu rõ rằng giao dịch dân sự vô hiệu do không tuân thủ quy định về hình thức. Nếu giao dịch dân sự đã được xác lập theo quy định phải bằng văn bản nhưng vi phạm quy định về công chứng, chứng thực, và nếu một bên hoặc các bên đã thực hiện ít nhất hai phần ba nghĩa vụ trong giao dịch, thì Tòa án có thể ra quyết định công nhận hiệu lực của giao dịch đó.

---

**Phân tích & Hướng dẫn:**
Trong trường hợp bạn đang muốn ký một hợp đồng thuê nhà, nhưng bên cho thuê không ký, thì hợp đồng này không có hiệu lực theo quy định tại Điều 401 của Bộ luật Dân sự 2015. Điều này dựa trên nguyên tắc rằng hợp đồng cần phải được giao kết hợp pháp, và nếu một bên không ký tên, hợp đồng không thể được coi là hợp pháp.

Tuy nhiên, cần lưu ý rằng, nếu hợp đồng đã được xác lập theo quy định phải bằng văn bản nhưng không được công chứng, chứng thực và một bên hoặc các bên đã thực hiện ít nhất hai phần ba nghĩa vụ trong giao dịch, thì theo Điều 129 của Bộ luật Dân sự 2015, Tòa án có thể ra quyết định công nhận hiệu lực của giao dịch đó.

Vì vậy, để đảm bảo hợp đồng thuê nhà của bạn có hiệu lực, bạn nên làm theo các bước sau:
1. Đảm bảo"
syn_1608_1768642905_0,"Tôi là một công chức tại một cơ quan nhà nước, trong quá trình làm việc, tôi đã quyết định ký một hợp đồng mà không có sự đồng ý của cấp trên, gây thiệt hại cho ngân sách nhà nước khoảng 50 triệu đồng. Tôi đang lo lắng về hậu quả pháp lý mà mình có thể phải đối mặt. Vậy tôi có thể bị xử lý như thế nào?",Điều 357 - Bộ luật Hình sự (Văn bản hợp nhất 2017),False,0.3333333333333333,0.38336713995943206,"**CĂN CỨ PHÁP LUẬT THAM KHẢO:**

--- [Tài liệu 1] ---
Văn bản: Bộ luật Hình sự (Văn bản hợp nhất 2017)
Nội dung: Điều 205. Tội lập quỹ trái phép

**CĂN CỨ PHÁP LUẬT THAM KHẢO:**

--- [Tài liệu 2] ---
Văn bản: Bộ luật Hình sự (Văn bản hợp nhất 2017)
Nội dung: Điều 179. Tội thiếu trách nhiệm gây thiệt hại đến tài sản của Nhà nước, cơ quan, tổ chức, doanh nghiệp

**CĂN CỨ PHÁP LUẬT THAM KHẢO:**

--- [Tài liệu 3] ---
Văn bản: Bộ luật Hình sự (Văn bản hợp nhất 2017)
Nội dung: Điều 204. Tội vi phạm quy định về bảo quản, quản lý hóa đơn, chứng từ thu nộp ngân sách nhà nước

---

**PHÂN TÍCH VÀ HƯỚNG DẪN:**

Theo câu hỏi của bạn, bạn đã ký một hợp đồng mà không có sự đồng ý của cấp trên, gây thiệt hại cho ngân sách nhà nước khoảng 50 triệu đồng. Đây là hành vi có thể được coi là vi phạm pháp luật với một số điểm cụ thể như sau:

1. **Hành vi Vi phạm:**
   - Theo Điều 205 của Bộ Luật Hình sự (Văn bản hợp nhất 2017), nếu người nào lợi dụng chức vụ, quyền hạn lập quỹ trái quy định của pháp luật và đã sử dụng quỹ đó gây thiệt hại cho tài sản của Nhà nước từ 50.000.000 đồng đến dưới 200.000.000 đồng, thì bị phạt tiền từ 50.000.000 đồng đến 100.000.000 đồng hoặc phạt cải tạo không giam giữ đến 03 năm.
   
2. **Đối chiếu với Hành vi của Bạn:**
   - Trong trường hợp của bạn, thiệt hại cho ngân sách nhà nước là khoảng 50 triệu đồng, nằm trong phạm vi từ 50.000.000 đồng đến"
syn_1671_1768643476_0,"Tôi là một sĩ quan trong quân đội và trong quá trình chiến tranh, tôi đã chứng kiến một đồng nghiệp của mình đối xử tệ bạc với những người tù binh. Tôi có thể bị trách nhiệm pháp lý gì nếu tôi không báo cáo hành vi đó?",Điều 420 - Bộ luật Hình sự (Văn bản hợp nhất 2017),True,0.0,0.36697247706422015,"**CĂN CỨ PHÁP LUẬT THAM KHẢO:**
--- [Tài liệu 1] ---
Văn bản: Bộ luật Hình sự (Văn bản hợp nhất 2017)
Nội dung: Điều 400. Tội khai báo hoặc tự nguyện làm việc cho địch khi bị bắt làm tù binh 1. Người nào khi bị địch bắt làm tù binh mà khai báo bí mật công tác quân sự hoặc tự nguyện làm việc cho địch, thì bị phạt tù từ 01 năm đến 07 năm. 2. Phạm tội thuộc một trong các trường hợp sau đây, thì bị phạt tù từ 05 năm đến 12 năm: a) Là chỉ huy hoặc sĩ quan; b) Đối xử tàn ác với tù binh khác; c) Lôi kéo người khác khai báo, làm việc cho địch; d) Gây hậu quả nghiêm trọng hoặc rất nghiêm trọng. 3. Phạm tội thuộc một trong các trường hợp sau đây, thì bị phạt tù từ 12 năm đến 20 năm: a) Giao nộp cho địch vật, tài liệu bí mật nhà nước hoặc khai báo bí mật nhà nước; b) Gây hậu quả đặc biệt nghiêm trọng.

--- [Tài liệu 2] ---
Văn bản: Bộ luật Hình sự (Văn bản hợp nhất 2017)
Nội dung: Điều 408. Tội báo cáo sai 1. Người nào cố ý báo cáo sai trong hoạt động quân sự gây hậu quả nghiêm trọng, thì bị phạt cải tạo không giam giữ đến 03 năm hoặc phạt tù từ 06 tháng đến 03 năm. 2. Phạm tội thuộc một trong các trường hợp sau đây, thì bị phạt tù từ 02 năm đến 07 năm: a) Trong chiến đấu; b) Trong khu vực có chiến sự; c) Trong tình trạng khẩn cấp; d) Gây hậu quả rất nghiêm trọng hoặc đặc biệt nghiêm trọng.

**CĂN CỨ PHÁP LUẬT THAM KHẢO:**
--- [Tài liệu 3] ---
Văn bản: Bộ luật Hình sự (Văn bản hợp nhất 2017)
Nội dung: Điều 420. Tội ngược đãi tù binh, hàng binh Người nào ngược đãi tù binh,"
syn_194_1768629209,Tôi đang sở hữu 60% vốn điều lệ của một công ty A và muốn thành lập một công ty B. Công ty B có thể coi là công ty con của tôi không?,Điều 195 - Luật Doanh nghiệp 2020,True,0.3333333333333333,0.5037353255069371,"**CĂN CỨ PHÁP LUẬT THAM KHẢO:**
---
**Tài liệu 1:** Văn bản: Luật Doanh nghiệp 2020 - Điều 195
**Tài liệu 2:** Văn bản: Luật Doanh nghiệp 2020 - Điều 88
**Tài liệu 3:** Văn bản: Luật Doanh nghiệp 2020 - Điều 196

---

**Câu hỏi:**
Tôi đang sở hữu 60% vốn điều lệ của một công ty A và muốn thành lập một công ty B. Công ty B có thể coi là công ty con của tôi không?

---

**CĂN CỨ PHÁP LUẬT THAM KHẢO:**
---
**Tài liệu 1:** Văn bản: Luật Doanh nghiệp 2020 - Điều 195
**Tài liệu 2:** Văn bản: Luật Doanh nghiệp 2020 - Điều 88
**Tài liệu 3:** Văn bản: Luật Doanh nghiệp 2020 - Điều 196

---

**Phân tích & Hướng dẫn:**

Theo Điều 195 của Luật Doanh nghiệp 2020, một công ty được coi là công ty mẹ của công ty khác nếu thuộc một trong các trường hợp sau đây:

a) Sở hữu trên 50% vốn điều lệ hoặc tổng số cổ phần phổ thông của công ty đó;
b) Có quyền trực tiếp hoặc gián tiếp quyết định bổ nhiệm đa số hoặc tất cả thành viên Hội đồng quản trị, Giám đốc hoặc Tổng giám đốc của công ty đó;
c) Có quyền quyết định việc sửa đổi, bổ sung Điều lệ của công ty đó.

Tuy nhiên, trong trường hợp bạn chỉ sở hữu 60% vốn điều lệ của công ty A, điều này không đủ để công ty B được coi là công ty con của bạn. Theo Điều 195, cần phải sở hữu tối thiểu 50% vốn điều lệ hoặc tổng số cổ phần phổ thông của công ty A để công ty B có thể được coi là công ty con của bạn.

Đồng thời, Điều 88 của Luật Doanh nghiệp 2020 cũng quy định về việc sở hữu vốn điều lệ của doanh nghiệp nhà nước, trong đó quy định rằng doanh nghiệp do Nhà nước nắm giữ 1"
syn_749_1768633129,"Nếu bên vận chuyển không đến đúng thời gian để nhận hàng mà tôi đã chuẩn bị, họ có phải chịu phí phát sinh nào không?",Điều 532 - Bộ luật Dân sự 2015,True,0.0,0.6388261851015802,"**CĂN CỨ PHÁP LUẬT THAM KHẢO:**
--- [Tài liệu 1] ---
Văn bản: Bộ luật Dân sự 2015
Nội dung: Điều 532. Giao tài sản cho bên vận chuyển

--- [Tài liệu 3] ---
Văn bản: Bộ luật Dân sự 2015
Nội dung: Điều 539. Nghĩa vụ của bên nhận tài sản

**CĂN CỨ PHÁP LUẬT THAM KHẢO:**
---

**CĂN CỨ PHÁP LUẬT THAM KHẢO:**
--- [Tài liệu 1] ---
Văn bản: Bộ luật Dân sự 2015
Nội dung: Điều 532. Giao tài sản cho bên vận chuyển 1. Bên thuê vận chuyển có nghĩa vụ giao tài sản cho bên vận chuyển đúng thời hạn, địa điểm và đóng gói theo đúng quy cách đã thỏa thuận; phải chịu chi phí xếp, dỡ tài sản lên phương tiện vận chuyển, trừ trường hợp có thỏa thuận khác. 2. Trường hợp bên thuê vận chuyển giao tài sản không đúng thời hạn, địa điểm đã thỏa thuận thì phải thanh toán chi phí chờ đợi và tiền vận chuyển tài sản đến địa điểm đã thỏa thuận trong hợp đồng cho bên vận chuyển. Trường hợp bên vận chuyển chậm tiếp nhận tài sản tại địa điểm đã thỏa thuận thì phải chịu chi phí phát sinh do việc chậm tiếp nhận.

**CĂN CỨ PHÁP LUẬT THAM KHẢO:**
--- [Tài liệu 3] ---
Văn bản: Bộ luật Dân sự 2015
Nội dung: Điều 539. Nghĩa vụ của bên nhận tài sản 1. Xuất trình cho bên vận chuyển vận đơn hoặc chứng từ vận chuyển tương đương khác và nhận tài sản đúng thời hạn, địa điểm đã thỏa thuận. 2. Chịu chi phí xếp, dỡ tài sản vận chuyển, trừ trường hợp có thỏa thuận khác hoặc pháp luật có quy định khác. 3. Thanh toán chi phí hợp lý phát sinh do việc chậm tiếp nhận tài sản. 4. Trường hợp bên nhận tài sản là người thứ ba được bên thuê vận chuyển chỉ định thì phải thông báo cho bên thuê vận chuyển về việc nhận tài sản và thông tin"
syn_437_1768631100,"Gia đình tôi đang sở hữu một chiếc xe hơi chung, nhưng giờ đây chiếc xe đã hư hỏng nặng và không còn khả năng sử dụng. Quyền sở hữu chung của tôi và gia đình có chấm dứt không?",Điều 220 - Bộ luật Dân sự 2015,True,1.0,0.4885906040268456,"**Căn cứ pháp lý:**
- Văn bản: Bộ luật Dân sự 2015
- Nơi trích dẫn: Điều 220 và Điều 237

**Nội dung quy định:**
Theo Điều 220 của Bộ Luật Dân sự 2015, sở hữu chung chấm dứt trong trường hợp sau đây: 1. Tài sản chung đã được chia. 2. Một trong số các chủ sở hữu chung được hưởng toàn bộ tài sản chung. 3. Tài sản chung không còn. 4. Trường hợp khác theo quy định của luật. 

Theo Điều 237 của Bộ Luật Dân sự 2015, quyền sở hữu chấm dứt trong trường hợp sau đây: 1. Chủ sở hữu chuyển quyền sở hữu của mình cho người khác. 2. Chủ sở hữu từ bỏ quyền sở hữu của mình. 3. Tài sản đã được tiêu dùng hoặc bị tiêu hủy. 4. Tài sản bị xử lý để thực hiện nghĩa vụ của chủ sở hữu. 5. Tài sản bị trưng mua. 6. Tài sản bị tịch thu. 7. Tài sản đã được xác lập quyền sở hữu cho người khác theo quy định của Bộ luật này. 8. Trường hợp khác do luật quy định.

**Phân tích & Hướng dẫn:**
Trong trường hợp của gia đình bạn, chiếc xe hơi chung đã hư hỏng nặng và không còn khả năng sử dụng, điều này đồng nghĩa với việc tài sản chung (xe hơi) đã bị tiêu hủy theo quy định tại Điều 237 của Bộ Luật Dân sự 2015. Vì vậy, quyền sở hữu chung đối với chiếc xe này sẽ chấm dứt. Điều này không phụ thuộc vào việc tài sản chung đã được chia hay không, mà dựa vào việc tài sản đã bị tiêu hủy hoàn toàn.

Do đó, căn cứ vào các quy định trên, quyền sở hữu chung của gia đình bạn đối với chiếc xe hơi chung đã bị chấm dứt khi chiếc xe hư hỏng nặng và không còn khả năng sử dụng."
syn_426_1768631019,"Tôi và vợ tôi cùng góp vốn để mua một căn nhà, nhưng không có thỏa thuận rõ ràng về phần quyền sở hữu. Liệu tôi có quyền quyết định bán nhà mà không cần sự đồng ý của vợ không?",Điều 209 - Bộ luật Dân sự 2015,False,1.0,0.37894736842105264,"**Căn cứ pháp lý:** 
- [Tài liệu 1] - Luật Hôn nhân và Gia đình 2014 - Điều 31

**Nội dung quy định:**
Điều 31 của Luật Hôn nhân và Gia đình 2014 quy định rằng việc xác lập, thực hiện, chấm dứt các giao dịch liên quan đến nhà là nơi ở duy nhất của vợ chồng phải có sự thỏa thuận của vợ chồng. Trong trường hợp nhà ở thuộc sở hữu riêng của vợ hoặc chồng thì chủ sở hữu có quyền xác lập, thực hiện, chấm dứt giao dịch liên quan đến tài sản đó nhưng phải bảo đảm chỗ ở cho vợ chồng.

**Phân tích & Hướng dẫn:**
Theo quy định trên, việc xác lập, thực hiện, chấm dứt giao dịch liên quan đến nhà là nơi ở duy nhất của vợ chồng phải có sự thỏa thuận của vợ chồng. Vì vậy, nếu bạn và vợ bạn chưa có thỏa thuận về phần quyền sở hữu và việc bán nhà, bạn không có quyền quyết định bán nhà mà không cần sự đồng ý của vợ bạn. 

Trong trường hợp này, bạn nên đề nghị vợ bạn cùng thảo luận và thỏa thuận về phần quyền sở hữu cũng như kế hoạch bán nhà. Việc này không chỉ tuân thủ quy định pháp luật mà còn giúp duy trì mối quan hệ vợ chồng ổn định và bền vững. Nếu hai bạn vẫn không thể thống nhất, có thể cân nhắc tham khảo ý kiến của một chuyên gia tư vấn pháp luật để có hướng giải quyết phù hợp."
syn_204_1768629305,"Gia đình tôi đang có doanh nghiệp tư nhân, và chúng tôi chưa thanh lý một số hợp đồng. Chúng tôi có cần thỏa thuận gì với các bên ký hợp đồng trước khi chuyển đổi doanh nghiệp không?",Điều 205 - Luật Doanh nghiệp 2020,True,0.3333333333333333,0.8953846153846154,"**Căn cứ pháp lý:**
---
--- [Tài liệu 1] ---
Văn bản: Luật Doanh nghiệp 2020
Nội dung: Điều 205. Chuyển đổi doanh nghiệp tư nhân thành công ty trách nhiệm hữu hạn, công ty cổ phần, công ty hợp danh 1. Doanh nghiệp tư nhân có thể chuyển đổi thành công ty trách nhiệm hữu hạn, công ty cổ phần hoặc công ty hợp danh theo quyết định của chủ doanh nghiệp tư nhân nếu đáp ứng đủ các điều kiện sau đây: a) Doanh nghiệp được chuyển đổi phải có đủ các điều kiện theo quy định tại khoản 1 Điều 27 của Luật này; b) Chủ doanh nghiệp tư nhân cam kết bằng văn bản chịu trách nhiệm cá nhân bằng toàn bộ tài sản của mình đối với tất cả khoản nợ chưa thanh toán và cam kết thanh toán đủ số nợ khi đến hạn; c) Chủ doanh nghiệp tư nhân có thỏa thuận bằng văn bản với các bên của hợp đồng chưa thanh lý về việc công ty được chuyển đổi tiếp nhận và tiếp tục thực hiện các hợp đồng đó; d) Chủ doanh nghiệp tư nhân cam kết bằng văn bản hoặc có thỏa thuận bằng văn bản với các thành viên góp vốn khác về việc tiếp nhận và sử dụng lao động hiện có của doanh nghiệp tư nhân. 2. Trong thời hạn 03 ngày làm việc kể từ ngày nhận hồ sơ, Cơ quan đăng ký kinh doanh xem xét và cấp Giấy chứng nhận đăng ký doanh nghiệp nếu có đủ điều kiện quy định tại khoản 1 Điều này và cập nhật tình trạng pháp lý của doanh nghiệp trên Cơ sở dữ liệu quốc gia về đăng ký doanh nghiệp. 3. Công ty được chuyển đổi đương nhiên kế thừa quyền, nghĩa vụ của doanh nghiệp tư nhân kể từ ngày được cấp Giấy chứng nhận đăng ký doanh nghiệp. Chủ doanh nghiệp tư nhân chịu trách nhiệm cá nhân bằng toàn bộ tài sản của mình đối với tất cả khoản nợ phát sinh trước ngày công ty được chuyển đổi được cấp Giấy chứng nhận đăng ký doanh nghiệp.
---

**Căn cứ pháp lý:**
---
--- [Tài liệu 2] ---
Văn bản: Luật Doanh nghiệp 2020
Nội dung: Điều 192. Bán doanh nghiệp tư nhân 1. Chủ doanh nghiệp tư nhân có quyền bán doanh nghiệp tư nhân của"
syn_1113_1768639160_0,"Công ty tôi đang gặp khó khăn trong việc thương lượng một thỏa ước lao động tập thể với các nhân viên. Chúng tôi đã tổ chức một số cuộc họp nhưng chưa đạt được thỏa thuận. Tôi muốn biết, nếu các bên không thể đạt được thỏa thuận, Ủy ban nhân dân cấp tỉnh có thể hỗ trợ chúng tôi như thế nào?",Điều 74 - Bộ luật Lao động 2019,True,1.0,0.656688493919551,"**Căn cứ pháp lý:** 
Điều 74. Trách nhiệm của Ủy ban nhân dân cấp tỉnh trong thương lượng tập thể - Bộ Luật Lao động 2019

**Nội dung quy định:**
1. Tổ chức đào tạo, bồi dưỡng kỹ năng thương lượng tập thể cho các bên thương lượng tập thể.
2. Xây dựng và cung cấp các thông tin, dữ liệu về kinh tế - xã hội, thị trường lao động, quan hệ lao động nhằm hỗ trợ, thúc đẩy thương lượng tập thể.
3. Chủ động hoặc khi có yêu cầu của cả hai bên thương lượng tập thể, hỗ trợ các bên đạt được thỏa thuận trong quá trình thương lượng tập thể; trường hợp không có yêu cầu, việc chủ động hỗ trợ của Ủy ban nhân dân cấp tỉnh chỉ được tiến hành nếu được các bên đồng ý.
4. Thành lập Hội đồng thương lượng tập thể khi có yêu cầu của các bên thương lượng tập thể có nhiều doanh nghiệp theo quy định tại Điều 73 của Bộ luật này.

**Phân tích & Hướng dẫn:**
Theo Điều 74 của Bộ Luật Lao động 2019, Ủy ban nhân dân cấp tỉnh có trách nhiệm hỗ trợ các bên thương lượng tập thể nhằm đạt được thỏa thuận. Điều này bao gồm cả việc chủ động hỗ trợ các bên nếu họ yêu cầu, miễn là được sự đồng ý của các bên thương lượng. 

Trong trường hợp của bạn, mặc dù đã tổ chức các cuộc họp nhưng vẫn không đạt được thỏa thuận, Ủy ban nhân dân cấp tỉnh có thể hỗ trợ bạn như sau:

1. **Hỗ trợ kỹ năng thương lượng:** Ủy ban nhân dân cấp tỉnh có thể tổ chức các khóa học hoặc workshop để nâng cao kỹ năng thương lượng cho cả hai bên, giúp họ hiểu rõ hơn về nhu cầu và lợi ích của mình, từ đó dễ dàng đạt được thỏa thuận.

2. **Giúp cung cấp thông tin:** Ủy ban nhân dân cấp tỉnh có thể cung cấp thông tin, dữ liệu về kinh tế - xã hội, thị trường lao động, quan hệ lao động, giúp các bên hiểu rõ hơn về các yếu tố liên quan đến thỏa ước lao động tập thể.

3. **Thành lập Hội đồng thương lượng tập thể:** Nếu cần thiết, Ủy ban nhân dân cấp tỉnh có thể thành lập Hội đồng thương lượng tập thể để hỗ trợ"
syn_1499_1768641947_1,"Chồng tôi đã từng bị xử tù 2 năm vì tội trồng cây cần sa. Gần đây, anh ấy đã trồng thêm một số cây nữa. Liệu anh ấy có thể bị xử lý nghiêm trọng hơn không?",Điều 247 - Bộ luật Hình sự (Văn bản hợp nhất 2017),True,1.0,0.5380228136882129,"**Căn cứ pháp lý:** Điều 247 và Điều 250 - Bộ luật Hình sự (Văn bản hợp nhất 2017)

**Nội dung quy định:**
Theo Điều 247 của Bộ luật Hình sự, nếu cá nhân đã từng bị xử phạt tù về tội trồng cây thuốc phiện, cây côca, cây cần sa hoặc các loại cây khác có chứa chất ma túy, và nếu họ tiếp tục vi phạm quy định, có thể bị xử lý theo các trường hợp cụ thể như đã được quy định.

Điều 250 cũng đề cập đến việc xử lý đối với người vi phạm về tội vận chuyển trái phép chất ma túy. Nếu người này đã từng bị xử phạt về tội trồng cây thuốc phiện, cây côca, cây cần sa hoặc các loại cây khác có chứa chất ma túy, và nếu họ tiếp tục vi phạm, có thể bị xử lý nghiêm khắc hơn.

**Phân tích & Hướng dẫn:**
Theo Điều 247, nếu chồng bạn đã từng bị xử phạt tù 2 năm về tội trồng cây cần sa, thì theo quy định của Điều 247, nếu anh ấy tiếp tục trồng cây cần sa, anh ấy sẽ bị xử lý theo các trường hợp cụ thể như sau:

- Trường hợp a): Đã được giáo dục 02 lần và đã được tạo điều kiện ổn định cuộc sống.
- Trường hợp b): Đã bị xử phạt vi phạm hành chính về hành vi này hoặc đã bị kết án về tội này, chưa được xóa án tích mà còn vi phạm.
- Trường hợp c): Với số lượng từ 500 cây đến dưới 3.000 cây.

Mặc dù chồng bạn đã từng bị xử phạt tù 2 năm, nhưng nếu số lượng cây cần sa anh ấy trồng chỉ nằm trong khoảng từ 500 cây đến dưới 3.000 cây, thì theo quy định của Điều 247, anh ấy chỉ có thể bị phạt tù từ 06 tháng đến 03 năm.

Theo Điều 250, nếu chồng bạn đã từng bị xử phạt về tội trồng cây cần sa, thì theo Điều 250, nếu anh ấy tiếp tục trồng cây cần sa, anh ấy sẽ bị xử lý theo các trường hợp như sau:

- Trường hợp a): Đã bị xử phạt vi"
syn_1615_1768642975_2,"Gia đình tôi đang gặp rắc rối vì tôi đã bị ép buộc phải đưa một khoản tiền cho một cán bộ để họ không làm khó dễ trong một cuộc kiểm tra. Nếu tôi khai báo trước khi bị phát hiện, tôi có được coi là không có tội không?",Điều 364 - Bộ luật Hình sự (Văn bản hợp nhất 2017),True,1.0,0.549618320610687,"**Căn cứ pháp lý:**
- [Tài liệu 2] - Bộ Luật Hình sự (Văn bản hợp nhất 2017), Điều 364

**Nội dung quy định:**
1. Phạm tội thuộc một trong các trường hợp sau đây, thì bị phạt tù từ 02 năm đến 07 năm:
   a) Có tổ chức;
   b) Dùng thủ đoạn xảo quyệt;
   c) Dùng tài sản của Nhà nước để đưa hối lộ;
   d) Lợi dụng chức vụ, quyền hạn;
   e) Phạm tội 02 lần trở lên;
   f) Của hối lộ là tiền, tài sản, lợi ích vật chất khác trị giá từ 100.000.000 đồng đến dưới 500.000.000 đồng.

2. Phạm tội trong trường hợp của hối lộ là tiền, tài sản, lợi ích vật chất khác trị giá từ 500.000.000 đồng đến dưới 1.000.000.000 đồng, thì bị phạt tù từ 07 năm đến 12 năm.

3. Phạm tội trong trường hợp của hối lộ là tiền, tài sản, lợi ích vật chất khác trị giá 1.000.000.000 đồng trở lên, thì bị phạt tù từ 12 năm đến 20 năm.

**Phân tích & Hướng dẫn:**
Theo Điều 364 của Bộ Luật Hình sự, nếu bạn đã bị ép buộc đưa hối lộ cho một cán bộ để họ không làm khó dễ trong một cuộc kiểm tra, và bạn đã khai báo trước khi bị phát hiện, thì theo quy định tại điểm f) của khoản 1 Điều 364, bạn có thể được coi là không có tội. Điều này có nghĩa là bạn sẽ không bị truy cứu trách nhiệm hình sự, và thậm chí, có thể được trả lại toàn bộ số tiền đã đưa.

Tuy nhiên, cần lưu ý rằng để đảm bảo quyền lợi tối đa, bạn nên liên hệ với cơ quan chức năng như Công an hoặc Viện Kiểm sát để trình bày hoàn cảnh cụ thể và được hỗ trợ trong quá trình khai báo. Đồng thời, việc này cũng đòi hỏi sự minh bạch và chứng minh rõ ràng về việc bạn đã bị"
syn_1556_1768642443_2,"Trong một buổi tiệc, một người bạn đã mang theo một lượng lớn pháo nổ và vô tình gây ra một tai nạn dẫn đến chấn thương cho nhiều người. Nếu thiệt hại tài sản lên tới 200 triệu đồng, người bạn đó có thể bị xử lý như thế nào?",Điều 305 - Bộ luật Hình sự (Văn bản hợp nhất 2017),False,0.6666666666666666,0.5144596651445966,"**Căn cứ pháp lý:**
---
**Căn cứ pháp lý tham khảo:**
---
- **Điều 308. Tội thiếu trách nhiệm trong việc giữ vũ khí, vật liệu nổ, công cụ hỗ trợ gây hậu quả nghiêm trọng** (Bộ luật Hình sự 2015)
- **Điều 307. Tội vi phạm quy định về quản lý vũ khí, vật liệu nổ, công cụ hỗ trợ** (Bộ luật Hình sự 2015)

**Nội dung quy định:**
---
**Điều 308. Tội thiếu trách nhiệm trong việc giữ vũ khí, vật liệu nổ, công cụ hỗ trợ gây hậu quả nghiêm trọng**
1. Người nào được giao vũ khí quân dụng, súng săn, vũ khí thể thao, vật liệu nổ, công cụ hỗ trợ mà thiếu trách nhiệm để người khác sử dụng thuộc một trong các trường hợp sau đây, thì bị phạt cải tạo không giam giữ đến 03 năm hoặc phạt tù từ 06 tháng đến 03 năm: a) Làm chết người; b) Gây thương tích hoặc gây tổn hại cho sức khỏe của người khác mà tỷ lệ tổn thương cơ thể 61% trở lên; c) Gây thương tích hoặc gây tổn hại cho sức khỏe của 02 người trở lên mà tổng tỷ lệ tổn thương cơ thể của những người này từ 61% đến 121%; d) Gây thiệt hại về tài sản từ 100.000.000 đồng đến dưới 500.000.000 đồng.
2. Phạm tội thuộc một trong các trường hợp sau đây, thì bị phạt tù từ 02 năm đến 07 năm: a) Làm chết 02 người; b) Gây thương tích hoặc gây tổn hại cho sức khỏe của 02 người trở lên mà tổng tỷ lệ tổn thương cơ thể của những người này từ 122% đến 200%; c) Gây thiệt hại về tài sản từ 500.000.000 đồng đến dưới 1.500.000.000 đồng.
3. Phạm tội thuộc một trong các trường hợp sau đây, thì bị phạt tù từ 05 năm đến 10 năm: a) Làm"
syn_1478_1768641772_2,"Chồng tôi vừa bị cáo buộc là đã nhập khẩu hàng hóa giả mạo nhãn hiệu với trị giá khoảng 600 triệu đồng. Nếu bị kết án, hình phạt nào có thể được áp dụng cho anh ấy?",Điều 226 - Bộ luật Hình sự (Văn bản hợp nhất 2017),True,1.0,0.5732666190135811,"**Căn cứ pháp lý:**
Điều 226. Tội xâm phạm quyền sở hữu công nghiệp - Bộ luật Hình sự (Văn bản hợp nhất 2017)

**Nội dung quy định:**
Theo Điều 226 của Bộ luật Hình sự, người nào cố ý xâm phạm quyền sở hữu công nghiệp đối với nhãn hiệu hoặc chỉ dẫn địa lý đang được bảo hộ tại Việt Nam mà đối tượng là hàng hóa giả mạo nhãn hiệu hoặc chỉ dẫn địa lý với quy mô thương mại hoặc thu lợi bất chính từ 100.000.000 đồng đến dưới 300.000.000 đồng hoặc gây thiệt hại cho chủ sở hữu nhãn hiệu hoặc chỉ dẫn địa lý từ 200.000.000 đồng đến dưới 500.000.000 đồng hoặc hàng hóa vi phạm trị giá từ 200.000.000 đồng đến dưới 500.000.000 đồng, thì bị phạt tiền từ 50.000.000 đồng đến 500.000.000 đồng hoặc phạt cải tạo không giam giữ đến 03 năm. 

Nếu phạm tội thuộc một trong các trường hợp sau đây, thì bị phạt tiền từ 500.000.000 đồng đến 1.000.000.000 đồng hoặc phạt tù từ 06 tháng đến 03 năm: a) Có tổ chức; b) Phạm tội 02 lần trở lên; c) Thu lợi bất chính 300.000.000 đồng trở lên; d) Gây thiệt hại cho chủ sở hữu nhãn hiệu hoặc chỉ dẫn địa lý 500.000.000 đồng trở lên; đ) Hàng hóa vi phạm trị giá 500.000.000 đồng trở lên.

**Phân tích & Hướng dẫn:**

Theo thông tin bạn cung cấp, chồng bạn đã nhập khẩu hàng hóa giả mạo nhãn hiệu với trị giá khoảng 600 triệu đồng. Đây vượt quá ngưỡng quy định trong Điều 226 của Bộ luật Hình sự. Cụ thể:

- Trị giá hàng hóa (600 triệu đồng) nằm trong khoảng từ"
syn_544_1768631841,"Tôi đã thế chấp một chiếc xe hơi để vay tiền, nhưng bây giờ tôi đã trả hết nợ. Tôi cần làm gì để chấm dứt thế chấp tài sản này?",Điều 327 - Bộ luật Dân sự 2015,True,0.3333333333333333,0.5095057034220533,"**CĂN CỨ PHÁP LUẬT THAM KHẢO:**
--- [Tài liệu 1] ---
Văn bản: Bộ luật Dân sự 2015
Nội dung: Điều 327. Chấm dứt thế chấp tài sản Thế chấp tài sản chấm dứt trong trường hợp sau đây: 1. Nghĩa vụ được bảo đảm bằng thế chấp chấm dứt. 2. Việc thế chấp tài sản được hủy bỏ hoặc được thay thế bằng biện pháp bảo đảm khác. 3. Tài sản thế chấp đã được xử lý. 4. Theo thỏa thuận của các bên. Tiểu mục 4. ĐẶT CỌC, KÝ CƯỢC, KÝ QUỸ

--- [Tài liệu 2] ---
Văn bản: Bộ luật Dân sự 2015
Nội dung: Điều 322. Nghĩa vụ của bên nhận thế chấp 1. Trả các giấy tờ cho bên thế chấp sau khi chấm dứt thế chấp đối với trường hợp các bên thỏa thuận bên nhận thế chấp giữ giấy tờ liên quan đến tài sản thế chấp. 2. Thực hiện thủ tục xử lý tài sản thế chấp theo đúng quy định của pháp luật.

**PHÂN TÍCH VÀ HƯỚNG DẪN:**

Theo Điều 327 của Bộ luật Dân sự 2015, có ba trường hợp cụ thể mà thế chấp tài sản sẽ chấm dứt:

1. **Nghĩa vụ được bảo đảm bằng thế chấp chấm dứt**: Đây là trường hợp phù hợp nhất với câu hỏi của bạn. Bạn đã hoàn thành nghĩa vụ trả nợ, nghĩa vụ bảo đảm bằng thế chấp của mình đã chấm dứt, nên thế chấp tài sản (xe hơi) của bạn cũng sẽ chấm dứt.

2. **Việc thế chấp tài sản được hủy bỏ hoặc được thay thế bằng biện pháp bảo đảm khác**: Nếu bên nhận thế chấp đã quyết định hủy bỏ thế chấp hoặc thay thế bằng biện pháp bảo đảm khác, thì thế chấp tài sản của bạn cũng sẽ chấm dứt.

3. **Tài sản thế chấp đã được xử lý**: Nếu tài sản thế chấp đã bị xử lý, ví dụ như bán đi, thì thế chấp tài sản cũng sẽ chấm dứt.

Đối với trường hợp của bạn, vì bạn đã hoàn"
syn_892_1768634088,Gia đình tôi có một người thân đã mất tích hơn một năm ở nước ngoài. Chúng tôi có thể yêu cầu xác định tình trạng của người này theo pháp luật Việt Nam không?,Điều 675 - Bộ luật Dân sự 2015,True,0.6666666666666666,0.4722891566265061,"**CĂN CỨ PHÁP LUẬT THAM KHẢO:**

- **Tài liệu 1:** Bộ luật Dân sự 2015 - Điều 675
- **Tài liệu 2:** Bộ luật Dân sự 2015 - Điều 68
- **Tài liệu 3:** Bộ luật Dân sự 2015 - Điều 64

**Nội dung quy định:**

- Theo Điều 675 của Bộ Luật Dân sự 2015, việc xác định một cá nhân mất tích hoặc chết tuân theo pháp luật của nước mà người đó có quốc tịch vào thời điểm trước khi có tin tức cuối cùng về người đó, trừ trường hợp quy định tại khoản 2 Điều này.
- Theo Điều 68 của Bộ Luật Dân sự 2015, khi một người biệt tích 02 năm liền trở lên, mặc dù đã áp dụng đầy đủ các biện pháp thông báo, tìm kiếm theo quy định của pháp luật về tố tụng dân sự nhưng vẫn không có tin tức xác thực về việc người đó còn sống hay đã chết thì Tòa án có thể tuyên bố người đó mất tích. Thời hạn 02 năm được tính từ ngày biết được tin tức cuối cùng về người đó.

**Phân tích & Hướng dẫn:**

Theo thông tin cung cấp, gia đình bạn đã có người thân mất tích hơn một năm ở nước ngoài. Để xác định tình trạng pháp lý của người này, chúng ta cần phân tích từng bước:

1. **Xác định Quốc tịch:** Đầu tiên, cần xác định quốc tịch của người thân trong gia đình bạn. Điều này rất quan trọng vì theo quy định tại Điều 675 của Bộ Luật Dân sự 2015, việc xác định mất tích hoặc chết sẽ tuân theo pháp luật của nước mà người đó có quốc tịch vào thời điểm trước khi có tin tức cuối cùng về người đó.

2. **Điều tra Tin Tức Cuối Cùng:** Nếu người thân của bạn mất tích ở nước ngoài, cần xác định rõ tin tức cuối cùng về họ. Đây có thể là thông tin về địa chỉ, số điện thoại, email, hoặc bất kỳ hình thức liên lạc nào khác. 

3. **Yêu cầu Thông Báo Tìm Kiếm:** Theo Điều 64 của Bộ Luật Dân sự 2015,"
syn_577_1768632059,"Gia đình tôi đã cho bạn mượn xe, nhưng bạn đã làm hỏng xe mà không thông báo cho tôi, tôi có thể yêu cầu bồi thường thiệt hại không?",Điều 360 - Bộ luật Dân sự 2015,False,1.0,0.3882896764252697,"**Căn cứ pháp lý:** 
- Điều 498. Nghĩa vụ của bên cho mượn tài sản - Bộ luật Dân sự 2015

**Nội dung quy định:**
1. Cung cấp thông tin cần thiết về việc sử dụng tài sản và khuyết tật của tài sản, nếu có.
2. Thanh toán cho bên mượn chi phí sửa chữa, chi phí làm tăng giá trị tài sản, nếu có thỏa thuận.
3. Bồi thường thiệt hại cho bên mượn nếu biết tài sản có khuyết tật mà không báo cho bên mượn biết dẫn đến gây thiệt hại cho bên mượn, trừ những khuyết tật mà bên mượn biết hoặc phải biết.

**Phân tích & Hướng dẫn:**
Theo quy định tại Điều 498 của Bộ Luật Dân sự 2015, nếu bạn (bên cho mượn) đã biết rằng tài sản (xe) có khuyết tật nhưng không thông báo cho người cho mượn (gọi là bên mượn), thì bên mượn có quyền yêu cầu bồi thường thiệt hại cho bên cho mượn. 

Trong trường hợp này, bạn đã làm hỏng xe mà không thông báo cho gia đình bạn (bên cho mượn), điều này vi phạm nghĩa vụ của bạn theo quy định trên. Vì vậy, gia đình bạn có quyền yêu cầu bồi thường thiệt hại từ bạn vì hành vi không tuân thủ nghĩa vụ thông báo về khuyết tật của tài sản.

Đồng thời, bạn cũng nên xem xét nghĩa vụ của mình theo Điều 499 của Bộ Luật Dân sự 2015, đó là yêu cầu bồi thường thiệt hại đối với tài sản do bạn gây ra."
syn_213_1768629379,"Gia đình tôi đang phải đối mặt với việc kinh doanh thua lỗ, tôi muốn biết quyền lợi của tôi là gì nếu doanh nghiệp tôi phải tiến hành thủ tục phá sản?",Điều 214 - Luật Doanh nghiệp 2020,True,1.0,0.3784530386740332,"**Căn cứ pháp lý:** 
Điều 214, Điều 384 - Luật Doanh nghiệp 2020 và Bộ luật Dân sự 2015

**Nội dung quy định:**
Theo Điều 214 của Luật Doanh nghiệp 2020, việc phá sản doanh nghiệp được thực hiện theo quy định của pháp luật về phá sản. Theo Điều 384 của Bộ luật Dân sự 2015, trong trường hợp phá sản, nghĩa vụ chấm dứt theo quy định của Luật phá sản.

**Phân tích & Hướng dẫn:**
Trong trường hợp bạn đang đối mặt với việc doanh nghiệp của gia đình bị phá sản, quyền lợi cụ thể của bạn sẽ phụ thuộc vào các quy định về giải thể doanh nghiệp và các quy định liên quan đến phá sản. Dựa trên các quy định trên, dưới đây là phân tích về quyền lợi của bạn:

1. **Quyền lợi trong quá trình giải thể doanh nghiệp:** Theo Điều 208 của Luật Doanh nghiệp 2020, trước khi doanh nghiệp tiến hành phá sản, cần thông qua nghị quyết, quyết định giải thể doanh nghiệp. Nội dung của nghị quyết, quyết định này bao gồm các thông tin như tên, địa chỉ trụ sở chính của doanh nghiệp, lý do giải thể, thời hạn thanh lý hợp đồng, phương án xử lý nghĩa vụ lao động, và thông tin về chủ doanh nghiệp.

2. **Quyền lợi khi doanh nghiệp phá sản:** Nếu doanh nghiệp của bạn đã tiến hành giải thể và sau đó được coi là phá sản, theo Điều 384 của Bộ luật Dân sự 2015, tất cả nghĩa vụ trong hợp đồng sẽ chấm dứt. Bạn có quyền yêu cầu doanh nghiệp thanh toán các khoản nợ lương, trợ cấp, bảo hiểm xã hội, bảo hiểm y tế, bảo hiểm thất nghiệp theo quy định của pháp luật. Ngoài ra, bạn cũng có quyền yêu cầu thanh toán các khoản nợ thuế và các khoản nợ khác theo thứ tự ưu tiên quy định.

3. **Quyền lợi tài sản:** Theo Điều 208 của Luật Doanh nghiệp 2020, sau khi thanh toán hết các khoản nợ, phần còn lại của doanh nghiệp sẽ được chia cho chủ do"
syn_1443_1768641507_1,"Công ty tôi vừa nhận một lô hàng thuốc lá nhập lậu 2.000 bao từ nước ngoài. Nếu bị phát hiện, công ty tôi sẽ phải chịu hình phạt như thế nào?",Điều 191 - Bộ luật Hình sự (Văn bản hợp nhất 2017),False,1.0,0.2871900826446281,"**Căn cứ pháp lý:** Điều 190, Điều 191, Điều 188, Văn bản hợp nhất của Bộ luật Hình sự (2017)

**Nội dung quy định:**
- **Điều 190** quy định về tội sản xuất, buôn bán hàng cấm, trong đó có quy định về việc sản xuất, buôn bán thuốc lá nhập lậu.
- **Điều 191** quy định về tội tàng trữ, vận chuyển hàng cấm, trong đó có quy định về việc tàng trữ, vận chuyển thuốc lá nhập lậu.
- **Điều 188** quy định về tội buôn lậu, trong đó có quy định về việc buôn bán hàng hóa qua biên giới.

**Phân tích & Hướng dẫn:**
Theo thông tin bạn cung cấp, công ty của bạn đã nhận một lô hàng thuốc lá nhập lậu với số lượng 2.000 bao. Chúng ta cần phân tích dựa trên quy định cụ thể về tội sản xuất, buôn bán hàng cấm và tội buôn lậu.

1. **Xác định loại tội**: Theo Điều 190 của Bộ Luật Hình sự, tội sản xuất, buôn bán hàng cấm bao gồm cả việc buôn bán thuốc lá nhập lậu. Do đó, tội danh mà công ty của bạn có thể bị truy cứu là ""tội sản xuất, buôn bán hàng cấm"".

2. **Xác định mức hình phạt**: 
   - Theo Điểm d, Khoản 1 Điều 190 của Bộ Luật Hình sự, đối với hành vi sản xuất, buôn bán thuốc lá nhập lậu từ 1.500 bao đến dưới 3.000 bao, nếu không thuộc trường hợp quy định tại các điều 188, 189, 190, 192, 193, 194, 195, 196 và 200 của Bộ Luật này, thì bị phạt tiền từ 1.000.000.000 đồng đến 3.000.000.000 đồng hoặc phạt tù từ 05 năm đến 10 năm.
   - Trong trường hợp của bạn, số lượng thuốc lá nhập lậu"
syn_983_1768634698,"Con tôi đã 16 tuổi và muốn bán chiếc máy tính cá nhân của mình, nhưng tôi không đồng ý, tôi có quyền ngăn cản con không?",Điều 77 - Luật Hôn nhân và Gia đình 2014,True,0.3333333333333333,0.6872427983539096,"**CĂN CỨ PHÁP LUẬT THAM KHẢO:**
--- [Tài liệu 1] ---
Văn bản: Luật Hôn nhân và Gia đình 2014
Nội dung: Điều 77. Định đoạt tài sản riêng của con chưa thành niên, con đã thành niên mất năng lực hành vi dân sự 1. Trường hợp cha mẹ hoặc người giám hộ quản lý tài sản riêng của con dưới 15 tuổi thì có quyền định đoạt tài sản đó vì lợi ích của con, nếu con từ đủ 09 tuổi trở lên thì phải xem xét nguyện vọng của con. 2. Con từ đủ 15 tuổi đến dưới 18 tuổi có quyền định đoạt tài sản riêng, trừ trường hợp tài sản là bất động sản, động sản có đăng ký quyền sở hữu, quyền sử dụng hoặc dùng tài sản để kinh doanh thì phải có sự đồng ý bằng văn bản của cha mẹ hoặc người giám hộ. 3. Trong trường hợp con đã thành niên mất năng lực hành vi dân sự thì việc định đoạt tài sản riêng của con do người giám hộ thực hiện.

--- [Tài liệu 2] ---
Văn bản: Luật Hôn nhân và Gia đình 2014
Nội dung: Điều 75. Quyền có tài sản riêng của con 1. Con có quyền có tài sản riêng. Tài sản riêng của con bao gồm tài sản được thừa kế riêng, được tặng cho riêng, thu nhập do lao động của con, hoa lợi, lợi tức phát sinh từ tài sản riêng của con và thu nhập hợp pháp khác. Tài sản được hình thành từ tài sản riêng của con cũng là tài sản riêng của con. 2. Con từ đủ 15 tuổi trở lên sống chung với cha mẹ phải có nghĩa vụ chăm lo đời sống chung của gia đình; đóng góp vào việc đáp ứng nhu cầu thiết yếu của gia đình nếu có thu nhập. 3. Con đã thành niên có nghĩa vụ đóng góp thu nhập vào việc đáp ứng nhu cầu của gia đình theo quy định tại khoản 4 Điều 70 của Luật này.

---

**Câu hỏi:**
Con tôi đã 16 tuổi và muốn bán chiếc máy tính cá nhân của mình, nhưng tôi không đồng ý, tôi có quyền ngăn cản con không?

**Phân tích & Hướng dẫn:**
Theo Điều 7"
syn_1221_1768639794_2,Công ty chúng tôi đang trong quá trình giải quyết một tranh chấp lao động và tôi lo lắng về việc không có đủ chứng cứ để bảo vệ yêu cầu của mình. Tôi có nghĩa vụ gì trong vụ tranh chấp này?,Điều 182 - Bộ luật Lao động 2019,True,1.0,0.6851654215581644,"**Căn cứ pháp lý:**
--- [Tài liệu 1] ---
Văn bản: Bộ luật Lao động 2019
Nội dung: Điều 182. Quyền và nghĩa vụ của hai bên trong giải quyết tranh chấp lao động

**Nội dung quy định:**
1. Trong giải quyết tranh chấp lao động, các bên có quyền sau đây: a) Trực tiếp hoặc thông qua đại diện để tham gia vào quá trình giải quyết; b) Rút yêu cầu hoặc thay đổi nội dung yêu cầu; c) Yêu cầu thay đổi người tiến hành giải quyết tranh chấp lao động nếu có lý do cho rằng người đó có thể không vô tư hoặc không khách quan.
2. Trong giải quyết tranh chấp lao động, các bên có nghĩa vụ sau đây: a) Cung cấp đầy đủ, kịp thời tài liệu, chứng cứ để chứng minh cho yêu cầu của mình; b) Chấp hành thỏa thuận đã đạt được, quyết định của Ban trọng tài lao động, bản án, quyết định của Tòa án đã có hiệu lực pháp luật.

**Phân tích & Hướng dẫn:**
Theo quy định tại Điều 182 của Bộ Luật Lao động 2019, bạn có nghĩa vụ cung cấp đầy đủ, kịp thời tài liệu, chứng cứ để chứng minh cho yêu cầu của mình trong quá trình giải quyết tranh chấp lao động. Điều này có nghĩa là bạn cần phải đảm bảo rằng mọi tài liệu, bằng chứng mà bạn cung cấp đều hợp lệ và có giá trị chứng minh cho yêu cầu của mình.

Tuy nhiên, cũng cần lưu ý rằng việc cung cấp chứng cứ đầy đủ không phải lúc nào cũng phụ thuộc hoàn toàn vào bạn. Theo Điều 183 của cùng văn bản pháp luật, cơ quan, tổ chức, cá nhân có thẩm quyền giải quyết tranh chấp lao động có quyền yêu cầu các bên tranh chấp, cơ quan, tổ chức, cá nhân có liên quan cung cấp tài liệu, chứng cứ, trưng cầu giám định, mời người làm chứng và người có liên quan. Điều này cho thấy bạn không chỉ cần cung cấp chứng cứ, mà còn có thể cần sự hỗ trợ từ bên thứ ba.

Bên cạnh đó, theo Điều 181 của Bộ Luật Lao động 2019"
syn_587_1768632137,"Tôi có một hợp đồng cho thuê nhà với một người bạn, nhưng hiện tại tôi không thể tiếp tục thực hiện nghĩa vụ trong hợp đồng. Tôi có thể chuyển giao nghĩa vụ của mình cho một người khác mà không cần sự đồng ý của bạn tôi không?",Điều 370 - Bộ luật Dân sự 2015,True,0.3333333333333333,0.5536723163841808,"**CĂN CỨ PHÁP LUẬT THAM KHẢO:**
---
[Tài liệu 1] ---
Văn bản: Bộ luật Dân sự 2015
Nội dung: Điều 370. Chuyển giao nghĩa vụ 1. Bên có nghĩa vụ có thể chuyển giao nghĩa vụ cho người thế nghĩa vụ nếu được bên có quyền đồng ý, trừ trường hợp nghĩa vụ gắn liền với nhân thân của bên có nghĩa vụ hoặc pháp luật có quy định không được chuyển giao nghĩa vụ. 2. Khi được chuyển giao nghĩa vụ thì người thế nghĩa vụ trở thành bên có nghĩa vụ.

[Tài liệu 2] ---
Văn bản: Bộ luật Dân sự 2015
Nội dung: Điều 365. Chuyển giao quyền yêu cầu 1. Bên có quyền yêu cầu thực hiện nghĩa vụ có thể chuyển giao quyền yêu cầu đó cho người thế quyền theo thỏa thuận, trừ trường hợp sau đây: a) Quyền yêu cầu cấp dưỡng, yêu cầu bồi thường thiệt hại do xâm phạm đến tính mạng, sức khỏe, danh dự, nhân phẩm, uy tín; b) Bên có quyền và bên có nghĩa vụ có thỏa thuận hoặc pháp luật có quy định về việc không được chuyển giao quyền yêu cầu. 2. Khi bên có quyền yêu cầu chuyển giao quyền yêu cầu cho người thế quyền thì người thế quyền trở thành bên có quyền yêu cầu. Việc chuyển giao quyền yêu cầu không cần có sự đồng ý của bên có nghĩa vụ. Người chuyển giao quyền yêu cầu phải thông báo bằng văn bản cho bên có nghĩa vụ biết về việc chuyển giao quyền yêu cầu, trừ trường hợp có thỏa thuận khác. Trường hợp bên chuyển giao quyền yêu cầu không thông báo về việc chuyển giao quyền mà phát sinh chi phí cho bên có nghĩa vụ thì bên chuyển giao quyền yêu cầu phải thanh toán chi phí này.

[Câu hỏi: Tôi có một hợp đồng cho thuê nhà với một người bạn, nhưng hiện tại tôi không thể tiếp tục thực hiện nghĩa vụ trong hợp đồng. Tôi có thể chuyển giao nghĩa vụ của mình cho một người khác mà không cần sự đồng ý của bạn tôi không?]
---

**PHÂN TÍCH VÀ HƯỚNG DẪN:**
Theo Điều 370 của Bộ Luật Dân sự 2015, bên có nghĩa vụ có thể"
syn_631_1768632410,"Tôi đã trả một phần hợp đồng thuê xe, nhưng do thời tiết xấu, tôi không thể tiếp tục thuê xe. Tôi có quyền yêu cầu bên cho thuê hoàn lại tiền cho phần chưa sử dụng không?",Điều 414 - Bộ luật Dân sự 2015,False,0.0,0.3441860465116279,"**CĂN CỨ PHÁP LUẬT THAM KHẢO:**
---
[Tài liệu 1] ---
Văn bản: Bộ luật Dân sự 2015
Nội dung: Điều 478. Nghĩa vụ bảo đảm quyền sử dụng tài sản cho bên thuê 1. Bên cho thuê phải bảo đảm quyền sử dụng tài sản ổn định cho bên thuê. 2. Trường hợp có tranh chấp về quyền sở hữu đối với tài sản thuê mà bên thuê không được sử dụng tài sản ổn định thì bên thuê có quyền đơn phương chấm dứt thực hiện hợp đồng và yêu cầu bồi thường thiệt hại.

[Tài liệu 2] ---
Văn bản: Bộ luật Dân sự 2015
Nội dung: Điều 482. Trả lại tài sản thuê 1. Bên thuê phải trả lại tài sản thuê trong tình trạng như khi nhận, trừ hao mòn tự nhiên hoặc theo đúng như tình trạng đã thỏa thuận; nếu giá trị của tài sản thuê bị giảm sút so với tình trạng khi nhận thì bên cho thuê có quyền yêu cầu bồi thường thiệt hại, trừ hao mòn tự nhiên. 2. Trường hợp tài sản thuê là động sản thì địa điểm trả lại tài sản thuê là nơi cư trú hoặc trụ sở của bên cho thuê, trừ trường hợp có thỏa thuận khác. 3. Trường hợp tài sản thuê là gia súc thì bên thuê phải trả lại gia súc đã thuê và cả gia súc được sinh ra trong thời gian thuê, trừ trường hợp có thỏa thuận khác. Bên cho thuê phải thanh toán chi phí chăm sóc gia súc được sinh ra cho bên thuê. 4. Khi bên thuê chậm trả tài sản thuê thì bên cho thuê có quyền yêu cầu bên thuê trả lại tài sản thuê, trả tiền thuê trong thời gian chậm trả và phải bồi thường thiệt hại; bên thuê phải trả tiền phạt vi phạm do chậm trả tài sản thuê, nếu có thỏa thuận. 5. Bên thuê phải chịu rủi ro xảy ra đối với tài sản thuê trong thời gian chậm trả. Tiểu mục 2. HỢP ĐỒNG THUÊ KHOÁN TÀI SẢN

[Tài liệu 3] ---
Văn bản: Bộ luật Dân sự 2015
Nội dung: Điều 477. Nghĩa vụ bảo đảm giá trị sử"
syn_1501_1768641960_0,Tôi vừa bị bắt vì có trong túi 3 gam cocaine. Tôi đã từng bị phạt vi phạm hành chính về tàng trữ chất ma túy trước đó. Tôi sẽ bị xử lý như thế nào?,Điều 249 - Bộ luật Hình sự (Văn bản hợp nhất 2017),True,1.0,0.3503847894975102,"**Căn cứ pháp lý:** Điều 249. Tội tàng trữ trái phép chất ma túy - Bộ Luật Hình sự (Văn bản hợp nhất 2017)

**Nội dung quy định:**
Điều 249 quy định về hình phạt cho người tàng trữ trái phép chất ma túy. Theo đó, người nào tàng trữ trái phép chất ma túy mà không nhằm mục đích mua bán, vận chuyển, sản xuất trái phép chất ma túy, sẽ bị phạt tù từ 01 năm đến 05 năm nếu họ đã bị xử phạt vi phạm hành chính về hành vi quy định tại Điều này hoặc đã bị kết án về tội này hoặc một trong các tội quy định tại các điều 248, 250, 251 và 252 của Bộ luật này, chưa được xóa án tích mà còn vi phạm.

**Phân tích & Hướng dẫn:**
Theo quy định trên, bạn đã tàng trữ 3 gam cocaine. Mặc dù số lượng nhỏ so với các mức quy định cụ thể trong điều luật, nhưng vì bạn đã từng bị xử phạt vi phạm hành chính về tàng trữ chất ma túy trước đó, bạn sẽ bị truy cứu theo quy định tại điểm a của khoản 1 Điều 249.

Theo đó, người phạm tội thuộc trường hợp đã bị xử phạt vi phạm hành chính về một trong các hành vi quy định tại Điều này hoặc đã bị kết án về tội này, chưa được xóa án tích mà còn vi phạm, sẽ bị phạt tù từ 01 năm đến 05 năm.

Vì vậy, dựa trên thông tin cung cấp, bạn sẽ bị truy cứu theo điều luật này và có thể phải đối mặt với mức án từ 01 năm đến 05 năm tù. Ngoài ra, bạn có thể bị phạt tiền từ 5.000.000 đồng đến 50.000.000 đồng, cấm đảm nhiệm chức vụ, cấm hành nghề hoặc làm công việc nhất định từ 01 năm đến 05 năm hoặc tịch thu một phần hoặc toàn bộ tài sản."
syn_992_1768634758,"Tôi phát hiện cha mẹ của một đứa trẻ có hành vi bạo lực và không chăm sóc đầy đủ cho con, tôi có thể yêu cầu Tòa án hạn chế quyền của họ không?",Điều 86 - Luật Hôn nhân và Gia đình 2014,True,1.0,0.47646493756003844,"**Căn cứ pháp lý:** 
- [Tài liệu 1] - Điều 86. Người có quyền yêu cầu Tòa án hạn chế quyền của cha, mẹ đối với con chưa thành niên
- [Tài liệu 2] - Điều 85. Hạn chế quyền của cha, mẹ đối với con chưa thành niên

**Nội dung quy định:**
- Theo Điều 86 của Luật Hôn nhân và Gia đình 2014, cha, mẹ, người giám hộ của con chưa thành niên, theo quy định của pháp luật về tố tụng dân sự, có quyền yêu cầu Tòa án hạn chế quyền của cha, mẹ đối với con chưa thành niên.
- Theo Điều 85 của cùng văn bản luật, cha, mẹ bị hạn chế quyền đối với con chưa thành niên trong các trường hợp như hành vi vi phạm nghiêm trọng nghĩa vụ trông nom, chăm sóc, nuôi dưỡng, giáo dục con; phá tán tài sản của con; có lối sống đồi trụy; xúi giục, ép buộc con làm những việc trái pháp luật, trái đạo đức xã hội.

**Phân tích & Hướng dẫn:**
Theo quy định tại Điều 85 của Luật Hôn nhân và Gia đình 2014, cha mẹ của đứa trẻ đã vi phạm các nghĩa vụ chăm sóc, nuôi dưỡng và giáo dục con. Cụ thể, nếu cha mẹ của đứa trẻ đã bị kết án về tội xâm phạm tính mạng, sức khỏe, nhân phẩm, danh dự của con với lỗi cố ý hoặc có hành vi vi phạm nghiêm trọng nghĩa vụ trông nom, chăm sóc, nuôi dưỡng, giáo dục con; hoặc có hành vi phá tán tài sản của con; hoặc có lối sống đồi trụy; hoặc xúi giục, ép buộc con làm những việc trái pháp luật, trái đạo đức xã hội, thì họ sẽ bị hạn chế quyền đối với con chưa thành niên.

Vì vậy, bạn có quyền yêu cầu Tòa án hạn chế quyền của cha mẹ đối với con chưa thành niên, dựa trên các hành vi vi phạm quy định tại khoản 1 Điều 85 của Luật này. Việc này nhằm đảm bảo quyền lợi và sự an toàn của đứa trẻ được bảo vệ và chăm sóc đúng cách. Bạn nên đưa ra thông tin chi tiết về các hành vi vi phạm của cha mẹ cho cơ quan tố tụng, để họ có thể ra quyết định"
syn_1581_1768642668_0,"Tôi đang tham gia một cuộc biểu tình và bị lực lượng chức năng yêu cầu dừng lại. Khi tôi không nghe lời, họ đã dùng vũ lực để cản tôi lại. Liệu tôi có thể bị coi là người chống đối thi hành công vụ không?",Điều 330 - Bộ luật Hình sự (Văn bản hợp nhất 2017),True,0.6666666666666666,0.6605128205128205,"**Căn cứ pháp lý:**
--- [Tài liệu 1] ---
Văn bản: Bộ luật Hình sự (Văn bản hợp nhất 2017)
Nội dung: Điều 330. Tội chống người thi hành công vụ 1. Người nào dùng vũ lực, đe dọa dùng vũ lực hoặc dùng thủ đoạn khác cản trở người thi hành công vụ thực hiện công vụ của họ hoặc ép buộc họ thực hiện hành vi trái pháp luật, thì bị phạt cải tạo không giam giữ đến 03 năm hoặc phạt tù từ 06 tháng đến 03 năm. 2. Phạm tội thuộc một trong các trường hợp sau đây, thì bị phạt tù từ 02 năm đến 07 năm: a) Có tổ chức; b) Phạm tội 02 lần trở lên; c) Xúi giục, lôi kéo, kích động người khác phạm tội; d) Gây thiệt hại về tài sản 50.000.000 đồng trở lên; đ) Tái phạm nguy hiểm.

**Phân tích & Hướng dẫn:**
Trong trường hợp này, bạn đã tham gia vào một cuộc biểu tình và khi lực lượng chức năng yêu cầu bạn dừng lại, bạn đã không tuân thủ yêu cầu đó. Trong quá trình, lực lượng chức năng đã sử dụng vũ lực để cản trở bạn. Theo Điều 330 của Bộ Luật Hình sự, nếu người thi hành công vụ dùng vũ lực hoặc đe dọa dùng vũ lực để cản trở công dân thực hiện công vụ, thì người đó sẽ bị phạt cải tạo không giam giữ đến 03 năm hoặc phạt tù từ 06 tháng đến 03 năm. 

Tuy nhiên, cần lưu ý rằng, để được coi là tội ""chống người thi hành công vụ"", cần phải chứng minh rằng hành vi của người thi hành công vụ đã gây ra hậu quả cụ thể như cản trở công tác hoặc ép buộc thực hiện hành vi trái pháp luật. Trong trường hợp này, lực lượng chức năng chỉ đơn thuần yêu cầu bạn dừng lại và không có thông tin về việc họ đã cản trở hoặc ép buộc bạn thực hiện hành vi trái pháp luật.

Do đó, nếu không có thêm thông tin cụ thể về hành vi cản trở hoặc ép buộc của lực lượng chức năng, thì bạn khó có thể được coi là người đã chống"
syn_690_1768632757,"Gia đình tôi đang muốn thuê nhà nhưng không biết mức giá hợp lý. Nếu chúng tôi không thỏa thuận được với chủ nhà, giá thuê sẽ được xác định như thế nào?",Điều 473 - Bộ luật Dân sự 2015,True,0.3333333333333333,0.4681372549019608,"**CĂN CỨ PHÁP LUẬT THAM KHẢO:**
---
[Tài liệu 1] --- Bộ luật Dân sự 2015
[Nội dung] Điều 473. Giá thuê 1. Giá thuê do các bên thỏa thuận hoặc do người thứ ba xác định theo yêu cầu của các bên, trừ trường hợp luật có quy định khác. 2. Trường hợp không có thỏa thuận hoặc thỏa thuận không rõ ràng thì giá thuê được xác định theo giá thị trường tại địa điểm và thời điểm giao kết hợp đồng thuê.

[Tài liệu 2] --- Bộ luật Dân sự 2015
[Nội dung] Điều 474. Thời hạn thuê 1. Thời hạn thuê do các bên thỏa thuận; nếu không có thỏa thuận thì được xác định theo mục đích thuê. 2. Trường hợp các bên không thỏa thuận về thời hạn thuê và thời hạn thuê không thể xác định được theo mục đích thuê thì mỗi bên có quyền chấm dứt hợp đồng bất cứ lúc nào, nhưng phải thông báo cho bên kia trước một thời gian hợp lý.

---

**PHÂN TÍCH VÀ HƯỚNG DẪN:**

Theo Điều 473 của Bộ Luật Dân sự 2015, giá thuê được xác định theo một trong hai phương thức: thỏa thuận giữa các bên hoặc xác định theo giá thị trường. Nếu không có thỏa thuận hoặc thỏa thuận không rõ ràng, giá thuê sẽ được xác định dựa trên giá thị trường tại địa điểm và thời điểm ký kết hợp đồng thuê.

Đối với trường hợp của gia đình bạn, nếu không có thỏa thuận về giá thuê với chủ nhà, giá thuê sẽ được xác định dựa trên giá thị trường tại địa điểm và thời điểm ký kết hợp đồng thuê. Để có giá thuê phù hợp, bạn nên cân nhắc một số yếu tố như vị trí của căn nhà, tiện ích xung quanh, và giá thuê trung bình tại khu vực đó. 

Nếu bạn và chủ nhà không thể thống nhất được giá thuê, bạn có thể yêu cầu chủ nhà cung cấp thông tin về giá thuê trung bình trong khu vực hoặc nhờ một bên thứ ba xác định giá thuê dựa trên giá thị trường. Việc này giúp đảm bảo rằng giá thuê mà cả hai bên đều cảm thấy công bằng và hợp lý."
syn_763_1768633212,"Công ty tôi vừa gia công một đơn hàng nhưng có sự thay đổi về số lượng sản phẩm. Tôi cần giao hàng đúng hạn nhưng số lượng không đúng với thỏa thuận, tôi phải xử lý thế nào?",Điều 546 - Bộ luật Dân sự 2015,False,1.0,0.35438265786993406,"**Căn cứ pháp lý:**
- Điều 437 Bộ Luật Dân sự 2015

**Nội dung quy định:**
1. Trường hợp bên bán giao tài sản với số lượng nhiều hơn số lượng đã thỏa thuận thì bên mua có quyền nhận hoặc không nhận phần dôi ra; nếu nhận thì phải thanh toán đối với phần dôi ra theo giá được thỏa thuận trong hợp đồng, trừ trường hợp có thỏa thuận khác.
2. Trường hợp bên bán giao ít hơn số lượng đã thỏa thuận thì bên mua có một trong các quyền sau đây: a) Nhận phần đã giao và định thời hạn để bên bán giao tiếp phần còn thiếu; b) Nhận phần đã giao và yêu cầu bồi thường thiệt hại; c) Hủy bỏ hợp đồng và yêu cầu bồi thường thiệt hại nếu việc vi phạm làm cho bên mua không đạt được mục đích giao kết hợp đồng.

**Phân tích & Hướng dẫn:**
Theo quy định tại Điều 437 của Bộ Luật Dân sự 2015, khi công ty bạn giao hàng với số lượng nhiều hơn số lượng đã thỏa thuận, bạn có quyền lựa chọn giữa nhận toàn bộ hàng hóa và thanh toán giá trị vượt quá hoặc không nhận và yêu cầu phía nhà cung cấp bồi thường thiệt hại. 

Trong trường hợp số lượng hàng hóa giao ít hơn số lượng đã thỏa thuận, bạn có thể lựa chọn một trong ba quyền sau: 
a) Nhận phần đã giao và định thời hạn để phía nhà cung cấp giao tiếp phần còn thiếu. 
b) Nhận phần đã giao và yêu cầu phía nhà cung cấp bồi thường thiệt hại. 
c) Hủy bỏ hợp đồng và yêu cầu phía nhà cung cấp bồi thường thiệt hại nếu vi phạm làm cho bạn không đạt được mục đích giao kết hợp đồng.

Để đảm bảo quyền lợi, bạn nên gửi thông báo cho phía nhà cung cấp về việc số lượng hàng hóa không đúng với thỏa thuận và yêu cầu họ xác nhận lại. Đồng thời, bạn cũng cần lưu giữ đầy đủ các chứng từ liên quan như hợp đồng, chứng từ vận chuyển, và các ghi chú về số lượng hàng hóa thực tế nhận được. Việc này sẽ giúp bạn có cơ sở pháp lý vững chắc khi yêu cầu phía nhà cung cấp bồi thường thiệt hại nếu cần thiết."
syn_432_1768631065,"Tôi có một công ty và đang muốn hợp tác với một công ty khác để phát triển sản phẩm mới. Nếu chúng tôi quyết định góp vốn chung, tài sản từ sự hợp tác này sẽ thuộc sở hữu như thế nào?",Điều 215 - Bộ luật Dân sự 2015,False,1.0,0.3843058350100603,"**Căn cứ pháp lý:** 
- [Tài liệu 1] - Bộ luật Dân sự 2015

**Nội dung quy định:**
1. Tài sản do các thành viên đóng góp, cùng tạo lập và tài sản khác theo quy định của pháp luật là tài sản chung theo phần của các thành viên hợp tác.
2. Việc định đoạt tài sản là quyền sử dụng đất, nhà, xưởng sản xuất, tư liệu sản xuất khác phải có thỏa thuận bằng văn bản của tất cả các thành viên; việc định đoạt tài sản khác do đại diện của các thành viên quyết định, trừ trường hợp có thỏa thuận khác.
3. Không được phân chia tài sản chung trước khi chấm dứt hợp đồng hợp tác, trừ trường hợp tất cả các thành viên hợp tác có thỏa thuận.

**Phân tích & Hướng dẫn:**
Theo quy định tại Điều 506 của Bộ luật Dân sự 2015, nếu bạn và công ty khác quyết định góp vốn chung để phát triển sản phẩm mới, thì tài sản từ sự hợp tác này sẽ thuộc sở hữu chung của các thành viên hợp tác. 

Đối với tài sản sử dụng đất, nhà, xưởng sản xuất, tư liệu sản xuất, cần có thỏa thuận bằng văn bản giữa tất cả các thành viên hợp tác. Các tài sản khác có thể được định đoạt theo thỏa thuận hoặc quyết định đại diện của các thành viên, ngoại trừ trường hợp có thỏa thuận khác.

Về việc phân chia tài sản chung, theo Điều 506, không được phân chia tài sản chung trước khi chấm dứt hợp đồng hợp tác, ngoại trừ trường hợp tất cả các thành viên hợp tác có thỏa thuận.

Trong trường hợp của bạn, cần đảm bảo rằng tất cả các bên đã thỏa thuận về việc góp vốn, định đoạt tài sản, và quy định cụ thể về việc chấm dứt hợp tác và phân chia tài sản chung khi hợp tác kết thúc. Việc này nhằm đảm bảo tuân thủ đầy đủ các quy định của pháp luật về hợp tác kinh doanh và sở hữu chung."
syn_937_1768634377,"Tôi và vợ tôi muốn bán căn nhà là nơi ở duy nhất của chúng tôi, nhưng vợ tôi không đồng ý. Tôi có thể tự ý bán nhà được không?",Điều 31 - Luật Hôn nhân và Gia đình 2014,True,1.0,0.488078541374474,"**Căn cứ pháp lý:**
---
[Văn bản] Luật Hôn nhân và Gia đình 2014 - [Tài liệu 1]
[Nội dung] Điều 31. Giao dịch liên quan đến nhà là nơi ở duy nhất của vợ chồng

[Văn bản] Bộ luật Dân sự 2015 - [Tài liệu 2]
[Nội dung] Điều 451. Bán đấu giá tài sản

**Nội dung quy định:**
---
Theo Điều 31 của Luật Hôn nhân và Gia đình 2014, việc xác lập, thực hiện, chấm dứt các giao dịch liên quan đến nhà là nơi ở duy nhất của vợ chồng phải có sự thỏa thuận của vợ chồng. Điều này cũng tương ứng với quy định tại Điều 451 của Bộ luật Dân sự 2015, trong đó yêu cầu tài sản thuộc sở hữu chung phải được bán đấu giá với sự đồng ý của tất cả các chủ sở hữu chung, trừ trường hợp có thỏa thuận khác hoặc pháp luật có quy định khác.

**Phân tích & Hướng dẫn:**
---
Trong trường hợp của bạn và vợ, căn nhà là nơi ở duy nhất của cả hai vợ chồng. Theo quy định trên, bất kỳ giao dịch liên quan đến tài sản chung như bán nhà này đều cần sự đồng ý của cả vợ và chồng. Do đó, nếu vợ bạn không đồng ý, bạn không thể tự ý bán căn nhà này.

Để thực hiện giao dịch bán nhà, bạn cần phải có sự đồng ý của vợ bạn. Nếu không đạt được thỏa thuận, bạn có thể cân nhắc các phương án khác như nhờ một bên thứ ba tham gia vào quá trình thương lượng hoặc tìm kiếm sự giúp đỡ từ tổ chức tư vấn pháp luật để hỗ trợ giải quyết vấn đề này một cách hợp pháp và hiệu quả."
syn_1172_1768639496_0,"Công ty chúng tôi, một doanh nghiệp nhỏ thành lập năm 2018, đang gặp khó khăn trong việc đảm bảo an toàn lao động. Tôi có nghe nói về chương trình an toàn vệ sinh lao động của Chính phủ. Vậy liệu công ty tôi có thể tham gia vào chương trình này không và ai là người thực hiện các bước để được tham gia?",Điều 133 - Bộ luật Lao động 2019,True,0.0,0.4601063829787234,"**CĂN CỨ PHÁP LUẬT THAM KHẢO:**

- **[Tài liệu 1]** - Văn bản: Bộ luật Lao động 2019  
- **[Tài liệu 2]** - Văn bản: Bộ luật Lao động 2019  
- **[Tài liệu 3]** - Văn bản: Bộ luật Lao động 2019  

**Câu hỏi:**
Công ty chúng tôi, một doanh nghiệp nhỏ thành lập năm 2018, đang gặp khó khăn trong việc đảm bảo an toàn lao động. Tôi có nghe nói về chương trình an toàn vệ sinh lao động của Chính phủ. Vậy liệu công ty tôi có thể tham gia vào chương trình này không và ai là người thực hiện các bước để được tham gia?

**CĂN CỨ PHÁP LUẬT THAM KHẢO:**
---
**CĂN CỨ PHÁP LUẬT THAM KHẢO:**
---
**[Tài liệu 1]** - Văn bản: Bộ luật Lao động 2019  
Nội dung: Điều 133. Chương trình an toàn, vệ sinh lao động 1. Chính phủ quyết định Chương trình quốc gia về an toàn, vệ sinh lao động. 2. Ủy ban nhân dân cấp tỉnh trình Hội đồng nhân dân cùng cấp quyết định Chương trình an toàn, vệ sinh lao động của địa phương và đưa vào kế hoạch phát triển kinh tế - xã hội.

**CĂN CỨ PHÁP LUẬT THAM KHẢO:**
---
**[Tài liệu 2]** - Văn bản: Bộ luật Lao động 2019  
Nội dung: Điều 134. Bảo đảm an toàn, vệ sinh lao động tại nơi làm việc 1. Người sử dụng lao động có trách nhiệm thực hiện đầy đủ các giải pháp nhằm bảo đảm an toàn, vệ sinh lao động tại nơi làm việc. 2. Người lao động có trách nhiệm chấp hành quy định, nội quy, quy trình, yêu cầu về an toàn, vệ sinh lao động; tuân thủ pháp luật và nắm vững kiến thức, kỹ năng về các biện pháp bảo đảm an toàn, vệ sinh lao động tại nơi làm việc.

**CĂN CỨ PHÁP LUẬT THAM KHẢO"
syn_745_1768633105,"Tôi đã làm hỏng hành lý của mình trong quá trình vận chuyển, liệu tôi có phải bồi thường cho bên vận chuyển không?",Điều 528 - Bộ luật Dân sự 2015,True,0.3333333333333333,0.5905349794238682,"**CĂN CỨ PHÁP LUẬT THAM KHẢO:**

--- [Tài liệu 1] ---
Văn bản: Bộ luật Dân sự 2015
Nội dung: Điều 528. Trách nhiệm bồi thường thiệt hại 1. Trường hợp tính mạng, sức khỏe và hành lý của hành khách bị thiệt hại thì bên vận chuyển phải bồi thường theo quy định của pháp luật. 2. Bên vận chuyển không phải bồi thường thiệt hại về tính mạng, sức khỏe và hành lý của hành khách nếu thiệt hại xảy ra hoàn toàn do lỗi của hành khách, trừ trường hợp pháp luật có quy định khác. 3. Trường hợp hành khách vi phạm điều kiện vận chuyển đã thỏa thuận, quy định của điều lệ vận chuyển mà gây thiệt hại cho bên vận chuyển hoặc người thứ ba thì phải bồi thường.

--- [Tài liệu 2] ---
Văn bản: Bộ luật Dân sự 2015
Nội dung: Điều 541. Trách nhiệm bồi thường thiệt hại 1. Bên vận chuyển phải bồi thường thiệt hại cho bên thuê vận chuyển nếu để tài sản bị mất hoặc hư hỏng, trừ trường hợp quy định tại khoản 3 Điều 536 của Bộ luật này. 2. Bên thuê vận chuyển phải bồi thường thiệt hại cho bên vận chuyển và người thứ ba về thiệt hại do tài sản vận chuyển có tính chất nguy hiểm, độc hại mà không có biện pháp đóng gói, bảo đảm an toàn trong quá trình vận chuyển. 3. Trường hợp bất khả kháng dẫn đến tài sản vận chuyển bị mất, hư hỏng hoặc bị hủy hoại trong quá trình vận chuyển thì bên vận chuyển không phải chịu trách nhiệm bồi thường thiệt hại, trừ trường hợp có thỏa thuận khác hoặc pháp luật có quy định khác.

**PHÂN TÍCH VÀ HƯỚNG DẪN:**

Theo Điều 528 của Bộ luật Dân sự 2015, bên vận chuyển không phải bồi thường thiệt hại về tính mạng, sức khỏe và hành lý của hành khách nếu thiệt hại xảy ra hoàn toàn do lỗi của hành khách, trừ trường hợp pháp luật có quy định khác. 

Trong trường hợp của bạn, hành lý đã bị hỏng trong quá trình vận chuyển. Để xác định xem bạn có phải bồi thường cho bên vận chuyển hay không, chúng ta cần xem"
syn_651_1768632521,"Nếu tôi muốn nhận xe sớm hơn thời hạn đã thỏa thuận và bên bán đồng ý, liệu điều này có vi phạm hợp đồng không?",Điều 434 - Bộ luật Dân sự 2015,True,1.0,0.6544566544566545,"**Căn cứ pháp lý:**
- Điều 434 Bộ Luật Dân sự 2015

**Nội dung quy định:**
1. Thời hạn thực hiện hợp đồng mua bán do các bên thỏa thuận. Bên bán phải giao tài sản cho bên mua đúng thời hạn đã thỏa thuận; bên bán chỉ được giao tài sản trước hoặc sau thời hạn nếu được bên mua đồng ý.
2. Khi các bên không thỏa thuận thời hạn giao tài sản thì bên mua có quyền yêu cầu bên bán giao tài sản và bên bán cũng có quyền yêu cầu bên mua nhận tài sản bất cứ lúc nào, nhưng phải báo trước cho nhau một thời gian hợp lý.

**Phân tích & Hướng dẫn:**
Theo Điều 434 của Bộ Luật Dân sự 2015, bên mua có quyền yêu cầu bên bán giao tài sản sớm hơn thời hạn đã thỏa thuận nếu được bên bán đồng ý. Do đó, nếu bạn muốn nhận xe sớm hơn thời hạn đã thỏa thuận và bên bán đồng ý, điều này không vi phạm hợp đồng. Tuy nhiên, cần đảm bảo rằng bạn thông báo cho bên bán về quyết định này một cách hợp lý và kịp thời, tuân thủ quy định về thời gian báo trước nếu có trong hợp đồng.

Việc nhận xe sớm hơn thời hạn đã thỏa thuận vẫn phải tuân thủ nguyên tắc giao thương bình đẳng và minh bạch giữa hai bên. Nếu không báo trước một thời gian hợp lý, có thể gây hiểu lầm hoặc tranh chấp về trách nhiệm pháp lý."
syn_1201_1768639663_0,"Tôi đã thuê một người giúp việc cho gia đình từ tháng 6 năm 2022, nhưng gần đây tôi thấy chị ấy không thực hiện công việc đúng như thỏa thuận. Tôi có thể chấm dứt hợp đồng với chị ấy ngay lập tức hay cần phải báo trước ít nhất 15 ngày?",Điều 162 - Bộ luật Lao động 2019,True,1.0,0.5741496598639456,"**Căn cứ pháp lý:**
- Văn bản: Bộ luật Lao động 2019
- Nội dung: Điều 162. Hợp đồng lao động đối với lao động là người giúp việc gia đình

**Nội dung quy định:**
Điều 162 của Bộ Luật Lao động 2019 quy định về hợp đồng lao động đối với lao động là người giúp việc gia đình. Theo đó, người sử dụng lao động phải giao kết hợp đồng lao động bằng văn bản với lao động là người giúp việc gia đình. Thời hạn của hợp đồng lao động đối với lao động là người giúp việc gia đình do hai bên thỏa thuận. Một bên có quyền đơn phương chấm dứt hợp đồng lao động bất kỳ khi nào nhưng phải báo trước ít nhất 15 ngày.

**Phân tích & Hướng dẫn:**
Theo quy định tại Điều 162 của Bộ Luật Lao động 2019, bạn có quyền đơn phương chấm dứt hợp đồng lao động bất kỳ khi nào, nhưng phải báo trước ít nhất 15 ngày. Do đó, bạn không thể chấm dứt hợp đồng ngay lập tức mà phải tuân thủ quy định về thời gian báo trước. 

Tuy nhiên, nếu bạn cho rằng hành vi của người giúp việc không phù hợp với thỏa thuận và yêu cầu mà bạn đã đặt ra, bạn nên báo cáo cho người giúp việc về những vi phạm và đề nghị giải quyết vấn đề này. Nếu sau khi thông báo và giải quyết không thành công, bạn có thể đưa ra quyết định chấm dứt hợp đồng theo quy định."
syn_58_1768628168,"Tôi là thành viên của Hội đồng thành viên công ty, nhưng không thể tham dự cuộc họp. Tôi có thể ủy quyền cho ai đó tham dự và biểu quyết thay tôi không?",Điều 59 - Luật Doanh nghiệp 2020,False,1.0,0.3724696356275304,"**Căn cứ pháp lý:**
---
[Tài liệu 1] --- [Tài liệu 2] --- [Tài liệu 3]
---

**Nội dung quy định:**
---
Theo Điều 144 của Luật Doanh nghiệp 2020, cổ đông, người đại diện theo ủy quyền của cổ đông có thể trực tiếp tham dự họp, ủy quyền bằng văn bản cho một hoặc một số cá nhân, tổ chức khác dự họp hoặc dự họp thông qua một trong các hình thức quy định tại khoản 3 Điều này. Văn bản ủy quyền phải được lập theo quy định của pháp luật về dân sự và phải nêu rõ tên cá nhân, tổ chức được ủy quyền và số lượng cổ phần được ủy quyền. Cá nhân, tổ chức được ủy quyền phải xuất trình văn bản ủy quyền khi đăng ký dự họp trước khi vào phòng họp.
---

**Phân tích & Hướng dẫn:**
---
Trong trường hợp bạn là thành viên của Hội đồng thành viên công ty và không thể tham dự cuộc họp, bạn có thể ủy quyền cho một cá nhân hoặc tổ chức khác tham dự và biểu quyết thay bạn. Tuy nhiên, quy định cụ thể về việc ủy quyền và hình thức biểu quyết phải tuân thủ theo Điều lệ công ty. 

Để đảm bảo tính hợp pháp và tuân thủ quy định của pháp luật, bạn cần lập văn bản ủy quyền theo quy định của pháp luật về dân sự, nêu rõ tên cá nhân hoặc tổ chức được ủy quyền và số lượng cổ phần được ủy quyền. Văn bản này cũng cần được xuất trình khi đăng ký dự họp.

Ngoài ra, theo Điều 58 của Luật Doanh nghiệp 2020, nếu cuộc họp Hội đồng thành viên lần thứ nhất không đủ điều kiện tiến hành hoặc cuộc họp Hội đồng thành viên lần thứ hai không đủ điều kiện tiến hành, thì việc triệu tập cuộc họp Hội đồng thành viên lần thứ ba cũng không phụ thuộc vào số thành viên dự họp và số vốn điều lệ được đại diện bởi số thành viên dự họp. Điều này có nghĩa là, dù bạn không thể tham dự cuộc họp, vẫn có thể có cuộc họp và các quyết định sẽ được thực hiện thông qua hình thức ủy quyền.

Vì vậy, bạn nên xác định người được ủy quyền dự họp và biểu quyết thay bạn một cách chính xác, tuân thủ quy định của pháp luật. Nếu có bất kỳ nghi ngờ nào"
syn_784_1768633364,"Tôi đã ủy quyền cho một người khác làm một công việc cho tôi, nhưng họ đã không thực hiện đúng cam kết. Tôi có thể yêu cầu bên ủy quyền chịu trách nhiệm không?",Điều 567 - Bộ luật Dân sự 2015,True,0.3333333333333333,0.5127020785219399,"**CĂN CỨ PHÁP LUẬT THAM KHẢO:**
--- [Tài liệu 1] ---
Văn bản: Bộ luật Dân sự 2015
Nội dung: Điều 358. Trách nhiệm do không thực hiện hoặc không được thực hiện một công việc 1. Trường hợp bên có nghĩa vụ không thực hiện một công việc mà mình phải thực hiện thì bên có quyền có thể yêu cầu bên có nghĩa vụ tiếp tục thực hiện hoặc tự mình thực hiện hoặc giao người khác thực hiện công việc đó và yêu cầu bên có nghĩa vụ thanh toán chi phí hợp lý, bồi thường thiệt hại. 2. Khi bên có nghĩa vụ không được thực hiện một công việc mà lại thực hiện công việc đó thì bên có quyền được quyền yêu cầu bên có nghĩa vụ phải chấm dứt việc thực hiện, khôi phục tình trạng ban đầu và bồi thường thiệt hại.

--- [Tài liệu 2] ---
Văn bản: Bộ luật Dân sự 2015
Nội dung: Điều 283. Thực hiện nghĩa vụ thông qua người thứ ba Khi được bên có quyền đồng ý, bên có nghĩa vụ có thể ủy quyền cho người thứ ba thay mình thực hiện nghĩa vụ nhưng vẫn phải chịu trách nhiệm với bên có quyền, nếu người thứ ba không thực hiện hoặc thực hiện không đúng nghĩa vụ.

--- [Tài liệu 3] ---
Văn bản: Bộ luật Dân sự 2015
Nội dung: Điều 567. Nghĩa vụ của bên ủy quyền 1. Cung cấp thông tin, tài liệu và phương tiện cần thiết để bên được ủy quyền thực hiện công việc. 2. Chịu trách nhiệm về cam kết do bên được ủy quyền thực hiện trong phạm vi ủy quyền. 3. Thanh toán chi phí hợp lý mà bên được ủy quyền đã bỏ ra để thực hiện công việc được ủy quyền; trả thù lao cho bên được ủy quyền, nếu có thỏa thuận về việc trả thù lao.

**CÂU HỎI:**
Tôi đã ủy quyền cho một người khác làm một công việc cho tôi, nhưng họ đã không thực hiện đúng cam kết. Tôi có thể yêu cầu bên ủy quyền chịu trách nhiệm không?

**PHÂN TÍCH & HƯỚNG DẪN:**

Theo Điều 358 của Bộ Luật Dân sự 2"
syn_310_1768630211,Công ty tôi thành lập từ năm 2015 và trong điều lệ không ghi rõ thời hạn hoạt động. Nếu tôi muốn giải thể công ty thì có phải thực hiện theo quy định nào không?,Điều 93 - Bộ luật Dân sự 2015,True,0.3333333333333333,0.5088757396449705,"**Căn cứ pháp lý:**
---
[Nhật ký 1] --- [Tài liệu 1]
Văn bản: Bộ luật Dân sự 2015
Nội dung: Điều 93. Giải thể pháp nhân 1. Pháp nhân giải thể trong trường hợp sau đây: a) Theo quy định của điều lệ; b) Theo quyết định của cơ quan nhà nước có thẩm quyền; c) Hết thời hạn hoạt động được ghi trong điều lệ hoặc trong quyết định của cơ quan nhà nước có thẩm quyền; d) Trường hợp khác theo quy định của pháp luật. 2. Trước khi giải thể, pháp nhân phải thực hiện đầy đủ các nghĩa vụ về tài sản.

[Nhật ký 2] --- [Tài liệu 2]
Văn bản: Luật Doanh nghiệp 2020
Nội dung: Điều 207. Các trường hợp và điều kiện giải thể doanh nghiệp 1. Doanh nghiệp bị giải thể trong trường hợp sau đây: a) Kết thúc thời hạn hoạt động đã ghi trong Điều lệ công ty mà không có quyết định gia hạn; b) Theo nghị quyết, quyết định của chủ doanh nghiệp đối với doanh nghiệp tư nhân, của Hội đồng thành viên đối với công ty hợp danh, của Hội đồng thành viên, chủ sở hữu công ty đối với công ty trách nhiệm hữu hạn, của Đại hội đồng cổ đông đối với công ty cổ phần; c) Công ty không còn đủ số lượng thành viên tối thiểu theo quy định của Luật này trong thời hạn 06 tháng liên tục mà không làm thủ tục chuyển đổi loại hình doanh nghiệp; d) Bị thu hồi Giấy chứng nhận đăng ký doanh nghiệp, trừ trường hợp Luật Quản lý thuế có quy định khác. 2. Doanh nghiệp chỉ được giải thể khi bảo đảm thanh toán hết các khoản nợ, nghĩa vụ tài sản khác và không trong quá trình giải quyết tranh chấp tại Tòa án hoặc Trọng tài. Người quản lý có liên quan và doanh nghiệp quy định tại điểm d khoản 1 Điều này cùng liên đới chịu trách nhiệm về các khoản nợ của doanh nghiệp.

[Nhật ký 3] --- [Tài liệu 2]
Văn bản: Luật Doanh nghiệp 2020
Nội dung: Điều 208. Trình tự, thủ tục giải thể doanh nghiệp Việc giải thể doanh"
syn_1065_1768638909_1,"Công ty tôi đã đề nghị lương thử việc là 80% nhưng tôi không đồng ý. Giờ đây, tôi có thể yêu cầu công ty đưa ra mức lương thử việc khác không hay tôi phải chấp nhận mức lương đó?",Điều 26 - Bộ luật Lao động 2019,True,1.0,0.4583987441130298,"**Căn cứ pháp lý:**
Bộ Luật Lao động 2019 - [Tài liệu 1]

**Nội dung quy định:**
Theo Điều 26 của Bộ Luật Lao động 2019, tiền lương của người lao động trong thời gian thử việc do hai bên thỏa thuận nhưng ít nhất phải bằng 85% mức lương của công việc đó.

**Phân tích & Hướng dẫn:**
Theo quy định trên, lương thử việc phải tối thiểu bằng 85% mức lương của công việc. Trong trường hợp bạn không đồng ý với mức lương 80% mà công ty đề xuất, bạn hoàn toàn có quyền yêu cầu công ty đưa ra mức lương thử việc khác, nhưng mức lương đó không được thấp hơn 85% mức lương của công việc đó.

Việc công ty đề xuất mức lương thấp hơn 85% là không tuân thủ quy định của pháp luật. Bạn nên yêu cầu công ty nâng mức lương lên ít nhất 85% mức lương của công việc. Nếu công ty vẫn kiên trì giữ nguyên mức lương 80%, bạn có thể xem xét việc yêu cầu công ty giao kết hợp đồng thử việc hoặc tìm kiếm một công ty khác phù hợp hơn với nhu cầu và điều kiện của bạn.

Nếu công ty chấp nhận tăng mức lương lên 85% hoặc cao hơn, bạn có thể chấp nhận mức lương đó. Tuy nhiên, nếu không, bạn cần phải chắc chắn rằng việc từ chối yêu cầu tăng lương này sẽ không dẫn đến hậu quả pháp lý nghiêm trọng như chấm dứt hợp đồng lao động hoặc bị coi là vi phạm nghĩa vụ thử việc."
syn_940_1768634401,"Gia đình tôi có một mảnh đất chung, nhưng chỉ có tên tôi trong giấy chứng nhận quyền sử dụng. Vợ tôi có thể yêu cầu chia tài sản này không?",Điều 34 - Luật Hôn nhân và Gia đình 2014,False,0.6666666666666666,0.4607218683651805,"**CĂN CỨ PHÁP LUẬT THAM KHẢO:**
---
[Tài liệu 1] --- [Tài liệu 3] ---
Văn bản: Luật Hôn nhân và Gia đình 2014
Nội dung: 
- Điều 26. Đại diện giữa vợ và chồng trong trường hợp giấy chứng nhận quyền sở hữu, giấy chứng nhận quyền sử dụng đối với tài sản chung nhưng chỉ ghi tên vợ hoặc chồng.
- Điều 38. Chia tài sản chung trong thời kỳ hôn nhân.

---

**Nội dung quy định:**
- Theo Điều 26 của Luật Hôn nhân và Gia đình 2014, việc đại diện giữa vợ và chồng trong việc xác lập, thực hiện và chấm dứt giao dịch liên quan đến tài sản chung có giấy chứng nhận quyền sở hữu, giấy chứng nhận quyền sử dụng tài sản chỉ ghi tên vợ hoặc chồng được thực hiện theo quy định tại Điều 24 và Điều 25 của Luật này.
- Theo Điều 38 của Luật Hôn nhân và Gia đình 2014, trong thời kỳ hôn nhân, vợ chồng có quyền thỏa thuận chia một phần hoặc toàn bộ tài sản chung, trừ trường hợp quy định tại Điều 42 của Luật này; nếu không thỏa thuận được thì có quyền yêu cầu Tòa án giải quyết.

---

**Phân tích & Hướng dẫn:**
Theo quy định tại Điều 26 của Luật Hôn nhân và Gia đình 2014, vợ bạn có quyền đại diện cho bạn trong việc xác lập, thực hiện và chấm dứt giao dịch liên quan đến tài sản chung, kể cả khi chỉ ghi tên bạn trên giấy chứng nhận quyền sử dụng. Tuy nhiên, điều này không đồng nghĩa với việc vợ bạn có quyền yêu cầu chia tài sản chung.

Theo Điều 38 của cùng văn bản pháp luật, vợ chồng có quyền thỏa thuận chia tài sản chung trong thời kỳ hôn nhân. Nếu vợ bạn và bạn không thỏa thuận được về việc chia tài sản chung, vợ bạn có quyền yêu cầu Tòa án giải quyết. Tuy nhiên, theo quy định tại Điều 26 của Luật Hôn nhân và Gia đình 2014, việc chia tài sản chung chỉ được thực hiện khi vợ chồng thỏa thuận được hoặc khi"
syn_1253_1768639996_0,"Tôi là một nhân viên làm việc tại một công ty xây dựng và gần đây tôi đã bị tai nạn lao động, nhưng công ty không cung cấp đủ các biện pháp an toàn. Tôi phải làm gì để thanh tra lao động vào cuộc và điều tra vụ việc này?",Điều 214 - Bộ luật Lao động 2019,True,1.0,0.40443896424167697,"**Căn cứ pháp lý:**
- Bộ luật Lao động 2019 - [Tài liệu 1]
- Bộ luật Lao động 2019 - [Tài liệu 2]

**Nội dung quy định:**
1. Theo Điều 214 của Bộ luật Lao động 2019, Thanh tra lao động có quyền tham gia vào việc hướng dẫn áp dụng hệ thống tiêu chuẩn, quy chuẩn kỹ thuật về điều kiện lao động, an toàn, vệ sinh lao động.
2. Theo Điều 216 của Bộ luật Lao động 2019, Thanh tra lao động có quyền thanh tra, điều tra nơi thuộc đối tượng, phạm vi thanh tra được giao theo quyết định thanh tra, kể cả khi đó là tình huống đột xuất do sự nguy hiểm khẩn cấp có thể đe dọa an toàn, tính mạng, sức khỏe, danh dự, nhân phẩm của người lao động.

**Phân tích & Hướng dẫn:**
Theo quy định trên, bạn có quyền yêu cầu Thanh tra lao động tham gia vào việc điều tra vụ tai nạn lao động và việc thiếu biện pháp an toàn tại công ty của mình. Bạn nên gửi đơn đề nghị thanh tra lao động đến cơ quan có thẩm quyền hoặc liên hệ trực tiếp với Thanh tra Sở Lao động - Thương binh và Xã hội để yêu cầu họ tiến hành thanh tra.

Việc thanh tra sẽ giúp xác định trách nhiệm của công ty trong vụ tai nạn và đảm bảo rằng các quy định về an toàn lao động được tuân thủ. Nếu công ty không tuân thủ các quy định về an toàn lao động, Thanh tra lao động có quyền ra quyết định xử phạt vi phạm hành chính hoặc kiến nghị cơ quan có thẩm quyền xử lý vi phạm pháp luật về lao động.

Đồng thời, bạn cũng có thể yêu cầu cơ quan thanh tra lao động cung cấp thông tin về việc họ đã thực hiện các hoạt động thanh tra, điều tra như thế nào và kết quả cuối cùng. Điều này giúp bạn hiểu rõ hơn về quá trình thanh tra và có thể đưa ra những phản hồi hoặc kiến nghị phù hợp."
syn_62_1768628197,Công ty tôi đang gặp khó khăn tài chính và tôi muốn biết liệu tôi có quyền đề xuất phương án xử lý lỗ trong kinh doanh không?,Điều 63 - Luật Doanh nghiệp 2020,False,1.0,0.4148296593186373,"**Căn cứ pháp lý:**
Điều 82, Điều 162 của Luật Doanh nghiệp 2020 - Văn bản: Luật Doanh nghiệp 2020

**Nội dung quy định:**
Theo Điều 82 của Luật Doanh nghiệp 2020, Giám đốc hoặc Tổng giám đốc có quyền và nghĩa vụ sau đây: ""h) Kiến nghị phương án sử dụng lợi nhuận hoặc xử lý lỗ trong kinh doanh"". Điều 162 cũng nêu rõ rằng Giám đốc hoặc Tổng giám đốc chịu trách nhiệm trước pháp luật và Hội đồng quản trị về việc thực hiện quyền và nghĩa vụ của mình, và có quyền và nghĩa vụ ""kiến nghị phương án cơ cấu tổ chức công ty; h) Kiến nghị phương án sử dụng lợi nhuận hoặc xử lý lỗ trong kinh doanh"".

**Phân tích & Hướng dẫn:**
Theo quy định pháp luật, bạn, như Giám đốc hoặc Tổng giám đốc của công ty, có quyền kiến nghị phương án sử dụng lợi nhuận hoặc xử lý lỗ trong kinh doanh. Điều này cho thấy bạn có khả năng đưa ra và đề xuất các phương án tài chính, bao gồm cả việc xử lý lỗ trong kinh doanh, dựa trên các tiêu chí và nguyên tắc của pháp luật và Điều lệ công ty.

Tuy nhiên, quyền này cần được thực hiện tuân thủ các quy định về trình tự và thủ tục. Bạn nên liên hệ với Hội đồng quản trị hoặc Hội đồng thành viên để thảo luận và đề xuất phương án xử lý lỗ. Đồng thời, đảm bảo rằng phương án này phù hợp với mục tiêu chiến lược và khả năng tài chính của công ty.

Nếu phương án xử lý lỗ được phê duyệt bởi Hội đồng quản trị hoặc Hội đồng thành viên, bạn sẽ có trách nhiệm thực hiện các bước tiếp theo theo quy định của pháp luật và Điều lệ công ty."
syn_385_1768630723,"Gia đình tôi đã cho một người bạn mượn đồ vật quý giá và giờ họ từ chối trả lại, tôi có quyền đòi lại không?",Điều 168 - Bộ luật Dân sự 2015,False,0.6666666666666666,0.3434835566382461,"**Căn cứ pháp lý:**
--- [Tài liệu 1] ---
Văn bản: Bộ luật Dân sự 2015
Nội dung: Điều 499. Quyền của bên cho mượn tài sản 1. Đòi lại tài sản ngay sau khi bên mượn đạt được mục đích nếu không có thỏa thuận về thời hạn mượn; nếu bên cho mượn có nhu cầu đột xuất và cấp bách cần sử dụng tài sản cho mượn thì được đòi lại tài sản đó mặc dù bên mượn chưa đạt được mục đích, nhưng phải báo trước một thời gian hợp lý. 2. Đòi lại tài sản khi bên mượn sử dụng không đúng mục đích, công dụng, không đúng cách thức đã thỏa thuận hoặc cho người khác mượn lại mà không có sự đồng ý của bên cho mượn. 3. Yêu cầu bồi thường thiệt hại đối với tài sản do bên mượn gây ra.

**Phân tích & Hướng dẫn:**
Theo Điều 499 của Bộ Luật Dân sự 2015, bên cho mượn (trong trường hợp này là bạn của bạn) có quyền đòi lại tài sản nếu gặp các trường hợp như sau:
1. Nếu bạn mượn từ chối trả lại tài sản mà không có thỏa thuận về thời hạn mượn và bạn cho mượn có nhu cầu cấp bách sử dụng tài sản đó.
2. Nếu bạn mượn sử dụng tài sản không đúng mục đích, công dụng hoặc cho người khác mượn lại mà không có sự đồng ý của bạn cho mượn.
3. Nếu bạn mượn gây thiệt hại cho tài sản.

Trong trường hợp của bạn, nếu bạn đã cho một người bạn mượn đồ vật quý giá và họ từ chối trả lại, bạn cần xác định rõ nguyên nhân từ chối trả lại. Nếu họ từ chối vì lý do nào đó và không tuân thủ các điều khoản trong hợp đồng, hoặc nếu họ đã sử dụng tài sản không đúng mục đích hoặc không đúng cách, hoặc nếu họ đã cho người khác mượn tài sản mà không có sự đồng ý của bạn, thì bạn có thể yêu cầu họ trả lại tài sản.

Nếu không có bất kỳ một trong những lý do trên, bạn cần phải đảm bảo rằng bạn đã có sự đồng ý rõ ràng về"
syn_787_1768633387,"Gia đình tôi đang tổ chức một cuộc thi và hứa thưởng cho người thắng cuộc. Nếu có người không đủ điều kiện tham gia nhưng vẫn thắng, tôi có phải trả thưởng không?",Điều 570 - Bộ luật Dân sự 2015,True,1.0,0.5601173020527859,"**Căn cứ pháp lý:** 
Điều 570 và Điều 572, Bộ luật Dân sự 2015 - Văn bản: Bộ luật Dân sự 2015

**Nội dung quy định:**
Theo Điều 570 của Bộ Luật Dân sự 2015, người đã công khai hứa thưởng phải trả thưởng cho người đã thực hiện công việc theo yêu cầu của người hứa thưởng. Theo Điều 572, công việc được hứa thưởng phải cụ thể, có thể thực hiện được, không vi phạm điều cấm của luật, không trái đạo đức xã hội. 

**Phân tích & Hướng dẫn:**
Trong trường hợp này, gia đình bạn đang tổ chức một cuộc thi và hứa thưởng cho người thắng cuộc. Tuy nhiên, nếu có người không đủ điều kiện tham gia cuộc thi nhưng vẫn thắng cuộc, điều này có thể coi là vi phạm điều cấm của luật hoặc không tuân thủ yêu cầu về việc công việc phải cụ thể và khả thi. 

Điều 570 quy định rõ ràng rằng người hứa thưởng phải trả thưởng cho người đã thực hiện công việc theo yêu cầu. Nếu người thắng cuộc không đủ điều kiện tham gia, việc hứa thưởng sẽ không tuân thủ quy định về việc công việc phải có thể thực hiện được và không vi phạm điều cấm của luật.

Do đó, căn cứ vào quy định của Bộ Luật Dân sự 2015, nếu có người không đủ điều kiện tham gia nhưng vẫn thắng cuộc, gia đình bạn có trách nhiệm phải trả thưởng cho người đó. Tuy nhiên, gia đình bạn cũng cần xem xét lại quy định tổ chức cuộc thi để đảm bảo tuân thủ đầy đủ các quy định về việc tổ chức cuộc thi, tránh những vi phạm pháp luật."
syn_210_1768629357,"Công ty tôi đã quyết định giải thể, nhưng tôi vẫn muốn huy động vốn từ một nhà đầu tư mới. Điều này có vi phạm điều luật không?",Điều 211 - Luật Doanh nghiệp 2020,True,0.3333333333333333,0.4535637149028078,"**CĂN CỨ PHÁP LUẬT THAM KHẢO:**

- **[Tài liệu 1]**: Văn bản: Luật Doanh nghiệp 2020 - Điều 211. Các hoạt động bị cấm kể từ khi có quyết định giải thể
- **[Tài liệu 2]**: Bộ luật Hình sự (Văn bản hợp nhất 2017) - Điều 81. Cấm huy động vốn
- **[Tài liệu 3]**: Luật Doanh nghiệp 2020 - Điều 182. Hội đồng thành viên

**PHÂN TÍCH & HƯỚNG DẪN:**

Theo quy định tại Điều 211 của Luật Doanh nghiệp 2020, kể từ khi có quyết định giải thể doanh nghiệp, doanh nghiệp, người quản lý doanh nghiệp bị nghiêm cấm thực hiện nhiều hoạt động cụ thể, trong đó có việc ""cầm cố, thế chấp, tặng cho, cho thuê tài sản"" và ""huy động vốn dưới mọi hình thức"". 

Trong trường hợp của bạn, công ty đã quyết định giải thể. Theo Căn cứ pháp lý nêu trên, việc huy động vốn từ nhà đầu tư mới sau khi có quyết định giải thể là trái với quy định của pháp luật. 

Nếu công ty vẫn cố gắng huy động vốn, có thể sẽ vi phạm quy định về cấm huy động vốn của Bộ luật Hình sự 2015 (sau đây gọi là ""Bộ luật Hình sự""), cụ thể như Điều 81, khoản 3, quy định rằng: ""Tòa án quyết định áp dụng một hoặc một số hình thức cấm huy động vốn quy định tại khoản 2 Điều này."" 

Việc vi phạm các quy định này có thể dẫn đến việc bị xử phạt vi phạm hành chính hoặc truy cứu trách nhiệm hình sự tùy thuộc vào mức độ vi phạm. Nếu gây thiệt hại, người vi phạm cũng cần bồi thường cho người bị thiệt hại.

**Hướng dẫn:**

Để đảm bảo tuân thủ pháp luật và tránh rủi ro pháp lý, chúng tôi khuyên bạn nên cân nhắc kỹ lưỡng trước khi quyết định huy động vốn sau khi công ty đã quyết định giải thể. Thay vào đó, bạn nên xem xét các phương án khác phù hợp với quy định của pháp luật"
syn_841_1768633756,"Tôi có một di chúc viết tay nhưng không có người làm chứng, liệu di chúc này có hợp pháp không?",Điều 624 - Bộ luật Dân sự 2015,False,1.0,0.39732888146911516,"**Căn cứ pháp lý:**
--- [Tài liệu 1] ---
Văn bản: Bộ luật Dân sự 2015
Nội dung: Điều 633. Di chúc bằng văn bản không có người làm chứng

**Nội dung quy định:**
Người lập di chúc phải tự viết và ký vào bản di chúc. Việc lập di chúc bằng văn bản không có người làm chứng phải tuân theo quy định tại Điều 631 của Bộ luật này.

**Phân tích & Hướng dẫn:**
Theo Điều 633 của Bộ luật Dân sự 2015, một di chúc bằng văn bản không có người làm chứng vẫn được coi là hợp pháp, nhưng phải tuân thủ các quy định cụ thể. Theo đó, người lập di chúc phải tự viết và ký vào bản di chúc. 

Trong trường hợp bạn có một di chúc viết tay nhưng không có người làm chứng, cần chú ý rằng di chúc này sẽ không được coi là hợp pháp nếu không tuân thủ quy định về việc tự viết và ký tên. Bạn cần đảm bảo rằng bản di chúc đã được viết tay bởi chính người lập di chúc và đã được ký tên của người lập di chúc.

Đồng thời, cần lưu ý rằng dù di chúc không có người làm chứng, nó vẫn phải tuân theo các quy định khác về nội dung và hình thức như đã được quy định trong các điều khác của Bộ luật Dân sự 2015.

Nếu bạn muốn chắc chắn rằng di chúc của mình hợp pháp, tốt nhất nên tìm kiếm sự giúp đỡ từ một chuyên gia tư vấn pháp luật hoặc công chứng viên để được hỗ trợ thêm."
syn_1326_1768640524_2,Tôi là chủ một công ty và nhân viên của tôi vừa bị kết án 3 năm tù nhưng được hưởng án treo. Tôi cần phải làm gì để đảm bảo rằng anh ấy thực hiện tốt nghĩa vụ trong thời gian thử thách? Công ty tôi có trách nhiệm gì trong việc giám sát anh ấy không?,Điều 65 - Bộ luật Hình sự (Văn bản hợp nhất 2017),True,1.0,0.887509697439876,"**Căn cứ pháp lý:**
---
Văn bản: Bộ luật Hình sự (Văn bản hợp nhất 2017)
Nội dung: Điều 65. Án treo

---

**Nội dung quy định:**
---
1. Khi xử phạt tù không quá 03 năm, căn cứ vào nhân thân của người phạm tội và các tình tiết giảm nhẹ, nếu xét thấy không cần phải bắt chấp hành hình phạt tù, thì Tòa án cho hưởng án treo và ấn định thời gian thử thách từ 01 năm đến 05 năm và thực hiện các nghĩa vụ trong thời gian thử thách theo quy định của Luật Thi hành án hình sự.
2. Trong thời gian thử thách, Tòa án giao người được hưởng án treo cho cơ quan, tổ chức nơi người đó làm việc hoặc chính quyền địa phương nơi người đó cư trú để giám sát, giáo dục. Gia đình người bị kết án có trách nhiệm phối hợp với cơ quan, tổ chức, chính quyền địa phương trong việc giám sát, giáo dục người đó.
3. Tòa án có thể quyết định áp dụng đối với người được hưởng án treo hình phạt bổ sung nếu trong điều luật áp dụng có quy định hình phạt này.
4. Người được hưởng án treo đã chấp hành được một phần hai thời gian thử thách và có nhiều tiến bộ thì theo đề nghị của cơ quan, tổ chức có trách nhiệm giám sát, giáo dục, Tòa án có thể quyết định rút ngắn thời gian thử thách.
5. Trong thời gian thử thách, nếu người được hưởng án treo cố ý vi phạm nghĩa vụ theo quy định của Luật Thi hành án hình sự 02 lần trở lên, thì Tòa án có thể quyết định buộc người đó phải chấp hành hình phạt tù của bản án đã cho hưởng án treo. Trường hợp thực hiện hành vi phạm tội mới thì Tòa án buộc người đó phải chấp hành hình phạt của bản án trước và tổng hợp với hình phạt của bản án mới theo quy định tại Điều 56 của Bộ luật này.

---

**Phân tích & Hướng dẫn:**

Để đảm bảo nhân viên của bạn thực hiện tốt nghĩa vụ trong thời gian thử thách, công ty của bạn cần tuân thủ các quy định của Bộ luật Hình sự như sau:

1. **Giám sát và giáo dục**:"
syn_506_1768631582,"Gia đình tôi có một hợp đồng mua bán với một công ty, nhưng công ty chỉ thực hiện nghĩa vụ với một thành viên trong gia đình. Vậy công ty có thể từ chối thực hiện nghĩa vụ với những thành viên khác không?",Điều 289 - Bộ luật Dân sự 2015,True,0.3333333333333333,0.40043057050592035,"**CĂN CỨ PHÁP LUẬT THAM KHẢO:**
---
--- [Tài liệu 1] ---
Văn bản: Bộ luật Dân sự 2015
Nội dung: Điều 103. Trách nhiệm dân sự của thành viên hộ gia đình, tổ hợp tác, tổ chức khác không có tư cách pháp nhân

--- [Tài liệu 2] ---
Văn bản: Bộ luật Dân sự 2015
Nội dung: Điều 416. Quyền từ chối của người thứ ba

--- [Tài liệu 3] ---
Văn bản: Bộ luật Dân sự 2015
Nội dung: Điều 289. Thực hiện nghĩa vụ đối với nhiều người có quyền liên đới

---

**PHÂN TÍCH VÀ HƯỚNG DẪN:**

Theo Điều 103 của Bộ luật Dân sự 2015, trách nhiệm dân sự của thành viên hộ gia đình, tổ hợp tác, tổ chức khác không có tư cách pháp nhân được bảo đảm thực hiện bằng tài sản chung của các thành viên. Điều này nghĩa là nếu một thành viên không đủ tài sản để thực hiện nghĩa vụ, thì người có quyền có thể yêu cầu thành viên khác thực hiện nghĩa vụ theo quy định tại Điều 288 của Bộ luật này.

Trong trường hợp này, công ty đã thực hiện nghĩa vụ với một thành viên trong gia đình, nhưng không thực hiện với những thành viên khác. Theo Điều 416 của Bộ luật Dân sự 2015, nếu người thứ ba (trong trường hợp này là công ty) từ chối lợi ích của mình sau khi bên có nghĩa vụ đã thực hiện nghĩa vụ, nghĩa vụ được xem là đã hoàn thành và bên có quyền vẫn phải thực hiện cam kết đối với bên có nghĩa vụ. Trong trường hợp này, lợi ích phát sinh từ hợp đồng thuộc về bên mà nếu hợp đồng không vì lợi ích của người thứ ba thì họ là người thụ hưởng, trừ trường hợp có thỏa thuận khác.

Tuy nhiên, theo Điều 289 của Bộ luật Dân sự 2015, bên có nghĩa vụ có thể thực hiện nghĩa vụ của mình đối với bất cứ ai trong số những người có quyền liên đới. Do đó, công ty vẫn có nghĩa vụ thực hiện nghĩa vụ với"
syn_1309_1768640373_0,"Tôi có một chiếc xe máy bị mất trộm cách đây 6 tháng, và giờ tôi đã tìm được người đã lấy chiếc xe của tôi. Liệu tôi có quyền yêu cầu người đó phải trả lại xe cho tôi không?",Điều 48 - Bộ luật Hình sự (Văn bản hợp nhất 2017),False,0.3333333333333333,0.3540229885057472,"**CĂN CỨ PHÁP LUẬT THAM KHẢO:**
---
[Văn bản] Bộ luật Dân sự 2015  
[Nội dung] Điều 185. Bảo vệ việc chiếm hữu  
Chương XIII QUYỀN SỞ HỮU  
Mục 1. NỘI DUNG QUYỀN SỞ HỮU  
Tiểu mục 1. QUYỀN CHIẾM HỮU

[Văn bản] Bộ luật Dân sự 2015  
[Nội dung] Điều 582. Quyền yêu cầu người thứ ba hoàn trả

[Văn bản] Bộ luật Dân sự 2015  
[Nội dung] Điều 556. Quyền của bên gửi tài sản

**CÂU HỎI:**
Tôi có một chiếc xe máy bị mất trộm cách đây 6 tháng, và giờ tôi đã tìm được người đã lấy chiếc xe của tôi. Liệu tôi có quyền yêu cầu người đó phải trả lại xe cho tôi không?

**PHÂN TÍCH VÀ HƯỚNG DẪN:**

Theo Điều 185 của Bộ luật Dân sự 2015, trong trường hợp việc chiếm hữu bị người khác xâm phạm, người chiếm hữu có quyền yêu cầu người có hành vi xâm phạm phải chấm dứt hành vi, khôi phục tình trạng ban đầu, trả lại tài sản và bồi thường thiệt hại. 

Trong trường hợp này, bạn là người chiếm hữu chiếc xe máy và đã bị mất trộm. Hiện tại bạn đã tìm được người đã lấy chiếc xe của mình. Theo Điều 582 của cùng bộ luật, nếu người chiếm hữu, người sử dụng tài sản mà không có căn cứ pháp luật đã giao tài sản cho người thứ ba, thì khi bị chủ sở hữu, chủ thể có quyền khác đối với tài sản yêu cầu hoàn trả, người thứ ba có nghĩa vụ hoàn trả tài sản đó, trừ trường hợp Bộ luật này có quy định khác. 

Điều 556 của Bộ luật Dân sự 2015 cũng quy định rằng bên gửi tài sản có quyền yêu cầu bên giữ lấy lại tài sản bất cứ lúc nào nếu hợp đồng gửi giữ không xác định thời hạn và phải báo trước cho bên giữ một thời gian hợp lý. Nếu bên giữ làm mất, hư hỏng tài"
syn_974_1768634646,"Tôi và vợ tôi đang ly thân, nhưng chúng tôi có một con gái 5 tuổi. Vậy quyền và nghĩa vụ của chúng tôi với con gái sẽ được bảo vệ như thế nào trong trường hợp này?",Điều 68 - Luật Hôn nhân và Gia đình 2014,True,0.6666666666666666,0.41067761806981523,"**CĂN CỨ PHÁP LUẬT THAM KHẢO:**

- **[Tài liệu 1]**: Luật Hôn nhân và Gia đình 2014 - Điều 58.
- **[Tài liệu 2]**: Luật Hôn nhân và Gia đình 2014 - Điều 81.
- **[Tài liệu 3]**: Luật Hôn nhân và Gia đình 2014 - Điều 68.

**Nội dung quy định:**

1. Theo Điều 58 của Luật Hôn nhân và Gia đình 2014, sau khi ly hôn, việc trông nom, chăm sóc, nuôi dưỡng và giáo dục con sau khi ly hôn được thực hiện theo quy định tại các điều 81, 82, 83 và 84 của Luật này.
   
2. Theo Điều 81 của Luật Hôn nhân và Gia đình 2014, sau khi ly hôn, cha mẹ vẫn có quyền, nghĩa vụ trông nom, chăm sóc, nuôi dưỡng và giáo dục con chưa thành niên, con đã thành niên mất năng lực hành vi dân sự hoặc không có khả năng lao động và không có tài sản để tự nuôi mình. 

   - Trong trường hợp vợ chồng không thỏa thuận về người trực tiếp nuôi con, Tòa án sẽ quyết định giao con cho một bên trực tiếp nuôi dựa trên quyền lợi về mọi mặt của con. 
   
   - Trường hợp con gái của bạn từ đủ 07 tuổi trở lên, Tòa án cũng sẽ xem xét nguyện vọng của con.

3. Theo Điều 68 của Luật Hôn nhân và Gia đình 2014, quyền và nghĩa vụ của cha mẹ và con được tôn trọng và bảo vệ. 

**Phân tích & Hướng dẫn:**

Theo Điều 81 của Luật Hôn nhân và Gia đình 2014, mặc dù hai vợ chồng đã ly thân, nhưng quyền và nghĩa vụ của cha mẹ và con vẫn được bảo vệ theo quy định của pháp luật. 

Đối với trường hợp của con gái 5 tuổi, do con còn nhỏ và chưa đủ 7 tuổi, theo Điều 81, Điều 83 và Điều 84 của Luật Hôn nhân và Gia đình 2014, cha mẹ vẫn giữ quyền trông nom, chăm sóc, nuôi"
syn_805_1768633519,"Tôi đã bị mất tài sản do một vụ cháy nhà hàng xóm gây ra, nhưng phải 4 năm sau tôi mới biết rằng tôi có thể yêu cầu bồi thường, liệu tôi có thể khởi kiện không?",Điều 588 - Bộ luật Dân sự 2015,True,1.0,0.4412470023980815,"**CĂN CỨ PHÁP LUẬT THAM KHẢO:**

- **Tài liệu 1:** Văn bản: Bộ luật Dân sự 2015 - Điều 588. Thời hiệu khởi kiện yêu cầu bồi thường thiệt hại
- **Tài liệu 2:** Văn bản: Bộ luật Dân sự 2015 - Điều 170. Quyền yêu cầu bồi thường thiệt hại
- **Tài liệu 3:** Văn bản: Bộ luật Dân sự 2015 - Điều 155. Không áp dụng thời hiệu khởi kiện

**Câu hỏi:**
Tôi đã bị mất tài sản do một vụ cháy nhà hàng xóm gây ra, nhưng phải 4 năm sau tôi mới biết rằng tôi có thể yêu cầu bồi thường, liệu tôi có thể khởi kiện không?

**Căn cứ pháp lý:**
Bộ luật Dân sự 2015 - Điều 588. Thời hiệu khởi kiện yêu cầu bồi thường thiệt hại

**Nội dung quy định:**
Thời hiệu khởi kiện yêu cầu bồi thường thiệt hại là 03 năm, kể từ ngày người có quyền yêu cầu biết hoặc phải biết quyền, lợi ích hợp pháp của mình bị xâm phạm.

**Phân tích & Hướng dẫn:**
Theo quy định tại Điều 588 của Bộ luật Dân sự 2015, thời hiệu khởi kiện yêu cầu bồi thường thiệt hại là 03 năm, tính từ ngày người có quyền yêu cầu biết hoặc phải biết quyền, lợi ích hợp pháp của mình bị xâm phạm. 

Trong trường hợp của bạn, mặc dù tài sản bị mất vì vụ cháy nhà hàng xóm và phải đợi 4 năm sau mới biết có quyền yêu cầu bồi thường, nhưng thời hiệu khởi kiện vẫn được tính từ khi bạn bắt đầu biết quyền lợi hợp pháp của mình bị xâm phạm, không phải từ thời điểm xảy ra vụ việc cháy nhà hàng xóm.

Điều 155 của Bộ luật Dân sự 2015 cũng cho biết thời hiệu khởi kiện không áp dụng trong trường hợp tranh chấp về quyền sử dụng đất theo quy định của Luật đất đai, và trường hợp khác do luật quy định. Tuy nhiên, trường hợp này không thuộc ngoại lệ này.

Do đó, theo quy định, bạn đã đủ thời hạn khởi kiện, vì"
syn_1247_1768639961_0,"Tôi là một công nhân trong một nhà máy điện tử và gần đây chúng tôi đã quyết định đình công để yêu cầu tăng lương. Tuy nhiên, một số lãnh đạo của công ty đã đe dọa sẽ sa thải chúng tôi nếu tiếp tục đình công. Tôi muốn biết liệu họ có quyền làm như vậy không?",Điều 208 - Bộ luật Lao động 2019,False,0.0,0.37865055387714,"**CĂN CỨ PHÁP LUẬT THAM KHẢO:**
---
--- [Tài liệu 1] ---
Văn bản: Bộ luật Lao động 2019
Nội dung: Điều 203. Quyền của các bên trước và trong quá trình đình công 1. Tiếp tục thỏa thuận để giải quyết nội dung tranh chấp lao động tập thể hoặc cùng đề nghị hòa giải viên lao động, Hội đồng trọng tài lao động tiến hành hòa giải, giải quyết tranh chấp lao động. 2. Tổ chức đại diện người lao động có quyền tổ chức và lãnh đạo đình công theo quy định tại Điều 198 của Bộ luật này có quyền sau đây: a) Rút quyết định đình công nếu chưa đình công hoặc chấm dứt đình công nếu đang đình công; b) Yêu cầu Tòa án tuyên bố cuộc đình công là hợp pháp. 3. Người sử dụng lao động có quyền sau đây: a) Chấp nhận toàn bộ hoặc một phần yêu cầu và thông báo bằng văn bản cho tổ chức đại diện người lao động đang tổ chức và lãnh đạo đình công; b) Đóng cửa tạm thời nơi làm việc trong thời gian đình công do không đủ điều kiện để duy trì hoạt động bình thường hoặc để bảo vệ tài sản; c) Yêu cầu Tòa án tuyên bố cuộc đình công là bất hợp pháp.

--- [Tài liệu 2] ---
Văn bản: Bộ luật Lao động 2019
Nội dung: Điều 198. Đình công Đình công là sự ngừng việc tạm thời, tự nguyện và có tổ chức của người lao động nhằm đạt được yêu cầu trong quá trình giải quyết tranh chấp lao động và do tổ chức đại diện người lao động có quyền thương lượng tập thể là một bên tranh chấp lao động tập thể tổ chức và lãnh đạo.

--- [Tài liệu 3] ---
Văn bản: Bộ luật Lao động 2019
Nội dung: Điều 204. Trường hợp đình công bất hợp pháp 1. Không thuộc trường hợp được đình công quy định tại Điều 199 của Bộ luật này. 2. Không do tổ chức đại diện người lao động có quyền tổ chức và lãnh đạo đình công. 3. Vi phạm các quy định về trình tự, thủ tục tiến hành đình công"
syn_883_1768634029,"Tôi là một doanh nghiệp xuất khẩu hàng hóa, và tôi muốn biết liệu tôi có thể áp dụng tập quán quốc tế trong hợp đồng xuất khẩu của mình không?",Điều 666 - Bộ luật Dân sự 2015,True,1.0,0.5267175572519084,"**Căn cứ pháp lý:** 
- Điều 666 và Điều 683 - Bộ luật Dân sự 2015

**Nội dung quy định:** 
- Điều 666 của Bộ luật Dân sự 2015 quy định rằng ""Áp dụng tập quán quốc tế Các bên được lựa chọn tập quán quốc tế trong trường hợp quy định tại khoản 2 Điều 664 của Bộ luật này. Nếu hậu quả của việc áp dụng tập quán quốc tế đó trái với các nguyên tắc cơ bản của pháp luật Việt Nam thì pháp luật Việt Nam được áp dụng.""
- Điều 683 của Bộ luật Dân sự 2015 quy định về việc lựa chọn pháp luật áp dụng cho hợp đồng, trong đó nói rõ ""Trường hợp các bên không có thỏa thuận về pháp luật áp dụng thì pháp luật của nước có mối liên hệ gắn bó nhất với hợp đồng đó được áp dụng.""

**Phân tích & Hướng dẫn:**
Theo Điều 666 và Điều 683 của Bộ luật Dân sự 2015, bạn, một doanh nghiệp xuất khẩu hàng hóa, có quyền lựa chọn áp dụng tập quán quốc tế trong hợp đồng xuất khẩu của mình. Tuy nhiên, điều kiện là phải đảm bảo rằng việc áp dụng tập quán quốc tế đó không trái với các nguyên tắc cơ bản của pháp luật Việt Nam. Nếu có bất kỳ sự xung đột nào giữa tập quán quốc tế và pháp luật Việt Nam, pháp luật Việt Nam sẽ được áp dụng thay thế.

Do đó, bạn cần xác định và tuân thủ các nguyên tắc cơ bản của pháp luật Việt Nam trong quá trình sử dụng tập quán quốc tế. Đồng thời, bạn nên cân nhắc kỹ lưỡng khi lựa chọn tập quán để tránh bất kỳ rủi ro nào có thể phát sinh từ việc áp dụng tập quán quốc tế.

Nếu bạn cần thêm thông tin chi tiết hoặc có bất kỳ câu hỏi nào khác liên quan, vui lòng liên hệ với cơ quan tư vấn pháp luật chuyên nghiệp hoặc法律顾问."
syn_516_1768631644,"Tôi đã vay tiền ngân hàng và tài sản của tôi là một bất động sản. Nếu đến hạn mà tôi không thể trả nợ, ngân hàng có quyền xử lý tài sản bảo đảm không?",Điều 299 - Bộ luật Dân sự 2015,True,0.0,0.49406688241639696,"**CĂN CỨ PHÁP LUẬT THAM KHẢO:**

--- [Tài liệu 1] ---
Văn bản: Bộ luật Dân sự 2015
Nội dung: Điều 299. Các trường hợp xử lý tài sản bảo đảm 1. Đến hạn thực hiện nghĩa vụ được bảo đảm mà bên có nghĩa vụ không thực hiện hoặc thực hiện không đúng nghĩa vụ. 2. Bên có nghĩa vụ phải thực hiện nghĩa vụ được bảo đảm trước thời hạn do vi phạm nghĩa vụ theo thỏa thuận hoặc theo quy định của luật. 3. Trường hợp khác do các bên thỏa thuận hoặc luật có quy định khác.

--- [Tài liệu 2] ---
Văn bản: Bộ luật Dân sự 2015
Nội dung: Điều 296. Một tài sản dùng để bảo đảm thực hiện nhiều nghĩa vụ 1. Một tài sản có thể được dùng để bảo đảm thực hiện nhiều nghĩa vụ, nếu có giá trị tại thời điểm xác lập giao dịch bảo đảm lớn hơn tổng giá trị các nghĩa vụ được bảo đảm, trừ trường hợp có thỏa thuận khác hoặc pháp luật có quy định khác. 2. Trường hợp một tài sản được bảo đảm thực hiện nhiều nghĩa vụ thì bên bảo đảm phải thông báo cho bên nhận bảo đảm sau biết về việc tài sản bảo đảm đang được dùng để bảo đảm thực hiện nghĩa vụ khác. Mỗi lần bảo đảm phải được lập thành văn bản. 3. Trường hợp phải xử lý tài sản để thực hiện một nghĩa vụ đến hạn thì các nghĩa vụ khác tuy chưa đến hạn đều được coi là đến hạn và tất cả các bên cùng nhận bảo đảm đều được tham gia xử lý tài sản. Bên nhận bảo đảm đã thông báo về việc xử lý tài sản có trách nhiệm xử lý tài sản, nếu các bên cùng nhận bảo đảm không có thỏa thuận khác. Trường hợp các bên muốn tiếp tục thực hiện các nghĩa vụ chưa đến hạn thì có thể thỏa thuận về việc bên bảo đảm dùng tài sản khác để bảo đảm việc thực hiện các nghĩa vụ chưa đến hạn.

--- [Tài liệu 3] ---
Văn bản: Bộ luật Dân sự 2015
Nội dung: Điều 302. Quyền nhận lại tài sản bảo đảm Trước thời điểm xử lý tài sản bảo đảm mà bên bảo đảm thực hiện đầy đủ nghĩa vụ của mình đối với bên nhận bảo đảm và thanh toán chi"
syn_953_1768634489,"Tôi và vợ tôi muốn xác lập chế độ tài sản theo thỏa thuận nhưng chúng tôi đã kết hôn được 2 năm, liệu chúng tôi có thể làm thỏa thuận này được không?",Điều 47 - Luật Hôn nhân và Gia đình 2014,True,1.0,0.5132743362831859,"**Căn cứ pháp lý:**
[Tài liệu 1] - [Tài liệu 2] - [Tài liệu 3]

**Nội dung quy định:**
Theo điều 47 của Luật Hôn nhân và Gia đình 2014, thỏa thuận xác lập chế độ tài sản của vợ chồng phải được lập trước khi kết hôn, bằng hình thức văn bản có công chứng hoặc chứng thực. Chế độ tài sản của vợ chồng theo thỏa thuận được xác lập kể từ ngày đăng ký kết hôn.

**Phân tích & Hướng dẫn:**
Theo quy định trên, thỏa thuận xác lập chế độ tài sản theo Luật Hôn nhân và Gia đình 2014 cần được lập trước khi kết hôn. Bạn và vợ đã kết hôn được 2 năm, nghĩa là thỏa thuận xác lập chế độ tài sản theo thỏa thuận đã được thực hiện sau thời điểm bắt buộc phải lập trước khi kết hôn. Do đó, thỏa thuận này không tuân thủ quy định của pháp luật và không có giá trị pháp lý.

Để xác lập chế độ tài sản theo thỏa thuận, bạn và vợ cần thực hiện lại quá trình lập thỏa thuận trước khi kết hôn, bằng hình thức văn bản có công chứng hoặc chứng thực, và thỏa thuận này mới có hiệu lực kể từ ngày đăng ký kết hôn.

Nếu bạn và vợ muốn xác lập chế độ tài sản theo thỏa thuận, tôi khuyên nên liên hệ với chuyên gia tư vấn pháp luật để được hỗ trợ cụ thể hơn trong việc lập và thực hiện thỏa thuận này."
syn_39_1768628030,Tôi muốn mở một chi nhánh cho công ty của mình tại Hà Nội và không biết liệu tên chi nhánh của tôi có thể sử dụng ký tự đặc biệt không?,Điều 40 - Luật Doanh nghiệp 2020,True,1.0,0.7432150313152401,"**Căn cứ pháp lý:**
--- [Tài liệu 1] ---
Văn bản: Luật Doanh nghiệp 2020
Nội dung: Điều 40. Tên chi nhánh, văn phòng đại diện và địa điểm kinh doanh 1. Tên chi nhánh, văn phòng đại diện, địa điểm kinh doanh phải được viết bằng các chữ cái trong bảng chữ cái tiếng Việt, các chữ cái F, J, Z, W, chữ số và các ký hiệu. 2. Tên chi nhánh, văn phòng đại diện, địa điểm kinh doanh phải bao gồm tên doanh nghiệp kèm theo cụm từ “Chi nhánh” đối với chi nhánh, cụm từ “Văn phòng đại diện” đối với văn phòng đại diện, cụm từ “Địa điểm kinh doanh” đối với địa điểm kinh doanh. 3. Tên chi nhánh, văn phòng đại diện, địa điểm kinh doanh phải được viết hoặc gắn tại trụ sở chi nhánh, văn phòng đại diện và địa điểm kinh doanh. Tên chi nhánh, văn phòng đại diện được in hoặc viết với khổ chữ nhỏ hơn tên tiếng Việt của doanh nghiệp trên các giấy tờ giao dịch, hồ sơ tài liệu và ấn phẩm do chi nhánh, văn phòng đại diện phát hành.

---

**Nội dung quy định:**
Theo Điều 40 của Luật Doanh nghiệp 2020, tên chi nhánh, văn phòng đại diện, và địa điểm kinh doanh phải được viết bằng các chữ cái trong bảng chữ cái tiếng Việt, các chữ cái F, J, Z, W, chữ số và ký hiệu. 

---

**Phân tích & Hướng dẫn:**
Để mở một chi nhánh cho công ty của bạn tại Hà Nội, tên chi nhánh của bạn không được sử dụng ký tự đặc biệt như F, J, Z, W, W (Wikipedia). Theo quy định trên, tên chi nhánh chỉ được sử dụng các chữ cái trong bảng chữ cái tiếng Việt, các chữ số và ký hiệu.

Vì vậy, nếu bạn muốn duy trì tên doanh nghiệp hiện tại nhưng thêm cụm từ ""Chi nhánh"" vào tên, bạn cần đảm bảo rằng tất cả các ký tự trong tên chi nhánh đều tuân thủ các quy định về bảng chữ cái tiếng Việt và các ký hiệu được phép."
syn_646_1768632496,"Gia đình tôi đã ký hợp đồng thuê đất từ 4 năm trước, và giờ chủ đất không cho tôi sử dụng đất nữa. Tôi có thể yêu cầu Tòa án can thiệp không?",Điều 429 - Bộ luật Dân sự 2015,False,0.6666666666666666,0.34473324213406287,"**CĂN CỨ PHÁP LUẬT THAM KHẢO:**
- Văn bản: Luật Hôn nhân và Gia đình 2014
- Văn bản: Bộ luật Dân sự 2015

**Nội dung quy định:**
1. Theo Điều 62 của Luật Hôn nhân và Gia đình 2014, khi ly hôn, quyền sử dụng đất là tài sản riêng của mỗi bên sẽ vẫn thuộc về bên đó, trừ trường hợp thỏa thuận chia đất.
2. Theo Điều 501 của Bộ luật Dân sự 2015, nội dung hợp đồng về quyền sử dụng đất không được trái với quy định về mục đích sử dụng, thời hạn sử dụng đất, quy hoạch, kế hoạch sử dụng đất và các quyền, nghĩa vụ khác theo quy định của pháp luật về đất đai và quy định khác của pháp luật có liên quan.

**Phân tích & Hướng dẫn:**
Trong trường hợp của bạn, mặc dù đã ký hợp đồng thuê đất, nhưng hiện tại chủ đất không cho phép bạn sử dụng đất. Đây có thể coi là hành vi cản trở trái pháp luật đối với việc thực hiện quyền thuê đất. Theo Điều 169 của Bộ luật Dân sự 2015, chủ thể (trong trường hợp này là bạn) có quyền yêu cầu người có hành vi cản trở trái pháp luật phải chấm dứt hành vi đó hoặc có quyền yêu cầu Tòa án, cơ quan nhà nước có thẩm quyền khác buộc người đó chấm dứt hành vi vi phạm.

Do đó, bạn hoàn toàn có quyền yêu cầu Tòa án can thiệp để giải quyết vấn đề này. Bạn cần chuẩn bị đầy đủ hồ sơ chứng minh quyền thuê đất của mình, hợp đồng thuê đất và các bằng chứng khác liên quan. Sau đó, bạn có thể nộp đơn yêu cầu Tòa án giải quyết tranh chấp giữa bạn và chủ đất về việc cản trở trái pháp luật đối với việc thực hiện quyền thuê đất."
syn_130_1768628716,Tôi muốn đầu tư vào một công ty cổ phần và muốn biết liệu tôi có thể sử dụng quyền sử dụng đất của mình để mua cổ phần không?,Điều 131 - Luật Doanh nghiệp 2020,True,1.0,0.44957472660996367,"**Căn cứ pháp lý:**
--- [Tài liệu 1] ---
Văn bản: Luật Doanh nghiệp 2020
Nội dung: Điều 131. Mua cổ phần, trái phiếu Cổ phần, trái phiếu của công ty cổ phần có thể được mua bằng Đồng Việt Nam, ngoại tệ tự do chuyển đổi, vàng, quyền sử dụng đất, quyền sở hữu trí tuệ, công nghệ, bí quyết kỹ thuật, tài sản khác quy định tại Điều lệ công ty và phải được thanh toán đủ một lần.

**Nội dung quy định:**
Điều 131 quy định rõ rằng cổ phần, trái phiếu của công ty cổ phần có thể được mua bằng một loạt các loại tài sản, trong đó có quyền sử dụng đất.

**Phân tích & Hướng dẫn:**
Theo quy định tại Điều 131 của Luật Doanh nghiệp 2020, bạn có thể sử dụng quyền sử dụng đất của mình để mua cổ phần của một công ty cổ phần. Tuy nhiên, cần lưu ý một số điểm quan trọng:

1. **Quyền sở hữu hợp pháp**: Theo Điều 34 của Luật Doanh nghiệp 2020, chỉ cá nhân hoặc tổ chức có quyền sở hữu hợp pháp hoặc quyền sử dụng hợp pháp đối với tài sản được phép góp vốn bằng tài sản đó. Vì vậy, bạn phải đảm bảo rằng bạn có quyền sử dụng hợp pháp đối với quyền sử dụng đất của mình.

2. **Thanh toán**: Như quy định tại Điều 131, quyền sử dụng đất cũng phải được thanh toán đủ một lần. Bạn cần đảm bảo rằng bạn có đủ tài chính để thanh toán đầy đủ quyền sử dụng đất này.

3. **Hình thức giao dịch**: Theo Điều 35 của Luật Doanh nghiệp 2020, việc chuyển quyền sở hữu tài sản góp vốn (bao gồm cả quyền sử dụng đất) phải được thực hiện thông qua tài khoản theo quy định của pháp luật về quản lý ngoại hối, ngoại trừ trường hợp đặc biệt.

4. **Thanh toán qua tài khoản**: Việc thanh toán cho mọi hoạt động mua bán cổ phần, phần vốn góp, nhận cổ tức và chuyển lợi nhuận ra nước ngoài của nhà đầu tư nước ngoài đều phải được thực hiện thông qua tài khoản, ngoại trừ trường hợp thanh toán bằng tài sản và hình thức khác không"
syn_1647_1768643277_1,"Trong một cuộc chiến, tôi đã lôi kéo một số đồng đội cùng cản trở việc thi hành nhiệm vụ của một sĩ quan cấp cao. Nếu bị phát hiện, tôi có thể phải chịu hình phạt nào?",Điều 396 - Bộ luật Hình sự (Văn bản hợp nhất 2017),True,0.0,0.4110497237569061,"**CĂN CỨ PHÁP LUẬT THAM KHẢO:**
---
--- [Tài liệu 1] ---
Văn bản: Bộ luật Hình sự (Văn bản hợp nhất 2017)
Nội dung: Điều 396. Tội cản trở đồng đội thực hiện nhiệm vụ

---

**CĂN CỨ PHÁP LUẬT THAM KHẢO:**
---
--- [Tài liệu 2] ---
Văn bản: Bộ luật Hình sự (Văn bản hợp nhất 2017)
Nội dung: Điều 403. Tội trốn tránh nhiệm vụ

---

**CĂN CỨ PHÁP LUẬT THAM KHẢO:**
---
--- [Tài liệu 3] ---
Văn bản: Bộ luật Hình sự (Văn bản hợp nhất 2017)
Nội dung: Điều 330. Tội chống người thi hành công vụ

---

**CÂU HỎI:**
Trong một cuộc chiến, tôi đã lôi kéo một số đồng đội cùng cản trở việc thi hành nhiệm vụ của một sĩ quan cấp cao. Nếu bị phát hiện, tôi có thể phải chịu hình phạt nào?

**TRẢ LỜI:**
Theo Căn cứ Pháp luật tham khảo, trong trường hợp của bạn, có thể bị xử lý hình sự dưới các tội danh như sau:

1. **Tội cản trở đồng đội thực hiện nhiệm vụ (Điều 396 Bộ Luật Hình sự):**
   - Nếu chỉ cản trở việc thi hành nhiệm vụ của sĩ quan cấp cao mà không có hành vi sử dụng vũ lực, lôi kéo người khác phạm tội, gây hậu quả nghiêm trọng hoặc rất nghiêm trọng, thì có thể bị phạt cải tạo không giam giữ đến 03 năm hoặc phạt tù từ 03 tháng đến 03 năm.

2. **Tội trốn tránh nhiệm vụ (Điều 403 Bộ Luật Hình sự):**
   - Nếu bạn và đồng đội đã tự gây thương tích, gây tổn hại cho sức khỏe của mình hoặc dùng thủ đoạn gian dối khác để trốn tránh nhiệm vụ, hoặc nếu cản trở việc thi hành nhiệm vụ của sĩ quan cấp cao và gây hậu quả nghiêm trọng, thì có thể bị phạt tù từ 02 năm đến 07 năm."
syn_831_1768633692,"Mẹ tôi mất cách đây một tháng và bây giờ tôi mới biết mình là người thừa kế, vậy tôi có quyền gì và nghĩa vụ gì ngay bây giờ?",Điều 614 - Bộ luật Dân sự 2015,True,0.3333333333333333,0.45027624309392267,"**CĂN CỨ PHÁP LUẬT THAM KHẢO:**
---
[Văn bản 1]: Bộ luật Dân sự 2015  
[Nội dung]: Điều 614. Thời điểm phát sinh quyền và nghĩa vụ của người thừa kế  
Kể từ thời điểm mở thừa kế, những người thừa kế có các quyền, nghĩa vụ tài sản do người chết để lại.
---
[Văn bản 2]: Bộ luật Dân sự 2015  
[Nội dung]: Điều 609. Quyền thừa kế  
Cá nhân có quyền lập di chúc để định đoạt tài sản của mình; để lại tài sản của mình cho người thừa kế theo pháp luật; hưởng di sản theo di chúc hoặc theo pháp luật. Người thừa kế không là cá nhân có quyền hưởng di sản theo di chúc.
---
[Văn bản 3]: Bộ luật Dân sự 2015  
[Nội dung]: Điều 626. Quyền của người lập di chúc  
Người lập di chúc có quyền sau đây: 1. Chỉ định người thừa kế; truất quyền hưởng di sản của người thừa kế. 2. Phân định phần di sản cho từng người thừa kế. 3. Dành một phần tài sản trong khối di sản để di tặng, thờ cúng. 4. Giao nghĩa vụ cho người thừa kế. 5. Chỉ định người giữ di chúc, người quản lý di sản, người phân chia di sản.

**CÂU HỎI:**
Mẹ tôi mất cách đây một tháng và bây giờ tôi mới biết mình là người thừa kế, vậy tôi có quyền gì và nghĩa vụ gì ngay bây giờ?

**PHÂN TÍCH VÀ HƯỚNG DẪN:**

Theo Điều 614 của Bộ Luật Dân sự 2015, từ thời điểm mở thừa kế (tức là từ khi mẹ tôi mất), tôi đã trở thành người thừa kế và bắt đầu có các quyền và nghĩa vụ tài sản do mẹ tôi để lại.

**Quyền của tôi:**
- **Quyền hưởng di sản:** Theo Điều 609, tôi có quyền hưởng di sản theo pháp luật vì tôi không phải là người lập di chúc. Điều này có nghĩa là tôi sẽ hưởng phần di sản theo tỷ lệ mà pháp luật quy định"
syn_124_1768628669,Tôi có một công ty cổ phần không phải là công ty đại chúng và muốn chào bán cổ phần riêng lẻ cho 50 nhà đầu tư. Tôi có phải tuân thủ các điều kiện nào không?,Điều 125 - Luật Doanh nghiệp 2020,True,1.0,0.4906333630686886,"**Căn cứ pháp lý:**
- [Tài liệu 1] - Điều 125 và Điều 128 của Luật Doanh nghiệp 2020

**Nội dung quy định:**
- Điều 125 của Luật Doanh nghiệp 2020 quy định rằng chào bán cổ phần riêng lẻ của công ty cổ phần không phải là công ty đại chúng phải đáp ứng các điều kiện như không chào bán thông qua phương tiện thông tin đại chúng, chào bán cho dưới 100 nhà đầu tư, không kể nhà đầu tư chứng khoán chuyên nghiệp.
- Điều 128 của Luật Doanh nghiệp 2020 quy định rằng chào bán trái phiếu riêng lẻ của công ty cổ phần không phải là công ty đại chúng được thực hiện theo các điều kiện như đã thanh toán đủ cả gốc và lãi của trái phiếu đã chào bán và đã đến hạn thanh toán hoặc thanh toán đủ các khoản nợ đến hạn trong 03 năm liên tiếp trước đợt chào bán trái phiếu, có báo cáo tài chính của năm trước liền kề năm phát hành được kiểm toán, bảo đảm điều kiện về tỷ lệ an toàn tài chính, tỷ lệ bảo đảm an toàn trong hoạt động theo quy định pháp luật, và điều kiện khác theo quy định của pháp luật có liên quan.

**Phân tích & Hướng dẫn:**
Theo quy định tại Điều 125 của Luật Doanh nghiệp 2020, nếu bạn muốn chào bán cổ phần riêng lẻ cho 50 nhà đầu tư, bạn cần tuân thủ các điều kiện sau:
1. Không chào bán thông qua phương tiện thông tin đại chúng.
2. Chào bán cho dưới 100 nhà đầu tư, không kể nhà đầu tư chứng khoán chuyên nghiệp.

Tuy nhiên, quy định cụ thể về chào bán cổ phần riêng lẻ cho dưới 100 nhà đầu tư không được nêu rõ trong [Tài liệu 1]. Để có thông tin chi tiết và chắc chắn, bạn nên tham khảo thêm [Tài liệu 2] và [Tài liệu 3], cũng như các văn bản hướng dẫn liên quan đến việc chào bán cổ phần riêng lẻ.

Trong trường hợp này, bạn cần đảm bảo rằng việc chào bán cổ phần riêng lẻ cho 50 nhà đầu tư không vượt quá giới hạn quy định tại Điều 125 của Luật"
syn_1099_1768639085_1,"Công ty tôi có một nhân viên đang làm việc trong bộ phận kỹ thuật, nhưng tôi có kế hoạch chuyển anh ấy sang bộ phận bán hàng. Tôi cần phải làm gì để đảm bảo anh ấy được đào tạo trước khi chuyển sang vị trí mới?",Điều 60 - Bộ luật Lao động 2019,True,1.0,0.5988950276243094,"**Căn cứ pháp lý:**
---
[Tài liệu 1] Bộ luật Lao động 2019 - Điều 60. Trách nhiệm của người sử dụng lao động về đào tạo, bồi dưỡng, nâng cao trình độ, kỹ năng nghề

**Nội dung quy định:**
---
1. Người sử dụng lao động xây dựng kế hoạch hằng năm và dành kinh phí cho việc đào tạo, bồi dưỡng, nâng cao trình độ, kỹ năng nghề, phát triển kỹ năng nghề cho người lao động đang làm việc cho mình; đào tạo cho người lao động trước khi chuyển làm nghề khác cho mình.
2. Hằng năm, người sử dụng lao động thông báo kết quả đào tạo, bồi dưỡng, nâng cao trình độ, kỹ năng nghề cho cơ quan chuyên môn về lao động thuộc Ủy ban nhân dân cấp tỉnh.

**Phân tích & Hướng dẫn:**
---
Theo quy định tại Điều 60 của Bộ Luật Lao động 2019, công ty bạn cần phải xây dựng kế hoạch đào tạo và bồi dưỡng kỹ năng cho nhân viên trước khi chuyển sang vị trí mới. Cụ thể, công ty bạn cần thực hiện các bước sau:

1. **Xây dựng kế hoạch đào tạo**: Bạn cần lập kế hoạch đào tạo kỹ năng cho nhân viên trước khi chuyển sang vị trí mới. Kế hoạch này nên bao gồm nội dung cụ thể, thời gian đào tạo và ngân sách dành cho việc đào tạo.

2. **Dành kinh phí**: Theo quy định, công ty bạn cần dành kinh phí cho việc đào tạo, bồi dưỡng kỹ năng cho nhân viên. Đây có thể là chi phí cho giáo trình, tài liệu học tập, lớp học, và chi phí liên quan đến việc đào tạo.

3. **Thông báo kết quả đào tạo**: Sau khi hoàn tất quá trình đào tạo, công ty bạn cần thông báo kết quả đào tạo cho cơ quan chuyên môn về lao động thuộc Ủy ban nhân dân cấp tỉnh theo quy định tại Điều 60, điểm 2.

4. **Hợp đồng đào tạo (nếu cần)**: Nếu bạn quyết định ký hợp đồng đào tạo giữa người sử dụng lao động và người lao động, hợp đồng này cần phải bao gồm các nội dung như đã nêu trong Điều 62 của Bộ Luật Lao động 2019"
syn_231_1768629540,"Công ty tôi bị đối tác vi phạm hợp đồng, nhưng tôi không biết phải làm gì để yêu cầu bồi thường. Tôi có thể khởi kiện hay không?",Điều 14 - Bộ luật Dân sự 2015,False,0.6666666666666666,0.34415584415584416,"**CĂN CỨ PHÁP LUẬT THAM KHẢO:**
---
[Tài liệu 1] Văn bản: Bộ luật Dân sự 2015  
Nội dung: Điều 419. Thiệt hại được bồi thường do vi phạm hợp đồng

[Tài liệu 2] Văn bản: Luật Doanh nghiệp 2020  
Nội dung: Điều 166. Quyền khởi kiện đối với thành viên Hội đồng quản trị, Giám đốc, Tổng giám đốc

[Tài liệu 3] Văn bản: Bộ luật Dân sự 2015  
Nội dung: Điều 429. Thời hiệu khởi kiện về hợp đồng

---

**Nội dung quy định:**
Theo Điều 419 của Bộ luật Dân sự 2015, thiệt hại do vi phạm hợp đồng được xác định theo quy định tại khoản 2 Điều này, Điều 13 và Điều 360 của Bộ luật này. Điều 166 của Luật Doanh nghiệp 2020 quy định về quyền khởi kiện đối với thành viên Hội đồng quản trị, Giám đốc, Tổng giám đốc, trong đó có trường hợp vi phạm trách nhiệm của người quản lý công ty. Điều 429 của Bộ luật Dân sự 2015 quy định thời hiệu khởi kiện về hợp đồng là 03 năm, kể từ ngày người có quyền yêu cầu biết hoặc phải biết quyền và lợi ích hợp pháp của mình bị xâm phạm.

---

**Phân tích & Hướng dẫn:**
Trong trường hợp của bạn, công ty của bạn đã bị đối tác vi phạm hợp đồng. Theo Điều 419 của Bộ luật Dân sự 2015, nếu hợp đồng bị vi phạm, bạn có quyền yêu cầu bồi thường thiệt hại cho lợi ích mà lẽ ra công ty sẽ được hưởng do hợp đồng mang lại. Điều này bao gồm cả tiền bạc và thiệt hại về mặt tinh thần, nếu có.

Theo Điều 166 của Luật Doanh nghiệp 2020, cổ đông, nhóm cổ đông sở hữu ít nhất 01% tổng số cổ phần phổ thông có quyền khởi kiện trách nhiệm cá nhân, trách nhiệm liên đối đối với các thành viên Hội đồng quản trị, Giám đốc hoặc Tổng giám đốc, trong trường hợp họ vi phạm trách nhiệm của người quản lý công ty hoặc không thực"
syn_83_1768628360,Tôi muốn biết lương của Kiểm soát viên có phải chi trả từ quỹ của công ty hay có thể do cá nhân tôi chi trả không?,Điều 84 - Luật Doanh nghiệp 2020,True,1.0,0.65748031496063,"**Căn cứ pháp lý:** 
- [Tài liệu 1] - Luật Doanh nghiệp 2020 - Điều 84. 

**Nội dung quy định:**
1. Người quản lý công ty và Kiểm soát viên được hưởng tiền lương, thù lao, thưởng và lợi ích khác theo kết quả và hiệu quả kinh doanh của công ty.
2. Chủ sở hữu công ty quyết định mức tiền lương, thù lao, thưởng và lợi ích khác của thành viên Hội đồng thành viên, Chủ tịch công ty và Kiểm soát viên. Tiền lương, thù lao, thưởng và lợi ích khác của người quản lý công ty và Kiểm soát viên được tính vào chi phí kinh doanh theo quy định của pháp luật về thuế thu nhập doanh nghiệp, pháp luật có liên quan và phải được thể hiện thành mục riêng trong báo cáo tài chính hằng năm của công ty.
3. Tiền lương, thù lao, thưởng và lợi ích khác của Kiểm soát viên có thể do chủ sở hữu công ty chi trả trực tiếp theo quy định tại Điều lệ công ty.

**Phân tích & Hướng dẫn:**
Theo điều 84 của Luật Doanh nghiệp 2020, chủ sở hữu công ty (đối với Kiểm soát viên) quyết định mức tiền lương, thù lao, thưởng và lợi ích khác của thành viên Hội đồng thành viên, Chủ tịch công ty và Kiểm soát viên. Tuy nhiên, điều này không cấm chủ sở hữu công ty có thể quyết định chi trả tiền lương, thù lao, thưởng và lợi ích khác của Kiểm soát viên trực tiếp từ quỹ của công ty, dựa trên quy định tại Điều lệ công ty. 

Tuy nhiên, cần lưu ý rằng nếu chủ sở hữu công ty quyết định chi trả tiền lương, thù lao, thưởng và lợi ích khác của Kiểm soát viên từ quỹ công ty, thì phải tuân thủ các quy định về thuế và tài chính, cũng như đảm bảo tính minh bạch trong việc sử dụng tài chính công ty. 

Do đó, để đảm bảo tuân thủ đầy đủ các quy định pháp luật, chủ sở hữu công ty nên tham khảo thêm quy định cụ thể trong Điều lệ công ty và thông qua các phương tiện thông báo chính thức đến các thành viên Hội đồng thành viên, Kiểm soát viên và cơ quan đại diện chủ sở hữu để đảm bảo"
syn_76_1768628308,"Công ty tôi có một số tài sản cá nhân của tôi, liệu tôi có thể sử dụng tài sản đó cho các hoạt động của công ty không?",Điều 77 - Luật Doanh nghiệp 2020,False,1.0,0.4092526690391459,"**Căn cứ pháp lý:**
- Điều 179, Luật Doanh nghiệp 2020 - [Tài liệu 3]

**Nội dung quy định:**
Điều 179 của Luật Doanh nghiệp 2020 quy định rằng ""Tài sản của công ty hợp danh bao gồm: 1. Tài sản góp vốn của các thành viên đã được chuyển quyền sở hữu cho công ty; 2. Tài sản tạo lập được mang tên công ty; 3. Tài sản thu được từ hoạt động kinh doanh do thành viên hợp danh thực hiện nhân danh công ty và từ hoạt động kinh doanh của công ty do thành viên hợp danh nhân danh cá nhân thực hiện; 4. Tài sản khác theo quy định của pháp luật.""

**Phân tích & Hướng dẫn:**
Theo quy định trên, tài sản cá nhân của bạn có thể được sử dụng cho các hoạt động của công ty nếu đã được chuyển quyền sở hữu cho công ty. Điều này bao gồm cả tài sản cá nhân đã góp vốn vào công ty hoặc tài sản mà công ty tạo lập theo quy định pháp luật. 

Tuy nhiên, cần lưu ý rằng việc sử dụng tài sản cá nhân của bạn cho hoạt động kinh doanh của công ty cũng phải tuân thủ các quy định về quyền và nghĩa vụ của thành viên hợp danh theo Điều 181, Luật Doanh nghiệp 2020, như:

1. **Quyền của thành viên hợp danh:** Thành viên hợp danh có quyền sử dụng tài sản của công ty để kinh doanh các ngành, nghề kinh doanh của công ty (điều khoản b của Điều 181).
2. **Quy định về tài sản của công ty:** Tài sản của công ty hợp danh bao gồm tài sản góp vốn của các thành viên (điều khoản 1 của Điều 179).

Bằng cách đã chuyển quyền sở hữu tài sản cá nhân của bạn cho công ty, bạn có thể sử dụng nó để kinh doanh nhân danh công ty. Tuy nhiên, cần tuân thủ đầy đủ quy định về quản lý tài sản và trách nhiệm pháp lý liên quan đến việc sử dụng tài sản này cho hoạt động kinh doanh của công ty.

Nếu bạn có bất kỳ thắc mắc cụ thể nào về việc chuyển quyền sở hữu tài sản cá nhân của mình cho công"
syn_406_1768630877,Gia đình tôi đang sở hữu một căn nhà và muốn cho con tôi sử dụng căn nhà này trong khi tôi sống ở nơi khác. Tôi cần phải làm gì để đảm bảo quyền sử dụng căn nhà cho con?,Điều 189 - Bộ luật Dân sự 2015,False,0.0,0.3112745098039216,"**CĂN CỨ PHÁP LUẬT THAM KHẢO:**
--- [Tài liệu 1] ---
Văn bản: Bộ luật Dân sự 2015
Nội dung: Điều 212. Sở hữu chung của các thành viên gia đình 1. Tài sản của các thành viên gia đình cùng sống chung gồm tài sản do các thành viên đóng góp, cùng nhau tạo lập nên và những tài sản khác được xác lập quyền sở hữu theo quy định của Bộ luật này và luật khác có liên quan. 2. Việc chiếm hữu, sử dụng, định đoạt tài sản chung của các thành viên gia đình được thực hiện theo phương thức thỏa thuận. Trường hợp định đoạt tài sản là bất động sản, động sản có đăng ký, tài sản là nguồn thu nhập chủ yếu của gia đình phải có sự thỏa thuận của tất cả các thành viên gia đình là người thành niên có năng lực hành vi dân sự đầy đủ, trừ trường hợp luật có quy định khác. Trường hợp không có thỏa thuận thì áp dụng quy định về sở hữu chung theo phần được quy định tại Bộ luật này và luật khác có liên quan, trừ trường hợp quy định tại Điều 213 của Bộ luật này.

--- [Tài liệu 2] ---
Văn bản: Luật Hôn nhân và Gia đình 2014
Nội dung: Điều 75. Quyền có tài sản riêng của con 1. Con có quyền có tài sản riêng. Tài sản riêng của con bao gồm tài sản được thừa kế riêng, được tặng cho riêng, thu nhập do lao động của con, hoa lợi, lợi tức phát sinh từ tài sản riêng của con và thu nhập hợp pháp khác. Tài sản được hình thành từ tài sản riêng của con cũng là tài sản riêng của con. 2. Con từ đủ 15 tuổi trở lên sống chung với cha mẹ phải có nghĩa vụ chăm lo đời sống chung của gia đình; đóng góp vào việc đáp ứng nhu cầu thiết yếu của gia đình nếu có thu nhập. 3. Con đã thành niên có nghĩa vụ đóng góp thu nhập vào việc đáp ứng nhu cầu của gia đình theo quy định tại khoản 4 Điều 70 của Luật này.

--- [Tài liệu 3] ---
Văn bản: Luật Hôn nhân và Gia đình 2014
Nội"
syn_773_1768633287,"Tôi đã gửi một chiếc xe máy cho bạn tôi giữ, nhưng giờ tôi muốn lấy lại xe thì tôi cần làm gì?",Điều 556 - Bộ luật Dân sự 2015,True,1.0,0.4084507042253521,"**Căn cứ pháp lý:**
- [Tài liệu 1] - [Bộ luật Dân sự 2015]
- [Tài liệu 3] - [Bộ luật Dân sự 2015]

**Nội dung quy định:**
1. Theo Điều 556 của Bộ luật Dân sự 2015, bên gửi (bạn tôi) có quyền yêu cầu lấy lại tài sản bất cứ lúc nào nếu hợp đồng gửi giữ không xác định thời hạn. Bên gửi cũng cần báo trước cho bên giữ một thời gian hợp lý.
2. Theo Điều 559 của Bộ luật Dân sự 2015, bên giữ (tôi) phải trả lại chính tài sản đã nhận và cả hoa lợi nếu có, trừ trường hợp có thỏa thuận khác. Địa điểm trả tài sản gửi giữ là nơi gửi; jika bên gửi yêu cầu trả tài sản ở địa điểm khác thì phải chịu chi phí vận chuyển đến nơi đó, trừ trường hợp có thỏa thuận khác.

**Phân tích & Hướng dẫn:**
Để lấy lại chiếc xe máy của bạn tôi, bạn cần tuân thủ các quy định sau:

1. **Hãy yêu cầu lấy lại ngay lập tức:** Theo Điều 556, bạn có quyền yêu cầu lấy lại tài sản bất cứ lúc nào, kể cả khi hợp đồng gửi giữ không xác định thời hạn. Tuy nhiên, bạn cần báo trước cho bạn tôi một thời gian hợp lý để họ có thể chuẩn bị.

2. **Chứng minh rằng bạn là chủ sở hữu:** Bạn nên mang theo các giấy tờ tùy thân và chứng minh mối quan hệ với chiếc xe máy như hợp đồng gửi giữ hoặc giấy tờ mua bán.

3. **Kiểm tra tình trạng xe:** Trước khi bạn nhận lại xe, hãy kiểm tra kỹ xem tình trạng của xe máy có phù hợp với những gì bạn đã gửi hay không. Nếu có bất kỳ vấn đề nào, bạn nên yêu cầu bạn tôi giải quyết.

4. **Chấp nhận trả lại tài sản đúng thời hạn:** Theo Điều 559, bên giữ chỉ có quyền yêu cầu bên gửi lấy lại tài sản trước thời hạn nếu có lý do chính đáng. Nếu bạn không yêu cầu lấy lại sớm, bạn giữ sẽ phải trả lại tài sản đúng thời hạn đã xác định trong hợp đồng.

5. **Phí vận chuyển:** Nếu bạn yêu cầu bạn tôi trả"
syn_347_1768630477,"Tôi ký hợp đồng mua bán tài sản nhưng một điều khoản trong hợp đồng đó bị vô hiệu, tôi có thể yêu cầu thực hiện hợp đồng không?",Điều 130 - Bộ luật Dân sự 2015,False,1.0,0.3009478672985782,"**Căn cứ pháp lý:**
--- [Tài liệu 1] ---
Văn bản: Bộ luật Dân sự 2015
Nội dung: Điều 408. Hợp đồng vô hiệu do có đối tượng không thể thực hiện được 1. Trường hợp ngay từ khi giao kết, hợp đồng có đối tượng không thể thực hiện được thì hợp đồng này bị vô hiệu. 2. Trường hợp khi giao kết hợp đồng mà một bên biết hoặc phải biết về việc hợp đồng có đối tượng không thể thực hiện được nhưng không thông báo cho bên kia biết nên bên kia đã giao kết hợp đồng thì phải bồi thường thiệt hại cho bên kia, trừ trường hợp bên kia biết hoặc phải biết về việc hợp đồng có đối tượng không thể thực hiện được. 3. Quy định tại khoản 1 và khoản 2 Điều này cũng được áp dụng đối với trường hợp hợp đồng có một hoặc nhiều phần đối tượng không thể thực hiện được nhưng phần còn lại của hợp đồng vẫn có hiệu lực. Tiểu mục 2. THỰC HIỆN HỢP ĐỒNG

---

**Nội dung quy định:**
1. Trường hợp ngay từ khi giao kết, hợp đồng có đối tượng không thể thực hiện được thì hợp đồng này bị vô hiệu.
2. Trường hợp khi giao kết hợp đồng mà một bên biết hoặc phải biết về việc hợp đồng có đối tượng không thể thực hiện được nhưng không thông báo cho bên kia biết nên bên kia đã giao kết hợp đồng thì phải bồi thường thiệt hại cho bên kia, trừ trường hợp bên kia biết hoặc phải biết về việc hợp đồng có đối tượng không thể thực hiện được.
3. Quy định tại khoản 1 và khoản 2 Điều này cũng được áp dụng đối với trường hợp hợp đồng có một hoặc nhiều phần đối tượng không thể thực hiện được nhưng phần còn lại của hợp đồng vẫn có hiệu lực.

---

**Phân tích & Hướng dẫn:**
Theo quy định tại Điều 408 của Bộ Luật Dân sự 2015, nếu một hợp đồng đã được giao kết nhưng sau này phát hiện ra đối tượng hợp đồng không thể thực hiện được, hợp đồng sẽ bị vô hiệu. Tuy nhiên, điều này không ngăn chặn việc thực hiện những phần hợp đồng còn hiệu lực. 

Trong trường hợp bạn ký hợp đồng mua bán tài sản và một điều"
syn_907_1768634181,"Gia đình tôi có xảy ra mâu thuẫn thường xuyên, và tôi muốn biết trách nhiệm của tôi đối với việc xây dựng mối quan hệ gia đình tốt đẹp hơn theo quy định của luật là gì?",Điều 1 - Luật Hôn nhân và Gia đình 2014,True,1.0,0.3689776733254994,"**Căn cứ pháp lý:**
--- [Tài liệu 1] ---
Văn bản: Luật Hôn nhân và Gia đình 2014
Nội dung: Điều 4. Trách nhiệm của Nhà nước và xã hội đối với hôn nhân và gia đình

**Nội dung quy định:**
1. Nhà nước có chính sách, biện pháp bảo hộ hôn nhân và gia đình, tạo điều kiện để nam, nữ xác lập hôn nhân tự nguyện, tiến bộ, một vợ một chồng, vợ chồng bình đẳng; xây dựng gia đình ấm no, tiến bộ, hạnh phúc và thực hiện đầy đủ chức năng của mình.
2. Chính phủ thống nhất quản lý nhà nước về hôn nhân và gia đình. Các bộ, cơ quan ngang bộ thực hiện quản lý nhà nước về hôn nhân và gia đình theo sự phân công của Chính phủ. Ủy ban nhân dân các cấp và các cơ quan khác thực hiện quản lý nhà nước về hôn nhân và gia đình theo quy định của pháp luật.
3. Cơ quan, tổ chức có trách nhiệm giáo dục, vận động cán bộ, công chức, viên chức, người lao động, các thành viên của mình và mọi công dân xây dựng gia đình văn hóa; kịp thời hòa giải mâu thuẫn trong gia đình, bảo vệ quyền, lợi ích hợp pháp của các thành viên gia đình. Nhà trường phối hợp với gia đình trong việc giáo dục, tuyên truyền, phổ biến pháp luật về hôn nhân và gia đình cho thế hệ trẻ.

**Phân tích & Hướng dẫn:**
Theo Điều 4 của Luật Hôn nhân và Gia đình 2014, bạn, như một thành viên của gia đình, có trách nhiệm xây dựng và duy trì mối quan hệ gia đình tốt đẹp. Bạn cần thực hiện các trách nhiệm sau:

1. **Giáo dục và Phát Triển Gia Đình Văn Hóa:** Bạn cần tích cực tham gia vào các hoạt động giáo dục, vận động để xây dựng gia đình văn hóa. Điều này bao gồm việc học hỏi, áp dụng những giá trị tốt đẹp từ các văn hóa dân tộc, đồng thời giáo dục con cái của mình cũng như các thành viên khác trong gia đình về các giá trị văn hóa gia đình Việt Nam.

2. **Bảo Vệ Quyền, Lợi Ích Hợp Pháp:** Theo Điều 103 của Luật Hôn nhân và Gia đình 2"
syn_1512_1768642045_0,"Tôi đang lái xe và không may xảy ra tai nạn, làm chết một người. Tôi muốn biết mức phạt mà tôi có thể phải đối mặt?",Điều 260 - Bộ luật Hình sự (Văn bản hợp nhất 2017),False,0.3333333333333333,0.376140350877193,"**Căn cứ pháp lý:**
--- [Tài liệu 1] ---
Văn bản: Bộ luật Hình sự (Văn bản hợp nhất 2017)
Nội dung: Điều 128. Tội vô ý làm chết người 1. Người nào vô ý làm chết người, thì bị phạt cải tạo không giam giữ đến 03 năm hoặc phạt tù từ 01 năm đến 05 năm. 2. Phạm tội làm chết 02 người trở lên, thì bị phạt tù từ 03 năm đến 10 năm.

--- [Tài liệu 2] ---
Văn bản: Bộ luật Hình sự (Văn bản hợp nhất 2017)
Nội dung: Điều 129. Tội vô ý làm chết người do vi phạm quy tắc nghề nghiệp hoặc quy tắc hành chính 1. Người nào vô ý làm chết người do vi phạm quy tắc nghề nghiệp hoặc quy tắc hành chính, thì bị phạt tù từ 01 năm đến 05 năm. 2. Phạm tội làm chết 02 người trở lên, thì bị phạt tù từ 05 năm đến 12 năm. 3. Người phạm tội còn có thể bị cấm đảm nhiệm chức vụ, cấm hành nghề hoặc làm công việc nhất định từ 01 năm đến 05 năm.

--- [Tài liệu 3] ---
Văn bản: Bộ luật Hình sự (Văn bản hợp nhất 2017)
Nội dung: Điều 262. Tội đưa vào sử dụng phương tiện giao thông cơ giới đường bộ, xe máy chuyên dùng không bảo đảm an toàn [268] 1. Người nào chịu trách nhiệm trực tiếp về việc điều động hoặc về tình trạng kỹ thuật mà cho phép đưa vào sử dụng phương tiện giao thông cơ giới đường bộ, xe máy chuyên dùng rõ ràng không bảo đảm tiêu chuẩn an toàn kỹ thuật gây thiệt hại cho người khác thuộc một trong các trường hợp sau đây, thì bị phạt tiền từ 20.000.000 đồng đến 100.000.000 đồng, phạt cải tạo không giam giữ đến 03 năm hoặc phạt tù từ 06 tháng đến 03 năm: a) Làm chết người; b) Gây thương tích hoặc gây tổn hại cho sức khỏe của 01 người mà tỷ lệ tổn thương cơ thể"
syn_637_1768632447,"Tôi đã ký hợp đồng xây dựng nhà nhưng do chi phí nguyên vật liệu tăng vọt, tôi không thể tiếp tục thực hiện hợp đồng theo giá đã thỏa thuận. Tôi có thể yêu cầu tòa án can thiệp không?",Điều 420 - Bộ luật Dân sự 2015,True,0.6666666666666666,0.9001512859304084,"**Căn cứ pháp lý:**
--- [Tài liệu 1] ---
Văn bản: Bộ luật Dân sự 2015
Nội dung: Điều 420. Thực hiện hợp đồng khi hoàn cảnh thay đổi cơ bản 1. Hoàn cảnh thay đổi cơ bản khi có đủ các điều kiện sau đây: a) Sự thay đổi hoàn cảnh do nguyên nhân khách quan xảy ra sau khi giao kết hợp đồng; b) Tại thời điểm giao kết hợp đồng, các bên không thể lường trước được về sự thay đổi hoàn cảnh; c) Hoàn cảnh thay đổi lớn đến mức nếu như các bên biết trước thì hợp đồng đã không được giao kết hoặc được giao kết nhưng với nội dung hoàn toàn khác; d) Việc tiếp tục thực hiện hợp đồng mà không có sự thay đổi nội dung hợp đồng sẽ gây thiệt hại nghiêm trọng cho một bên; đ) Bên có lợi ích bị ảnh hưởng đã áp dụng mọi biện pháp cần thiết trong khả năng cho phép, phù hợp với tính chất của hợp đồng mà không thể ngăn chặn, giảm thiểu mức độ ảnh hưởng đến lợi ích. 2. Trong trường hợp hoàn cảnh thay đổi cơ bản, bên có lợi ích bị ảnh hưởng có quyền yêu cầu bên kia đàm phán lại hợp đồng trong một thời hạn hợp lý. 3. Trường hợp các bên không thể thỏa thuận được về việc sửa đổi hợp đồng trong một thời hạn hợp lý, một trong các bên có thể yêu cầu Tòa án: a) Chấm dứt hợp đồng tại một thời điểm xác định; b) Sửa đổi hợp đồng để cân bằng quyền và lợi ích hợp pháp của các bên do hoàn cảnh thay đổi cơ bản. Tòa án chỉ được quyết định việc sửa đổi hợp đồng trong trường hợp việc chấm dứt hợp đồng sẽ gây thiệt hại lớn hơn so với các chi phí để thực hiện hợp đồng nếu được sửa đổi. 4. Trong quá trình đàm phán sửa đổi, chấm dứt hợp đồng, Tòa án giải quyết vụ việc, các bên vẫn phải tiếp tục thực hiện nghĩa vụ của mình theo hợp đồng, trừ trường hợp có thỏa thuận khác. Tiểu mục 3. SỬA ĐỔI, CHẤM DỨT HỢP ĐỒNG

**Nội dung quy định:**
Điều 420 của Bộ Luật Dân sự 20"
syn_664_1768632595,"Gia đình tôi đã mua một bộ ghế sofa nhưng sau 1 năm, ghế bị hỏng nặng. Tôi có thể trả lại bộ ghế và lấy lại tiền không?",Điều 447 - Bộ luật Dân sự 2015,True,0.3333333333333333,0.41984732824427484,"**CĂN CỨ PHÁP LUẬT THAM KHẢO:**
---
**[Tài liệu 1]** - **Bộ luật Dân sự 2015**, Điều 447: Quyền yêu cầu bảo hành
---
**[Tài liệu 2]** - **Bộ luật Dân sự 2015**, Điều 448: Sửa chữa vật trong thời hạn bảo hành
---
**[Tài liệu 3]** - **Bộ luật Dân sự 2015**, Điều 332: Quyền đòi lại tài sản

**CÂU HỎI:**
Gia đình tôi đã mua một bộ ghế sofa nhưng sau 1 năm, ghế bị hỏng nặng. Tôi có thể trả lại bộ ghế và lấy lại tiền không?

**PHÂN TÍCH & HƯỚNG DẪN:**

Theo quy định tại Điều 447 của Bộ luật Dân sự 2015, trong thời hạn bảo hành, nếu bên mua (trong trường hợp này là bạn) phát hiện được khuyết tật của vật mua bán (bộ ghế sofa), họ có quyền yêu cầu bên bán (công ty sản xuất hoặc bán hàng) sửa chữa không phải trả tiền, giảm giá, đổi vật có khuyết tật lấy vật khác hoặc trả lại vật và lấy lại tiền.

Tuy nhiên, trong trường hợp của bạn, ghế sofa đã hỏng nặng sau 1 năm kể từ khi mua. Điều này vượt quá thời hạn bảo hành thông thường, vì hầu hết các loại ghế sofa có thời hạn bảo hành từ 6 tháng đến 1 năm. 

Theo Điều 448 của cùng văn bản luật, bên bán (công ty sản xuất hoặc bán hàng) vẫn phải sửa chữa vật trong thời hạn do các bên thỏa thuận hoặc trong một thời gian hợp lý. Nếu bên bán không thể sửa chữa được hoặc không thể hoàn thành việc sửa chữa trong thời hạn đó, bên mua (bạn) có quyền yêu cầu giảm giá, đổi vật có khuyết tật lấy vật khác hoặc trả lại vật và lấy lại tiền.

Do vậy, dựa trên quy định này, bạn có quyền yêu cầu công ty bán hàng hoặc nhà sản xuất sửa chữa miễn phí hoặc giảm giá, đổi vật khác, hoặc thậm chí trả lại tiền cho bộ ghế sofa đã hỏng nặng sau 1 năm kể từ khi m"
syn_1622_1768643036_0,"Tôi là giám đốc một công ty xây dựng và trong quá trình thi công, tôi phát hiện một quyết định của cơ quan nhà nước yêu cầu ngừng hoạt động của chúng tôi là trái pháp luật. Tôi đã thông báo nhưng họ vẫn không thay đổi quyết định và công ty tôi chịu thiệt hại khoảng 150 triệu đồng. Tôi nên làm gì để bảo vệ quyền lợi của công ty tôi?",Điều 371 - Bộ luật Hình sự (Văn bản hợp nhất 2017),True,0.6666666666666666,0.4266409266409266,"**CĂN CỨ PHÁP LUẬT THAM KHẢO:**
---
--- [Tài liệu 1] ---
Văn bản: Bộ luật Hình sự (Văn bản hợp nhất 2017)
Nội dung: Điều 371. Tội ra quyết định trái pháp luật

**Nội dung quy định:**
Điều 371. Tội ra quyết định trái pháp luật
Người nào có thẩm quyền trong hoạt động tố tụng, thi hành án ra quyết định mà mình biết rõ là trái pháp luật gây thiệt hại về tài sản từ 50.000.000 đồng đến dưới 200.000.000 đồng hoặc gây thiệt hại đến lợi ích của Nhà nước, quyền, lợi ích hợp pháp của tổ chức, cá nhân, nếu không thuộc trường hợp quy định tại các điều 368, 369, 370, 377 và 378 của Bộ luật này, thì bị phạt cải tạo không giam giữ đến 03 năm hoặc phạt tù từ 06 tháng đến 03 năm.

**Phân tích & Hướng dẫn:**

Theo quy định tại Điều 371 của Bộ luật Hình sự 2015 (sửa đổi 2017), bạn, như是一名公司法定代表人（法定代表人是指在公司中担任代表公司行事的职务的人），如果发现某项决定是违法的，且该决定已经造成了您公司的经济损失，您可以采取以下步骤来保护您的公司权益：

1. **申诉与沟通：** 首先，您应尝试通过正式渠道向相关机关提出申诉或质疑该决定的合法性。根据《中华人民共和国行政复议法》和《中华人民共和国行政诉讼法》，您有权要求上级机关进行复议或提起行政诉讼。

2. **法律咨询：** 建议您咨询专业律师，了解是否有其他可能的救济途径，如通过法律手段申请停止执行该决定，或者要求赔偿损失。

3. **记录证据：** 在采取任何行动之前，确保保留所有相关文件、通信记录和其他证据，以证明您所遭受的损失以及您已尽到合理努力去维护合法权利。

4. **寻求支持：** 如果您的公司规模较大，可以考虑聘请法律顾问，他们可以帮助您制定策略并提供必要的法律支持。

5. **提起民事诉讼"
syn_697_1768632799,Tôi thuê một căn hộ để ở nhưng lại sử dụng làm văn phòng cho công ty. Bên cho thuê có quyền chấm dứt hợp đồng không?,Điều 480 - Bộ luật Dân sự 2015,True,0.0,0.5256869772998805,"**CĂN CỨ PHÁP LUẬT THAM KHẢO:**

--- [Tài liệu 1] ---
Văn bản: Bộ luật Dân sự 2015
Nội dung: Điều 480. Nghĩa vụ sử dụng tài sản thuê đúng công dụng, mục đích 1. Bên thuê phải sử dụng tài sản thuê theo đúng công dụng của tài sản và đúng mục đích đã thỏa thuận. 2. Trường hợp bên thuê sử dụng tài sản không đúng mục đích, không đúng công dụng thì bên cho thuê có quyền đơn phương chấm dứt thực hiện hợp đồng và yêu cầu bồi thường thiệt hại.

--- [Tài liệu 2] ---
Văn bản: Bộ luật Dân sự 2015
Nội dung: Điều 481. Trả tiền thuê 1. Bên thuê phải trả đủ tiền thuê đúng thời hạn đã thỏa thuận; nếu không có thỏa thuận về thời hạn trả tiền thuê thì thời hạn trả tiền thuê được xác định theo tập quán nơi trả tiền; nếu không thể xác định được thời hạn theo tập quán thì bên thuê phải trả tiền khi trả lại tài sản thuê. 2. Trường hợp các bên thỏa thuận việc trả tiền thuê theo kỳ hạn thì bên cho thuê có quyền đơn phương chấm dứt thực hiện hợp đồng, nếu bên thuê không trả tiền trong ba kỳ liên tiếp, trừ trường hợp có thỏa thuận khác hoặc pháp luật có quy định khác.

**CÂU HỎI:**
Tôi thuê một căn hộ để ở nhưng lại sử dụng làm văn phòng cho công ty. Bên cho thuê có quyền chấm dứt hợp đồng không?

**TRẢ LỜI:**
Theo Căn cứ pháp lý tham khảo, cụ thể là Điều 480 và Điều 481 của Bộ Luật Dân sự 2015, bên cho thuê có quyền chấm dứt hợp đồng thuê tài sản (cụ thể là căn hộ) nếu bên thuê sử dụng tài sản thuê không đúng mục đích và công dụng đã thỏa thuận.

Theo Điều 480, bên thuê phải sử dụng tài sản thuê theo đúng công dụng của tài sản và đúng mục đích đã thỏa thuận. Trường hợp bên thuê sử dụng tài sản không đúng mục đích, không đúng công dụng, bên cho thuê có quyền đơn phương chấm dứt thực hiện hợp đồng và yêu cầu bồi thường thiệt hại.

Trong trường"
syn_1477_1768641765_0,Tôi đã phát hành một cuốn sách vào năm 2021 và gần đây thấy có người sao chép nội dung cuốn sách của tôi để bán mà không xin phép. Tôi nên làm gì để bảo vệ quyền tác giả của mình?,Điều 225 - Bộ luật Hình sự (Văn bản hợp nhất 2017),True,1.0,0.5044308111792775,"**Căn cứ pháp lý:**
- [Tên điều luật] - [Tên văn bản luật]
- Điều 225. Tội xâm phạm quyền tác giả, quyền liên quan - Bộ luật Hình sự (Văn bản hợp nhất 2017)

**Nội dung quy định:**
Điều 225 quy định về tội xâm phạm quyền tác giả, quyền liên quan. Theo đó, người nào không được phép của chủ thể quyền tác giả, quyền liên quan mà cố ý thực hiện hành vi xâm phạm quyền tác giả, quyền liên quan đang được bảo hộ tại Việt Nam với quy mô thương mại hoặc thu lợi bất chính từ 50.000.000 đồng đến dưới 300.000.000 đồng hoặc gây thiệt hại cho chủ thể quyền tác giả, quyền liên quan từ 100.000.000 đồng đến dưới 500.000.000 đồng hoặc hàng hóa vi phạm trị giá từ 100.000.000 đồng đến dưới 500.000.000 đồng, thì bị phạt tiền từ 50.000.000 đồng đến 300.000.000 đồng hoặc phạt cải tạo không giam giữ đến 03 năm. 

**Phân tích & Hướng dẫn:**
Theo quy định trên, bạn cần phải phân tích xem hành vi sao chép nội dung cuốn sách của bạn có thuộc trường hợp quy định tại Điều 225 hay không. Nếu hành vi đó xâm phạm quyền tác giả của bạn với quy mô thương mại (tức là có thu lợi bất chính từ 50.000.000 đồng đến dưới 300.000.000 đồng hoặc gây thiệt hại cho bạn từ 100.000.000 đồng đến dưới 500.000.000 đồng hoặc hàng hóa vi phạm trị giá từ 100.000.000 đồng đến dưới 500.000.000 đồng), thì bạn có thể khởi kiện họ.

Bước đầu tiên là xác minh liệu người sao chép nội dung cuốn sách của bạn có thực hiện hành vi này hay không."
syn_1281_1768640174_2,"Tôi là luật sư bào chữa cho một bị cáo. Trong quá trình bào chữa, tôi biết rõ rằng thân chủ của mình đã thực hiện các hành vi phạm tội nhưng lại không tố giác. Liệu tôi có bị truy cứu trách nhiệm hình sự không?",Điều 19 - Bộ luật Hình sự (Văn bản hợp nhất 2017),True,1.0,0.45029239766081874,"**Căn cứ pháp lý:** [Tên điều luật] - [Tên văn bản luật]

**Nội dung quy định:**
Điều 19. Không tố giác tội phạm - Bộ luật Hình sự (Văn bản hợp nhất 2017)

**Phân tích & Hướng dẫn:**
Theo Điều 19 của Bộ luật Hình sự, người không tố giác tội phạm sẽ chịu trách nhiệm hình sự nếu họ biết rõ về tội phạm đang được chuẩn bị, đang được thực hiện hoặc đã được thực hiện mà không tố giác. Tuy nhiên, Điều 19 chỉ áp dụng cho những người không phải là người bào chữa.

Trong trường hợp của bạn, bạn là người bào chữa. Theo Điều 19, người bào chữa không phải chịu trách nhiệm hình sự về tội không tố giác tội phạm nếu họ không biết rõ về tội phạm mà mình bào chữa đang chuẩn bị, đang thực hiện hoặc đã thực hiện. 

Trong tài liệu 2, Điều 369 có quy định về tội không truy cứu trách nhiệm hình sự người có tội, nhưng không đề cập trực tiếp đến trường hợp của người bào chữa. Tuy nhiên, từ ngữ ""người bào chữa"" không được đề cập cụ thể trong các điều khoản này.

Do đó, dựa trên các quy định hiện hành, bạn không phải chịu trách nhiệm hình sự về tội không tố giác tội phạm vì bạn là người bào chữa. Bạn cần lưu ý rằng, nếu bạn có hành động can ngăn người phạm tội hoặc hạn chế tác hại của tội phạm, có thể được miễn trách nhiệm hình sự hoặc miễn hình phạt (Điều 19, Bộ luật Hình sự).

Tuy nhiên, bạn nên cẩn thận khi thực hiện công việc bào chữa và tuân thủ đúng quy định pháp luật để tránh bất kỳ rủi ro nào liên quan đến trách nhiệm hình sự."
syn_1591_1768642747_0,"Tôi đã bị xử phạt vi phạm hành chính về việc sử dụng giấy tờ giả, nhưng gần đây tôi lại bị phát hiện sửa chữa thông tin trong hộ chiếu của mình. Tôi muốn biết mức phạt và hình phạt nào sẽ áp dụng cho tôi trong trường hợp này?",Điều 340 - Bộ luật Hình sự (Văn bản hợp nhất 2017),True,1.0,0.7104795737122558,"**Căn cứ pháp lý:**
--- [Tài liệu 1] ---
Văn bản: Bộ luật Hình sự (Văn bản hợp nhất 2017)
Nội dung: Điều 340. Tội sửa chữa và sử dụng giấy chứng nhận, các tài liệu của cơ quan, tổ chức

---

**Nội dung quy định:**
1. Người nào sửa chữa, làm sai lệch nội dung hộ chiếu, thị thực, hộ khẩu, hộ tịch, các loại giấy chứng nhận hoặc tài liệu của cơ quan, tổ chức và sử dụng giấy tờ đó thực hiện tội phạm hoặc đã bị xử phạt vi phạm hành chính về hành vi này hoặc đã bị kết án về tội này, chưa được xóa án tích mà còn vi phạm, thì bị phạt cảnh cáo, phạt tiền từ 10.000.000 đồng đến 50.000.000 đồng, phạt cải tạo không giam giữ đến 03 năm hoặc phạt tù từ 06 tháng đến 03 năm.
2. Phạm tội thuộc một trong các trường hợp sau đây, thì bị phạt tù từ 02 năm đến 05 năm: a) Phạm tội 02 lần trở lên; b) Sử dụng giấy tờ, tài liệu đã bị sửa chữa hoặc làm sai lệch thực hiện tội phạm rất nghiêm trọng hoặc tội phạm đặc biệt nghiêm trọng.

---

**Phân tích & Hướng dẫn:**
Theo điều 340 của Bộ Luật Hình sự, bạn đã từng bị xử phạt vi phạm hành chính về việc sử dụng giấy tờ giả. Do đó, khi bạn tiếp tục sửa chữa thông tin trong hộ chiếu của mình, bạn sẽ bị áp dụng mức phạt nghiêm khắc hơn so với việc sử dụng giấy tờ giả đầu tiên.

Bởi vì bạn đã từng bị xử phạt vi phạm hành chính về việc sử dụng giấy tờ giả, bạn đang thuộc trường hợp ""đã bị xử phạt vi phạm hành chính về hành vi này hoặc đã bị kết án về tội này, chưa được xóa án tích mà còn vi phạm"". Theo điều 340, bạn sẽ bị phạt tù từ 06 tháng đến 03 năm, kể từ thời điểm vi phạm mới nhất.

Đồng thời, nếu bạn đã sử dụng giấy tờ đã bị sửa chữa hoặc làm sai lệch để thực hiện tội phạm rất nghiêm trọng hoặc tội phạm đặc biệt nghiêm trọng, bạn có thể bị phạt tù từ 02 năm"
syn_1524_1768642149_2,Chồng tôi điều khiển phương tiện giao thông đường thủy trong tình trạng say rượu và gây ra tai nạn làm chết 3 người. Tôi lo lắng về hình phạt mà chồng tôi có thể phải đối mặt. Bạn có thể cho tôi biết không?,Điều 272 - Bộ luật Hình sự (Văn bản hợp nhất 2017),True,0.6666666666666666,0.6784083496412263,"**Căn cứ pháp lý:**
Điều 272. Tội vi phạm quy định về điều khiển phương tiện giao thông đường thủy - Bộ Luật Hình sự (Văn bản hợp nhất 2017)

**Nội dung quy định:**
Theo Điều 272 của Bộ Luật Hình sự, người nào điều khiển phương tiện giao thông đường thủy mà vi phạm quy định về an toàn giao thông đường thủy gây thiệt hại cho người khác thuộc một trong các trường hợp sau đây, thì bị phạt tiền từ 30.000.000 đồng đến 100.000.000 đồng, phạt cải tạo không giam giữ đến 03 năm hoặc phạt tù từ 01 năm đến 05 năm:

a) Làm chết người;
b) Gây thương tích hoặc gây tổn hại cho sức khỏe của 01 người mà tỷ lệ tổn thương cơ thể 61% trở lên;
c) Gây thương tích hoặc gây tổn hại cho sức khỏe của 02 người trở lên mà tổng tỷ lệ tổn thương cơ thể của những người này từ 61% đến 121%;
d) Gây thiệt hại về tài sản từ 100.000.000 đồng đến dưới 500.000.000 đồng.

2. Phạm tội thuộc một trong các trường hợp sau đây, thì bị phạt tù từ 03 năm đến 10 năm:

a) Không có bằng, giấy chứng nhận khả năng chuyên môn hoặc chứng chỉ chuyên môn phù hợp với chức danh, loại phương tiện theo quy định;
b) Trong tình trạng có sử dụng rượu, bia mà trong máu hoặc hơi thở có nồng độ cồn vượt quá mức quy định, có sử dụng chất ma túy hoặc chất kích thích mạnh khác;
c) Bỏ chạy để trốn tránh trách nhiệm hoặc cố ý không cứu giúp người bị nạn;
d) Không chấp hành hiệu lệnh của người chỉ huy hoặc người có thẩm quyền điều khiển, giữ gìn trật tự, an toàn giao thông đường thủy;
đ) Làm chết 02 người;
e) Gây thương tích hoặc gây tổn hại cho sức khỏe của 02 người trở lên mà tổng tỷ lệ tổn thương cơ thể của những người này từ 122% đến 200%;
g) Gây thiệt"
syn_1369_1768640918_0,Tôi có một người bạn thường xuyên chia sẻ thông tin từ các trang mạng xã hội mà tôi nghĩ là không chính thức và có thể gây hiểu lầm về chính quyền. Liệu tôi có bị trách nhiệm gì không nếu tôi biết điều đó nhưng không thể ngăn cản được anh ấy?,Điều 117 - Bộ luật Hình sự (Văn bản hợp nhất 2017),True,0.0,0.3237113402061856,"**CĂN CỨ PHÁP LUẬT THAM KHẢO:**
---
**[Tài liệu 1] --- Bộ luật Dân sự 2015**
**Điều 364. Lỗi trong trách nhiệm dân sự**
Lỗi trong trách nhiệm dân sự bao gồm lỗi cố ý, lỗi vô ý. Lỗi cố ý là trường hợp một người nhận thức rõ hành vi của mình sẽ gây thiệt hại cho người khác mà vẫn thực hiện và mong muốn hoặc tuy không mong muốn nhưng để mặc cho thiệt hại xảy ra. Lỗi vô ý là trường hợp một người không thấy trước hành vi của mình có khả năng gây thiệt hại, mặc dù phải biết hoặc có thể biết trước thiệt hại sẽ xảy ra hoặc thấy trước hành vi của mình có khả năng gây thiệt hại, nhưng cho rằng thiệt hại sẽ không xảy ra hoặc có thể ngăn chặn được. Mục 5. CHUYỂN GIAO QUYỀN YÊU CẦU VÀ CHUYỂN GIAO NGHĨA VỤ
---

**[Tài liệu 3] --- Bộ luật Hình sự (Văn bản hợp nhất 2017)**
**Điều 288. Tội đưa hoặc sử dụng trái phép thông tin mạng máy tính, mạng viễn thông**
1. Người nào thực hiện một trong các hành vi sau đây, thu lợi bất chính từ 50.000.000 đồng đến dưới 200.000.000 đồng hoặc gây thiệt hại từ 100.000.000 đồng đến dưới 500.000.000 đồng hoặc gây dư luận xấu làm giảm uy tín của cơ quan, tổ chức, cá nhân, thì bị phạt tiền từ 30.000.000 đồng đến 200.000.000 đồng, phạt cải tạo không giam giữ đến 03 năm hoặc bị phạt tù từ 06 tháng đến 03 năm: a) Đưa lên mạng máy tính, mạng viễn thông những thông tin trái với quy định của pháp luật, nếu không thuộc một trong các trường hợp quy định tại các điều 117, 155, 156 và 326 của Bộ luật này; b) Mua bán, trao đổi, tặng cho, sửa"
syn_163_1768628968,Công ty tôi muốn lưu giữ danh sách người có liên quan và lợi ích có liên quan ở đâu là hợp lý và có quyền truy cập như thế nào?,Điều 164 - Luật Doanh nghiệp 2020,True,1.0,0.6212471131639723,"**Căn cứ pháp lý:**
Điều 164, Luật Doanh nghiệp 2020 - Văn bản: Luật Doanh nghiệp 2020

**Nội dung quy định:**
Theo Điều 164 của Luật Doanh nghiệp 2020, công ty phải tập hợp và cập nhật danh sách những người có liên quan của công ty theo quy định tại khoản 23 Điều 4 của Luật này và các hợp đồng, giao dịch tương ứng của họ với công ty. Việc kê khai về lợi ích liên quan của thành viên Hội đồng quản trị, Kiểm soát viên, Giám đốc hoặc Tổng giám đốc và người quản lý khác của công ty phải được thực hiện trong thời hạn 07 ngày làm việc kể từ ngày phát sinh lợi ích liên quan. Việc lưu giữ, công khai, xem xét, trích lục, sao chép danh sách người có liên quan và lợi ích có liên quan được thực hiện như sau: a) Công ty phải thông báo danh sách người có liên quan và lợi ích có liên quan cho Đại hội đồng cổ đông tại cuộc họp thường niên; b) Danh sách người có liên quan và lợi ích có liên quan được lưu giữ tại trụ sở chính của doanh nghiệp; trường hợp cần thiết có thể lưu giữ một phần hoặc toàn bộ nội dung danh sách nói trên tại các chi nhánh của công ty; c) Cổ đông, đại diện theo ủy quyền của cổ đông, thành viên Hội đồng quản trị, Ban kiểm soát, Giám đốc hoặc Tổng giám đốc và người quản lý khác có quyền xem xét, trích lục và sao chép một phần hoặc toàn bộ nội dung kê khai; d) Công ty phải tạo điều kiện để những người quy định tại điểm c khoản này tiếp cận, xem xét, trích lục, sao chép danh sách người có liên quan và lợi ích có liên quan một cách nhanh nhất, thuận lợi nhất; không được ngăn cản, gây khó khăn đối với họ trong thực hiện quyền này.

**Phân tích & Hướng dẫn:**
Theo quy định của Điều 164, Luật Doanh nghiệp 2020, danh sách người có liên quan và lợi ích có liên quan của công ty nên được lưu giữ tại trụ sở chính của công ty. Ngoài ra"
syn_601_1768632216,"Tôi là giám đốc của một công ty sắp phá sản, liệu tôi có thể từ chối thực hiện các hợp đồng đã ký với khách hàng không?",Điều 384 - Bộ luật Dân sự 2015,False,0.3333333333333333,0.2682634730538922,"**Căn cứ pháp lý:**
--- [Tài liệu 1] ---
Văn bản: Luật Doanh nghiệp 2020
Nội dung: Điều 86. Hợp đồng, giao dịch của công ty với những người có liên quan 1. Trừ trường hợp Điều lệ công ty có quy định khác, hợp đồng, giao dịch giữa công ty trách nhiệm hữu hạn một thành viên do tổ chức làm chủ sở hữu với những người sau đây phải được Hội đồng thành viên hoặc Chủ tịch công ty, Giám đốc hoặc Tổng giám đốc và Kiểm soát viên chấp thuận: a) Chủ sở hữu công ty và người có liên quan của chủ sở hữu công ty; b) Thành viên Hội đồng thành viên, Chủ tịch công ty, Giám đốc hoặc Tổng giám đốc và Kiểm soát viên; c) Người có liên quan của người quy định tại điểm b khoản này; d) Người quản lý của chủ sở hữu công ty, người có thẩm quyền bổ nhiệm người quản lý đó; đ) Người có liên quan của những người quy định tại điểm d khoản này. 2. Người nhân danh công ty ký kết hợp đồng, giao dịch phải thông báo cho Hội đồng thành viên hoặc Chủ tịch công ty, Giám đốc hoặc Tổng giám đốc và Kiểm soát viên về các đối tượng có liên quan và lợi ích có liên quan đối với hợp đồng, giao dịch đó; kèm theo dự thảo hợp đồng hoặc nội dung chủ yếu của giao dịch đó. 3. Trừ trường hợp Điều lệ công ty có quy định khác, thành viên Hội đồng thành viên hoặc Chủ tịch công ty, Giám đốc hoặc Tổng giám đốc và Kiểm soát viên phải quyết định việc chấp thuận hợp đồng, giao dịch trong thời hạn 10 ngày kể từ ngày nhận được thông báo theo nguyên tắc đa số, mỗi người có một phiếu biểu quyết; người có liên quan đến các bên không có quyền biểu quyết. 4. Hợp đồng, giao dịch quy định tại khoản 1 Điều này chỉ được chấp thuận khi có đủ các điều kiện sau đây: a) Các bên ký kết hợp đồng hoặc thực hiện giao dịch là những chủ thể pháp lý độc lập, có quyền, nghĩa vụ, tài sản và lợi ích riêng biệt; b) Giá sử dụng trong hợp đồng hoặc giao dịch là giá thị trường tại thời điểm hợp đồng được ký kết hoặc giao dịch được thực hiện; c"
syn_1196_1768639637_0,"Tôi là một người nước ngoài bị khuyết tật và đang làm việc tại Việt Nam, nhưng giấy phép lao động của tôi sắp hết hạn. Tôi cần làm gì để gia hạn giấy phép lao động này?",Điều 157 - Bộ luật Lao động 2019,True,1.0,0.476303317535545,"**Căn cứ pháp lý:**
---
[Tài liệu 1] --- Bộ luật Lao động 2019
Nội dung: Điều 157. Cấp, cấp lại, gia hạn, thu hồi giấy phép lao động, giấy xác nhận không thuộc diện cấp giấy phép lao động, đối với người lao động nước ngoài làm việc tại Việt Nam. Mục 4. LAO ĐỘNG LÀ NGƯỜI KHUYẾT TẬT

---

**Nội dung quy định:**
---
Theo Điều 157 của Bộ Luật Lao động 2019, đối với người lao động nước ngoài làm việc tại Việt Nam, nếu họ là người khuyết tật, thì giấy phép lao động sẽ được cấp, cấp lại, gia hạn, thu hồi theo quy định của Chính phủ về điều kiện, trình tự, thủ tục cấp, cấp lại, gia hạn, thu hồi giấy phép lao động và giấy xác nhận không thuộc diện cấp giấy phép lao động. 

---

**Phân tích & Hướng dẫn:**
---
Theo quy định trên, người lao động nước ngoài bị khuyết tật như bạn có thể gia hạn giấy phép lao động nếu đáp ứng đủ điều kiện và thủ tục được Chính phủ quy định. Bạn nên liên hệ với cơ quan có thẩm quyền quản lý lao động nước ngoài (có thể là Sở Lao động – Thương binh và Xã hội hoặc Tổng cục Du lịch) để được hướng dẫn cụ thể về quy trình gia hạn giấy phép lao động. Trong quá trình này, bạn cần chứng minh được tình trạng khuyết tật của mình và đáp ứng các yêu cầu về trình độ tiếng Việt, sức khỏe, khả năng lao động, và tuân thủ các quy định khác mà cơ quan quản lý đưa ra.

Ngoài ra, nếu giấy phép lao động của bạn hết hạn và bạn vẫn tiếp tục làm việc tại Việt Nam, bạn cũng có thể liên hệ với cơ quan quản lý để xin gia hạn giấy phép lao động. Tuy nhiên, điều này phụ thuộc vào những nguyên nhân cụ thể mà bạn đã nêu trong câu hỏi và có thể phải tuân theo các quy định khác về việc gia hạn giấy phép lao động.

Hãy chắc chắn rằng bạn nắm bắt đầy đủ thông tin từ cơ quan quản lý lao động nước ngoài để đảm bảo quá trình"
syn_1210_1768639721_1,"Công ty tôi đã hoạt động được 5 năm, và hiện tại chúng tôi muốn giải thể công đoàn cơ sở mà chúng tôi đã thành lập. Tôi cần biết quy trình và các quy định nào cần tuân thủ để thực hiện việc giải thể này?",Điều 171 - Bộ luật Lao động 2019,True,1.0,0.45622688039457465,"**Căn cứ pháp lý:**
Điều 171, Bộ luật Lao động 2019 - Văn bản: Bộ luật Lao động 2019

**Nội dung quy định:**
Theo Điều 171, Công đoàn cơ sở thuộc hệ thống tổ chức Công đoàn Việt Nam được thành lập ở các cơ quan, tổ chức, đơn vị, doanh nghiệp. Việc thành lập, giải thể, tổ chức và hoạt động của Công đoàn cơ sở được thực hiện theo quy định của Luật Công đoàn.

**Phân tích & Hướng dẫn:**
Để giải thể Công đoàn cơ sở của công ty bạn, bạn cần tuân thủ các bước quy định như sau:

1. **Thông qua Nghị Quyết, Quyết Định Giải Thể:** Bạn cần thông qua một Nghị quyết hoặc Quyết định giải thể Công đoàn cơ sở. Nội dung của Nghị quyết hoặc Quyết định cần bao gồm các nội dung như tên, địa chỉ trụ sở chính của Công đoàn cơ sở, lý do giải thể, thời hạn thanh lý hợp đồng và thanh toán các khoản nợ, phương án xử lý nghĩa vụ lao động, và các thông tin liên quan khác.

2. **Thực Hiện Thanh Lý Tài Sản:** Theo quy định tại Điều 208 của Luật Doanh nghiệp 2020, trước khi giải thể, doanh nghiệp phải thực hiện đầy đủ nghĩa vụ về tài sản. Đối với Công đoàn cơ sở, bạn cần đảm bảo rằng tất cả các tài sản và nghĩa vụ liên quan đều được xử lý phù hợp.

3. **Thanh Toán Các Khoản Nghĩa Vụ:** Theo quy định tại Điều 208, các khoản nợ của Công đoàn cơ sở cần được thanh toán theo thứ tự ưu tiên, bao gồm lương, trợ cấp thôi việc, bảo hiểm xã hội, bảo hiểm y tế, bảo hiểm thất nghiệp, và các quyền lợi khác của người lao động.

4. **Gửi Thông Tin Đến Cơ Quan Đăng Ký Kinh Doanh và Cơ Quan Thuế:** Bạn cần gửi thông tin về việc giải thể Công đoàn cơ sở đến Cơ quan đăng ký kinh doanh và Cơ quan thuế. Ngoài ra, nếu Công đoàn cơ sở còn nợ phải thanh toán, bạn cần gửi kèm thông tin này.

5. **Thanh Toán Chi Phí Giải Thể"
syn_1323_1768640498_2,Công ty tôi đang gặp khó khăn tài chính do thiên tai và một số hợp đồng bị hủy. Chúng tôi đã bị phạt tiền nhưng không thể tiếp tục chấp hành phần còn lại. Chúng tôi có thể xin miễn chấp hành phần tiền phạt không?,Điều 62 - Bộ luật Hình sự (Văn bản hợp nhất 2017),False,1.0,0.40196767392832045,"**Căn cứ pháp lý:**
--- [Tài liệu 3] ---
Nội dung: Điều 59. Miễn hình phạt Người phạm tội có thể được miễn hình phạt nếu thuộc trường hợp quy định tại khoản 1 và khoản 2 Điều 54 của Bộ luật này mà đáng được khoan hồng đặc biệt nhưng chưa đến mức được miễn trách nhiệm hình sự.

**Nội dung quy định:**
Điều 59 quy định về việc miễn hình phạt. Theo đó, người phạm tội có thể được miễn hình phạt nếu họ thuộc trường hợp được quy định tại khoản 1 và khoản 2 Điều 54 của Bộ luật Hình sự. Điều này đề cập đến những trường hợp đáng được khoan hồng đặc biệt, nhưng chưa đủ điều kiện để miễn trách nhiệm hình sự.

**Phân tích & Hướng dẫn:**
Theo quy định trên, Công ty của bạn có thể xin miễn chấp hành phần tiền phạt nếu họ có hoàn cảnh kinh tế đặc biệt khó khăn kéo dài do thiên tai, hỏa hoạn, tai nạn hoặc ốm đau gây ra, và người đó không còn nguy hiểm cho xã hội nữa. Đây là một trong những trường hợp được quy định tại khoản 1 Điều 59 Bộ luật Hình sự, cụ thể là ""mắc bệnh hiểm nghèo"" và ""chấp hành tốt pháp luật, có hoàn cảnh gia đình đặc biệt khó khăn"".

Việc Công ty của bạn đã gặp khó khăn tài chính do thiên tai và hợp đồng bị hủy dẫn đến việc không thể tiếp tục chấp hành phần còn lại của tiền phạt là hoàn cảnh cụ thể mà bạn đang gặp phải. Nếu bạn có đủ bằng chứng về hoàn cảnh khó khăn và đã cố gắng cải tạo tốt, thì có thể đề nghị Viện trưởng Viện kiểm sát và Tòa án xem xét miễn chấp hành phần tiền phạt còn lại.

Tuy nhiên, bạn cần lưu ý rằng, dù được miễn chấp hành hình phạt, người bị xử phạt vẫn phải thực hiện đầy đủ các nghĩa vụ dân sự do Tòa án tuyên trong bản án."
syn_1233_1768639870_1,"Tôi là đại diện cho một tập thể lao động đã thông báo đến Hội đồng trọng tài lao động về một hành vi vi phạm quyền lợi cách đây 8 tháng, nhưng chưa nhận được phản hồi. Tôi phải làm gì nếu thời hiệu yêu cầu giải quyết của chúng tôi sắp hết?",Điều 194 - Bộ luật Lao động 2019,True,0.6666666666666666,0.5228891149542219,"**CĂN CỨ PHÁP LUẬT THAM KHẢO:**
--- [Tài liệu 1] ---
Văn bản: Bộ luật Lao động 2019
Nội dung: Điều 194. Thời hiệu yêu cầu giải quyết tranh chấp lao động tập thể về quyền

--- [Tài liệu 2] ---
Văn bản: Bộ luật Lao động 2019
Nội dung: Điều 197. Giải quyết tranh chấp lao động tập thể về lợi ích của Hội đồng trọng tài lao động

**CĂN CỨ PHÁP LUẬT THAM KHẢO:**
--- [Tài liệu 3] ---
Văn bản: Bộ luật Lao động 2019
Nội dung: Điều 190. Thời hiệu yêu cầu giải quyết tranh chấp lao động cá nhân

**Nội dung quy định:**
Theo Điều 194 của Bộ Luật Lao động 2019, thời hiệu yêu cầu Hội đồng trọng tài lao động giải quyết tranh chấp lao động tập thể về quyền là 09 tháng kể từ ngày phát hiện ra hành vi mà bên tranh chấp cho rằng quyền hợp pháp của mình bị vi phạm. Theo Điều 197, khi hòa giải không thành hoặc hết thời hạn hòa giải quy định tại khoản 2 Điều 188 của Bộ Luật này mà hòa giải viên lao động không tiến hành hòa giải hoặc một trong các bên không thực hiện thỏa thuận trong biên bản hòa giải thành, Hội đồng trọng tài lao động có trách nhiệm giải quyết tranh chấp trong thời hạn 07 ngày làm việc kể từ ngày nhận được yêu cầu giải quyết tranh chấp.

**Phân tích & Hướng dẫn:**
Theo thông tin bạn cung cấp, hành vi vi phạm quyền lợi của tập thể lao động đã xảy ra cách đây 8 tháng và bạn đã thông báo đến Hội đồng trọng tài lao động. Tuy nhiên, bạn chưa nhận được phản hồi. 

Bởi vì thời hiệu yêu cầu giải quyết tranh chấp lao động tập thể về quyền theo Điều 194 của Bộ Luật Lao động 2019 là 09 tháng kể từ ngày phát hiện hành vi vi phạm, và bạn đã thông báo hành vi vi phạm cách đây 8 tháng, thời hiệu đã hết. Vì vậy, the"
syn_1369_1768640918_2,"Chồng tôi thường xuyên xem những video phê phán chính quyền và có ý kiến rất mạnh mẽ về chính trị. Nếu anh ấy quyết định tự sản xuất một video tuyên truyền và tôi tham gia hỗ trợ anh ấy trong quá trình làm video đó, thì chúng tôi có gặp rắc rối pháp lý không?",Điều 117 - Bộ luật Hình sự (Văn bản hợp nhất 2017),True,0.6666666666666666,0.6571428571428571,"**Căn cứ pháp lý:**
---
- **Tài liệu 1**: Luật Hôn nhân và Gia đình 2014 - Điều 23
- **Tài liệu 2**: Bộ luật Hình sự (Văn bản hợp nhất 2017) - Điều 117
- **Tài liệu 3**: Bộ luật Hình sự (Văn bản hợp nhất 2017) - Điều 331

**Nội dung quy định:**
---
- **Điều 23** của Luật Hôn nhân và Gia đình 2014: ""Vợ, chồng có quyền, nghĩa vụ tạo điều kiện, giúp đỡ nhau chọn nghề nghiệp; học tập, nâng cao trình độ văn hóa, chuyên môn, nghiệp vụ; tham gia hoạt động chính trị, kinh tế, văn hóa, xã hội. Mục 2: ĐẠI DIỆN GIỮA VỢ VÀ CHỒNG"".
- **Điều 117** của Bộ luật Hình sự: ""Người nào có một trong những hành vi sau đây nhằm chống Nhà nước Cộng hòa xã hội chủ nghĩa Việt Nam, thì bị phạt tù từ 05 năm đến 12 năm: a) Làm, tàng trữ, phát tán hoặc tuyên truyền thông tin, tài liệu, vật phẩm có nội dung xuyên tạc, phỉ báng chính quyền nhân dân; b) Làm, tàng trữ, phát tán hoặc tuyên truyền thông tin, tài liệu, vật phẩm có nội dung bịa đặt, gây hoang mang trong nhân dân; c) Làm, tàng trữ, phát tán hoặc tuyên truyền thông tin, tài liệu, vật phẩm gây chiến tranh tâm lý. 2. Phạm tội trong trường hợp đặc biệt nghiêm trọng, thì bị phạt tù từ 10 năm đến 20 năm. 3. Người chuẩn bị phạm tội này, thì bị phạt tù từ 01 năm đến 05 năm.""
- **Điều 331** của Bộ luật Hình sự: ""Người nào lợi dụng các quyền tự do ngôn luận, tự do báo chí, tự do tín ngưỡng, tôn giáo, tự do hội họp, lập hội và các quyền tự do dân chủ khác xâm phạm lợi ích của Nhà nước, quyền, lợi ích hợp pháp của tổ chức, cá nhân, thì bị phạt cảnh cáo, phạt cải tạo không giam giữ"
syn_730_1768633019,Tôi muốn thuê một công ty làm dịch vụ vệ sinh cho văn phòng của tôi. Tôi có cần phải ký hợp đồng dịch vụ không?,Điều 513 - Bộ luật Dân sự 2015,True,0.3333333333333333,0.4544287548138639,"**CĂN CỨ PHÁP LUẬT THAM KHẢO:**
--- [Tài liệu 1] ---
Văn bản: Bộ luật Dân sự 2015
Nội dung: Điều 513. Hợp đồng dịch vụ Hợp đồng dịch vụ là sự thỏa thuận giữa các bên, theo đó bên cung ứng dịch vụ thực hiện công việc cho bên sử dụng dịch vụ, bên sử dụng dịch vụ phải trả tiền dịch vụ cho bên cung ứng dịch vụ.

--- [Tài liệu 3] ---
Văn bản: Bộ luật Dân sự 2015
Nội dung: Điều 514. Đối tượng của hợp đồng dịch vụ Đối tượng của hợp đồng dịch vụ là công việc có thể thực hiện được, không vi phạm điều cấm của luật, không trái đạo đức xã hội.

**CÂU HỎI:**
Tôi muốn thuê một công ty làm dịch vụ vệ sinh cho văn phòng của tôi. Tôi có cần phải ký hợp đồng dịch vụ không?

**PHÂN TÍCH VÀ HƯỚNG DẪN:**

Theo Điều 513 của Bộ Luật Dân sự 2015, hợp đồng dịch vụ là sự thỏa thuận giữa các bên, trong đó bên cung ứng dịch vụ thực hiện công việc cho bên sử dụng dịch vụ, bên sử dụng dịch vụ phải trả tiền dịch vụ cho bên cung ứng dịch vụ. 

Trong trường hợp này, việc thuê một công ty làm dịch vụ vệ sinh cho văn phòng của bạn hoàn toàn phù hợp với định nghĩa của hợp đồng dịch vụ. Bạn và công ty vệ sinh sẽ thỏa thuận về công việc vệ sinh (công việc có thể thực hiện được), thời gian thực hiện công việc, chi phí dịch vụ, và bất kỳ điều khoản khác mà hai bên thấy cần thiết. 

Hơn nữa, theo Điều 514 của cùng văn bản luật, công việc vệ sinh cũng không vi phạm điều cấm của luật hoặc trái đạo đức xã hội. Vì vậy, không chỉ hợp pháp mà còn phù hợp với đạo đức xã hội khi ký hợp đồng dịch vụ vệ sinh với công ty cung cấp dịch vụ này.

Vì vậy, bạn hoàn toàn có thể ký hợp đồng dịch vụ với công ty vệ sinh để đảm bảo quyền lợi và trách nhiệm của cả hai bên."
syn_944_1768634426,"Trong trường hợp tôi và vợ tôi không thể thỏa thuận về việc chia tài sản chung, tôi nên làm gì?",Điều 38 - Luật Hôn nhân và Gia đình 2014,True,1.0,0.44587352625937837,"**Căn cứ pháp lý:** 
- Điều 38. Chia tài sản chung trong thời kỳ hôn nhân - Luật Hôn nhân và Gia đình 2014
- Điều 61. Chia tài sản trong trường hợp vợ chồng sống chung với gia đình - Luật Hôn nhân và Gia đình 2014
- Điều 59. Nguyên tắc giải quyết tài sản của vợ chồng khi ly hôn - Luật Hôn nhân và Gia đình 2014

**Nội dung quy định:**
Trong thời kỳ hôn nhân, vợ chồng có quyền thỏa thuận chia một phần hoặc toàn bộ tài sản chung. Nếu không thỏa thuận được, vợ hoặc chồng có quyền yêu cầu Tòa án giải quyết. Trường hợp vợ chồng sống chung với gia đình và ly hôn, nếu tài sản của họ trong khối tài sản chung của gia đình không xác định được, họ được chia một phần trong khối tài sản chung của gia đình căn cứ vào công sức đóng góp của vợ chồng vào việc tạo lập, duy trì, phát triển khối tài sản chung cũng như vào đời sống chung của gia đình. Nếu không thỏa thuận được, yêu cầu Tòa án giải quyết.

**Phân tích & Hướng dẫn:**
Theo quy định tại Điều 38 và Điều 61 của Luật Hôn nhân và Gia đình 2014, nếu vợ chồng bạn không thể thỏa thuận về việc chia tài sản chung, bạn có quyền yêu cầu Tòa án giải quyết. 

Trong trường hợp bạn và vợ bạn sống chung với gia đình và sau khi ly hôn, tài sản của vợ chồng trong khối tài sản chung của gia đình không xác định được, bạn có thể yêu cầu chia một phần tài sản dựa trên công sức đóng góp của cả hai vào việc tạo lập, duy trì và phát triển khối tài sản chung cũng như vào đời sống chung của gia đình.

Để đảm bảo quyền lợi của mình, bạn nên:
1. **Thỏa thuận:** Đầu tiên, cố gắng tìm cách thỏa thuận với vợ bạn về việc chia tài sản. Điều này không chỉ giúp tiết kiệm thời gian mà còn giảm thiểu căng thẳng và mâu thuẫn.
   
2. **Nhận biết quyền lợi của mình:** Theo Điều 59 của Luật Hôn nhân và Gia đình 2014, bạn có quyền được chia một"
syn_711_1768632890,"Tôi mượn một chiếc xe hơi của bạn tôi để tham gia một sự kiện trong 5 ngày, nhưng sau đó tôi có kế hoạch sử dụng thêm. Tôi có thể giữ xe lâu hơn mà không cần thỏa thuận mới không?",Điều 494 - Bộ luật Dân sự 2015,False,0.3333333333333333,0.4281609195402299,"**CĂN CỨ PHÁP LUẬT THAM KHẢO:**
---
[Tài liệu 1] ---
Văn bản: Bộ luật Dân sự 2015
Nội dung: Điều 496. Nghĩa vụ của bên mượn tài sản 3. Trả lại tài sản mượn đúng thời hạn; nếu không có thỏa thuận về thời hạn trả lại tài sản thì bên mượn phải trả lại tài sản ngay sau khi mục đích mượn đã đạt được.
---

**CĂN CỨ PHÁP LUẬT THAM KHẢ RO:**
---
[Tài liệu 2] ---
Văn bản: Bộ luật Dân sự 2015
Nội dung: Điều 499. Quyền của bên cho mượn tài sản 1. Đòi lại tài sản ngay sau khi bên mượn đạt được mục đích nếu không có thỏa thuận về thời hạn mượn.
---

**PHÂN TÍCH & HƯỚNG DẪN:**

Theo quy định tại Điều 496 của Bộ Luật Dân sự 2015, bên mượn (tức bạn) có nghĩa vụ trả lại tài sản (xe hơi) cho bên cho mượn (bạn tôi) đúng thời hạn. Nếu không có thỏa thuận về thời hạn trả lại tài sản, bên mượn phải trả lại tài sản ngay sau khi mục đích mượn đã đạt được. 

Trong trường hợp này, bạn đã mượn xe của bạn tôi để tham gia một sự kiện trong 5 ngày và mục đích mượn đã đạt được. Theo đó, theo quy định, bạn phải trả lại xe ngay sau khi mục đích mượn (tham gia sự kiện) đã hoàn thành. Bạn không có quyền giữ xe lâu hơn mà không có sự thỏa thuận bổ sung từ phía bạn tôi.

Do đó, theo quy định pháp luật, bạn không thể giữ xe lâu hơn mà không cần thỏa thuận mới. Bạn nên liên hệ với bạn tôi để xác định thời điểm cụ thể để trả lại xe."
syn_627_1768632380,"Tôi đã ký hợp đồng mua bán với một công ty, nhưng họ chưa giao hàng đúng hạn. Tôi có quyền hoãn thanh toán không?",Điều 410 - Bộ luật Dân sự 2015,False,1.0,0.37060702875399365,"**Căn cứ pháp lý:** [Tài liệu 1] - Bộ luật Dân sự 2015

**Nội dung quy định:**
Điều 434. Thời hạn thực hiện hợp đồng mua bán
1. Thời hạn thực hiện hợp đồng mua bán do các bên thỏa thuận. Bên bán phải giao tài sản cho bên mua đúng thời hạn đã thỏa thuận; bên bán chỉ được giao tài sản trước hoặc sau thời hạn nếu được bên mua đồng ý.
2. Khi các bên không thỏa thuận thời hạn giao tài sản thì bên mua có quyền yêu cầu bên bán giao tài sản và bên bán cũng có quyền yêu cầu bên mua nhận tài sản bất cứ lúc nào, nhưng phải báo trước cho nhau một thời gian hợp lý.

**Phân tích & Hướng dẫn:**
Theo Điều 434 của Bộ Luật Dân sự 2015, bên mua có quyền yêu cầu bên bán giao tài sản nếu không thỏa thuận thời hạn giao tài sản. Điều này cho thấy bên mua có quyền hoãn thanh toán nếu bên bán không giao tài sản đúng thời hạn đã thỏa thuận.

Trong trường hợp của bạn, mặc dù hợp đồng mua bán đã được ký kết, nhưng bên bán (công ty) chưa giao hàng đúng thời hạn. Theo quy định trên, bạn có quyền yêu cầu bên bán giao hàng và cũng có quyền hoãn thanh toán cho đến khi tài sản được giao đúng thời hạn.

Việc bạn cần làm là thông báo cho bên bán về việc không giao hàng đúng thời hạn và yêu cầu họ giao hàng kịp thời. Nếu bên bán không thực hiện theo yêu cầu, bạn có thể yêu cầu bồi thường thiệt hại và hoãn thanh toán cho đến khi tài sản được giao đúng thời hạn. 

Tuy nhiên, để đảm bảo quyền lợi của mình, bạn nên lưu ý ghi chép lại tất cả các thông tin liên quan đến việc giao hàng chậm trễ, bao gồm ngày hẹn giao hàng, phản hồi từ phía bên bán, và mọi cuộc liên lạc khác liên quan đến vấn đề này. Việc này sẽ giúp bạn có bằng chứng pháp lý để giải quyết khiếu nại nếu cần thiết."
syn_632_1768632415,"Công ty tôi đã ký một hợp đồng với nhà cung cấp để cung cấp sản phẩm cho khách hàng của tôi. Nếu nhà cung cấp không thực hiện hợp đồng, tôi có thể yêu cầu bên có nghĩa vụ thực hiện hợp đồng không?",Điều 415 - Bộ luật Dân sự 2015,True,0.3333333333333333,0.5970464135021096,"**CĂN CỨ PHÁP LUẬT THAM KHẢO:**

--- [Tài liệu 1] ---
Văn bản: Bộ luật Dân sự 2015
Nội dung: Điều 415. Thực hiện hợp đồng vì lợi ích của người thứ ba Khi thực hiện hợp đồng vì lợi ích của người thứ ba thì người thứ ba có quyền trực tiếp yêu cầu bên có nghĩa vụ phải thực hiện nghĩa vụ đối với mình; nếu các bên trong hợp đồng có tranh chấp về việc thực hiện hợp đồng thì người thứ ba không có quyền yêu cầu thực hiện nghĩa vụ cho đến khi tranh chấp được giải quyết. Bên có quyền cũng có thể yêu cầu bên có nghĩa vụ thực hiện hợp đồng vì lợi ích của người thứ ba.

**Câu hỏi:**
Công ty tôi đã ký một hợp đồng với nhà cung cấp để cung cấp sản phẩm cho khách hàng của tôi. Nếu nhà cung cấp không thực hiện hợp đồng, tôi có thể yêu cầu bên có nghĩa vụ thực hiện hợp đồng không?

**Phân tích & Hướng dẫn:**
Theo Điều 415 của Bộ Luật Dân sự 2015, nếu Công ty bạn đã ký hợp đồng cung cấp sản phẩm cho khách hàng của mình và nhà cung cấp (bên thứ ba) không thực hiện hợp đồng, bạn có quyền yêu cầu bên có nghĩa vụ thực hiện hợp đồng (nhà cung cấp) thực hiện nghĩa vụ. 

Tuy nhiên, điều kiện là bạn cần đảm bảo rằng hợp đồng đã được ký kết giữa bạn và nhà cung cấp, và nhà cung cấp đã có nghĩa vụ thực hiện hợp đồng đó. Nếu có tranh chấp về việc thực hiện hợp đồng giữa bạn và nhà cung cấp, bạn không có quyền yêu cầu bên thứ ba (nhà cung cấp) thực hiện nghĩa vụ cho đến khi tranh chấp được giải quyết. 

Nếu nhà cung cấp không có lỗi và bạn và nhà cung cấp có tranh chấp về hợp đồng, bạn nên thông qua các bước tố tụng để giải quyết tranh chấp, thay vì yêu cầu nhà cung cấp thực hiện nghĩa vụ. 

Ngoài ra, nếu một bên đã thực hiện được một phần nghĩa vụ, bên kia có quyền yêu cầu bên còn lại thực hiện phần tương ứng. Tuy nhiên, trong trường hợp này, bạn cần xác định rõ trách nhiệm của mỗi bên liên quan và"
syn_1429_1768641393_1,Vợ tôi đã dùng một chiếc máy tính trị giá 600 triệu đồng của công ty mà không có sự đồng ý của tôi. Nếu tôi tố cáo vợ tôi thì hậu quả pháp lý sẽ như thế nào?,Điều 177 - Bộ luật Hình sự (Văn bản hợp nhất 2017),True,1.0,0.8588235294117647,"**Căn cứ pháp lý:**
Điều 177. Tội sử dụng trái phép tài sản - Bộ Luật Hình sự (Văn bản hợp nhất 2017)

**Nội dung quy định:**
1. Người nào vì vụ lợi mà sử dụng trái phép tài sản của người khác trị giá từ 100.000.000 đồng đến dưới 500.000.000 đồng, đã bị xử lý kỷ luật, xử phạt vi phạm hành chính về hành vi này hoặc đã bị kết án về tội này, chưa được xóa án tích mà còn vi phạm hoặc dưới 500.000.000 đồng nhưng tài sản là di vật, cổ vật nếu không thuộc trường hợp quy định tại Điều 219 và Điều 220 của Bộ luật này, thì bị phạt tiền từ 10.000.000 đồng đến 50.000.000 đồng, phạt cải tạo không giam giữ đến 02 năm hoặc phạt tù từ 03 tháng đến 02 năm.
2. Phạm tội thuộc một trong các trường hợp sau đây, thì bị phạt tiền từ 50.000.000 đồng đến 100.000.000 đồng hoặc phạt tù từ 01 năm đến 05 năm: a) Tài sản trị giá từ 500.000.000 đồng đến dưới 1.500.000.000 đồng; b) Tài sản là bảo vật quốc gia; c) Phạm tội 02 lần trở lên; d) Lợi dụng chức vụ, quyền hạn; đ) Tái phạm nguy hiểm.
3. Phạm tội sử dụng trái phép tài sản trị giá 1.500.000.000 đồng trở lên, thì bị phạt tù từ 03 năm đến 07 năm.
4. Người phạm tội còn có thể bị phạt tiền từ 5.000.000 đồng đến 20.000.000 đồng, cấm đảm nhiệm chức vụ, cấm hành nghề hoặc làm công việc nhất định từ 01 năm đến 05 năm.

**Phân tích & Hướng dẫn:**
Theo quy định tại Điều 177 Bộ Luật Hình sự, nếu vợ"
syn_550_1768631875,"Tôi đã thỏa thuận với bên bán về việc bảo lưu quyền sở hữu trong 6 tháng. Nếu tôi không sử dụng tài sản trong thời gian này, tôi có mất quyền lợi gì không?",Điều 333 - Bộ luật Dân sự 2015,True,0.6666666666666666,0.4526445264452645,"**CĂN CỨ PHÁP LUẬT THAM KHẢO:**

- **Tài liệu 1:** Bộ luật Dân sự 2015, Điều 333.
- **Tài liệu 2:** Bộ luật Dân sự 2015, Điều 453.
- **Tài liệu 3:** Bộ luật Dân sự 2015, Điều 331.

**Nội dung quy định:**

- **Tài liệu 1:** Theo Điều 333, bên mua có quyền sử dụng tài sản và hưởng hoa lợi, lợi tức từ tài sản trong thời hạn bảo lưu quyền sở hữu có hiệu lực. Bên mua cũng chịu rủi ro về tài sản trong thời hạn bảo lưu quyền sở hữu, trừ trường hợp có thỏa thuận khác.
- **Tài liệu 2:** Theo Điều 453, bên bán được bảo lưu quyền sở hữu đối với tài sản bán cho đến khi bên mua trả đủ tiền, trừ trường hợp có thỏa thuận khác. Bên mua có quyền sử dụng tài sản mua trả chậm, trả dần và phải chịu rủi ro trong thời gian sử dụng, trừ trường hợp có thỏa thuận khác.
- **Tài liệu 3:** Theo Điều 331, trong hợp đồng mua bán, quyền sở hữu tài sản có thể được bên bán bảo lưu cho đến khi nghĩa vụ thanh toán được thực hiện đầy đủ. Bảo lưu quyền sở hữu phải được lập thành văn bản riêng hoặc được ghi trong hợp đồng mua bán. Bảo lưu quyền sở hữu phát sinh hiệu lực đối kháng với người thứ ba kể từ thời điểm đăng ký.

**Phân tích & Hướng dẫn:**

Theo thỏa thuận giữa bạn và bên bán, bạn đã bảo lưu quyền sở hữu tài sản trong thời hạn 6 tháng. Theo Điều 333 của Bộ luật Dân sự 2015, bạn có quyền sử dụng tài sản và hưởng hoa lợi, lợi tức từ tài sản trong thời hạn bảo lưu quyền sở hữu, miễn là không có thỏa thuận khác.

Tuy nhiên, theo Điều 453 của cùng văn bản pháp luật, bên mua (bạn) phải chịu rủi ro về tài sản trong thời gian sử dụng, trừ trường hợp có thỏa thuận khác. 

Nếu bạn không sử dụng tài sản trong thời gian bảo lưu quyền sở hữu mà vẫn"
syn_817_1768633604,Tôi muốn biết nếu một người học nghề trong công ty tôi gây ra thiệt hại thì ai là người phải bồi thường?,Điều 600 - Bộ luật Dân sự 2015,True,1.0,0.47585394581861007,"**CĂN CỨ PHÁP LUẬT THAM KHẢO:**

- **Tài liệu 1**: Bộ luật Dân sự 2015 - Điều 600
- **Tài liệu 2**: Bộ luật Dân sự 2015 - Điều 584
- **Tài liệu 3**: Bộ luật Dân sự 2015 - Điều 577

**Câu hỏi:**
Tôi muốn biết nếu một người học nghề trong công ty tôi gây ra thiệt hại thì ai là người phải bồi thường?

**Căn cứ pháp lý:**
Bộ luật Dân sự 2015 - Điều 600

**Nội dung quy định:**
""Cá nhân, pháp nhân phải bồi thường thiệt hại do người làm công, người học nghề gây ra trong khi thực hiện công việc được giao và có quyền yêu cầu người làm công, người học nghề có lỗi trong việc gây thiệt hại phải hoàn trả một khoản tiền theo quy định của pháp luật.""

**Phân tích & Hướng dẫn:**
Theo Điều 600 của Bộ luật Dân sự 2015, cá nhân hoặc pháp nhân (trong trường hợp bạn là chủ doanh nghiệp) sẽ phải chịu trách nhiệm bồi thường thiệt hại do người làm công hoặc người học nghề gây ra trong khi thực hiện công việc được giao. Tuy nhiên, họ có quyền yêu cầu người làm công hoặc người học nghề có lỗi trong việc gây thiệt hại phải hoàn trả một khoản tiền theo quy định của pháp luật.

Trong trường hợp này, nếu một người học nghề trong công ty của bạn gây ra thiệt hại, thì người chịu trách nhiệm bồi thường thiệt hại sẽ là công ty hoặc cá nhân chủ doanh nghiệp. Công ty hoặc cá nhân chủ doanh nghiệp có quyền yêu cầu người học nghề có lỗi phải hoàn trả một khoản tiền tương ứng với thiệt hại đã gây ra.

Đặc biệt, Điều 577 của Bộ luật Dân sự 2015 cũng quy định về nghĩa vụ bồi thường thiệt hại cho người thực hiện công việc, trong đó nói đến trường hợp người thực hiện công việc không có ủy quyền do vô ý mà gây thiệt hại, người đó có thể được giảm mức bồi thường tùy thuộc vào hoàn cảnh đảm nhận công việc. Đây là điểm cần lưu ý để phân tích từng trường hợp cụ thể.

Tóm lại, người"
syn_184_1768629136,Tôi bị chấm dứt tư cách thành viên hợp danh vì vi phạm quy định của công ty. Tôi có phải chịu trách nhiệm về nợ nần của công ty không?,Điều 185 - Luật Doanh nghiệp 2020,True,1.0,0.4037558685446009,"**Căn cứ pháp lý:**
Điều 185, Điều 177, Điều 50 của Luật Doanh nghiệp 2020

**Nội dung quy định:**
- Điều 185: Thành viên hợp danh bị chấm dứt tư cách trong trường hợp vi phạm quy định của công ty, cụ thể như không thực hiện đúng nghĩa vụ của thành viên hợp danh.
- Điều 177: Công ty hợp danh là doanh nghiệp trong đó có ít nhất 2 thành viên là chủ sở hữu chung của công ty, cùng nhau kinh doanh dưới một tên chung.
- Điều 50: Thành viên Hội đồng thành viên có nghĩa vụ góp đủ, đúng hạn số vốn đã cam kết, chịu trách nhiệm về các khoản nợ và nghĩa vụ tài sản khác của công ty trong phạm vi số vốn đã góp vào công ty.

**Phân tích & Hướng dẫn:**
Theo Điều 185 của Luật Doanh nghiệp 2020, nếu một thành viên hợp danh vi phạm quy định của công ty, họ sẽ bị chấm dứt tư cách thành viên hợp danh. Điều 50 cũng quy định rằng thành viên hợp danh có nghĩa vụ chịu trách nhiệm cá nhân về các khoản nợ và nghĩa vụ tài sản khác của công ty trong phạm vi số vốn đã góp vào công ty.

Tuy nhiên, điều quan trọng cần lưu ý là trong trường hợp vi phạm quy định của công ty, thành viên hợp danh chỉ chịu trách nhiệm về các khoản nợ và nghĩa vụ tài sản khác của công ty trong phạm vi số vốn đã góp vào công ty, trừ trường hợp quy định tại khoản 2 và khoản 4 Điều 47 của Luật này.

Do đó, trong trường hợp bạn bị chấm dứt tư cách thành viên hợp danh vì vi phạm quy định của công ty, bạn sẽ không phải chịu trách nhiệm về nợ nần của công ty nếu không có thêm những quy định cụ thể khác trong Điều lệ công ty hoặc trong các điều khoản khác của Luật Doanh nghiệp 2020 mà không được bạn biết trước.

Nhưng cần lưu ý rằng, sau khi chấm dứt tư cách thành viên hợp danh, bạn vẫn phải liên đới chịu trách nhiệm bằng toàn bộ tài sản của mình đối với các khoản nợ của công ty đã phát sinh trước ngày chấm dứt tư cách thành viên, trong thời hạn 02 năm kể từ ngày ch"
syn_1467_1768641690_1,"Vợ tôi đã được cấp thẻ bảo hiểm y tế nhưng vì lý do nào đó, thẻ của cô ấy đã bị thu hồi mà không có thông báo. Gần đây, cô ấy đã sử dụng thẻ này để khám bệnh. Tôi muốn biết liệu chúng tôi có vi phạm pháp luật không và có thể bị xử lý như thế nào?",Điều 215 - Bộ luật Hình sự (Văn bản hợp nhất 2017),True,1.0,0.5712012728719172,"**Căn cứ pháp lý:**
Điều 215. Tội gian lận bảo hiểm y tế - Bộ luật Hình sự (Văn bản hợp nhất 2017)

**Nội dung quy định:**
Điều 215 quy định về tội gian lận bảo hiểm y tế. Theo điều này, người nào thực hiện một trong các hành vi như lập hồ sơ bệnh án, kê đơn thuốc khống hoặc kê tăng số lượng hoặc thêm loại thuốc, vật tư y tế, dịch vụ kỹ thuật, chi phí giường bệnh và các chi phí khác mà thực tế người bệnh không sử dụng, hoặc giả mạo hồ sơ, thẻ bảo hiểm y tế hoặc sử dụng thẻ bảo hiểm y tế được cấp khống, thẻ bảo hiểm y tế giả, thẻ đã bị thu hồi, thẻ bị sửa chữa, thẻ bảo hiểm y tế của người khác trong khám chữa bệnh hưởng chế độ bảo hiểm y tế trái quy định, và chiếm đoạt tiền bảo hiểm y tế từ 10.000.000 đồng đến dưới 100.000.000 đồng hoặc gây thiệt hại từ 20.000.000 đồng đến dưới 200.000.000 đồng mà không thuộc trường hợp quy định tại một trong các điều 174, 353 và 355 của Bộ luật này, thì bị phạt tiền từ 20.000.000 đồng đến 100.000.000 đồng, phạt cải tạo không giam giữ đến 02 năm hoặc phạt tù từ 03 tháng đến 02 năm.

**Phân tích & Hướng dẫn:**
Theo thông tin bạn cung cấp, thẻ bảo hiểm y tế của vợ bạn đã bị thu hồi mà không có thông báo. Cô ấy đã sử dụng thẻ này để khám bệnh. Tuy nhiên, trong trường hợp này, thẻ bảo hiểm y tế đã bị thu hồi, điều này có thể coi là một sự thay đổi về trạng thái của thẻ. Do đó, hành vi sử dụng thẻ bảo hiểm y tế khi đã bị thu hồi có thể được coi là vi phạm quy định về việc sử dụng thẻ bảo hiểm y tế hợp pháp.

Theo điều 215 Bộ luật Hình sự, việc sử dụng thẻ bảo hiểm y tế khi đã bị thu hồi có thể hiểu là gian"
syn_1097_1768639075_2,Gia đình tôi đang gặp vấn đề khi bên thuê lao động yêu cầu tôi làm việc ngoài giờ mà không có thỏa thuận trước. Liệu tôi có quyền từ chối làm việc thêm giờ đó không?,Điều 58 - Bộ luật Lao động 2019,False,1.0,0.38330170777988615,"**Căn cứ pháp lý:**
- Điều 108, Bộ luật Lao động 2019

**Nội dung quy định:**
Điều 108 của Bộ luật Lao động 2019 quy định rằng ""Người sử dụng lao động có quyền yêu cầu người lao động làm thêm giờ vào bất kỳ ngày nào mà không bị giới hạn về số giờ làm thêm theo quy định tại Điều 107 của Bộ luật này và người lao động không được từ chối trong trường hợp sau đây: 1. Thực hiện lệnh động viên, huy động bảo đảm nhiệm vụ quốc phòng, an ninh theo quy định của pháp luật; 2. Thực hiện các công việc nhằm bảo vệ tính mạng con người, tài sản của cơ quan, tổ chức, cá nhân trong phòng ngừa, khắc phục hậu quả thiên tai, hỏa hoạn, dịch bệnh nguy hiểm và thảm họa, trừ trường hợp có nguy cơ ảnh hưởng đến tính mạng, sức khỏe của người lao động theo quy định của pháp luật về an toàn, vệ sinh lao động.""

**Phân tích & Hướng dẫn:**
Theo quy định tại Điều 108 của Bộ luật Lao động 2019, người lao động có quyền từ chối làm việc thêm giờ nếu việc này không phù hợp với các trường hợp đặc biệt quy định. Trong trường hợp bạn đang gặp vấn đề khi bên thuê lao động yêu cầu bạn làm việc ngoài giờ mà không có thỏa thuận trước, bạn cần xem xét các trường hợp đặc biệt quy định trong điều luật này.

Cụ thể, bạn có thể từ chối làm việc thêm giờ nếu việc này liên quan đến các công việc bảo vệ tính mạng, tài sản hoặc phòng ngừa, khắc phục hậu quả thiên tai, hỏa hoạn, dịch bệnh nguy hiểm theo quy định của pháp luật về an toàn, vệ sinh lao động. Nếu không, bạn không có quyền từ chối làm việc thêm giờ theo yêu cầu của bên thuê lao động, kể cả khi không có thỏa thuận trước.

Do đó, trước khi chấp nhận làm việc thêm giờ, bạn nên kiểm tra xem việc này có nằm trong các trường hợp đặc biệt quy định ở trên không. Nếu không, bạn nên tìm cách thỏa thuận với bên thuê lao động về việc làm thêm giờ hoặc cân nhắc việc từ chối yêu cầu"
syn_721_1768632952,"Tôi có một ý tưởng khởi nghiệp và muốn mời một người bạn cùng tham gia, nhưng không biết có cần điều gì đặc biệt trong hợp đồng hợp tác không?",Điều 504 - Bộ luật Dân sự 2015,True,0.3333333333333333,0.44414535666218025,"**CĂN CỨ PHÁP LUẬT THAM KHẢO:**
---
[Tài liệu 1] -- Bộ luật Dân sự 2015
[Nội dung]: Điều 505. Nội dung của hợp đồng hợp tác
---
[Tài liệu 2] -- Bộ luật Dân sự 2015
[Nội dung]: Điều 504. Hợp đồng hợp tác

**CĂN CỨ PHÁP LUẬT THAM KHẢO:**
---
[Tài liệu 3] -- Bộ luật Dân sự 2015
[Nội dung]: Điều 511. Gia nhập hợp đồng hợp tác

**CĂN CỨ PHÁP LUẬT THAM KHẢO:**
---
[Tài liệu 1] -- Bộ luật Dân sự 2015
[Nội dung]: Điều 505. Nội dung của hợp đồng hợp tác

---

**Câu hỏi:**
Tôi có một ý tưởng khởi nghiệp và muốn mời một người bạn cùng tham gia, nhưng không biết có cần điều gì đặc biệt trong hợp đồng hợp tác không?

**Phân tích & Hướng dẫn:**
Theo Điều 504 của Bộ Luật Dân sự 2015, hợp đồng hợp tác là sự thỏa thuận giữa các cá nhân hoặc pháp nhân về việc cùng đóng góp tài sản, công sức để thực hiện công việc nhất định, cùng hưởng lợi và cùng chịu trách nhiệm. Do đó, bất kỳ hợp đồng hợp tác nào đều phải được lập thành văn bản.

Điều 505 của Bộ Luật Dân sự 2015 quy định chi tiết về nội dung của hợp đồng hợp tác, bao gồm:
1. Mục đích, thời hạn hợp tác;
2. Họ, tên, nơi cư trú của cá nhân; tên, trụ sở của pháp nhân;
3. Tài sản đóng góp, nếu có;
4. Đóng góp bằng sức lao động, nếu có;
5. Phương thức phân chia hoa lợi, lợi tức;
6. Quyền, nghĩa vụ của thành viên hợp tác;
7. Quyền, nghĩa vụ của người đại diện, nếu có;
8. Điều kiện tham gia và rút khỏi hợp đồng hợp tác của thành viên, nếu có;
9. Điều kiện chấm dứt hợp tác.

Để đảm bảo hợp đồng hợp tác của bạn được đầy"
syn_375_1768630662,"Tôi có một chiếc xe hơi mà tôi đã sử dụng hơn 5 năm, tôi muốn cho bạn của tôi mượn xe trong một tháng, liệu tôi có quyền làm điều đó không?",Điều 158 - Bộ luật Dân sự 2015,False,0.6666666666666666,0.3072916666666667,"**CĂN CỨ PHÁP LUẬT THAM KHẢO:**
--- [Tài liệu 1] ---
Văn bản: Bộ luật Dân sự 2015
Nội dung: Điều 497. Quyền của bên mượn tài sản 1. Được sử dụng tài sản mượn theo đúng công dụng của tài sản và đúng mục đích đã thỏa thuận. 2. Yêu cầu bên cho mượn thanh toán chi phí hợp lý về việc sửa chữa hoặc làm tăng giá trị tài sản mượn, nếu có thỏa thuận. 3. Không phải chịu trách nhiệm về những hao mòn tự nhiên của tài sản mượn.

---

**Nội dung quy định:**
Điều 497 của Bộ Luật Dân sự 2015 khẳng định rằng bên mượn có quyền sử dụng tài sản mượn theo đúng công dụng và mục đích đã thỏa thuận, đồng thời có quyền yêu cầu bên cho mượn thanh toán chi phí hợp lý về việc sửa chữa hoặc làm tăng giá trị tài sản mượn, nếu có thỏa thuận. Điều này cũng không bắt buộc bên mượn phải chịu trách nhiệm về những hao mòn tự nhiên của tài sản mượn.

---

**Phân tích & Hướng dẫn:**
Theo Điều 497 của Bộ Luật Dân sự 2015, bạn có quyền cho bạn của mình mượn chiếc xe hơi của bạn trong một tháng, miễn là bạn và người nhận mượn đã thỏa thuận về mục đích sử dụng và có thể tính toán chi phí sửa chữa hoặc làm tăng giá trị tài sản mượn nếu cần thiết. Tuy nhiên, bạn không phải chịu trách nhiệm về những hao mòn tự nhiên của tài sản mượn trong thời gian mượn.

Do đó, bạn hoàn toàn có quyền cho bạn của mình mượn chiếc xe trong một tháng, chỉ cần đảm bảo rằng bạn và người nhận mượn đã thảo luận và thống nhất về mọi chi tiết liên quan đến việc sử dụng và bất kỳ chi phí nào có thể phát sinh. Bạn cũng nên lưu ý rằng, nếu người nhận mượn không sử dụng tài sản đúng như đã thỏa thuận hoặc gây hư hỏng tài sản, bạn vẫn có quyền yêu cầu bồi thường."
syn_8_1768627768,"Tôi là một doanh nghiệp cung ứng dịch vụ công ích và muốn biết về cách hạch toán chi phí, liệu tôi có phải tuân theo một quy định cụ thể nào không?",Điều 9 - Luật Doanh nghiệp 2020,True,1.0,0.4718100890207715,"**Căn cứ pháp lý:** 
Điều 9, Luật Doanh nghiệp 2020 - Văn bản: Luật Doanh nghiệp 2020

**Nội dung quy định:**
1. Theo Điều 9 của Luật Doanh nghiệp 2020, doanh nghiệp cung ứng sản phẩm, dịch vụ công ích được hạch toán và bù đắp chi phí theo giá do pháp luật về đấu thầu quy định hoặc thu phí sử dụng dịch vụ theo quy định của cơ quan nhà nước có thẩm quyền.

**Phân tích & Hướng dẫn:**
Theo quy định này, doanh nghiệp cung ứng dịch vụ công ích như bạn cần tuân thủ việc hạch toán và bù đắp chi phí theo giá quy định bởi pháp luật về đấu thầu hoặc thu phí sử dụng dịch vụ theo quy định của cơ quan nhà nước có thẩm quyền. Điều này đảm bảo tính minh bạch và tuân thủ pháp luật trong việc quản lý tài chính của doanh nghiệp. Bạn nên tham khảo thêm các quy định cụ thể về đấu thầu và thu phí từ cơ quan nhà nước có thẩm quyền để xác định chính xác giá và cách thức tính toán chi phí phù hợp."
syn_16_1768627841,Tôi đang làm cán bộ công chức và muốn mở một cửa hàng kinh doanh online thì có được không?,Điều 17 - Luật Doanh nghiệp 2020,True,0.6666666666666666,0.669735327963176,"**Căn cứ pháp lý:**
---
**[Tài liệu 1]**
- Văn bản: Luật Doanh nghiệp 2020
- Nội dung: Điều 17. Quyền thành lập, góp vốn, mua cổ phần, mua phần vốn góp và quản lý doanh nghiệp

**Nội dung quy định:**
1. Tổ chức, cá nhân có quyền thành lập và quản lý doanh nghiệp tại Việt Nam theo quy định của Luật này, trừ trường hợp quy định tại khoản 2 Điều này.
2. Tổ chức, cá nhân sau đây không có quyền thành lập và quản lý doanh nghiệp tại Việt Nam:
   - Cơ quan nhà nước, đơn vị lực lượng vũ trang nhân dân sử dụng tài sản nhà nước để thành lập doanh nghiệp kinh doanh thu lợi riêng cho cơ quan, đơn vị mình;
   - Cán bộ, công chức, viên chức theo quy định của Luật Cán bộ, công chức và Luật Viên chức;
   - Sĩ quan, hạ sĩ quan, quân nhân chuyên nghiệp, công nhân, viên chức quốc phòng trong các cơ quan, đơn vị thuộc Quân đội nhân dân Việt Nam; sĩ quan, hạ sĩ quan chuyên nghiệp, công nhân công an trong các cơ quan, đơn vị thuộc Công an nhân dân Việt Nam, trừ người được cử làm đại diện theo ủy quyền để quản lý phần vốn góp của Nhà nước tại doanh nghiệp hoặc quản lý tại doanh nghiệp nhà nước;
   - Cán bộ lãnh đạo, quản lý nghiệp vụ trong doanh nghiệp nhà nước theo quy định tại điểm a khoản 1 Điều 88 của Luật này, trừ người được cử làm đại diện theo ủy quyền để quản lý phần vốn góp của Nhà nước tại doanh nghiệp khác;
   - Người chưa thành niên; người bị hạn chế năng lực hành vi dân sự; người bị mất năng lực hành vi dân sự; người có khó khăn trong nhận thức, làm chủ hành vi; tổ chức không có tư cách pháp nhân; 
   - Người đang bị truy cứu trách nhiệm hình sự, bị tạm giam, đang chấp hành hình phạt tù, đang chấp hành biện pháp xử lý hành chính tại cơ sở cai nghiện bắt buộc, cơ sở giáo dục bắt buộc hoặc đang bị Tòa án cấm đảm nhiệm chức vụ, cấm hành nghề hoặc làm công việc nhất định; các trường hợp khác theo quy"
syn_1630_1768643119_0,"Gia đình tôi đang phải thi hành án nhưng người có thẩm quyền lại không ra quyết định thi hành, trong khi tôi đã thông báo cho họ về trường hợp này. Vậy tôi có thể làm gì để buộc họ thực hiện nghĩa vụ của mình?",Điều 379 - Bộ luật Hình sự (Văn bản hợp nhất 2017),True,0.3333333333333333,0.8113933795227098,"**Căn cứ pháp lý:** 
--- [Tài liệu 1] ---
Văn bản: Bộ luật Hình sự (Văn bản hợp nhất 2017)
Nội dung: Điều 379. Tội không thi hành án 1. Người nào có thẩm quyền mà cố ý không ra quyết định thi hành án hoặc không thi hành quyết định thi hành bản án, quyết định của Tòa án thuộc một trong các trường hợp sau đây, thì bị phạt cải tạo không giam giữ đến 03 năm hoặc phạt tù từ 06 tháng đến 03 năm: a) Đã bị xử lý kỷ luật về hành vi này mà còn vi phạm; b) Dẫn đến người bị kết án, người phải chấp hành án bỏ trốn; c) Dẫn đến hết thời hiệu thi hành án; d) Dẫn đến người bị kết án, người phải chấp hành án, người có nghĩa vụ thi hành án tẩu tán tài sản và không thi hành được nghĩa vụ thi hành án với số tiền từ 50.000.000 đồng đến dưới 200.000.000 đồng. 2. Phạm tội thuộc một trong những trường hợp sau đây, thì bị phạt tù từ 02 năm đến 07 năm: a) Phạm tội 02 lần trở lên; b) Dẫn đến người bị kết án, người phải chấp hành án tiếp tục thực hiện tội phạm ít nghiêm trọng hoặc tội phạm nghiêm trọng; c) Dẫn đến người bị kết án, người phải thi hành án, người có nghĩa vụ thi hành án tẩu tán tài sản và không thi hành được nghĩa vụ thi hành án với số tiền từ 200.000.000 đồng đến dưới 1.000.000.000 đồng. 3. Phạm tội thuộc một trong những trường hợp sau đây, thì bị phạt tù từ 05 năm đến 10 năm: a) Dẫn đến người bị kết án, người phải chấp hành án tiếp tục thực hiện tội phạm rất nghiêm trọng hoặc tội phạm đặc biệt nghiêm trọng; b) Dẫn đến người bị kết án, người phải thi hành án, người có nghĩa vụ thi hành án tẩu tán tài sản và không thi hành được nghĩa vụ thi hành án với số tiền 1.000.000.000 đồng trở lên. 4. Người phạm"
syn_1610_1768642925_1,"Chồng tôi, một thư ký của một sở ban ngành, đã bị cáo buộc làm giả chữ ký của cấp trên để cấp giấy tờ giả cho một doanh nghiệp. Nếu sự việc này bị đưa ra xét xử, hình phạt cho anh ấy có thể là gì?",Điều 359 - Bộ luật Hình sự (Văn bản hợp nhất 2017),True,0.6666666666666666,0.8636363636363638,"**Căn cứ pháp lý:**
--- [Tài liệu 1] ---
Văn bản: Bộ luật Hình sự (Văn bản hợp nhất 2017)
Nội dung: Điều 359. Tội giả mạo trong công tác 1. Người nào vì vụ lợi hoặc động cơ cá nhân khác mà lợi dụng chức vụ, quyền hạn thực hiện một trong các hành vi sau đây, thì bị phạt tù từ 01 năm đến 05 năm: a) Sửa chữa, làm sai lệch nội dung giấy tờ, tài liệu; b) Làm, cấp giấy tờ giả; c) Giả mạo chữ ký của người có chức vụ, quyền hạn. 2. Phạm tội thuộc một trong các trường hợp sau đây, thì bị phạt tù từ 03 năm đến 10 năm: a) Có tổ chức; b) Người phạm tội là người có trách nhiệm lập hoặc cấp các giấy tờ, tài liệu; c) Làm, cấp giấy tờ giả với số lượng từ 02 giấy tờ giả đến 05 giấy tờ giả. 3. Phạm tội thuộc một trong các trường hợp sau đây, thì bị phạt tù từ 07 năm đến 15 năm: a) Làm, cấp giấy tờ giả với số lượng từ 06 giấy tờ giả[364] đến 10 giấy tờ giả; b) Để thực hiện tội phạm ít nghiêm trọng hoặc tội phạm nghiêm trọng. 4. Phạm tội thuộc một trong các trường hợp sau đây, thì bị phạt tù từ 12 năm đến 20 năm: a) Làm, cấp giấy tờ giả với số lượng[365] 11 giấy tờ giả trở lên; b) Để thực hiện tội phạm rất nghiêm trọng hoặc tội phạm đặc biệt nghiêm trọng. 5. Người phạm tội còn bị cấm đảm nhiệm chức vụ hoặc làm công việc nhất định từ 01 năm đến 05 năm, có thể bị phạt tiền từ 10.000.000 đồng đến 100.000.000 đồng. Mục 2. CÁC TỘI PHẠM KHÁC VỀ CHỨC VỤ

---

**Nội dung quy định:**
Điều 359 của Bộ Luật Hình sự quy định về tội giả mạo trong công tác. Theo điều này, nếu người phạm tội lợi dụng chức vụ, quyền hạn thực"
syn_780_1768633341,"Tôi có thể ủy quyền cho bạn tôi thực hiện một giao dịch thương mại, nhưng chúng tôi không thỏa thuận về thời hạn ủy quyền. Vậy thời hạn ủy quyền của chúng tôi sẽ là bao lâu?",Điều 563 - Bộ luật Dân sự 2015,True,1.0,0.5609348914858097,"**Căn cứ pháp lý:** 
--- [Tài liệu 1] ---
Văn bản: Bộ luật Dân sự 2015
Nội dung: Điều 563. Thời hạn ủy quyền Thời hạn ủy quyền do các bên thỏa thuận hoặc do pháp luật quy định; nếu không có thỏa thuận và pháp luật không có quy định thì hợp đồng ủy quyền có hiệu lực 01 năm, kể từ ngày xác lập việc ủy quyền.

---

**Nội dung quy định:**
Điều 563 của Bộ Luật Dân sự 2015 quy định rằng thời hạn ủy quyền do các bên thỏa thuận hoặc do pháp luật quy định. Nếu không có thỏa thuận và pháp luật không có quy định, thì hợp đồng ủy quyền có hiệu lực 01 năm, kể từ ngày xác lập việc ủy quyền.

---

**Phân tích & Hướng dẫn:**
Theo quy định tại Điều 563 của Bộ Luật Dân sự 2015, khi bạn và người được ủy quyền không thỏa thuận về thời hạn ủy quyền, thì hợp đồng ủy quyền sẽ có hiệu lực trong vòng 01 năm kể từ ngày xác lập việc ủy quyền. Đây là quy định cụ thể về thời hạn ủy quyền khi không có thỏa thuận giữa các bên. 

Vì vậy, trong trường hợp của bạn, nếu không có thỏa thuận về thời hạn ủy quyền, thì thời hạn ủy quyền sẽ là 01 năm kể từ ngày xác lập việc ủy quyền."
syn_1107_1768639123_1,"Công ty tôi có hai tổ chức đại diện người lao động, nhưng tổ chức của tôi có ít thành viên hơn. Nếu tổ chức của tôi muốn tham gia vào thương lượng tập thể cùng tổ chức nhiều thành viên hơn, tôi cần phải có sự đồng ý của tổ chức đó. Vậy làm cách nào tôi có thể xin được sự đồng ý này?",Điều 68 - Bộ luật Lao động 2019,True,0.0,0.4636209813874788,"**CĂN CỨ PHÁP LUẬT THAM KHẢO:**
--- [Tài liệu 1] ---
Văn bản: Bộ luật Lao động 2019
Nội dung: Điều 69. Đại diện thương lượng tập thể tại doanh nghiệp 1. Số lượng người tham gia thương lượng tập thể của mỗi bên do các bên thỏa thuận. 2. Thành phần tham gia thương lượng tập thể của mỗi bên do bên đó quyết định. Trường hợp bên người lao động có nhiều tổ chức đại diện tham gia thương lượng tập thể theo quy định tại khoản 2 Điều 68 của Bộ luật này thì tổ chức đại diện có quyền yêu cầu thương lượng quyết định số lượng đại diện của mỗi tổ chức tham gia thương lượng. Trường hợp bên người lao động có nhiều tổ chức đại diện tham gia thương lượng tập thể theo quy định tại khoản 3 Điều 68 của Bộ luật này thì số lượng đại diện của mỗi tổ chức do các tổ chức đó thỏa thuận. Trường hợp không thỏa thuận được thì từng tổ chức xác định số lượng đại diện tham gia tương ứng theo số lượng thành viên của tổ chức mình trên tổng số thành viên của các tổ chức. 3. Mỗi bên thương lượng tập thể có quyền mời tổ chức đại diện cấp trên của mình cử người tham gia là đại diện thương lượng và bên kia không được từ chối. Đại diện thương lượng tập thể của mỗi bên không được vượt quá số lượng quy định tại khoản 1 Điều này, trừ trường hợp được bên kia đồng ý.

--- [Tài liệu 2] ---
Văn bản: Bộ luật Lao động 2019
Nội dung: Điều 68. Quyền thương lượng tập thể của tổ chức đại diện người lao động tại cơ sở trong doanh nghiệp 1. Tổ chức đại diện người lao động tại cơ sở có quyền yêu cầu thương lượng tập thể khi đạt tỷ lệ thành viên tối thiểu trên tổng số người lao động trong doanh nghiệp theo quy định của Chính phủ. 2. Trường hợp doanh nghiệp có nhiều tổ chức đại diện người lao động tại cơ sở đáp ứng quy định tại khoản 1 Điều này thì tổ chức có quyền yêu cầu thương lượng là tổ chức có số thành viên nhiều nhất trong doanh nghiệp. Các tổ chức đại diện người lao động tại cơ sở khác có thể tham"
syn_387_1768630736,Gia đình tôi đang gặp khó khăn vì một người hàng xóm đã xâm phạm vào quyền sử dụng đất của chúng tôi. Tôi nên làm gì để yêu cầu bồi thường thiệt hại?,Điều 170 - Bộ luật Dân sự 2015,True,1.0,0.41836734693877553,"**CĂN CỨ PHÁP LUẬT THAM KHẢO:**

- **Tài liệu 1:** Bộ luật Dân sự 2015 - Điều 170. Quyền yêu cầu bồi thường thiệt hại
- **Tài liệu 2:** Bộ luật Dân sự 2015 - Điều 588. Thời hiệu khởi kiện yêu cầu bồi thường thiệt hại
- **Tài liệu 3:** Bộ luật Dân sự 2015 - Điều 185. Bảo vệ việc chiếm hữu

**Câu hỏi:**
Gia đình tôi đang gặp khó khăn vì một người hàng xóm đã xâm phạm vào quyền sử dụng đất của chúng tôi. Tôi nên làm gì để yêu cầu bồi thường thiệt hại?

**CĂN CỨ PHÁP LUẬT THAM KHẢO:**

**Căn cứ pháp lý:**
Điều 170. Quyền yêu cầu bồi thường thiệt hại Bộ luật Dân sự 2015

**Nội dung quy định:**
Chủ sở hữu, chủ thể có quyền khác đối với tài sản có quyền yêu cầu người có hành vi xâm phạm quyền sở hữu, quyền khác đối với tài sản bồi thường thiệt hại. 

**Căn cứ pháp lý:**
Điều 588. Thời hiệu khởi kiện yêu cầu bồi thường thiệt hại Bộ luật Dân sự 2015

**Nội dung quy định:**
Thời hiệu khởi kiện yêu cầu bồi thường thiệt hại là 03 năm, kể từ ngày người có quyền yêu cầu biết hoặc phải biết quyền, lợi ích hợp pháp của mình bị xâm phạm.

**Căn cứ pháp lý:**
Điều 185. Bảo vệ việc chiếm hữu Bộ luật Dân sự 2015

**Nội dung quy định:**
Trường hợp việc chiếm hữu bị người khác xâm phạm thì người chiếm hữu có quyền yêu cầu người có hành vi xâm phạm phải chấm dứt hành vi, khôi phục tình trạng ban đầu, trả lại tài sản và bồi thường thiệt hại hoặc yêu cầu Tòa án, cơ quan nhà nước có thẩm quyền khác buộc người đó chấm dứt hành vi, khôi phục tình trạng ban đầu, trả lại tài sản và bồi thường thiệt hại.

**Phân tích & Hướng dẫn:**

The"
syn_154_1768628894,Chồng tôi là cổ đông lớn của công ty mà tôi muốn tham gia Hội đồng quản trị. Liệu điều này có ảnh hưởng đến khả năng của tôi không?,Điều 155 - Luật Doanh nghiệp 2020,True,0.6666666666666666,0.7302353651176825,"**Căn cứ pháp lý:**
Điều 155. Cơ cấu tổ chức, tiêu chuẩn và điều kiện làm thành viên Hội đồng quản trị - Luật Doanh nghiệp 2020

**Nội dung quy định:**
1. Thành viên Hội đồng quản trị phải có các tiêu chuẩn và điều kiện sau đây: a) Không thuộc đối tượng quy định tại khoản 2 Điều 17 của Luật này; b) Có trình độ chuyên môn, kinh nghiệm trong quản trị kinh doanh hoặc trong lĩnh vực, ngành, nghề kinh doanh của công ty và không nhất thiết phải là cổ đông của công ty, trừ trường hợp Điều lệ công ty có quy định khác; c) Thành viên Hội đồng quản trị công ty có thể đồng thời là thành viên Hội đồng quản trị của công ty khác; d) Đối với doanh nghiệp nhà nước theo quy định tại điểm b khoản 1 Điều 88 của Luật này và công ty con của doanh nghiệp nhà nước theo quy định tại khoản 1 Điều 88 của Luật này thì thành viên Hội đồng quản trị không được là người có quan hệ gia đình của Giám đốc, Tổng giám đốc và người quản lý khác của công ty; của người quản lý, người có thẩm quyền bổ nhiệm người quản lý công ty mẹ.
2. Trừ trường hợp pháp luật về chứng khoán có quy định khác, thành viên độc lập Hội đồng quản trị theo quy định tại điểm b khoản 1 Điều 137 của Luật này phải có các tiêu chuẩn và điều kiện sau đây: a) Không phải là người đang làm việc cho công ty, công ty mẹ hoặc công ty con của công ty; không phải là người đã từng làm việc cho công ty, công ty mẹ hoặc công ty con của công ty ít nhất trong 03 năm liền trước đó; b) Không phải là người đang hưởng lương, thù lao từ công ty, trừ các khoản phụ cấp mà thành viên Hội đồng quản trị được hưởng theo quy định; c) Không phải là người có vợ hoặc chồng, bố đẻ, bố nuôi, mẹ đẻ, mẹ nuôi, con đẻ, con nuôi, anh ruột, chị ruột, em ruột là cổ đông lớn của công ty; là người quản lý của công ty hoặc công ty con của công ty; d) Không phải là người trực tiếp hoặc gián tiếp sở hữu ít nhất 01% tổng số"
syn_816_1768633599,Con tôi dưới 15 tuổi đã gây thiệt hại cho người khác nhưng trường học cho biết họ không có lỗi trong quản lý. Ai sẽ phải bồi thường trong trường hợp này?,Điều 599 - Bộ luật Dân sự 2015,True,1.0,0.7130761994355597,"**Căn cứ pháp lý:**
--- [Tài liệu 1] ---
Văn bản: Bộ luật Dân sự 2015
Nội dung: Điều 599. Bồi thường thiệt hại do người dưới mười lăm tuổi, người mất năng lực hành vi dân sự gây ra trong thời gian trường học, bệnh viện, pháp nhân khác trực tiếp quản lý

**Nội dung quy định:**
1. Người chưa đủ mười lăm tuổi trong thời gian trường học trực tiếp quản lý mà gây thiệt hại thì trường học phải bồi thường thiệt hại xảy ra.
2. Người mất năng lực hành vi dân sự gây thiệt hại cho người khác trong thời gian bệnh viện, pháp nhân khác trực tiếp quản lý thì bệnh viện, pháp nhân khác phải bồi thường thiệt hại xảy ra.
3. Trường học, bệnh viện, pháp nhân khác quy định tại khoản 1 và khoản 2 Điều này không phải bồi thường nếu chứng minh được mình không có lỗi trong quản lý; trong trường hợp này, cha, mẹ, người giám hộ của người dưới mười lăm tuổi, người mất năng lực hành vi dân sự phải bồi thường.

**Phân tích & Hướng dẫn:**
Theo quy định tại Điều 599 của Bộ Luật Dân sự 2015, trường hợp con bạn gây thiệt hại cho người khác trong thời gian học tập tại trường, và trường học khẳng định họ không có lỗi trong quản lý, thì trường học không cần phải bồi thường thiệt hại. Tuy nhiên, theo quy định tại khoản 3 điều này, nếu trường học chứng minh được họ không có lỗi trong quản lý, thì trách nhiệm bồi thường sẽ thuộc về cha, mẹ, người giám hộ của con bạn, người dưới mười lăm tuổi hoặc người mất năng lực hành vi dân sự gây thiệt hại. 

Trong trường hợp này, vì trường học đã khẳng định họ không có lỗi trong quản lý, nên trường học không cần bồi thường. Tuy nhiên, cha, mẹ, người giám hộ của con bạn vẫn phải chịu trách nhiệm bồi thường thiệt hại do con gây ra. Nếu tài sản của cha, mẹ không đủ để bồi thường, con bạn cũng có tài sản riêng, cha mẹ có trách nhiệm sử dụng tài sản của con bạn để bồi thường phần còn thiếu."
syn_433_1768631073,"Gia đình tôi có một ngôi nhà chung, nhưng hiện tại có một thành viên không đồng ý với cách quản lý tài sản. Tôi có thể yêu cầu điều chỉnh cách quản lý tài sản chung không?",Điều 216 - Bộ luật Dân sự 2015,True,0.6666666666666666,0.4218181818181818,"**CĂN CỨ PHÁP LUẬT THAM KHẢO:**

- Văn bản: Bộ luật Dân sự 2015
- Nội dung: Điều 216. Quản lý tài sản chung Các chủ sở hữu chung cùng quản lý tài sản chung theo nguyên tắc nhất trí, trừ trường hợp có thỏa thuận khác hoặc pháp luật có quy định khác.

**Nội dung quy định:**
Theo Điều 216 của Bộ luật Dân sự 2015, các chủ sở hữu chung cùng quản lý tài sản chung theo nguyên tắc nhất trí. Điều này nghĩa là nếu trong gia đình bạn có một thành viên không đồng ý với cách quản lý tài sản chung, bạn sẽ cần phải xem xét việc có thỏa thuận khác hoặc có quy định cụ thể nào trong văn bản pháp luật khác.

**Phân tích & Hướng dẫn:**

Theo Điều 216 nêu trên, khi có sự nhất trí về cách quản lý tài sản chung, mọi chủ sở hữu chung đều có trách nhiệm và quyền để thực hiện việc quản lý đó. Tuy nhiên, nếu một thành viên không đồng ý với cách quản lý hiện tại, bạn có thể yêu cầu điều chỉnh. 

Điều 216 chỉ nói rằng ""các chủ sở hữu chung cùng quản lý tài sản chung theo nguyên tắc nhất trí"". Điều này có nghĩa là nếu có thỏa thuận khác (không nhất trí) hoặc nếu pháp luật có quy định khác, bạn có thể yêu cầu điều chỉnh cách quản lý tài sản chung.

Như vậy, bạn cần kiểm tra xem liệu có thỏa thuận khác giữa các thành viên về cách quản lý tài sản chung hay không. Nếu không có thỏa thuận khác, bạn có thể yêu cầu điều chỉnh theo quy định của pháp luật.

Tuy nhiên, nếu tài sản chung bao gồm bất động sản hoặc nguồn thu nhập chủ yếu của gia đình (theo Điều 212, Điều 44 của Bộ luật Dân sự 2015), bạn cần đảm bảo rằng tất cả các thành viên có tài năng hành vi dân sự đầy đủ đã đồng ý với cách quản lý mới.

Nếu không có thỏa thuận và không có quy định khác, bạn có thể cần tìm đến pháp luật để yêu cầu điều chỉnh. Bạn nên tham khảo ý kiến của một chuyên gia tư vấn pháp luật để đảm bảo rằng mọi"
syn_1167_1768639468_1,"Chồng tôi làm việc tại một công ty sản xuất và hiện tại anh ấy bị tạm đình chỉ công việc do công ty cần điều tra một vụ việc vi phạm. Trong thời gian tạm đình chỉ, anh ấy chỉ được nhận 50% lương. Tôi lo lắng về tài chính gia đình vì chúng tôi có một đứa con nhỏ. Nếu công ty xác định rằng chồng tôi không vi phạm thì anh ấy có được nhận lại toàn bộ số lương không?",Điều 128 - Bộ luật Lao động 2019,True,0.6666666666666666,0.48959365708622393,"**CĂN CỨ PHÁP LUẬT THAM KHẢO:**
---
[Văn bản 1] - [Bộ luật Lao động 2019]
---

**Nội dung quy định:**
Theo Điều 128 của Bộ luật Lao động 2019, nếu người lao động bị tạm đình chỉ công việc, họ được trả lương tạm ứng 50% tiền lương trước khi bị đình chỉ công việc. Thời hạn tạm đình chỉ công việc không được quá 15 ngày, trường hợp đặc biệt không quá 90 ngày. Trong thời gian tạm đình chỉ công việc, người lao động vẫn được nhận lương tạm ứng. Nếu sau thời hạn tạm đình chỉ công việc, người lao động được nhận lại hoàn toàn số lương đã tạm ứng, trừ trường hợp công ty và người lao động đã có thỏa thuận khác.

---

**Phân tích & Hướng dẫn:**

Theo thông tin bạn cung cấp, chồng bạn bị tạm đình chỉ công việc do công ty cần điều tra một vụ việc vi phạm. Theo quy định của Bộ luật Lao động 2019, trong thời gian tạm đình chỉ công việc, anh ấy được trả lương tạm ứng 50% tiền lương. 

Đối với trường hợp bạn lo lắng, nếu công ty xác định rằng chồng bạn không vi phạm và anh ấy không phải trả lại số tiền lương đã tạm ứng, thì theo Điều 128 của Bộ luật Lao động 2019, anh ấy sẽ được nhận lại hoàn toàn số lương đã tạm ứng sau khi hết thời hạn tạm đình chỉ công việc. 

Vì vậy, bạn không cần quá lo lắng về tài chính gia đình. Anh ấy sẽ được trả lại số tiền lương tạm ứng, và công ty cũng sẽ trả lương cho thời gian tạm đình chỉ công việc nếu không có sự thỏa thuận khác giữa hai bên."
syn_176_1768629077,"Tôi và một người bạn muốn thành lập công ty hợp danh, nhưng bạn tôi không có tài sản cá nhân nào. Liệu chúng tôi có thể thành lập công ty hợp danh không?",Điều 177 - Luật Doanh nghiệp 2020,True,0.0,0.6755921730175077,"**CĂN CỨ PHÁP LUẬT THAM KHẢO:**
---
--- [Tài liệu 1] ---
Văn bản: Luật Doanh nghiệp 2020
Nội dung: Điều 177. Công ty hợp danh 1. Công ty hợp danh là doanh nghiệp, trong đó: a) Phải có ít nhất 02 thành viên là chủ sở hữu chung của công ty, cùng nhau kinh doanh dưới một tên chung (sau đây gọi là thành viên hợp danh). Ngoài các thành viên hợp danh, công ty có thể có thêm thành viên góp vốn; b) Thành viên hợp danh phải là cá nhân, chịu trách nhiệm bằng toàn bộ tài sản của mình về các nghĩa vụ của công ty; c) Thành viên góp vốn là tổ chức, cá nhân và chỉ chịu trách nhiệm về các khoản nợ của công ty trong phạm vi số vốn đã cam kết góp vào công ty. 2. Công ty hợp danh có tư cách pháp nhân kể từ ngày được cấp Giấy chứng nhận đăng ký doanh nghiệp. 3. Công ty hợp danh không được phát hành bất kỳ loại chứng khoán nào.

--- [Tài liệu 2] ---
Văn bản: Luật Doanh nghiệp 2020
Nội dung: Điều 179. Tài sản của công ty hợp danh Tài sản của công ty hợp danh bao gồm: 1. Tài sản góp vốn của các thành viên đã được chuyển quyền sở hữu cho công ty; 2. Tài sản tạo lập được mang tên công ty; 3. Tài sản thu được từ hoạt động kinh doanh do thành viên hợp danh thực hiện nhân danh công ty và từ hoạt động kinh doanh của công ty do thành viên hợp danh nhân danh cá nhân thực hiện; 4. Tài sản khác theo quy định của pháp luật.

--- [Tài liệu 3] ---
Văn bản: Luật Doanh nghiệp 2020
Nội dung: Điều 188. Doanh nghiệp tư nhân 1. Doanh nghiệp tư nhân là doanh nghiệp do một cá nhân làm chủ và tự chịu trách nhiệm bằng toàn bộ tài sản của mình về mọi hoạt động của doanh nghiệp. 2. Doanh nghiệp tư nhân không được phát hành bất kỳ loại chứng khoán nào. 3. Mỗi cá nhân chỉ được quyền thành lập một doanh nghiệp tư nhân. Chủ doanh nghiệp"
syn_1478_1768641772_0,Tôi có một công ty chuyên sản xuất đồ điện tử và đã phát hiện một đối thủ cạnh tranh của tôi đang bán hàng giả mạo nhãn hiệu của chúng tôi. Họ thu lợi khoảng 250 triệu đồng từ việc này. Tôi có thể làm gì để bảo vệ quyền lợi của mình?,Điều 226 - Bộ luật Hình sự (Văn bản hợp nhất 2017),True,1.0,0.42934051144010765,"**Căn cứ pháp lý:**
- [Tài liệu 1] - [Bộ Luật Hình sự (Văn bản hợp nhất 2017)] - Điều 226

**Nội dung quy định:**
Điều 226 quy định về tội xâm phạm quyền sở hữu công nghiệp. Theo đó, người nào cố ý xâm phạm quyền sở hữu công nghiệp đối với nhãn hiệu đang được bảo hộ tại Việt Nam, nếu đối tượng là hàng hóa giả mạo nhãn hiệu với quy mô thương mại hoặc thu lợi bất chính từ 100.000.000 đồng đến dưới 300.000.000 đồng, thì bị phạt tiền từ 50.000.000 đồng đến 500.000.000 đồng hoặc phạt cải tạo không giam giữ đến 03 năm.

**Phân tích & Hướng dẫn:**

Theo thông tin bạn cung cấp, đối thủ cạnh tranh của bạn đang bán hàng giả mạo nhãn hiệu của bạn với thu lợi khoảng 250 triệu đồng. Đây nằm trong khoảng từ 100.000.000 đồng đến dưới 300.000.000 đồng, do đó bạn có thể áp dụng điều khoản về tội xâm phạm quyền sở hữu công nghiệp để bảo vệ quyền lợi của mình.

Dưới đây là một số hướng giải quyết:

1. **Khởi tố vụ án hình sự:** Bạn nên tiến hành khởi tố vụ án hình sự đối với đối thủ cạnh tranh. Việc này cần được thực hiện bởi cơ quan điều tra (cục điều tra hoặc đội điều tra của công an thành phố). Bạn cần chuẩn bị đầy đủ hồ sơ tố cáo bao gồm:
   - Bản sao hợp lệ giấy chứng nhận quyền sở hữu nhãn hiệu.
   - Hồ sơ chứng minh đối thủ cạnh tranh đang bán hàng giả mạo nhãn hiệu của bạn.
   - Hồ sơ chứng minh thu lợi bất chính từ 100.000.000 đồng đến dưới 300.000.000 đồng.

2. **Chống lại hành vi giả mạo:** Bạn cần cung cấp thông tin về hành vi giả mạo nhãn hiệu cho cơ quan điều tra, cũng như cung cấp thông tin về việc thu lợi bất chính từ đối thủ cạnh tran"
syn_153_1768628884,"Công ty tôi đã bầu thành viên Hội đồng quản trị được 5 năm, liệu tôi có thể bầu lại họ không?",Điều 154 - Luật Doanh nghiệp 2020,True,1.0,0.7370558375634517,"**Căn cứ pháp lý:**
--- [Tài liệu 1] ---
Văn bản: Luật Doanh nghiệp 2020
Nội dung: Điều 154. Nhiệm kỳ và số lượng thành viên Hội đồng quản trị 1. Hội đồng quản trị có từ 03 đến 11 thành viên. Điều lệ công ty quy định cụ thể số lượng thành viên Hội đồng quản trị. 2. Nhiệm kỳ của thành viên Hội đồng quản trị không quá 05 năm và có thể được bầu lại với số nhiệm kỳ không hạn chế. Một cá nhân chỉ được bầu làm thành viên độc lập Hội đồng quản trị của một công ty không quá 02 nhiệm kỳ liên tục. 3. Trường hợp tất cả thành viên Hội đồng quản trị cùng kết thúc nhiệm kỳ thì các thành viên đó tiếp tục là thành viên Hội đồng quản trị cho đến khi có thành viên mới được bầu thay thế và tiếp quản công việc, trừ trường hợp Điều lệ công ty có quy định khác. 4. Điều lệ công ty quy định cụ thể số lượng, quyền, nghĩa vụ, cách thức tổ chức và phối hợp hoạt động của các thành viên độc lập Hội đồng quản trị.

---

**Nội dung quy định:**
Theo Điều 154 của Luật Doanh nghiệp 2020, nhiệm kỳ của thành viên Hội đồng quản trị không quá 05 năm và có thể được bầu lại với số nhiệm kỳ không hạn chế. 

---

**Phân tích & Hướng dẫn:**
Theo quy định trên, bạn có thể bầu lại thành viên Hội đồng quản trị sau 5 năm nhiệm kỳ. Tuy nhiên, cần lưu ý rằng một cá nhân chỉ được bầu làm thành viên độc lập Hội đồng quản trị của một công ty không quá 02 nhiệm kỳ liên tục. Vì vậy, sau 5 năm, bạn có thể bầu lại thành viên Hội đồng quản trị, nhưng nếu đã bầu lại hai nhiệm kỳ liên tục thì không được bầu lại nữa.

Để chắc chắn hơn, bạn nên xem xét điều lệ công ty để biết thêm chi tiết về quy định cụ thể của công ty mình. Nếu điều lệ công ty quy định khác về số lượng hoặc số nhiệm kỳ, quy định đó sẽ áp dụng thay thế cho quy định chung của Luật Doanh nghiệp 2020."
syn_422_1768630993,"Tôi là một cá nhân và đang sở hữu một căn nhà, nhưng tôi không biết liệu tài sản này có được coi là sở hữu riêng hay không?",Điều 205 - Bộ luật Dân sự 2015,True,1.0,0.3755215577190542,"**Căn cứ pháp lý:**
---
- **Tài liệu 1:** Bộ luật Dân sự 2015 - Điều 205. Sở hữu riêng và tài sản thuộc sở hữu riêng.
- **Tài liệu 3:** Luật Hôn nhân và Gia đình 2014 - Điều 43. Tài sản riêng của vợ, chồng.

**Nội dung quy định:**
---
Điều 205 của Bộ luật Dân sự 2015 quy định rằng ""Sở hữu riêng là sở hữu của một cá nhân hoặc một pháp nhân."" Điều 43 của Luật Hôn nhân và Gia đình 2014 xác định ""Tài sản riêng của vợ, chồng gồm tài sản mà mỗi người có trước khi kết hôn; tài sản được thừa kế riêng, được tặng cho riêng trong thời kỳ hôn nhân; tài sản được chia riêng cho vợ, chồng theo quy định tại các điều 38, 39 và 40 của Luật này; tài sản phục vụ nhu cầu thiết yếu của vợ, chồng và tài sản khác mà theo quy định của pháp luật thuộc sở hữu riêng của vợ, chồng.""

**Phân tích & Hướng dẫn:**
---
Theo quy định trên, tài sản mà bạn đang sở hữu, nếu đó là tài sản mà bạn đã có trước khi kết hôn và không liên quan đến tài sản chung của vợ chồng (như không liên quan đến việc tạo ra, thu nhập từ lao động, hoạt động sản xuất kinh doanh, hoa lợi, lợi tức phát sinh từ tài sản riêng và thu nhập hợp pháp khác trong thời kỳ hôn nhân), sẽ được coi là tài sản riêng của bạn. Do đó, căn nhà của bạn có thể được coi là tài sản riêng của một cá nhân, cụ thể là của bạn.

Tuy nhiên, để chắc chắn hơn về tình trạng sở hữu của bạn, bạn nên kiểm tra lại giấy tờ gốc về việc sở hữu căn nhà này. Nếu cần, bạn có thể nhờ sự hỗ trợ của một chuyên gia tư vấn pháp luật để xác minh chính xác hơn."
syn_698_1768632806,"Tôi và bên cho thuê có thỏa thuận không ghi rõ thời hạn trả tiền thuê, nhưng tôi có thể trả tiền vào lúc nào cũng được không?",Điều 481 - Bộ luật Dân sự 2015,True,0.6666666666666666,0.4754464285714286,"**CĂN CỨ PHÁP LUẬT THAM KHẢO:**

- **Tài liệu 1**: Bộ luật Dân sự 2015 - Điều 481
- **Tài liệu 2**: Bộ luật Dân sự 2015 - Điều 474
- **Tài liệu 3**: Bộ luật Dân sự 2015 - Điều 469

**Nội dung quy định:**

Theo Điều 474 của Bộ Luật Dân sự 2015, ""Thời hạn thuê do các bên thỏa thuận; nếu không có thỏa thuận thì được xác định theo mục đích thuê."" Điều này cho thấy rằng nếu bên thuê và bên cho thuê không thỏa thuận về thời hạn thuê, thì thời hạn thuê sẽ được xác định dựa trên mục đích thuê.

Mặt khác, theo Điều 481 của cùng văn bản luật, ""nếu không có thỏa thuận về thời hạn trả tiền thuê thì thời hạn trả tiền thuê được xác định theo tập quán nơi trả tiền; nếu không thể xác định được thời hạn theo tập quán thì bên thuê phải trả tiền khi trả lại tài sản thuê."" Điều này chỉ ra rằng nếu không có thỏa thuận về thời hạn trả tiền thuê, thì thời hạn trả tiền sẽ được xác định theo tập quán (nghĩa là theo thói quen hoặc cách thức thường xuyên được sử dụng).

Tuy nhiên, trong trường hợp này, bạn và bên cho thuê đã không thỏa thuận về thời hạn thuê, nên thời hạn thuê sẽ được xác định dựa trên mục đích thuê. Nếu mục đích thuê không thể xác định được theo tập quán, thì bạn sẽ phải trả tiền khi trả lại tài sản thuê.

**Phân tích & Hướng dẫn:**

Trong trường hợp bạn và bên cho thuê không thỏa thuận về thời hạn thuê, theo quy định của Bộ Luật Dân sự 2015, thời hạn thuê sẽ được xác định dựa trên mục đích thuê. Nếu mục đích thuê không thể xác định theo tập quán, thì bạn sẽ phải trả tiền khi trả lại tài sản thuê.

Do đó, bạn không thể trả tiền thuê vào bất cứ lúc nào mà không có sự thỏa thuận rõ ràng từ phía bên cho thuê. Nếu muốn thay đổi thời điểm trả tiền thuê, bạn cần phải thông báo cho bên cho thuê và đạt được sự đồng ý từ họ. 

Nếu bạn"
syn_559_1768631931,"Tôi đã ký hợp đồng bảo lãnh cho một người bạn vay tiền, nhưng giờ bạn tôi không trả được nợ. Tôi phải làm gì?",Điều 342 - Bộ luật Dân sự 2015,True,0.0,0.44193912063134155,"**CĂN CỨ PHÁP LUẬT THAM KHẢO:**
--- [Tài liệu 1] ---
Văn bản: Bộ luật Dân sự 2015
Nội dung: Điều 336. Phạm vi bảo lãnh 1. Bên bảo lãnh có thể cam kết bảo lãnh một phần hoặc toàn bộ nghĩa vụ cho bên được bảo lãnh. 2. Nghĩa vụ bảo lãnh bao gồm cả tiền lãi trên nợ gốc, tiền phạt, tiền bồi thường thiệt hại, lãi trên số tiền chậm trả, trừ trường hợp có thỏa thuận khác. 3. Các bên có thể thỏa thuận sử dụng biện pháp bảo đảm bằng tài sản để bảo đảm thực hiện nghĩa vụ bảo lãnh. 4. Trường hợp nghĩa vụ được bảo lãnh là nghĩa vụ phát sinh trong tương lai thì phạm vi bảo lãnh không bao gồm nghĩa vụ phát sinh sau khi người bảo lãnh chết hoặc pháp nhân bảo lãnh chấm dứt tồn tại.

--- [Tài liệu 2] ---
Văn bản: Bộ luật Dân sự 2015
Nội dung: Điều 342. Trách nhiệm dân sự của bên bảo lãnh 1. Trường hợp bên được bảo lãnh không thực hiện hoặc thực hiện không đúng nghĩa vụ thì bên bảo lãnh phải thực hiện nghĩa vụ đó. 2. Trường hợp bên bảo lãnh không thực hiện đúng nghĩa vụ bảo lãnh thì bên nhận bảo lãnh có quyền yêu cầu bên bảo lãnh thanh toán giá trị nghĩa vụ vi phạm và bồi thường thiệt hại.

--- [Tài liệu 3] ---
Văn bản: Bộ luật Dân sự 2015
Nội dung: Điều 335. Bảo lãnh 1. Bảo lãnh là việc người thứ ba (sau đây gọi là bên bảo lãnh) cam kết với bên có quyền (sau đây gọi là bên nhận bảo lãnh) sẽ thực hiện nghĩa vụ thay cho bên có nghĩa vụ (sau đây gọi là bên được bảo lãnh), nếu khi đến thời hạn thực hiện nghĩa vụ mà bên được bảo lãnh không thực hiện hoặc thực hiện không đúng nghĩa vụ. 2. Các bên có thể thỏa thuận về việc bên bảo lãnh chỉ phải thực hiện nghĩa vụ thay cho bên được bảo lãnh trong trường hợp bên được bảo lãnh không có khả năng thực hiện nghĩa vụ bảo lãnh.

**CÂU HỎI:**
Tôi đã ký hợp đồng bảo lãnh cho một người bạn vay tiền, nhưng"
syn_1015_1768638661_1,"Công ty chúng tôi có ba cổ đông, và chúng tôi quyết định cấp dưỡng cho một tổ chức từ thiện. Tuy nhiên, một trong ba cổ đông muốn giảm mức đóng góp của mình vì lý do tài chính cá nhân. Chúng tôi có thể làm gì để giải quyết tranh chấp này?",Điều 109 - Luật Hôn nhân và Gia đình 2014,False,0.0,0.32558139534883723,"**CĂN CỨ PHÁP LUẬT THAM KHẢO:**
---
--- [Tài liệu 1] ---
Văn bản: Luật Doanh nghiệp 2020
Nội dung: Điều 166. Quyền khởi kiện đối với thành viên Hội đồng quản trị, Giám đốc, Tổng giám đốc 1. Cổ đông, nhóm cổ đông sở hữu ít nhất 01% tổng số cổ phần phổ thông có quyền tự mình hoặc nhân danh công ty khởi kiện trách nhiệm cá nhân, trách nhiệm liên đới đối với các thành viên Hội đồng quản trị, Giám đốc hoặc Tổng giám đốc để yêu cầu hoàn trả lợi ích hoặc bồi thường thiệt hại cho công ty hoặc người khác trong trường hợp sau đây: a) Vi phạm trách nhiệm của người quản lý công ty theo quy định tại Điều 165 của Luật này; b) Không thực hiện, thực hiện không đầy đủ, thực hiện không kịp thời hoặc thực hiện trái với quy định của pháp luật hoặc Điều lệ công ty, nghị quyết, quyết định của Hội đồng quản trị đối với quyền và nghĩa vụ được giao; c) Lạm dụng địa vị, chức vụ và sử dụng thông tin, bí quyết, cơ hội kinh doanh, tài sản khác của công ty để tư lợi hoặc phục vụ lợi ích của tổ chức, cá nhân khác; d) Trường hợp khác theo quy định của pháp luật và Điều lệ công ty. 2. Trình tự, thủ tục khởi kiện thực hiện theo quy định của pháp luật về tố tụng dân sự. Chi phí khởi kiện trong trường hợp cổ đông, nhóm cổ đông khởi kiện nhân danh công ty được tính vào chi phí của công ty, trừ trường hợp bị bác yêu cầu khởi kiện. 3. Cổ đông, nhóm cổ đông theo quy định tại Điều này có quyền xem xét, tra cứu, trích lục thông tin cần thiết theo quyết định của Tòa án, Trọng tài trước hoặc trong quá trình khởi kiện.

--- [Tài liệu 2] ---
Văn bản: Luật Doanh nghiệp 2020
Nội dung: Điều 111. Công ty cổ phần 1. Công ty cổ phần là doanh nghiệp, trong đó: a) Vốn điều lệ được chia thành nhiều phần bằng nhau gọi là cổ phần; b) Cổ đông có thể là tổ chức, cá nhân; số lượng cổ đông"
syn_344_1768630457,"Tôi bị đe dọa khi ký hợp đồng vay tiền và hiện tại tôi muốn hủy hợp đồng này, liệu tôi có quyền yêu cầu Tòa án can thiệp không?",Điều 127 - Bộ luật Dân sự 2015,True,1.0,0.5417118093174431,"**CĂN CỨ PHÁP LUẬT THAM KHẢO:**
--- [Tài liệu 1] ---
Văn bản: Bộ luật Dân sự 2015
Nội dung: Điều 127. Giao dịch dân sự vô hiệu do bị lừa dối, đe dọa, cưỡng ép

**CÂU HỎI:**
Tôi bị đe dọa khi ký hợp đồng vay tiền và hiện tại tôi muốn hủy hợp đồng này, liệu tôi có quyền yêu cầu Tòa án can thiệp không?

**TRẢ LỜI:**
Theo Căn cứ pháp lý từ Điều 127 của Bộ luật Dân sự 2015, có thể thấy rằng bạn có quyền yêu cầu Tòa án can thiệp để hủy hợp đồng vay tiền do bị đe dọa. 

**Căn cứ pháp lý:**
- [Tài liệu 1] - Bộ luật Dân sự 2015, Điều 127

**Nội dung quy định:**
Khi một bên tham gia giao dịch dân sự do bị lừa dối hoặc bị đe dọa, cưỡng ép thì có quyền yêu cầu Tòa án tuyên bố giao dịch dân sự đó là vô hiệu. Đe dọa trong giao dịch dân sự là hành vi cố ý của một bên hoặc người thứ ba làm cho bên kia buộc phải thực hiện giao dịch dân sự nhằm tránh thiệt hại về tính mạng, sức khỏe, danh dự, uy tín, nhân phẩm, tài sản của mình hoặc của người thân thích của mình.

**Phân tích & Hướng dẫn:**
Theo quy định trên, việc bạn bị đe dọa khi ký hợp đồng vay tiền có thể coi là hành vi đe dọa trong giao dịch dân sự. Do đó, bạn có quyền yêu cầu Tòa án tuyên bố hợp đồng vay tiền vô hiệu. Bạn cần chứng minh được hành vi đe dọa của bên khác và rằng vì lý do này, bạn không thể thực hiện hợp đồng mà không gặp thiệt hại. Nếu tòa án chấp nhận yêu cầu của bạn, hợp đồng vay tiền sẽ bị hủy bỏ và bạn có thể yêu cầu bồi thường thiệt hại do việc hủy bỏ hợp đồng.

Để đảm bảo quyền lợi của mình, bạn nên cung cấp đủ chứng cứ như lời khai"
syn_1053_1768638855_2,Tôi làm việc cho một công ty và hợp đồng lao động của tôi đã được ký bằng hình thức điện tử. Điều này có được coi là hợp lệ không?,Điều 14 - Bộ luật Lao động 2019,True,1.0,0.6340933767643865,"**Căn cứ pháp lý:** 
--- [Tài liệu 1] ---
Văn bản: Bộ luật Lao động 2019
Nội dung: Điều 14. Hình thức hợp đồng lao động 1. Hợp đồng lao động phải được giao kết bằng văn bản và được làm thành 02 bản, người lao động giữ 01 bản, người sử dụng lao động giữ 01 bản, trừ trường hợp quy định tại khoản 2 Điều này. Hợp đồng lao động được giao kết thông qua phương tiện điện tử dưới hình thức thông điệp dữ liệu theo quy định của pháp luật về giao dịch điện tử có giá trị như hợp đồng lao động bằng văn bản. 2. Hai bên có thể giao kết hợp đồng lao động bằng lời nói đối với hợp đồng có thời hạn dưới 01 tháng, trừ trường hợp quy định tại khoản 2 Điều 18, điểm a khoản 1 Điều 145 và khoản 1 Điều 162 của Bộ luật này.

**Nội dung quy định:**
Hợp đồng lao động được giao kết thông qua phương tiện điện tử dưới hình thức thông điệp dữ liệu theo quy định của pháp luật về giao dịch điện tử có giá trị như hợp đồng lao động bằng văn bản.

**Phân tích & Hướng dẫn:**
Theo Điều 14 của Bộ Luật Lao động 2019, hợp đồng lao động có thể được giao kết thông qua phương tiện điện tử dưới hình thức thông điệp dữ liệu, khi được quy định bởi pháp luật về giao dịch điện tử. Điều này mở rộng khả năng giao kết hợp đồng lao động không chỉ bằng văn bản mà còn bằng cách sử dụng các phương tiện điện tử phù hợp. 

Trong trường hợp của bạn, hợp đồng lao động đã được ký bằng hình thức điện tử. Theo quy định trên, nếu hình thức ký kết bằng điện tử tuân thủ quy định của pháp luật về giao dịch điện tử, thì việc ký kết hợp đồng bằng hình thức điện tử là hoàn toàn hợp lệ và tuân thủ pháp luật Việt Nam. 

Tuy nhiên, bạn cần đảm bảo rằng:

1. Phương thức điện tử được sử dụng để ký kết hợp đồng phải tuân thủ các quy định về giao dịch điện tử.
2. Hợp đồng điện tử phải có"
syn_584_1768632117,"Tôi đã chuyển nhượng quyền yêu cầu một khoản nợ cho một người khác, nhưng bên nợ không trả. Tôi có phải chịu trách nhiệm gì không?",Điều 367 - Bộ luật Dân sự 2015,True,0.6666666666666666,0.4374209860935525,"**CĂN CỨ PHÁP LUẬT THAM KHẢO:**
---
[Tài liệu 1] Bộ luật Dân sự 2015 - Điều 367
---
[Tài liệu 2] Bộ luật Dân sự 2015 - Điều 450
---
[Tài liệu 3] Bộ luật Dân sự 2015 - Điều 283

**Căn cứ pháp lý:**
- Điều 367 của Bộ Luật Dân sự 2015 - Điều 367 quy định: ""Không chịu trách nhiệm sau khi chuyển giao quyền yêu cầu Người chuyển giao quyền yêu cầu không phải chịu trách nhiệm về khả năng thực hiện nghĩa vụ của bên có nghĩa vụ sau khi chuyển giao quyền yêu cầu, trừ trường hợp có thỏa thuận khác.""

- Điều 450 của Bộ Luật Dân sự 2015 - Điều 450 quy định: ""1. Trường hợp mua bán quyền tài sản thì bên bán phải chuyển giấy tờ và làm thủ tục chuyển quyền sở hữu cho bên mua, bên mua phải trả tiền cho bên bán. 2. Trường hợp quyền tài sản là quyền đòi nợ và bên bán cam kết bảo đảm khả năng thanh toán của người mắc nợ thì bên bán phải liên đới chịu trách nhiệm thanh toán, nếu khi đến hạn mà người mắc nợ không trả. 3. Thời điểm chuyển quyền sở hữu đối với quyền tài sản là thời điểm bên mua nhận được giấy tờ về quyền sở hữu đối với quyền tài sản đó hoặc từ thời điểm đăng ký việc chuyển quyền sở hữu, nếu pháp luật có quy định.""

- Điều 283 của Bộ Luật Dân sự 2015 - Điều 283 quy định: ""Khi được bên có quyền đồng ý, bên có nghĩa vụ có thể ủy quyền cho người thứ ba thay mình thực hiện nghĩa vụ nhưng vẫn phải chịu trách nhiệm với bên có quyền, nếu người thứ ba không thực hiện hoặc thực hiện không đúng nghĩa vụ.""

**Phân tích & Hướng dẫn:**
Theo căn cứ pháp lý trên, bạn đã chuyển giao quyền yêu cầu một khoản nợ cho người khác. Tuy nhiên, trong trường hợp này, điều kiện chuyển giao quyền yêu cầu chỉ không gây ra trách nhiệm cho bên chuyển giao quyền yêu cầu (theo Điều 367 Bộ Luật Dân sự 20"
syn_962_1768634552,Tôi biết rằng chồng tôi đã có hành vi bạo lực gia đình và điều này đã ảnh hưởng nghiêm trọng đến sức khỏe và tinh thần của tôi. Tôi có thể xin ly hôn không?,Điều 56 - Luật Hôn nhân và Gia đình 2014,True,1.0,0.6842105263157895,"**Căn cứ pháp lý:** 
Điều 56. Ly hôn theo yêu cầu của một bên - Luật Hôn nhân và Gia đình 2014

**Nội dung quy định:**
1. Khi vợ hoặc chồng yêu cầu ly hôn mà hòa giải tại Tòa án không thành thì Tòa án giải quyết cho ly hôn nếu có căn cứ về việc vợ, chồng có hành vi bạo lực gia đình hoặc vi phạm nghiêm trọng quyền, nghĩa vụ của vợ, chồng làm cho hôn nhân lâm vào tình trạng trầm trọng, đời sống chung không thể kéo dài, mục đích của hôn nhân không đạt được.
2. Trong trường hợp vợ hoặc chồng của người bị Tòa án tuyên bố mất tích yêu cầu ly hôn thì Tòa án giải quyết cho ly hôn.
3. Trong trường hợp có yêu cầu ly hôn theo quy định tại khoản 2 Điều 51 của Luật này thì Tòa án giải quyết cho ly hôn nếu có căn cứ về việc chồng, vợ có hành vi bạo lực gia đình làm ảnh hưởng nghiêm trọng đến tính mạng, sức khỏe, tinh thần của người kia.

**Phân tích & Hướng dẫn:**
Theo quy định tại Điều 56 của Luật Hôn nhân và Gia đình 2014, bạn có quyền yêu cầu ly hôn nếu có căn cứ về việc chồng bạn có hành vi bạo lực gia đình làm ảnh hưởng nghiêm trọng đến sức khỏe và tinh thần của bạn. 

Như vậy, vì chồng bạn đã có hành vi bạo lực gia đình và đó đã gây ra hậu quả nghiêm trọng đến sức khỏe và tinh thần của bạn, bạn hoàn toàn có đủ căn cứ để yêu cầu ly hôn. Bạn nên liên hệ với Tòa án để khởi kiện yêu cầu ly hôn, đồng thời cung cấp đầy đủ các bằng chứng chứng minh hành vi bạo lực gia đình của chồng bạn.

Lưu ý rằng, khi nộp đơn yêu cầu ly hôn, bạn cần đảm bảo rằng đã thu thập đủ bằng chứng về hành vi bạo lực gia đình của chồng, bao gồm nhưng không giới hạn ở video, lời khai của nhân chứng, giấy tờ y tế chứng minh hậu quả sức khỏe và tinh thần bị ảnh hưởng, và các tài liệu khác liên quan. 

Ngoài ra, bạn cũng nên xem xét việc yêu cầu Tòa án áp dụng biện pháp khắc phục hậu quả bạo lực gia đình"
syn_312_1768630229,"Công ty tôi đã nợ ngân hàng và không còn khả năng thanh toán, nhưng tôi không biết bắt đầu từ đâu để tiến hành thủ tục phá sản.",Điều 95 - Bộ luật Dân sự 2015,False,1.0,0.29232995658465993,"**Căn cứ pháp lý:**
--- [Tài liệu 1] ---
Văn bản: Luật Doanh nghiệp 2020
Nội dung: Điều 208. Trình tự, thủ tục giải thể doanh nghiệp

**Nội dung quy định:**
Điều 208 của Luật Doanh nghiệp 2020 quy định về trình tự và thủ tục giải thể doanh nghiệp, cụ thể là:
1. Thông qua nghị quyết, quyết định giải thể doanh nghiệp.
2. Chủ doanh nghiệp tư nhân, Hội đồng thành viên hoặc chủ sở hữu công ty, Hội đồng quản trị trực tiếp tổ chức thanh lý tài sản doanh nghiệp.
3. Gửi thông qua Cơ quan đăng ký kinh doanh, cơ quan thuế, người lao động trong doanh nghiệp.
4. Cơ quan đăng ký kinh doanh thông báo tình trạng doanh nghiệp đang làm thủ tục giải thể trên Cổng thông tin quốc gia về đăng ký doanh nghiệp.
5. Thanh toán các khoản nợ theo thứ tự ưu tiên.
6. Chia phần còn lại cho chủ doanh nghiệp tư nhân, các thành viên, cổ đông hoặc chủ sở hữu công ty theo tỷ lệ sở hữu phần vốn góp, cổ phần.
7. Người đại diện theo pháp luật của doanh nghiệp gửi hồ sơ giải thể doanh nghiệp cho Cơ quan đăng ký kinh doanh.

**Phân tích & Hướng dẫn:**
Theo quy định tại Điều 208 của Luật Doanh nghiệp 2020, nếu Công ty bạn đã nợ ngân hàng và không còn khả năng thanh toán, bạn cần khởi động quá trình giải thể doanh nghiệp theo quy định. Đầu tiên, bạn cần thông qua một nghị quyết hoặc quyết định giải thể doanh nghiệp, bao gồm các thông tin như tên và địa chỉ trụ sở chính của doanh nghiệp, lý do giải thể, thời hạn và thủ tục thanh lý hợp đồng và thanh toán các khoản nợ, phương án xử lý nghĩa vụ phát sinh từ hợp đồng lao động, và thông tin cá nhân của người đứng đầu doanh nghiệp.

Sau đó, bạn cần tổ chức thanh lý tài sản doanh nghiệp theo quy định và gửi thông qua Cơ quan đăng ký kinh doanh, cơ quan thuế, và người lao động trong doanh nghiệp. Cơ quan đăng ký k"
syn_305_1768630179,"Nếu công ty tôi hợp nhất với một công ty khác, quyền lợi và nghĩa vụ của công ty cũ sẽ được chuyển giao như thế nào?",Điều 88 - Bộ luật Dân sự 2015,False,0.6666666666666666,0.322508398656215,"**Căn cứ pháp lý:**
--- [Tài liệu 1] ---
Văn bản: Luật Doanh nghiệp 2020
Nội dung: Điều 200. Hợp nhất công ty

**Nội dung quy định:**
1. Hai hoặc một số công ty (sau đây gọi là công ty bị hợp nhất) có thể hợp nhất thành một công ty mới (sau đây gọi là công ty hợp nhất), đồng thời chấm dứt tồn tại của các công ty bị hợp nhất.
2. Thủ tục hợp nhất công ty được quy định như sau: a) Công ty bị hợp nhất chuẩn bị hợp đồng hợp nhất, dự thảo Điều lệ công ty hợp nhất. Hợp đồng hợp nhất phải gồm các nội dung chủ yếu sau: tên, địa chỉ trụ sở chính của công ty bị hợp nhất; tên, địa chỉ trụ sở chính của công ty hợp nhất; thủ tục và điều kiện hợp nhất; phương án sử dụng lao động; thời hạn, thủ tục và điều kiện chuyển đổi tài sản, chuyển đổi phần vốn góp, cổ phần, trái phiếu của công ty bị hợp nhất thành phần vốn góp, cổ phần, trái phiếu của công ty hợp nhất; thời hạn thực hiện hợp nhất; b) Các thành viên, chủ sở hữu công ty hoặc cổ đông của công ty bị hợp nhất thông qua hợp đồng hợp nhất, Điều lệ công ty hợp nhất, bầu hoặc bổ nhiệm Chủ tịch Hội đồng thành viên, Chủ tịch công ty, Hội đồng quản trị, Giám đốc hoặc Tổng giám đốc công ty hợp nhất và tiến hành đăng ký doanh nghiệp đối với công ty hợp nhất theo quy định của Luật này. Hợ đồng hợp nhất phải được gửi đến các chủ nợ và thông báo cho người lao động biết trong thời hạn 15 ngày kể từ ngày thông qua.
3. Công ty bị hợp nhất phải bảo đảm tuân thủ quy định của Luật Cạnh tranh về hợp nhất công ty.
4. Sau khi công ty hợp nhất đăng ký doanh nghiệp, công ty bị hợp nhất chấm dứt tồn tại; công ty hợp nhất được hưởng quyền và lợi ích hợp pháp, chịu trách nhiệm về các nghĩa vụ, các khoản nợ chưa thanh toán, hợp đồng lao động và các nghĩa vụ tài sản khác của các công ty bị hợp nhất. Công ty hợp nhất đương nhiên kế thừa toàn bộ quyền, nghĩa vụ và lợi ích hợp pháp của các công ty bị hợp nhất theo hợp"
syn_848_1768633796,"Tôi muốn lập di chúc để lại tài sản cho các con, nhưng không biết nội dung cần có trong di chúc là gì?",Điều 631 - Bộ luật Dân sự 2015,True,0.0,0.6761487964989059,"**CĂN CỨ PHÁP LUẬT THAM KHẢO:**

--- [Tài liệu 1] ---
Văn bản: Bộ luật Dân sự 2015
Nội dung: Điều 631. Nội dung của di chúc 1. Di chúc gồm các nội dung chủ yếu sau: a) Ngày, tháng, năm lập di chúc; b) Họ, tên và nơi cư trú của người lập di chúc; c) Họ, tên người, cơ quan, tổ chức được hưởng di sản; d) Di sản để lại và nơi có di sản. 2. Ngoài các nội dung quy định tại khoản 1 Điều này, di chúc có thể có các nội dung khác. 3. Di chúc không được viết tắt hoặc viết bằng ký hiệu, nếu di chúc gồm nhiều trang thì mỗi trang phải được ghi số thứ tự và có chữ ký hoặc điểm chỉ của người lập di chúc. Trường hợp di chúc có sự tẩy xóa, sửa chữa thì người tự viết di chúc hoặc người làm chứng di chúc phải ký tên bên cạnh chỗ tẩy xóa, sửa chữa.

--- [Tài liệu 2] ---
Văn bản: Bộ luật Dân sự 2015
Nội dung: Điều 648. Giải thích nội dung di chúc Trường hợp nội dung di chúc không rõ ràng dẫn đến nhiều cách hiểu khác nhau thì những người thừa kế theo di chúc phải cùng nhau giải thích nội dung di chúc dựa trên ý nguyện đích thực trước đây của người chết, có xem xét đến mối quan hệ của người chết với người thừa kế theo di chúc. Khi những người này không nhất trí về cách hiểu nội dung di chúc thì có quyền yêu cầu Tòa án giải quyết. Trường hợp có một phần nội dung di chúc không giải thích được nhưng không ảnh hưởng đến các phần còn lại của di chúc thì chỉ phần không giải thích được không có hiệu lực. Chương XXIII THỪA KẾ THEO PHÁP LUẬT

--- [Tài liệu 3] ---
Văn bản: Bộ luật Dân sự 2015
Nội dung: Điều 630. Di chúc hợp pháp 1. Di chúc hợp pháp phải có đủ các điều kiện sau đây: a) Người lập di chúc"
syn_323_1768630321,Tôi vừa mua một chiếc ô tô và tôi muốn biết liệu tôi có phải đăng ký quyền sở hữu chiếc ô tô này hay không?,Điều 106 - Bộ luật Dân sự 2015,True,0.6666666666666666,0.4207920792079207,"**CĂN CỨ PHÁP LUẬT THAM KHẢO:**

- **Tài liệu 1:** Bộ luật Dân sự 2015 - Điều 106 (Quy định về đăng ký tài sản)
- **Tài liệu 2:** Luật Hôn nhân và Gia đình 2014 - Điều 34 (Quy định về đăng ký quyền sở hữu, quyền sử dụng tài sản chung)

**Nội dung quy định:**

1. Theo Điều 106 của Bộ luật Dân sự 2015, quyền sở hữu, quyền khác đối với tài sản là bất động sản được đăng ký theo quy định của Bộ luật này và pháp luật về đăng ký tài sản.
   
2. Theo Điều 34 của Luật Hôn nhân và Gia đình 2014, trong trường hợp tài sản thuộc sở hữu chung của vợ chồng mà pháp luật quy định phải đăng ký quyền sở hữu, quyền sử dụng thì giấy chứng nhận quyền sở hữu, giấy chứng nhận quyền sử dụng phải ghi tên cả hai vợ chồng, trừ trường hợp vợ chồng có thỏa thuận khác.

**Phân tích & Hướng dẫn:**

Để trả lời câu hỏi của bạn, chúng ta cần xem xét hai yếu tố chính:

1. **Loại tài sản:** Bạn đã mua một chiếc ô tô. Ô tô là tài sản động sản, không phải là bất động sản. Theo Điều 106 của Bộ luật Dân sự 2015, quyền sở hữu đối với tài sản động sản không bắt buộc phải đăng ký.

2. **Hành vi mua bán:** Bạn mua chiếc ô tô. Theo Điều 34 của Luật Hôn nhân và Gia đình 2014, chỉ khi tài sản thuộc sở hữu chung của vợ chồng và pháp luật quy định phải đăng ký quyền sở hữu, quyền sử dụng mới cần ghi tên cả hai vợ chồng trên giấy chứng nhận quyền sở hữu. Trong trường hợp này, không có thông tin cho thấy tài sản thuộc sở hữu chung của vợ chồng và không có quy định cụ thể về việc đăng ký quyền sở hữu ô tô.

Từ phân tích trên, chúng ta có thể kết luận rằng:

- Bạn không bắt buộc phải đăng ký quyền sở hữu chiếc ô tô này theo quy định của pháp luật hiện hành.
- Tuy nhiên, việc đăng ký quyền sở hữu vẫn là một"
syn_82_1768628354,"Nếu tôi phát hiện ra rằng một thành viên trong Hội đồng thành viên đang lạm dụng thông tin của công ty để tư lợi cá nhân, tôi nên làm gì để báo cáo tình huống này?",Điều 83 - Luật Doanh nghiệp 2020,False,1.0,0.4601113172541744,"**Căn cứ pháp lý:**
---
[Như trên, trích dẫn từ Điều 97 và Điều 166 của Luật Doanh nghiệp 2020]

**Nội dung quy định:**
---
**Điều 97 của Luật Doanh nghiệp 2020** quy định về trách nhiệm của thành viên Hội đồng thành viên, trong đó có điểm 4: ""Thông báo kịp thời, đầy đủ, chính xác cho doanh nghiệp về doanh nghiệp mà mình làm chủ hoặc có cổ phần, phần vốn góp chi phối và doanh nghiệp mà người có liên quan của mình làm chủ, cùng sở hữu hoặc sở hữu riêng cổ phần, phần vốn góp chi phối.""

**Điều 166 của Luật Doanh nghiệp 2020** quy định về quyền khởi kiện đối với thành viên Hội đồng quản trị, Giám đốc, Tổng giám đốc, trong đó có điểm 4: ""Lạm dụng địa vị, chức vụ và sử dụng thông tin, bí quyết, cơ hội kinh doanh, tài sản khác của công ty để tư lợi hoặc phục vụ lợi ích của tổ chức, cá nhân khác.""

**Nội dung quy định:**

**Phân tích & Hướng dẫn:**
---
Theo quy định tại Điều 97 và Điều 166 của Luật Doanh nghiệp 2020, bạn cần thực hiện các bước sau để báo cáo tình huống lạm dụng thông tin của công ty để tư lợi cá nhân:

1. **Thông báo kịp thời, đầy đủ, chính xác:** Theo quy định tại Điều 97, bạn cần thông báo cho công ty về các doanh nghiệp mà thành viên Hội đồng thành viên bạn đang nắm giữ cổ phần, phần vốn góp chi phối. Đây là một bước đầu tiên cần thực hiện để đảm bảo rằng công ty biết về mối quan hệ này.

2. **Báo cáo cho cơ quan đại diện chủ sở hữu:** Theo quy định tại Điều 97, bạn cần thông báo cho cơ quan đại diện chủ sở hữu về tình huống này. Cơ quan đại diện chủ sở hữu có trách nhiệm tiếp nhận thông tin và đưa ra những biện pháp cần thiết.

3. **Báo cáo cho cơ quan quản lý nhà nước:** Theo quy định tại Điều 166, nếu bạn phát hiện ra rằng thành viên Hội đồng thành viên đang lạm dụng thông tin của công ty để tư lợi cá"
syn_1128_1768639234_0,Tôi là chủ một công ty nhỏ và đang thương lượng thỏa ước lao động tập thể với công đoàn. Vậy chi phí cho việc thương lượng và ký kết thỏa ước này ai sẽ phải chi trả?,Điều 89 - Bộ luật Lao động 2019,True,1.0,0.5916030534351145,"**Căn cứ pháp lý:**
--- [Tài liệu 1] ---
Văn bản: Bộ luật Lao động 2019
Nội dung: Điều 89. Chi phí thương lượng, ký kết thỏa ước lao động tập thể Mọi chi phí cho việc thương lượng, ký kết, sửa đổi, bổ sung, gửi và công bố thỏa ước lao động tập thể do phía người sử dụng lao động chi trả. Chương VI TIỀN LƯƠNG

**Nội dung quy định:**
Điều 89 của Bộ Luật Lao động 2019 quy định rằng mọi chi phí cho việc thương lượng, ký kết, sửa đổi, bổ sung, gửi và công bố thỏa ước lao động tập thể đều do phía người sử dụng lao động chi trả.

**Phân tích & Hướng dẫn:**
Theo quy định tại Điều 89 của Bộ Luật Lao động 2019, tất cả các chi phí liên quan đến việc thương lượng và ký kết thỏa ước lao động tập thể đều thuộc trách nhiệm và chi trả của phía người sử dụng lao động. Do đó, nếu bạn là chủ công ty nhỏ và đang thương lượng thỏa ước lao động tập thể với công đoàn, thì tất cả các chi phí liên quan đến quá trình thương lượng và ký kết thỏa ước này sẽ do bạn, người sử dụng lao động, phải chi trả."
syn_1217_1768639768_0,Tôi là đại diện cho một nhóm công nhân tại công ty và chúng tôi đang gặp khó khăn trong việc thương lượng về mức lương. Tôi muốn biết liệu bên công ty có quyền từ chối tham gia thương lượng với chúng tôi không?,Điều 178 - Bộ luật Lao động 2019,False,1.0,0.4236641221374046,"**Căn cứ pháp lý:** 
- Điều 69, Điều 70, Điều 68 - Bộ Luật Lao động 2019

**Nội dung quy định:**
- Theo Điều 69 của Bộ Luật Lao động 2019, mỗi bên (công nhân và công ty) có quyền mời tổ chức đại diện cấp trên của mình cử người tham gia là đại diện thương lượng và bên kia không được từ chối. Đại diện thương lượng tập thể của mỗi bên không được vượt quá số lượng quy định tại khoản 1 Điều này, trừ trường hợp được bên kia đồng ý.
- Theo Điều 70, khi có yêu cầu thương lượng tập thể của tổ chức đại diện người lao động tại cơ sở, bên nhận được yêu cầu không được từ chối việc thương lượng. 

**Phân tích & Hướng dẫn:**
Theo quy định của Bộ Luật Lao động 2019, bên công ty không được từ chối việc tham gia thương lượng tập thể với tổ chức đại diện người lao động nếu có yêu cầu thương lượng tập thể từ phía tổ chức đại diện người lao động. Điều này bao gồm cả trường hợp khi tổ chức đại diện người lao động mời tổ chức đại diện cấp trên của mình cử người tham gia là đại diện thương lượng tập thể.

Vì vậy, trong trường hợp của bạn, nếu tổ chức đại diện người lao động tại công ty đã mời tổ chức đại diện cấp trên của mình cử người tham gia thương lượng tập thể, thì bên công ty không có quyền từ chối tham gia thương lượng. Bạn nên liên hệ với tổ chức đại diện cấp trên của công ty để xem xét việc cử người tham gia thương lượng tập thể và đảm bảo rằng mọi bước đi đều tuân thủ các quy định của Bộ Luật Lao động 2019."
syn_975_1768634652,"Gia đình tôi gặp khó khăn tài chính, tôi có thể yêu cầu con tôi làm việc để giúp đỡ gia đình không, hay điều đó có vi phạm pháp luật?",Điều 69 - Luật Hôn nhân và Gia đình 2014,False,0.6666666666666666,0.3920792079207921,"**CĂN CỨ PHÁP LUẬT THAM KHẢO:**
---
[Văn bản: Luật Hôn nhân và Gia đình 2014]
[Nội dung: Điều 70. Quyền và nghĩa vụ của con]

**CÂU HỎI:**
Gia đình tôi gặp khó khăn tài chính, tôi có thể yêu cầu con tôi làm việc để giúp đỡ gia đình không, hay điều đó có vi phạm pháp luật?

**TRẢ LỜI:**

**Căn cứ pháp lý:**
Điều 70 của Luật Hôn nhân và Gia đình 2014 quy định về quyền và nghĩa vụ của con. Theo điều này, con có nghĩa vụ tham gia công việc gia đình, lao động, sản xuất, tạo thu nhập nhằm bảo đảm đời sống chung của gia đình. Điều này cho thấy con có quyền và nghĩa vụ tham gia vào công việc gia đình, bao gồm cả việc lao động.

**Nội dung quy định:**
1. Được cha mẹ thương yêu, tôn trọng, thực hiện các quyền, lợi ích hợp pháp về nhân thân và tài sản theo quy định của pháp luật;
2. Được học tập và giáo dục;
3. Được phát triển lành mạnh về thể chất, trí tuệ và đạo đức;
4. Có bổn phận yêu quý, kính trọng, biết ơn, hiếu thảo, phụng dưỡng cha mẹ, giữ gìn danh dự, truyền thống tốt đẹp của gia đình;
5. Con chưa thành niên, con đã thành niên mất năng lực hành vi dân sự hoặc không có khả năng lao động và không có tài sản để tự nuôi mình thì có quyền sống chung với cha mẹ, được cha mẹ trông nom, nuôi dưỡng, chăm sóc. Con chưa thành niên tham gia công việc gia đình phù hợp với lứa tuổi và không trái với quy định của pháp luật về bảo vệ, chăm sóc và giáo dục trẻ em. Con đã thành niên có quyền tự do lựa chọn nghề nghiệp, nơi cư trú, học tập, nâng cao trình độ văn hóa, chuyên môn, nghiệp vụ; tham gia hoạt động chính trị, kinh tế, văn hóa, xã hội theo nguyện vọng và khả năng của mình. Khi sống cùng với cha mẹ, con có nghĩa vụ tham gia công việc gia đình, lao động, sản xuất, tạo thu nhập nhằm bảo đảm đời sống ch"
syn_912_1768634214,"Tôi và vợ tôi đang có tranh chấp về tài sản trong thời kỳ hôn nhân, nhưng chúng tôi không tìm thấy quy định nào cụ thể trong Luật Hôn nhân và Gia đình. Vậy chúng tôi có thể áp dụng quy định nào từ Bộ luật dân sự không?",Điều 6 - Luật Hôn nhân và Gia đình 2014,True,0.6666666666666666,0.47550776583034643,"**Căn cứ pháp lý:**
--- [Tài liệu 1] ---
Văn bản: Luật Hôn nhân và Gia đình 2014
Nội dung: Điều 60. Giải quyết quyền, nghĩa vụ tài sản của vợ chồng đối với người thứ ba khi ly hôn 1. Quyền, nghĩa vụ tài sản của vợ chồng đối với người thứ ba vẫn có hiệu lực sau khi ly hôn, trừ trường hợp vợ chồng và người thứ ba có thỏa thuận khác. 2. Trong trường hợp có tranh chấp về quyền, nghĩa vụ tài sản thì áp dụng quy định tại các điều 27, 37 và 45 của Luật này và quy định của Bộ luật dân sự để giải quyết.

--- [Tài liệu 2] ---
Văn bản: Luật Hôn nhân và Gia đình 2014
Nội dung: Điều 6. Áp dụng quy định của Bộ luật dân sự và các luật khác có liên quan Các quy định của Bộ luật dân sự và các luật khác có liên quan đến quan hệ hôn nhân và gia đình được áp dụng đối với quan hệ hôn nhân và gia đình trong trường hợp Luật này không quy định.

**Phân tích & Hướng dẫn:**

Theo Điều 6 của Luật Hôn nhân và Gia đình 2014, quy định về việc áp dụng Bộ luật dân sự và các luật khác có liên quan đến quan hệ hôn nhân và gia đình. Điều này cho thấy rằng nếu Luật Hôn nhân và Gia đình 2014 không quy định rõ về một vấn đề cụ thể, thì quy định từ Bộ luật dân sự sẽ được áp dụng thay thế.

Trong trường hợp của bạn và vợ, nếu không tìm thấy quy định cụ thể trong Luật Hôn nhân và Gia đình 2014 về giải quyết tranh chấp tài sản trong thời kỳ hôn nhân, bạn có thể áp dụng các quy định từ Bộ luật dân sự. Điều 60 của Luật Hôn nhân và Gia đình 2014 chỉ nhắc đến trường hợp giải quyết quyền, nghĩa vụ tài sản của vợ chồng đối với người thứ ba sau khi ly hôn, nhưng không đưa ra quy định chi tiết về việc giải quyết tranh chấp tài sản trong thời kỳ hôn nhân. 

Do đó, bạn và vợ có thể áp dụng các quy định về tài sản chung, nghĩa vụ tài sản và tran"
syn_1296_1768640284_0,"Tôi là một chủ doanh nghiệp nhỏ và gần đây tôi đã bị khởi tố vì một lỗi vi phạm trong báo cáo thuế. Nếu tôi bị kết án, mức phạt tiền có thể là bao nhiêu và có cách nào để giảm mức phạt không?",Điều 35 - Bộ luật Hình sự (Văn bản hợp nhất 2017),False,1.0,0.40913811007268946,"**Căn cứ pháp lý:** 
- Điều 200. Tội trốn thuế - Bộ luật Hình sự (Văn bản hợp nhất 2017)

**Nội dung quy định:**
Theo Điều 200, người bị truy cứu trách nhiệm hình sự về tội trốn thuế sẽ bị phạt tiền từ 100.000.000 đồng đến 500.000.000 đồng hoặc phạt tù từ 03 tháng đến 01 năm. 

Đối với các trường hợp cụ thể như người đã bị xử phạt vi phạm hành chính về hành vi trốn thuế hoặc đã bị kết án về tội này trước đó, mức phạt sẽ tăng lên. 

- Điều 77. Phạt tiền - Bộ luật Hình sự (Văn bản hợp nhất 2017)
Điều này quy định mức phạt tiền đối với pháp nhân thương mại phạm tội, cụ thể là từ 50.000.000 đồng đến 200.000.000 đồng.

- Điều 63. Giảm mức hình phạt đã tuyên - Bộ luật Hình sự (Văn bản hợp nhất 2017)
Điều này quy định các quy định về việc giảm mức hình phạt đã tuyên cho những người bị kết án hình phạt tù.

**Phân tích & Hướng dẫn:**

1. **Mức phạt tiền:**
   - Theo Điều 200, nếu bạn là cá nhân, mức phạt tiền tối đa là 500.000.000 đồng hoặc phạt tù tối đa 1 năm.
   - Nếu bạn là pháp nhân thương mại, mức phạt tiền tối đa là 200.000.000 đồng.
   
2. **Cách giảm mức phạt:**
   - **Giảm mức phạt tiền:** Theo Điều 63, nếu bạn đã chấp hành một phần hình phạt, có tiến bộ và bồi thường được một phần nghĩa vụ dân sự, Tòa án có thể quyết định giảm mức phạt tiền. Thời gian chấp hành hình phạt để được xét giảm lần đầu là một phần ba thời hạn đối với hình phạt cải tạo không giam giữ, hình phạt tù có thời hạn, 12 năm đối với tù chung thân.
   - **Giảm hình phạt tù:** Nếu bạn là cá nhân, mức tối đa là"
syn_1087_1768639029_2,Công ty của tôi đã thông báo sẽ sáp nhập với một công ty khác. Tôi muốn biết quyền lợi của tôi có bị ảnh hưởng và thời gian nào để tôi nhận đủ các khoản thanh toán không?,Điều 48 - Bộ luật Lao động 2019,True,1.0,0.3799830364715861,"**Căn cứ pháp lý:**
Điều 201, Điều 71, Điều 48 - Luật Doanh nghiệp 2020 và Bộ Luật Lao động 2019

**Nội dung quy định:**
Theo Điều 201 của Luật Doanh nghiệp 2020, công ty bị sáp nhập có quyền lợi và nghĩa vụ như sau:
- Được hưởng các quyền và lợi ích hợp pháp của công ty.
- Thanh toán đầy đủ các khoản nợ chưa thanh toán, hợp đồng lao động và nghĩa vụ tài sản khác trước khi chấm dứt.
- Các công ty nhận sáp nhập đương nhiên kế thừa toàn bộ quyền, nghĩa vụ và lợi ích hợp pháp của công ty bị sáp nhập theo hợp đồng sáp nhập.

Mặt khác, theo Điều 71 của Luật Doanh nghiệp 2020, người quản lý công ty có trách nhiệm thông báo về các doanh nghiệp mà họ làm chủ hoặc có sở hữu cổ phần. Điều 48 Bộ Luật Lao động 2019 quy định rằng trong trường hợp doanh nghiệp bị chấm dứt hoạt động, người sử dụng lao động có trách nhiệm thanh toán đầy đủ các khoản tiền có liên quan đến quyền lợi của người lao động.

**Phân tích & Hướng dẫn:**
Khi công ty của bạn thông báo sẽ sáp nhập với một công ty khác, bạn cần lưu ý rằng các quyền lợi của bạn sẽ được bảo vệ bởi các quy định pháp luật. Theo Điều 201 của Luật Doanh nghiệp 2020, bạn vẫn sẽ được hưởng đầy đủ quyền lợi của công ty trước khi sáp nhập, bao gồm việc nhận đủ các khoản thanh toán.

Tuy nhiên, quy trình sáp nhập có thể kéo dài vài tuần tùy thuộc vào thủ tục cụ thể và thời gian để các bên liên quan thông qua hợp đồng và thông báo. Theo Điều 48 của Bộ Luật Lao động 2019, người sử dụng lao động có trách nhiệm thanh toán đầy đủ các khoản tiền có liên quan đến quyền lợi của người lao động trước khi chấm dứt hợp đồng. 

Việc thông báo về các doanh nghiệp mà bạn làm chủ hay sở hữu cũng cần tuân theo quy định tại Điều 71 của Luật Doanh nghiệp 2020, đảm"
syn_1508_1768642013_0,Tôi là chủ một quán cà phê và gần đây có khách hàng bị bắt vì sử dụng ma túy trong quán của tôi. Tôi không biết họ sử dụng ma túy và đã cho họ thuê chỗ ngồi. Tôi có bị truy cứu trách nhiệm hình sự không?,Điều 256 - Bộ luật Hình sự (Văn bản hợp nhất 2017),True,0.0,0.6794871794871795,"**CĂN CỨ PHÁP LUẬT THAM KHẢO:**
---
--- [Tài liệu 1] ---
Văn bản: Bộ luật Hình sự (Văn bản hợp nhất 2017)
Nội dung: Điều 256. Tội chứa chấp việc sử dụng trái phép chất ma túy 1. Người nào cho thuê, cho mượn địa điểm hoặc có bất kỳ hành vi nào khác chứa chấp việc sử dụng trái phép chất ma túy, nếu không thuộc trường hợp quy định tại Điều 255 của Bộ luật này, thì bị phạt tù từ 02 năm đến 07 năm. 2. Phạm tội thuộc một trong các trường hợp sau đây, thì bị phạt tù từ 07 năm đến 15 năm: a) Lợi dụng chức vụ, quyền hạn; b) Phạm tội 02 lần trở lên; c) Đối với người dưới 16 tuổi; d) Đối với 02 người trở lên; đ) Tái phạm nguy hiểm. 3. Người phạm tội còn có thể bị phạt tiền từ 50.000.000 đồng đến 200.000.000 đồng hoặc tịch thu một phần hoặc toàn bộ tài sản.

--- [Tài liệu 2] ---
Văn bản: Bộ luật Hình sự (Văn bản hợp nhất 2017)
Nội dung: Điều 368. Tội truy cứu trách nhiệm hình sự người không có tội 1. Người nào có thẩm quyền mà truy cứu trách nhiệm hình sự người mà mình biết rõ là không có tội, thì bị phạt tù từ 01 năm đến 05 năm. 2. Phạm tội thuộc một trong các trường hợp sau đây, thì bị phạt tù từ 05 năm đến 10 năm: a) Truy cứu trách nhiệm hình sự về tội xâm phạm an ninh quốc gia hoặc tội khác là tội phạm đặc biệt nghiêm trọng; b) Đối với từ 02 người đến 05 người; c) Đối với người dưới 18 tuổi, phụ nữ mà biết là có thai, người già yếu; d) Gây rối loạn tâm thần và hành vi của nạn nhân mà tỷ lệ tổn thương cơ thể từ 31% đến 60%; đ) Dẫn đến việc kết án oan người vô tội về tội phạm ít nghiêm trọng"
syn_214_1768629386,Tôi là chủ doanh nghiệp và muốn biết về trách nhiệm của cơ quan nhà nước khi có quyết định xử phạt đối với công ty tôi. Ai sẽ là người chịu trách nhiệm về việc này?,Điều 215 - Luật Doanh nghiệp 2020,True,1.0,0.8214936247723132,"**Căn cứ pháp lý:**
- Văn bản: Luật Doanh nghiệp 2020
- Nội dung: Điều 215. Trách nhiệm các cơ quan quản lý nhà nước

**Nội dung quy định:**
1. Chính phủ thống nhất quản lý nhà nước đối với doanh nghiệp.
2. Bộ, cơ quan ngang Bộ chịu trách nhiệm trước Chính phủ về việc thực hiện nhiệm vụ được phân công trong quản lý nhà nước đối với doanh nghiệp.
3. Ủy ban nhân dân cấp tỉnh thực hiện quản lý nhà nước đối với doanh nghiệp trong phạm vi địa phương.
4. Bộ, cơ quan ngang Bộ và cơ quan có liên quan, Ủy ban nhân dân cấp tỉnh, trong phạm vi nhiệm vụ, quyền hạn được phân công, chịu trách nhiệm thiết lập kết nối, liên thông và chia sẻ thông tin với Cơ sở dữ liệu quốc gia về đăng ký doanh nghiệp các thông tin sau đây: a) Thông tin về giấy phép kinh doanh, giấy chứng nhận đủ điều kiện kinh doanh, chứng chỉ hành nghề, giấy chứng nhận hoặc văn bản chấp thuận về điều kiện kinh doanh đã cấp cho doanh nghiệp và quyết định xử phạt đối với hành vi vi phạm hành chính của doanh nghiệp; b) Thông tin về tình hình hoạt động và nộp thuế của doanh nghiệp từ báo cáo thuế; báo cáo tài chính của doanh nghiệp; c) Phối hợp, chia sẻ thông tin về tình hình hoạt động doanh nghiệp để nâng cao hiệu lực quản lý nhà nước.
5. Chính phủ quy định chi tiết Điều này.

**Phân tích & Hướng dẫn:**
Theo Điều 215 của Luật Doanh nghiệp 2020, trách nhiệm về quyết định xử phạt đối với doanh nghiệp do cơ quan nhà nước có thẩm quyền thực hiện. Theo đó, chính phủ, bộ, cơ quan ngang bộ, và ủy ban nhân dân cấp tỉnh đều chịu trách nhiệm về quản lý và xử phạt doanh nghiệp trong phạm vi chức năng, nhiệm vụ được phân công. 

Trong trường hợp quyết định xử phạt được đưa ra bởi một cơ quan nhà nước ở cấp Trung ương hoặc cấp tỉnh, thì chính phủ sẽ là người chịu trách nhiệm về nghĩa vụ dân sự liên quan đến quyết định xử phạt đó. 

Tuy nhiên, cần lưu ý rằng, theo Điều 190 của Luật Doanh"
syn_1296_1768640284_1,"Chồng tôi bị bắt vì tội phạm rất nghiêm trọng liên quan đến bảo vệ môi trường. Tôi lo lắng rằng nếu anh ấy bị kết án, mức phạt tiền sẽ ảnh hưởng đến tài chính gia đình chúng tôi. Liệu có thể yêu cầu xem xét tình hình tài sản của gia đình để giảm nhẹ hình phạt không?",Điều 35 - Bộ luật Hình sự (Văn bản hợp nhất 2017),False,0.6666666666666666,0.357429718875502,"**Căn cứ pháp lý:**
---
[Nhân tiện, câu hỏi của bạn liên quan đến các quy định về hình phạt trong Bộ luật Hình sự, cụ thể là Điều 245 về tội vi phạm quy định về quản lý khu bảo tồn thiên nhiên.]

**Nội dung quy định:**
---
Điều 245. Tội vi phạm quy định về quản lý khu bảo tồn thiên nhiên

1. Người nào vi phạm quy định về quản lý khu bảo tồn thiên nhiên thuộc một trong các trường hợp sau đây, thì bị phạt tiền từ 50.000.000 đồng đến 300.000.000 đồng, phạt cải tạo không giam giữ đến 03 năm hoặc phạt tù từ 06 tháng đến 03 năm:

a) Gây thiệt hại về tài sản từ 50.000.000 đồng đến dưới 200.000.000 đồng;

b) Gây thiệt hại đến cảnh quan, hệ sinh thái tự nhiên trong phân khu bảo vệ nghiêm ngặt của khu bảo tồn thiên nhiên có tổng diện tích từ 300 mét vuông (m²) đến dưới 500 mét vuông (m²);

c) Đã bị xử phạt vi phạm hành chính về một trong những hành vi này mà còn vi phạm hoặc đã bị kết án về tội này, chưa được xóa án tích mà còn vi phạm.

2. Phạm tội thuộc một trong các trường hợp sau đây, thì bị phạt tù từ 03 năm đến 07 năm:

a) Gây thiệt hại về tài sản 200.000.000 đồng trở lên;

b) Gây thiệt hại đến cảnh quan, hệ sinh thái tự nhiên trong phân khu bảo vệ nghiêm ngặt của khu bảo tồn thiên nhiên có tổng diện tích 500 mét vuông (m²) trở lên;

c) Có tổ chức;

d) Sử dụng công cụ, phương tiện, biện pháp bị cấm;

đ) Tái phạm nguy hiểm.

3. Người phạm tội còn có thể bị phạt tiền từ 10.000.000 đồng đến 100.000.000 đồng, cấm đảm nhiệm chức vụ, cấm hành nghề hoặc làm công việc nhất định từ 01 năm đến 05 năm.

4."
syn_433_1768631073,"Tôi và chị gái cùng sở hữu một mảnh đất, nhưng chị tôi muốn bán mà tôi không đồng ý. Tôi có quyền ngăn cản việc này không?",Điều 216 - Bộ luật Dân sự 2015,False,0.0,0.3054545454545455,"**CĂN CỨ PHÁP LUẬT THAM KHẢO:**
---
--- [Tài liệu 1] ---
Văn bản: Bộ luật Dân sự 2015
Nội dung: Điều 164. Biện pháp bảo vệ quyền sở hữu, quyền khác đối với tài sản 1. Chủ sở hữu, chủ thể có quyền khác đối với tài sản có quyền tự bảo vệ, ngăn chặn bất kỳ người nào có hành vi xâm phạm quyền của mình bằng những biện pháp không trái với quy định của pháp luật. 2. Chủ sở hữu, chủ thể có quyền khác đối với tài sản có quyền yêu cầu Tòa án, cơ quan nhà nước có thẩm quyền khác buộc người có hành vi xâm phạm quyền phải trả lại tài sản, chấm dứt hành vi cản trở trái pháp luật việc thực hiện quyền sở hữu, quyền khác đối với tài sản và yêu cầu bồi thường thiệt hại.

--- [Tài liệu 2] ---
Văn bản: Bộ luật Dân sự 2015
Nội dung: Điều 169. Quyền yêu cầu chấm dứt hành vi cản trở trái pháp luật đối với việc thực hiện quyền sở hữu, quyền khác đối với tài sản Khi thực hiện quyền sở hữu, quyền khác đối với tài sản, chủ thể có quyền yêu cầu người có hành vi cản trở trái pháp luật phải chấm dứt hành vi đó hoặc có quyền yêu cầu Tòa án, cơ quan nhà nước có thẩm quyền khác buộc người đó chấm dứt hành vi vi phạm.

--- [Tài liệu 3] ---
Văn bản: Bộ luật Dân sự 2015
Nội dung: Điều 171. Quyền và nghĩa vụ của chủ sở hữu, chủ thể có quyền khác đối với tài sản trong trường hợp xảy ra tình thế cấp thiết 1. Tình thế cấp thiết là tình thế của người vì muốn tránh một nguy cơ đang thực tế đe dọa trực tiếp lợi ích công cộng, quyền, lợi ích hợp pháp của mình hoặc của người khác mà không còn cách nào khác là phải có hành động gây một thiệt hại nhỏ hơn thiệt hại cần ngăn chặn. 2. Trong tình thế cấp thiết, chủ sở hữu, chủ thể có quyền khác đối với tài sản không được cản trở người khác dùng tài sản của mình hoặc cản trở người khác gây thiệt hại"
syn_1355_1768640788_1,"Cháu tôi mới 15 tuổi và đã tham gia vào một vụ trộm cắp. Nếu bị kết tội, cháu tôi phải đối mặt với hình phạt nào và liệu có khả năng nào để cháu không phải đi tù không?",Điều 100 - Bộ luật Hình sự (Văn bản hợp nhất 2017),False,1.0,0.3683241252302026,"**Căn cứ pháp lý:** 
Điều 98. Các hình phạt được áp dụng đối với người dưới 18 tuổi phạm tội - Bộ Luật Hình sự (Văn bản hợp nhất 2017)

**Nội dung quy định:**
Điều 98 quy định rằng, người dưới 18 tuổi phạm tội chỉ bị áp dụng một trong các hình phạt sau đây đối với mỗi tội phạm: cảnh cáo, phạt tiền, cải tạo không giam giữ hoặc tù có thời hạn. 

**Phân tích & Hướng dẫn:**
Theo quy định trên, cháu bạn mới 15 tuổi, nếu bị kết tội trộm cắp, cháu sẽ không thể đối mặt với hình phạt tù. Thay vào đó, hình phạt mà cháu có thể đối mặt là cảnh cáo, phạt tiền hoặc cải tạo không giam giữ. Đây đều là hình phạt nhẹ nhàng phù hợp với độ tuổi của cháu. 

Việc không phải đối mặt với hình phạt tù không đồng nghĩa với việc không cần phải chịu trách nhiệm pháp lý. Cháu cần tuân thủ các quy định về cải tạo không giam giữ, có thể là các biện pháp giáo dục và hướng dẫn để đảm bảo không tái phạm. Đồng thời, việc này cũng giúp tránh những hậu quả nghiêm trọng khác như việc ảnh hưởng đến tương lai học vấn và nghề nghiệp của cháu.

Ngoài ra, việc cháu tham gia vào vụ trộm cắp cần được giáo dục lại về ý thức đạo đức, trách nhiệm xã hội và tầm quan trọng của pháp luật. Cha mẹ và nhà trường cần hỗ trợ cháu trong quá trình này để đảm bảo cháu không tái phạm."
syn_1418_1768641306_0,"Tôi đã nộp đơn khiếu nại về việc công ty tôi không thanh toán đúng hạn cho các nhà cung cấp, nhưng giám đốc công ty đã đe dọa tôi nếu tiếp tục khiếu nại. Tôi muốn biết liệu hành động này của giám đốc có vi phạm pháp luật không?",Điều 166 - Bộ luật Hình sự (Văn bản hợp nhất 2017),True,1.0,0.7639810426540284,"**CĂN CỨ PHÁP LUẬT THAM KHẢO:**
--- [Tài liệu 1] ---
Văn bản: Bộ luật Hình sự (Văn bản hợp nhất 2017)
Nội dung: Điều 166. Tội xâm phạm quyền khiếu nại, tố cáo

**Căn cứ pháp lý:**
Điều 166. Tội xâm phạm quyền khiếu nại, tố cáo

**Nội dung quy định:**
1. Người nào thực hiện một trong các hành vi sau đây, thì bị phạt cải tạo không giam giữ đến 03 năm hoặc phạt tù từ 06 tháng đến 03 năm: a) Dùng vũ lực, đe dọa dùng vũ lực hoặc hành vi khác cản trở việc khiếu nại, tố cáo, việc xét và giải quyết khiếu nại, tố cáo hoặc việc xử lý người bị khiếu nại, tố cáo; b) Lợi dụng chức vụ, quyền hạn cản trở việc thi hành quyết định của cơ quan có thẩm quyền xét và giải quyết khiếu nại, tố cáo gây thiệt hại cho người khiếu nại, tố cáo.

2. Phạm tội thuộc một trong các trường hợp sau đây, thì bị phạt tù từ 02 năm đến 07 năm: a) Có tổ chức; b) Trả thù người khiếu nại, tố cáo; c) Lợi dụng chức vụ, quyền hạn thực hiện hành vi quy định tại điểm a khoản 1 Điều này; d) Dẫn đến biểu tình; đ) Làm người khiếu nại, tố cáo tự sát.

3. Người phạm tội còn có thể bị cấm đảm nhiệm chức vụ nhất định từ 01 năm đến 05 năm.

**Phân tích & Hướng dẫn:**

Theo Điều 166 của Bộ luật Hình sự, hành vi của giám đốc công ty có thể bị coi là vi phạm pháp luật khi xâm phạm quyền khiếu nại, tố cáo của bạn. Theo quy định tại điểm a khoản 1 Điều 166, hành vi ""Dùng vũ lực, đe dọa dùng vũ lực hoặc hành vi khác cản trở việc khiếu nại, tố cáo, việc xét và giải quyết khiếu nại, tố cáo hoặc việc xử lý người bị khiếu nại, tố cáo"" sẽ bị phạt cải"
syn_1302_1768640324_2,"Công ty tôi đang tuyển nhân viên kế toán nhưng một ứng viên đã từng bị án treo vì tội trốn thuế. Tôi thắc mắc không biết liệu người này có thể được nhận vào làm hay không, và nếu có thì trong thời gian bao lâu thì họ mới có thể làm việc trong lĩnh vực này một cách hợp pháp?",Điều 41 - Bộ luật Hình sự (Văn bản hợp nhất 2017),False,1.0,0.4150943396226415,"**Căn cứ pháp lý:**
- [Tài liệu 1] - Điều 200. Tội trốn thuế - Bộ luật Hình sự (Văn bản hợp nhất 2017)

**Nội dung quy định:**
Người nào phạm tội trốn thuế, đặc biệt là khi đã bị án treo về tội này, sẽ bị cấm đảm nhiệm chức vụ, cấm hành nghề hoặc làm công việc nhất định từ 1 năm đến 5 năm, tùy thuộc vào mức độ nghiêm trọng của tội phạm và các yếu tố khác. 

**Phân tích & Hướng dẫn:**
Theo Điều 200 của Bộ luật Hình sự, nếu một người đã bị án treo về tội trốn thuế, họ sẽ bị cấm đảm nhiệm chức vụ, cấm hành nghề hoặc làm công việc nhất định trong thời gian từ 1 năm đến 5 năm. 

Đối với trường hợp cụ thể của ứng viên kế toán đã từng bị án treo vì tội trốn thuế, có một số điểm cần lưu ý:
1. **Kết thúc thời gian cấm:** Nếu thời gian cấm đã kết thúc, người đó sẽ không còn bị cấm đảm nhiệm chức vụ, cấm hành nghề hoặc làm công việc nhất định. Tuy nhiên, điều này phụ thuộc vào thời điểm cụ thể mà người đó đã được miễn cấm.
   
2. **Thời gian thử thách sau khi hưởng án treo:** Theo Điều 65 của Bộ luật Hình sự, khi người được hưởng án treo đã chấp hành được một phần hai thời gian thử thách và có nhiều tiến bộ, Tòa án có thể quyết định rút ngắn thời gian thử thách. Do đó, người đó có thể được phép làm việc trong lĩnh vực kế toán sau khi hoàn thành một phần thời gian thử thách.

3. **Vi phạm trong thời gian thử thách:** Nếu người đó cố ý vi phạm nghĩa vụ trong thời gian thử thách, họ có thể bị bắt buộc phải chấp hành hình phạt tù đã được cho hưởng án treo.

**Hướng dẫn cho bạn:**
- Kiểm tra lịch sử án án của ứng viên để xác định thời điểm cuối cùng họ được miễn cấm.
- Đảm bảo rằng ứng viên đã hoàn thành một phần hai thời gian thử thách và có nhiều tiến bộ trong quá trình làm việc.
- Nếu cần, bạn nên yêu cầu ứng"
syn_624_1768632362,Tôi đã ký hợp đồng mua bán nhà nhưng sau đó tôi phát hiện ra rằng bên bán không có quyền sở hữu tài sản. Vậy hợp đồng của tôi có bị vô hiệu không?,Điều 407 - Bộ luật Dân sự 2015,False,0.6666666666666666,0.3411896745230078,"**CĂN CỨ PHÁP LUẬT THAM KHẢO:**
---
- **Tài liệu 1:** Bộ luật Dân sự 2015 - Điều 331. Bảo lưu quyền sở hữu
- **Tài liệu 2:** Bộ luật Dân sự 2015 - Điều 430. Hợp đồng mua bán tài sản
- **Tài liệu 3:** Bộ luật Dân sự 2015 - Điều 444. Bảo đảm quyền sở hữu của bên mua

---

**Nội dung quy định:**

**Tài liệu 1:** Theo Điều 331 của Bộ luật Dân sự 2015, bên bán có quyền bảo lưu quyền sở hữu tài sản cho đến khi nghĩa vụ thanh toán được thực hiện đầy đủ. Điều này có nghĩa là bên bán có quyền ngăn chặn bên mua từ việc chiếm hữu tài sản cho đến khi họ hoàn thành nghĩa vụ thanh toán.

**Tài liệu 2:** Điều 430 quy định về hợp đồng mua bán tài sản, khẳng định rằng hợp đồng mua bán tài sản là thỏa thuận giữa các bên, trong đó bên bán chuyển quyền sở hữu tài sản cho bên mua và bên mua trả tiền cho bên bán. 

**Tài liệu 3:** Điều 444 nói về bảo đảm quyền sở hữu của bên mua đối với tài sản mua bán. Nó yêu cầu bên bán bảo đảm rằng tài sản không bị tranh chấp bởi người thứ ba và bảo vệ quyền lợi của bên mua nếu tài sản bị tranh chấp.

---

**Phân tích & Hướng dẫn:**

Theo thông tin bạn cung cấp, hợp đồng mua bán nhà của bạn đã bị vô hiệu. Lý do là vì bên bán không có quyền sở hữu tài sản mà họ đang chuyển nhượng cho bạn. Điều này vi phạm điều 444 của Bộ luật Dân sự 2015, theo đó bên bán phải bảo đảm rằng tài sản không bị tranh chấp bởi người thứ ba và bảo vệ quyền lợi của bên mua nếu tài sản bị tranh chấp.

Điều 444 cũng nêu rõ nếu bên mua biết hoặc nên biết tài sản mua bán thuộc sở hữu của người thứ ba mà vẫn mua, họ sẽ phải trả lại tài sản cho chủ sở hữu và không có quyền yêu cầu bồi thường"
syn_1591_1768642747_1,"Vợ tôi đã từng bị kết án về tội sử dụng giấy tờ giả, và bây giờ cô ấy lại bị bắt khi bị phát hiện sử dụng một giấy tờ khác đã bị sửa chữa. Tôi muốn biết liệu cô ấy có phải đối mặt với hình phạt nặng hơn không?",Điều 340 - Bộ luật Hình sự (Văn bản hợp nhất 2017),True,0.6666666666666666,0.5623800383877159,"**CĂN CỨ PHÁP LUẬT THAM KHẢO:**
---
**[Tài liệu 1]**: Bộ luật Hình sự (Văn bản hợp nhất 2017), Điều 340
**[Tài liệu 3]**: Bộ luật Hình sự (Văn bản hợp nhất 2017), Điều 359

**Nội dung quy định:**
---
**[Tài liệu 1]**: Điều 340 quy định về tội sửa chữa và sử dụng giấy chứng nhận, tài liệu của cơ quan, tổ chức. Theo điều này, nếu người phạm tội đã từng bị xử phạt vi phạm hành chính về hành vi này hoặc đã bị kết án về tội này, chưa được xóa án tích và còn vi phạm, họ sẽ bị phạt cảnh cáo, phạt tiền từ 10.000.000 đồng đến 50.000.000 đồng, phạt cải tạo không giam giữ đến 03 năm hoặc phạt tù từ 06 tháng đến 03 năm.

**[Tài liệu 3]**: Điều 359 quy định về tội giả mạo trong công tác. Theo điều này, nếu người phạm tội vì vụ lợi hoặc động cơ cá nhân khác mà lợi dụng chức vụ, quyền hạn thực hiện hành vi sửa chữa, làm sai lệch nội dung giấy tờ, tài liệu, họ sẽ bị phạt tù từ 01 năm đến 05 năm. Nếu phạm tội thuộc một trong các trường hợp cụ thể như có tổ chức, phạm tội 02 lần trở lên, hoặc làm, cấp giấy tờ giả với số lượng lớn, họ sẽ đối mặt với hình phạt nặng hơn.

**Phân tích & Hướng dẫn:**
---
Theo quy định tại Điều 340 của Bộ Luật Hình sự, vợ bạn đã từng bị kết án về tội sử dụng giấy tờ giả, và hiện tại cô ấy đang bị bắt khi phát hiện sử dụng một giấy tờ đã bị sửa chữa. Do đó, cô ấy sẽ đối mặt với hình phạt như đã nêu trong Điều 340, tức là bị phạt cảnh cáo, phạt tiền từ 10.000.000 đồng đến 50.000.000 đồng, phạt cải tạo không giam giữ đến 03 năm hoặc phạt tù từ 06 tháng đến 03 năm.

Tuy nhiên"
syn_1038_1768638778_0,"Tôi và vợ tôi đã kết hôn từ năm 2010. Chúng tôi muốn biết rằng, nếu chúng tôi muốn ly hôn, thì các quy định nào áp dụng cho chúng tôi theo luật mới này từ năm 2015?",Điều 132 - Luật Hôn nhân và Gia đình 2014,False,0.0,0.3173803526448362,"**CĂN CỨ PHÁP LUẬT THAM KHẢO:**
---
--- [Tài liệu 1] ---
Văn bản: Luật Hôn nhân và Gia đình 2014
Nội dung: Điều 56. Ly hôn theo yêu cầu của một bên 1. Khi vợ hoặc chồng yêu cầu ly hôn mà hòa giải tại Tòa án không thành thì Tòa án giải quyết cho ly hôn nếu có căn cứ về việc vợ, chồng có hành vi bạo lực gia đình hoặc vi phạm nghiêm trọng quyền, nghĩa vụ của vợ, chồng làm cho hôn nhân lâm vào tình trạng trầm trọng, đời sống chung không thể kéo dài, mục đích của hôn nhân không đạt được. 2. Trong trường hợp vợ hoặc chồng của người bị Tòa án tuyên bố mất tích yêu cầu ly hôn thì Tòa án giải quyết cho ly hôn. 3. Trong trường hợp có yêu cầu ly hôn theo quy định tại khoản 2 Điều 51 của Luật này thì Tòa án giải quyết cho ly hôn nếu có căn cứ về việc chồng, vợ có hành vi bạo lực gia đình làm ảnh hưởng nghiêm trọng đến tính mạng, sức khỏe, tinh thần của người kia.

--- [Tài liệu 2] ---
Văn bản: Luật Hôn nhân và Gia đình 2014
Nội dung: Điều 53. Thụ lý đơn yêu cầu ly hôn 1. Tòa án thụ lý đơn yêu cầu ly hôn theo quy định của pháp luật về tố tụng dân sự. 2. Trong trường hợp không đăng ký kết hôn mà có yêu cầu ly hôn thì Tòa án thụ lý và tuyên bố không công nhận quan hệ vợ chồng theo quy định tại khoản 1 Điều 14 của Luật này; nếu có yêu cầu về con và tài sản thì giải quyết theo quy định tại Điều 15 và Điều 16 của Luật này.

--- [Tài liệu 3] ---
Văn bản: Luật Hôn nhân và Gia đình 2014
Nội dung: Điều 51. Quyền yêu cầu giải quyết ly hôn 1. Vợ, chồng hoặc cả hai người có quyền yêu cầu Tòa án giải quyết ly hôn. 2. Cha, mẹ, người thân thích khác có quyền yêu cầu Tòa án giải quyết ly hôn khi một bên vợ, chồng do bị"
syn_1251_1768639986_0,"Tôi là giám đốc một công ty mới thành lập vào năm 2022 và gần đây tôi đã gặp khó khăn trong việc tìm kiếm lao động phù hợp. Tôi muốn biết liệu tôi có thể áp dụng chính sách nào để thu hút lao động được đào tạo nghề, và pháp luật quy định như thế nào về việc sử dụng lao động đã qua đào tạo?",Điều 212 - Bộ luật Lao động 2019,True,1.0,0.5503355704697986,"**Căn cứ pháp lý:**
--- [Tài liệu 1] ---
Văn bản: Bộ luật Lao động 2019
Nội dung: Điều 212. Nội dung quản lý nhà nước về lao động 1. Theo dõi, thống kê, cung cấp thông tin về cung cầu và biến động cung, cầu lao động; quyết định chính sách tiền lương đối với người lao động; quyết định chính sách, quy hoạch, kế hoạch về nguồn nhân lực, phân bố và sử dụng lao động toàn xã hội, giáo dục nghề nghiệp, phát triển kỹ năng nghề; xây dựng khung trình độ kỹ năng nghề quốc gia, khung trình độ quốc gia Việt Nam đối với các trình độ thuộc giáo dục nghề nghiệp. Quy định danh mục nghề chỉ được sử dụng lao động đã qua đào tạo giáo dục nghề nghiệp hoặc có chứng chỉ kỹ năng nghề quốc gia.

--- [Tài liệu 3] ---
Văn bản: Bộ luật Lao động 2019
Nội dung: Điều 8. Các hành vi bị nghiêm cấm trong lĩnh vực lao động 7. Sử dụng lao động chưa thành niên trái pháp luật.

**Nội dung quy định:**
Theo Điều 212 của Bộ Luật Lao động 2019, công ty của bạn cần tuân thủ quy định về việc sử dụng lao động đã qua đào tạo. Theo đó, danh mục nghề chỉ được sử dụng lao động đã qua đào tạo giáo dục nghề nghiệp hoặc có chứng chỉ kỹ năng nghề quốc gia. Điều này đảm bảo rằng công ty của bạn sẽ chỉ sử dụng lao động có kỹ năng và kiến thức phù hợp với vị trí họ làm việc.

**Phân tích & Hướng dẫn:**
Công ty của bạn có thể áp dụng chính sách tuyển dụng lao động đã qua đào tạo hoặc có chứng chỉ kỹ năng nghề quốc gia để thu hút người lao động. Điều này không chỉ giúp đảm bảo chất lượng lao động mà còn tuân thủ quy định của pháp luật. 

Để triển khai chính sách này, công ty của bạn cần có chiến lược đào tạo và phát triển kỹ năng nghề nghiệp cho nhân viên hiện tại và kế hoạch tuyển dụng lao động có trình độ kỹ năng nghề cao. Bạn cũng nên theo dõi và cập nhật danh mục nghề được quy định trong Điều 212 để đảm bảo tuân thủ đúng quy"
syn_1008_1768638618_2,Tôi là người giám hộ cho một đứa trẻ chưa thành niên và tôi cần xác định cha của đứa trẻ này để bảo vệ quyền lợi cho nó. Tôi có thể làm gì để yêu cầu xác định này?,Điều 102 - Luật Hôn nhân và Gia đình 2014,True,1.0,0.4525821596244131,"**Căn cứ pháp lý:**
Điều 102, Điều 86, Điều 47 - Luật Hôn nhân và Gia đình 2014 và Bộ luật Dân sự 2015

**Nội dung quy định:**
- Theo Điều 102 của Luật Hôn nhân và Gia đình 2014, người có quyền yêu cầu xác định cha, mẹ, con bao gồm những người đã thành niên không bị mất năng lực hành vi dân sự và theo quy định của pháp luật về tố tụng dân sự.
- Theo Điều 86 của Luật Hôn nhân và Gia đình 2014, người có quyền yêu cầu Tòa án hạn chế quyền của cha, mẹ đối với con chưa thành niên, bao gồm người giám hộ.
- Theo Điều 47 của Bộ luật Dân sự 2015, người được giám hộ bao gồm người chưa thành niên không còn cha, mẹ hoặc không xác định được cha, mẹ; người chưa thành niên có cha, mẹ nhưng cha, mẹ đều mất năng lực hành vi dân sự hoặc có khó khăn trong nhận thức, làm chủ hành vi.

**Phân tích & Hướng dẫn:**
Theo quy định trên, bạn, như người giám hộ, có quyền yêu cầu Tòa án xác định cha của đứa trẻ chưa thành niên. Bạn có thể thực hiện yêu cầu này dựa trên quy định tại Điều 86 của Luật Hôn nhân và Gia đình 2014, cụ thể là:

1. Bạn có quyền yêu cầu Tòa án xác định cha cho con chưa thành niên nếu đứa trẻ chưa xác định được cha hoặc cha mất năng lực hành vi dân sự. 
2. Bạn cũng có quyền yêu cầu Tòa án xác định cha cho con chưa thành niên nếu cha mất năng lực hành vi dân sự hoặc có khó khăn trong nhận thức, làm chủ hành vi. 

Như vậy, bạn nên chuẩn bị hồ sơ đầy đủ và chính xác về mối quan hệ giữa đứa trẻ và người mà bạn nghi ngờ là cha, đồng thời cung cấp chứng cứ về khả năng cha mất năng lực hành vi dân sự hoặc có khó khăn trong nhận thức, làm chủ hành vi. Nếu cần thiết, bạn có thể liên hệ với các cơ quan chức năng như cơ quan quản lý nhà nước về gia đình, trẻ em hoặc Hội liên hiệp phụ nữ để hỗ trợ trong việc cung"
syn_659_1768632565,Gia đình tôi đang chuyển nhượng một tài sản nhưng không có thỏa thuận về chi phí vận chuyển. Tôi có phải chịu chi phí này không?,Điều 442 - Bộ luật Dân sự 2015,True,0.0,0.2832469775474957,"**CĂN CỨ PHÁP LUẬT THAM KHẢO:**
--- [Tài liệu 1] ---
Văn bản: Bộ luật Dân sự 2015
Nội dung: Điều 442. Chi phí vận chuyển và chi phí liên quan đến việc chuyển quyền sở hữu

--- [Tài liệu 2] ---
Văn bản: Bộ luật Dân sự 2015
Nội dung: Điều 532. Giao tài sản cho bên vận chuyển

--- [Tài liệu 3] ---
Văn bản: Bộ luật Dân sự 2015
Nội dung: Điều 533. Cước phí vận chuyển"
syn_166_1768628998,"Nếu một hợp đồng mà công ty tôi ký kết với người có liên quan không được chấp thuận theo quy định, tôi có phải chịu trách nhiệm gì không?",Điều 167 - Luật Doanh nghiệp 2020,True,1.0,0.3831932773109244,"**Căn cứ pháp lý:** 
Điều 86, Điều 67 và Điều 167 - Luật Doanh nghiệp 2020

**Nội dung quy định:**
1. Theo Điều 86 của Luật Doanh nghiệp 2020, hợp đồng và giao dịch giữa công ty trách nhiệm hữu hạn một thành viên với chủ sở hữu công ty, người có liên quan của chủ sở hữu công ty, hoặc giữa công ty trách nhiệm hữu hạn một thành viên với chủ sở hữu công ty hoặc người có liên quan của chủ sở hữu công ty phải được chấp thuận bởi Hội đồng thành viên hoặc Chủ tịch công ty, Giám đốc hoặc Tổng giám đốc và Kiểm soát viên.
   
2. Theo Điều 67 và Điều 167 của Luật Doanh nghiệp 2020, tất cả các loại hợp đồng và giao dịch giữa công ty với người có liên quan đều cần được chấp thuận bởi Hội đồng thành viên hoặc Hội đồng quản trị, tùy thuộc vào quy định cụ thể của từng loại hợp đồng và giao dịch.

3. Nếu hợp đồng, giao dịch không được chấp thuận theo quy định, thì theo Điều 86 và Điều 67, người ký kết hợp đồng, giao dịch và người có liên quan sẽ liên đới chịu trách nhiệm về thiệt hại phát sinh và hoàn trả cho công ty các khoản lợi thu được từ việc thực hiện hợp đồng, giao dịch đó.

**Phân tích & Hướng dẫn:**
Nếu hợp đồng mà bạn ký kết với người có liên quan không được chấp thuận theo quy định của Luật Doanh nghiệp 2020, bạn và người có liên quan sẽ liên đới chịu trách nhiệm về các thiệt hại phát sinh từ việc thực hiện hợp đồng đó. Điều này cũng bao gồm việc hoàn trả cho công ty các khoản lợi nhuận thu được từ hợp đồng đó.

Bạn nên đảm bảo rằng mọi hợp đồng, giao dịch với người có liên quan đều được chấp thuận theo đúng quy định của pháp luật, đặc biệt là khi liên quan đến việc giao dịch với chủ sở hữu công ty hoặc người có liên quan của chủ sở hữu công ty. Việc không tuân thủ quy định có thể dẫn đến hậu quả nghiêm trọng như mất khả năng thanh toán hoặc bị vô hiệu hóa hợp đồng, giao dịch."
syn_1492_1768641893_0,"Tôi có một người bạn đã du lịch từ vùng có dịch bệnh về và không khai báo cho cơ quan chức năng. Giờ tôi lo lắng rằng nếu có ai đó bị lây bệnh, bạn tôi có thể bị xử lý như thế nào?",Điều 240 - Bộ luật Hình sự (Văn bản hợp nhất 2017),True,1.0,0.896845694799659,"**Căn cứ pháp lý:**
---
- **Bộ luật Hình sự (Văn bản hợp nhất 2017)** - Điều 240

**Nội dung quy định:**
---
Điều 240. Tội làm lây lan dịch bệnh truyền nhiễm nguy hiểm cho người 1. Người nào thực hiện một trong các hành vi sau đây, làm lây lan dịch bệnh truyền nhiễm nguy hiểm cho người, thì bị phạt tiền từ 50.000.000 đồng đến 200.000.000 đồng hoặc phạt tù từ 01 năm đến 05 năm: a) Đưa ra hoặc cho phép đưa ra khỏi vùng có dịch bệnh động vật, thực vật, sản phẩm động vật, thực vật hoặc vật phẩm khác có khả năng lây truyền dịch bệnh nguy hiểm cho người, trừ trường hợp pháp luật có quy định khác; b) Đưa vào hoặc cho phép đưa vào lãnh thổ Việt Nam động vật, thực vật hoặc sản phẩm động vật, thực vật bị nhiễm bệnh hoặc mang mầm bệnh nguy hiểm có khả năng lây truyền cho người; c) Hành vi khác làm lây lan dịch bệnh nguy hiểm cho người. 2. Phạm tội thuộc một trong các trường hợp sau đây, thì bị phạt tù từ 05 năm đến 10 năm: a) Dẫn đến phải công bố dịch thuộc thẩm quyền của Chủ tịch Ủy ban nhân dân cấp tỉnh hoặc Bộ trưởng Bộ Y tế; b) Làm chết người. 3. Phạm tội thuộc một trong các trường hợp sau đây, thì bị phạt tù từ 10 năm đến 12 năm: a) Dẫn đến phải công bố dịch thuộc thẩm quyền của Thủ tướng Chính phủ; b) Làm chết 02 người trở lên. 4. Người phạm tội còn có thể bị phạt tiền từ 20.000.000 đồng đến 100.000.000 đồng, cấm đảm nhiệm chức vụ, cấm hành nghề hoặc làm công việc nhất định từ 01 năm đến 05 năm.

---

**Phân tích & Hướng dẫn:**
---
Theo Điều 240 của Bộ luật Hình sự (Văn bản hợp nhất 2017), hành vi của người bạn đã du lịch từ vùng có dịch bệnh về và không khai báo cho cơ quan chức năng có"
syn_460_1768631270,Tôi đang sở hữu một mảnh đất mà Nhà nước thông báo trưng mua. Vậy quyền sở hữu của tôi sẽ chấm dứt từ khi nào?,Điều 243 - Bộ luật Dân sự 2015,True,0.3333333333333333,0.43453237410071943,"**CĂN CỨ PHÁP LUẬT THAM KHẢO:**
---
[Văn bản 1] Bộ luật Dân sự 2015
[Nội dung] Điều 243. Tài sản bị trưng mua

[Văn bản 2] Bộ luật Dân sự 2015
[Nội dung] Điều 237. Căn cứ chấm dứt quyền sở hữu

[Văn bản 3] Bộ luật Dân sự 2015
[Nội dung] Điều 244. Tài sản bị tịch thu

---

**CÔNG TY CỔ PHẦN XÂY DỰNG VÀ BẤT ĐỘNG SẢN HOÀNG LONG**

**CÂU HỎI:**
Tôi đang sở hữu một mảnh đất mà Nhà nước thông báo trưng mua. Vậy quyền sở hữu của tôi sẽ chấm dứt từ khi nào?

**CĂN CỨ PHÁP LUẬT THAM KHẢO:**
---
[Văn bản 1] Bộ luật Dân sự 2015
[Nội dung] Điều 243. Tài sản bị trưng mua
""Kể từ thời điểm quyết định của cơ quan nhà nước có thẩm quyền có hiệu lực pháp luật""

[Văn bản 2] Bộ luật Dân sự 2015
[Nội dung] Điều 237. Căn cứ chấm dứt quyền sở hữu
""Tài sản bị trưng mua. 5. Tài sản bị trưng mua.""

---

**PHÂN TÍCH VÀ HƯỚNG DẪN:**
---
Theo quy định tại Điều 243 của Bộ luật Dân sự 2015, khi Nhà nước quyết định trưng mua tài sản, quyền sở hữu đối với tài sản của chủ sở hữu đó sẽ chấm dứt kể từ thời điểm quyết định của cơ quan nhà nước có thẩm quyền có hiệu lực pháp luật.

Trong trường hợp này, bạn đang sở hữu một mảnh đất mà Nhà nước thông báo sẽ trưng mua. Theo quy định, quyền sở hữu của bạn sẽ chấm dứt từ thời điểm quyết định trưng mua tài sản của Nhà nước có hiệu lực pháp luật.

Do đó, quyền sở hữu của bạn sẽ chấm dứt ngay khi quyết định trưng mua tài sản được cơ quan nhà nước có thẩm quyền ban hành"
syn_1338_1768640639_1,"Tôi là giám đốc một công ty và mới nhận thông báo đình chỉ hoạt động do vi phạm về bảo vệ môi trường. Thời gian đình chỉ là 2 năm. Nếu tôi thực hiện các biện pháp khắc phục, liệu có khả năng được xem xét rút ngắn thời gian đình chỉ không?",Điều 78 - Bộ luật Hình sự (Văn bản hợp nhất 2017),True,1.0,0.5657202944269191,"**Căn cứ pháp lý:** 
- [Tài liệu 1] - Bộ luật Hình sự (Văn bản hợp nhất 2017) - Điều 78

**Nội dung quy định:**
1. Đình chỉ hoạt động có thời hạn là tạm dừng hoạt động của pháp nhân thương mại trong một hoặc một số lĩnh vực mà pháp nhân thương mại phạm tội gây thiệt hại đến tính mạng, sức khỏe con người, môi trường hoặc an ninh, trật tự, an toàn xã hội và hậu quả gây ra có khả năng khắc phục trên thực tế.
2. Thời hạn đình chỉ hoạt động từ 06 tháng đến 03 năm.

**Phân tích & Hướng dẫn:**
Theo quy định tại Điều 78 của Bộ luật Hình sự (Văn bản hợp nhất 2017), đình chỉ hoạt động có thời hạn là hình thức xử phạt mà pháp nhân thương mại sẽ bị tạm dừng hoạt động trong một hoặc một số lĩnh vực cụ thể mà họ phạm tội gây thiệt hại đến môi trường hoặc an ninh, trật tự, an toàn xã hội. 

Trong trường hợp của bạn, công ty đã bị đình chỉ hoạt động do vi phạm về bảo vệ môi trường. Theo đó, thời gian đình chỉ là 2 năm. 

Việc đề xuất rút ngắn thời gian đình chỉ hoạt động cần căn cứ vào việc công ty đã thực hiện các biện pháp khắc phục hậu quả mà pháp luật quy định. Theo Điều 206 của Luật Doanh nghiệp 2020, nếu công ty thực hiện đầy đủ các nghĩa vụ như báo cáo, nộp đủ thuế, bảo hiểm, thanh toán nợ, và tuân thủ các quy định khác, thì cơ quan có thẩm quyền có thể xem xét rút ngắn thời gian đình chỉ hoạt động.

Tuy nhiên, cần lưu ý rằng việc rút ngắn thời gian đình chỉ hoạt động phụ thuộc vào mức độ nghiêm trọng của vi phạm, hiệu quả của các biện pháp khắc phục và khả năng khắc phục hậu quả. Việc này sẽ được đánh giá cụ thể bởi cơ quan nhà nước có thẩm quyền, và quyết định cuối cùng về việc rút ngắn thời gian đình chỉ sẽ nằm ở họ.

Vì vậy, bạn nên tập trung vào việc thực hiện các biện pháp khắc phục, đảm bảo tuân thủ các quy định pháp luật liên quan, và liên hệ với cơ quan nhà nước có thẩm quyền để thảo luận về khả"
syn_1623_1768643048_1,"Vợ tôi đã bị một chủ tịch xã ép phải ký vào một văn bản không đúng sự thật để phục vụ cho lợi ích riêng của ông ta. Nếu vợ tôi không ký, ông ta đe dọa sẽ gây khó khăn trong việc xin giấy phép kinh doanh của gia đình tôi. Tôi muốn biết, nếu sự việc này được xác minh đúng sự thật thì ông ta có thể bị xử lý như thế nào?",Điều 372 - Bộ luật Hình sự (Văn bản hợp nhất 2017),True,1.0,0.7434554973821988,"**Căn cứ pháp lý:**
- Điều 372. Tội ép buộc người có thẩm quyền trong hoạt động tư pháp làm trái pháp luật - Bộ luật Hình sự (Văn bản hợp nhất 2017)

**Nội dung quy định:**
1. Người nào lợi dụng chức vụ, quyền hạn ép buộc người có thẩm quyền trong hoạt động tố tụng, thi hành án làm trái pháp luật gây thiệt hại đến lợi ích của Nhà nước, quyền, lợi ích hợp pháp của tổ chức, cá nhân hoặc gây thiệt hại về tài sản từ 50.000.000 đồng đến dưới 200.000.000 đồng, thì bị phạt tù từ 06 tháng đến 03 năm.
2. Phạm tội thuộc một trong các trường hợp sau đây, thì bị phạt tù từ 02 năm đến 05 năm: a) Phạm tội 02 lần trở lên; b) Dẫn đến ra bản án hoặc quyết định trái pháp luật; c) Dùng vũ lực, đe dọa dùng vũ lực hoặc dùng thủ đoạn nguy hiểm, xảo quyệt khác; d) Gây thiệt hại về tài sản từ 200.000.000 đồng đến dưới 1.000.000.000 đồng; đ) Gây ảnh hưởng xấu đến an ninh, trật tự, an toàn xã hội.
3. Phạm tội thuộc một trong các trường hợp sau đây, thì bị phạt tù từ 05 năm đến 10 năm: a) Dẫn đến làm oan người vô tội hoặc bỏ lọt tội phạm hoặc người phạm tội[381]; b) Gây thiệt hại về tài sản 1.000.000.000 đồng trở lên.

**Phân tích & Hướng dẫn:**
Theo thông tin bạn cung cấp, chủ tịch xã đã dùng chức vụ, quyền hạn để ép vợ bạn ký vào một văn bản không đúng sự thật, gây thiệt hại về tài sản cho gia đình bạn. Theo Điều 372 của Bộ luật Hình sự, đây hoàn toàn là hành vi phạm tội.

Cụ thể, hành vi của chủ tịch xã đã lợi dụng chức vụ, quyền hạn để ép buộc người có thẩm quyền trong hoạt động tư pháp (vợ bạn) làm trái pháp luật, gây thiệt hại về tài sản cho gia đình bạn"
syn_1393_1768641102_0,"Tôi có một người bạn đã từng bị hiếp dâm khi đi công tác. Khi đó, cô ấy không thể tự vệ được vì bị khống chế. Cô ấy rất hoang mang và không biết liệu có thể làm gì để báo cáo vụ việc này không?",Điều 141 - Bộ luật Hình sự (Văn bản hợp nhất 2017),True,1.0,0.3644289450741064,"**Căn cứ pháp lý:** 
- Điều 141, Điều 142 và Điều 143 - Bộ Luật Hình sự (Văn bản hợp nhất 2017)

**Nội dung quy định:**
- Điều 141 quy định về tội hiếp dâm, trong đó có trường hợp hiếp dâm khi nạn nhân không thể tự vệ được.
- Điều 142 quy định về tội hiếp dâm người dưới 16 tuổi, trong đó cũng có trường hợp hiếp dâm khi nạn nhân không thể tự vệ được.
- Điều 143 quy định về tội cưỡng dâm, trong đó cũng có trường hợp cưỡng dâm khi nạn nhân không thể tự vệ được.

**Phân tích & Hướng dẫn:**
Theo các điều luật trên, nếu nạn nhân không thể tự vệ do bị khống chế, họ vẫn có quyền tố giác hành vi hiếp dâm. Việc không thể tự vệ không ảnh hưởng đến quyền của nạn nhân để báo cáo và yêu cầu xử lý tội phạm. 

Người bạn của bạn có thể báo cáo vụ việc này cho cơ quan chức năng như Công an địa phương. Trong quá trình điều tra, nạn nhân sẽ được hỗ trợ pháp lý và tâm lý cần thiết. Cơ quan điều tra sẽ tiến hành xác minh và thu thập chứng cứ để xử lý vụ việc theo đúng quy định của pháp luật.

Hơn nữa, nạn nhân cũng có quyền yêu cầu hỗ trợ từ cơ quan chức năng như việc cung cấp thông tin về các dịch vụ tư vấn tâm lý, hỗ trợ pháp lý và các biện pháp bảo vệ cá nhân.

Lưu ý rằng, việc báo cáo sớm giúp cơ quan chức năng nhanh chóng tiến hành điều tra, truy cứu trách nhiệm hình sự đối với kẻ xấu và ngăn chặn tình trạng tái diễn."
syn_188_1768629163,Tôi đang muốn mở một doanh nghiệp tư nhân và không biết quy trình đăng ký vốn đầu tư như thế nào?,Điều 189 - Luật Doanh nghiệp 2020,True,0.3333333333333333,0.625,"**CĂN CỨ PHÁP LUẬT THAM KHẢO:**
---
**[Tài liệu 1]**
Văn bản: Luật Doanh nghiệp 2020
Nội dung: Điều 189. Vốn đầu tư của chủ doanh nghiệp tư nhân

**[Tài liệu 2]**
Văn bản: Luật Doanh nghiệp 2020
Nội dung: Điều 23. Nội dung giấy đề nghị đăng ký doanh nghiệp

**[Tài liệu 3]**
Văn bản: Luật Doanh nghiệp 2020
Nội dung: Điều 19. Hồ sơ đăng ký doanh nghiệp tư nhân

---

**CÂU HỎI:**
Tôi đang muốn mở một doanh nghiệp tư nhân và không biết quy trình đăng ký vốn đầu tư như thế nào?

**PHÂN TÍCH & HƯỚNG DẪN:**

Để mở một doanh nghiệp tư nhân và đăng ký vốn đầu tư, bạn cần tuân thủ quy định cụ thể trong Luật Doanh nghiệp 2020. Theo đó, khoản 1 Điều 189 của Luật này quy định về việc đăng ký vốn đầu tư của chủ doanh nghiệp tư nhân. Cụ thể, bạn cần:

1. **Đăng ký vốn đầu tư:** Chủ doanh nghiệp tư nhân tự đăng ký tổng số vốn đầu tư, trong đó bao gồm số vốn bằng Đồng Việt Nam, ngoại tệ tự do chuyển đổi, vàng và tài sản khác. Bạn cũng phải ghi rõ loại tài sản, số lượng và giá trị còn lại của mỗi loại tài sản.

2. **Sổ kế toán và báo cáo tài chính:** Toàn bộ vốn và tài sản kể cả vốn vay và tài sản thuê phải được ghi chép đầy đủ vào sổ kế toán và báo cáo tài chính của doanh nghiệp theo quy định của pháp luật.

3. **Quyền tăng hoặc giảm vốn đầu tư:** Chủ doanh nghiệp tư nhân có quyền tăng hoặc giảm vốn đầu tư của mình vào hoạt động kinh doanh của doanh nghiệp. Việc tăng hoặc giảm vốn đầu tư phải được ghi chép đầy đủ vào sổ kế toán. Trường hợp giảm vốn đầu tư xuống thấp hơn vốn đầu tư đã đăng ký thì chủ doanh nghiệp tư nhân chỉ được giảm vốn sau khi đã đăng ký với Cơ quan đăng ký kinh doanh.

Để"
syn_496_1768631513,"Tôi đang thực hiện hợp đồng giao hàng, nhưng không được bên giao hàng thông báo về chi phí giao vật. Tôi có phải chịu mọi chi phí không?",Điều 279 - Bộ luật Dân sự 2015,True,0.6666666666666666,0.4230287859824781,"**CĂN CỨ PHÁP LUẬT THAM KHẢO:**
---
[Văn bản 1] - [Bộ luật Dân sự 2015]
Nội dung: Điều 279. Thực hiện nghĩa vụ giao vật

[Văn bản 2] - [Bộ luật Dân sự 2015]
Nội dung: Điều 550. Chậm giao, chậm nhận sản phẩm gia công

[Văn bản 3] - [Bộ luật Dân sự 2015]
Nội dung: Điều 532. Giao tài sản cho bên vận chuyển

**CĂN CỨ PHÁP LUẬT THAM KHẢO:**

**CĂN CỨ PHÁP LUẬT THAM KHẢO:**
---
[Văn bản 1] - [Bộ luật Dân sự 2015]
Nội dung: Điều 279. Thực hiện nghĩa vụ giao vật

1. **Nội dung quy định:**
   - Điều 279 của Bộ Luật Dân sự 2015 quy định về việc bên có nghĩa vụ giao vật phải bảo quản, giữ gìn vật cho đến khi giao.
   - Theo điều này, bên có nghĩa vụ giao vật phải chịu mọi chi phí về việc giao vật, trừ trường hợp có thỏa thuận khác.

2. **Phân tích & Hướng dẫn:**
   - Trong tình huống của bạn, mặc dù bên giao hàng không thông báo rõ ràng về chi phí giao vật, nhưng theo Điều 279 của Bộ Luật Dân sự 2015, bạn không cần phải chịu mọi chi phí về việc giao vật, trừ trường hợp có thỏa thuận khác.
   - Do vậy, nếu không có bất kỳ thỏa thuận nào về chi phí giao vật trong hợp đồng của bạn và bên giao hàng, bạn không phải chịu toàn bộ chi phí giao vật.

**Phân tích & Hướng dẫn:**
- Trong trường hợp bạn không muốn chấp nhận chi phí giao vật mà bên giao hàng không thông báo, bạn có thể yêu cầu bên giao hàng xác nhận lại các chi tiết về chi phí giao vật trong hợp đồng hoặc yêu cầu bên giao hàng chịu trách nhiệm chi trả chi phí giao vật theo quy định của pháp luật.
- Nếu bên giao hàng"
syn_866_1768633905,"Cha mẹ tôi đã qua đời mà không để lại di chúc, tôi là con duy nhất, vậy tôi có quyền thừa kế toàn bộ tài sản của họ không?",Điều 649 - Bộ luật Dân sự 2015,False,1.0,0.391713747645951,"**Căn cứ pháp lý:** 
Điều 609, Bộ luật Dân sự 2015 - Văn bản: Bộ luật Dân sự 2015

**Nội dung quy định:**
Theo Điều 609 của Bộ luật Dân sự 2015, ""Quyền thừa kế cá nhân có quyền lập di chúc để định đoạt tài sản của mình; để lại tài sản của mình cho người thừa kế theo pháp luật; hưởng di sản theo di chúc hoặc theo pháp luật."" Điều này khẳng định rằng người thừa kế có quyền hưởng di sản theo pháp luật khi không có di chúc hoặc di chúc không hợp pháp.

**Phân tích & Hướng dẫn:**
Theo thông tin bạn cung cấp, cha mẹ bạn đã qua đời mà không để lại di chúc. Trong trường hợp này, quy định tại Điều 650, Mục 1, Khoản 1 của Bộ luật Dân sự 2015 về ""Thừa kế theo pháp luật được áp dụng trong trường hợp không có di chúc,"" rõ ràng cho thấy bạn, con duy nhất, sẽ được hưởng toàn bộ tài sản thừa kế theo pháp luật.

Việc bạn là con duy nhất và là người thừa kế duy nhất, nghĩa là không có người khác được hưởng thừa kế theo di chúc, cũng không có di chúc không hợp pháp. Do đó, bạn hoàn toàn có quyền thừa kế toàn bộ tài sản của cha mẹ bạn theo pháp luật."
syn_1566_1768642537_2,"Gia đình tôi đã đầu tư vào một công ty sản xuất thuốc và gần đây công ty đó bị phát hiện sản xuất thuốc kém chất lượng, gây thiệt hại cho sức khỏe của nhiều người và có thể dẫn đến tử vong. Liệu chúng tôi có bị truy cứu trách nhiệm hình sự không?",Điều 315 - Bộ luật Hình sự (Văn bản hợp nhất 2017),True,1.0,0.49752883031301476,"**Căn cứ pháp lý:** Điều 315. Tội vi phạm quy định về khám bệnh, chữa bệnh, sản xuất, pha chế, cấp phát, bán thuốc hoặc dịch vụ y tế khác - Bộ luật Hình sự (Văn bản hợp nhất 2017)

**Nội dung quy định:**
Điều 315 quy định về tội vi phạm quy định về sản xuất, buôn bán, sử dụng thuốc chữa bệnh, thuốc phòng bệnh. Theo đó, người nào sản xuất, buôn bán hàng giả là thuốc chữa bệnh, thuốc phòng bệnh, thì bị phạt tù từ 02 năm đến 07 năm. Phạm tội thuộc một trong các trường hợp sau đây, thì bị phạt tù từ 05 năm đến 12 năm: a) Có tổ chức; b) Có tính chất chuyên nghiệp; c) Tái phạm nguy hiểm; d) Lợi dụng chức vụ, quyền hạn; đ) Lợi dụng danh nghĩa cơ quan, tổ chức; e) Buôn bán qua biên giới; g) Hàng giả tương đương với số lượng của hàng thật hoặc hàng hóa có cùng tính năng kỹ thuật, công dụng trị giá từ 150.000.000 đồng đến dưới 500.000.000 đồng; h) Thu lợi bất chính từ 100.000.000 đồng đến dưới 500.000.000 đồng; i) Gây thương tích hoặc gây tổn hại cho sức khỏe của người khác mà tỷ lệ tổn thương cơ thể từ 31% đến 60%; k) Gây thiệt hại về tài sản từ 100.000.000 đồng đến dưới 500.000.000 đồng. 

Điều 315 cũng quy định về các trường hợp bị phạt tù từ 12 năm đến 20 năm, từ 20 năm, tù chung thân hoặc tử hình, và các hình thức xử phạt bổ sung khác.

**Phân tích & Hướng dẫn:**
Theo thông tin bạn cung cấp, công ty sản xuất thuốc của gia đình bạn đã bị phát hiện sản xuất thuốc kém chất lượng, gây thiệt hại cho sức khỏe của nhiều người và có thể dẫn đến tử vong. Theo quy định tại Điều 315 của Bộ luật Hình sự,"
syn_1551_1768642399_0,"Gia đình tôi đang gặp khó khăn tài chính, và có người bạn đề nghị tôi giúp họ chuyển tiền cho một tổ chức từ thiện mà họ nói là có liên quan đến khủng bố. Tôi không biết điều này có vi phạm pháp luật không?",Điều 300 - Bộ luật Hình sự (Văn bản hợp nhất 2017),True,1.0,0.7996108949416343,"**Căn cứ pháp lý:** [Tài liệu 1] - Bộ luật Hình sự (Văn bản hợp nhất 2017)

**Nội dung quy định:**
Điều 300. Tội tài trợ khủng bố 1. Người nào huy động, hỗ trợ tiền, tài sản dưới bất kỳ hình thức nào cho tổ chức, cá nhân khủng bố, thì bị phạt tù từ 05 năm đến 10 năm. 2. Người chuẩn bị phạm tội này, thì bị phạt tù từ 01 năm đến 05 năm. 3. Người phạm tội còn có thể bị phạt quản chế, cấm cư trú từ 01 năm đến 05 năm hoặc tịch thu một phần hoặc toàn bộ tài sản. 4. Pháp nhân thương mại phạm tội quy định tại Điều này, thì bị phạt như sau: a) Phạm tội thuộc trường hợp quy định tại khoản 1 Điều này, thì bị phạt tiền từ 7.000.000.000 đồng đến 15.000.000.000 đồng hoặc đình chỉ hoạt động có thời hạn từ 06 tháng đến 03 năm; b) Phạm tội thuộc trường hợp quy định tại Điều 79 của Bộ luật này, thì bị đình chỉ hoạt động vĩnh viễn; c) Pháp nhân thương mại còn có thể bị phạt tiền từ 1.000.000.000 đồng đến 5.000.000.000 đồng, cấm kinh doanh, cấm hoạt động trong một số lĩnh vực nhất định hoặc cấm huy động vốn từ 01 năm đến 03 năm.

**Phân tích & Hướng dẫn:**
Theo Điều 300 của Bộ luật Hình sự, việc hỗ trợ hoặc tài trợ cho tổ chức, cá nhân khủng bố có thể bị truy cứu trách nhiệm hình sự. Trong trường hợp cụ thể của bạn, nếu bạn biết rằng tổ chức mà người bạn đề xuất bạn hỗ trợ là tổ chức khủng bố, thì hành vi của bạn có thể vi phạm pháp luật. 

Hơn nữa, nếu bạn đã chuyển tiền cho tổ chức này, dù với mục đích tốt như giúp đỡ từ thiện, vẫn có thể bị coi là tài trợ khủng bố. 

Việc chuyển tiền cho tổ chức khủng bố, đặc biệt khi họ liên quan đến các"
syn_951_1768634477,Vợ tôi tự ý bán một chiếc xe mà tôi đứng tên mà không có sự đồng ý của tôi. Tôi có quyền yêu cầu bồi thường không?,Điều 45 - Luật Hôn nhân và Gia đình 2014,False,1.0,0.3413566739606127,"**Căn cứ pháp lý:**
- Văn bản: Bộ luật Dân sự 2015
- Nội dung: Điều 170. Quyền yêu cầu bồi thường thiệt hại; Điều 365. Chuyển giao quyền yêu cầu; Điều 444. Bảo đảm quyền sở hữu của bên mua đối với tài sản mua bán

**Nội dung quy định:**
1. Theo Điều 170 của Bộ Luật Dân sự 2015, chủ sở hữu, chủ thể có quyền khác đối với tài sản có quyền yêu cầu người có hành vi xâm phạm quyền sở hữu, quyền khác đối với tài sản bồi thường thiệt hại.
   
2. Theo Điều 365 (1), bên có quyền yêu cầu thực hiện nghĩa vụ có thể chuyển giao quyền yêu cầu cho người thế quyền theo thỏa thuận, trừ trường hợp sau đây: a) Quyền yêu cầu cấp dưỡng, yêu cầu bồi thường thiệt hại do xâm phạm đến tính mạng, sức khỏe, danh dự, nhân phẩm, uy tín; b) Bên có quyền và bên có nghĩa vụ có thỏa thuận hoặc pháp luật có quy định về việc không được chuyển giao quyền yêu cầu.

3. Theo Điều 444 (3) của Bộ Luật Dân sự 2015, nếu bên mua biết hoặc phải biết tài sản mua bán thuộc sở hữu của người thứ ba mà vẫn mua, thì bên mua có quyền hủy bỏ hợp đồng và yêu cầu bên bán bồi thường thiệt hại.

**Phân tích & Hướng dẫn:**
Theo câu hỏi của bạn, vợ bạn tự ý bán chiếc xe mà bạn đứng tên mà không có sự đồng ý của bạn. 

Theo Điều 170 của Bộ Luật Dân sự 2015, bạn có quyền yêu cầu bồi thường thiệt hại từ người bán xe nếu họ xâm phạm quyền sở hữu của bạn.

Tuy nhiên, theo Điều 365 (1) của Bộ Luật Dân sự 2015, bạn không thể chuyển giao quyền yêu cầu bồi thường thiệt hại cho người khác trừ trường hợp đặc biệt như quy định tại Mục 3. Điều 365. Điều này có nghĩa là bạn không thể chuyển giao quyền yêu cầu bồi thường thiệt hại cho vợ bạn.

Cuối cùng, theo Điều 444 (3) của Bộ"
syn_178_1768629092,Gia đình tôi đang xem xét thành lập một công ty hợp danh. Tôi muốn biết nếu công ty phát sinh tài sản từ hoạt động kinh doanh thì những tài sản đó thuộc về ai?,Điều 179 - Luật Doanh nghiệp 2020,True,0.6666666666666666,0.5415676959619953,"**CĂN CỨ PHÁP LUẬT THAM KHẢO:**
---
[Văn bản 1] - [Luật Doanh nghiệp 2020]
[Văn bản 2] - [Bộ luật Dân sự 2015]
[Văn bản 3] - [Luật Hôn nhân và Gia đình 2014]

**Căn cứ pháp lý:**
Theo Điều 179 của Luật Doanh nghiệp 2020, tài sản của công ty hợp danh bao gồm:
1. Tài sản góp vốn của các thành viên đã được chuyển quyền sở hữu cho công ty;
2. Tài sản tạo lập được mang tên công ty;
3. Tài sản thu được từ hoạt động kinh doanh do thành viên hợp danh thực hiện nhân danh công ty và từ hoạt động kinh doanh của công ty do thành viên hợp danh nhân danh cá nhân thực hiện;
4. Tài sản khác theo quy định của pháp luật.

**Căn cứ pháp lý:**
Theo Điều 222 của Bộ luật Dân sự 2015, người lao động, người tiến hành hoạt động sản xuất, kinh doanh hợp pháp có quyền sở hữu đối với tài sản có được từ lao động, hoạt động sản xuất, kinh doanh hợp pháp, kể từ thời điểm có được tài sản đó. Người tiến hành hoạt động sáng tạo có quyền sở hữu đối với tài sản có được từ hoạt động sáng tạo theo quy định của Luật sở hữu trí tuệ.

**Phân tích & Hướng dẫn:**
Theo Điều 179 của Luật Doanh nghiệp 2020, tài sản của công ty hợp danh sẽ bao gồm cả tài sản từ hoạt động kinh doanh do thành viên hợp danh thực hiện nhân danh công ty. Do đó, tài sản phát sinh từ hoạt động kinh doanh này thuộc về công ty hợp danh.

Tuy nhiên, trong trường hợp bạn đang xem xét thành lập một công ty hợp danh, cần lưu ý rằng tài sản này cũng có thể thuộc về vợ hoặc chồng nếu họ đang thực hiện hoạt động kinh doanh liên quan đến tài sản chung và thỏa thuận hợp lý về việc chia sẻ tài sản. Theo Điều 64 của Luật Hôn nhân và Gia đình 2014, vợ hoặc chồng đang thực hiện hoạt động kinh doanh liên quan"
syn_1011_1768638632_0,"Tôi có một em gái đã 18 tuổi và đang gặp khó khăn trong việc chi trả học phí đại học. Tôi muốn giúp đỡ em ấy, nhưng không biết liệu tôi có nghĩa vụ pháp lý nào không? Liệu tôi có thể yêu cầu em gái ký một thỏa thuận về việc tôi sẽ hỗ trợ tài chính cho em không?",Điều 105 - Luật Hôn nhân và Gia đình 2014,False,1.0,0.3297413793103448,"**Căn cứ pháp lý:** 
- Văn bản: Bộ luật Dân sự 2015
- Nội dung: Điều 103. Trách nhiệm dân sự của thành viên hộ gia đình, tổ hợp tác, tổ chức khác không có tư cách pháp nhân

**Nội dung quy định:**
1. Nghĩa vụ dân sự phát sinh từ việc tham gia quan hệ dân sự của hộ gia đình, tổ hợp tác, tổ chức khác không có tư cách pháp nhân được bảo đảm thực hiện bằng tài sản chung của các thành viên.
2. Trường hợp các thành viên không có hoặc không đủ tài sản chung để thực hiện nghĩa vụ chung thì người có quyền có thể yêu cầu các thành viên thực hiện nghĩa vụ theo quy định tại Điều 288 của Bộ luật này.
3. Trường hợp các bên không có thỏa thuận, hợp đồng hợp tác hoặc luật không có quy định khác thì các thành viên chịu trách nhiệm dân sự quy định tại khoản 1 và khoản 2 Điều này theo phần tương ứng với phần đóng góp tài sản của mình, nếu không xác định được theo phần tương ứng thì xác định theo phần bằng nhau.

**Phân tích & Hướng dẫn:**
Theo quy định tại Điều 103 của Bộ luật Dân sự 2015, bạn có nghĩa vụ dân sự đối với em gái của mình khi tham gia vào quan hệ dân sự. Tuy nhiên, nghĩa vụ này được bảo đảm thực hiện bằng tài sản chung của cả hai. Nếu em gái của bạn không có hoặc không đủ tài sản chung để chi trả học phí, bạn có quyền yêu cầu em thực hiện nghĩa vụ theo quy định tại Điều 288 của Bộ luật này.

Đối với việc ký một thỏa thuận về việc hỗ trợ tài chính, bạn hoàn toàn có quyền và cũng nên thảo luận với em gái để thống nhất một thỏa thuận cụ thể. Việc này không chỉ giúp phân chia trách nhiệm rõ ràng mà còn tạo cơ sở pháp lý cho việc hỗ trợ tài chính trong tương lai.

Tuy nhiên, cần lưu ý rằng bất kỳ thỏa thuận nào giữa bạn và em gái cũng phải tuân thủ các nguyên tắc của pháp luật, đặc biệt là về quyền tự do lựa chọn của cá nhân và quyền tài sản. Nếu không có thỏa thuận, bạn vẫn có quyền yêu cầu em gái thực hiện nghĩa vụ theo quy định tại Điều 103"
syn_118_1768628630,"Gia đình tôi có một cổ đông trong công ty, nhưng họ không chấp hành nghị quyết của Đại hội đồng cổ đông. Điều này có ảnh hưởng đến họ không?",Điều 119 - Luật Doanh nghiệp 2020,False,1.0,0.386801099908341,"**Căn cứ pháp lý:**
[Tài liệu 1] - Luật Doanh nghiệp 2020

**Nội dung quy định:**
Điều 152. Hiệu lực của nghị quyết Đại hội đồng cổ đông (số 1):
- Nghị quyết Đại hội đồng cổ đông có hiệu lực kể từ ngày được thông qua hoặc từ thời điểm có hiệu lực ghi tại nghị quyết đó.
- Nghị quyết Đại hội đồng cổ đông được thông qua bằng 100% tổng số cổ phần có quyền biểu quyết là hợp pháp và có hiệu lực ngay cả khi trình tự, thủ tục triệu tập họp và thông qua nghị quyết đó vi phạm quy định của Luật này và Điều lệ công ty.
- Trường hợp có cổ đông, nhóm cổ đông yêu cầu Tòa án hoặc Trọng tài hủy bỏ nghị quyết Đại hội đồng cổ đông theo quy định tại Điều 151 của Luật này, nghị quyết đó vẫn có hiệu lực thi hành cho đến khi quyết định hủy bỏ nghị quyết đó của Tòa án, Trọng tài có hiệu lực, trừ trường hợp áp dụng biện pháp khẩn cấp tạm thời theo quyết định của cơ quan có thẩm quyền.

**Phân tích & Hướng dẫn:**
Theo quy định tại Điều 152 của Luật Doanh nghiệp 2020, nếu một cổ đông không chấp hành nghị quyết của Đại hội đồng cổ đông, họ vẫn phải tuân theo hiệu lực của nghị quyết đó. Điều này có nghĩa là, mặc dù cổ đông không chấp hành, nghị quyết vẫn có hiệu lực và phải được thực hiện. Tuy nhiên, việc không chấp hành có thể gây ra những hậu quả pháp lý đối với cổ đông đó, chẳng hạn như việc bị xử phạt theo quy định của pháp luật.

Cụ thể, nếu cổ đông không thực hiện các quyết định của Đại hội đồng cổ đông mà không có sự đồng ý bằng văn bản từ tất cả các cổ đông (trong trường hợp cần thiết), công ty có thể kiện họ ra tòa. Theo Điều 148 của Luật Doanh nghiệp 2020, có thể xảy ra các trường hợp như:

- Nếu nghị quyết Đại hội đồng cổ đông về việc thay đổi ngành nghề hoặc lĩnh vực kinh doanh, tổ chức lại hoặc giải thể công ty được thông qua với số cổ phần đại diện từ 65% tổng số cổ phần, cổ đông không chấp hành có thể bị xử phạt.

- Nếu"
syn_558_1768631924,"Tôi có hai người bạn cùng bảo lãnh cho một khoản vay. Nếu một người được miễn nghĩa vụ, tôi có phải thực hiện nghĩa vụ đối với người còn lại không?",Điều 341 - Bộ luật Dân sự 2015,True,0.3333333333333333,0.6882516188714154,"**CĂN CỨ PHÁP LUẬT THAM KHẢO:**
--- [Tài liệu 1] ---
Văn bản: Bộ luật Dân sự 2015
Nội dung: Điều 341. Miễn việc thực hiện nghĩa vụ bảo lãnh

**Nội dung quy định:**
1. Trường hợp bên bảo lãnh phải thực hiện nghĩa vụ bảo lãnh mà bên nhận bảo lãnh miễn việc thực hiện nghĩa vụ cho bên bảo lãnh thì bên được bảo lãnh không phải thực hiện nghĩa vụ đối với bên nhận bảo lãnh, trừ trường hợp có thỏa thuận hoặc pháp luật có quy định khác.
2. Trường hợp chỉ một trong số nhiều người cùng bảo lãnh liên đới được miễn việc thực hiện phần nghĩa vụ bảo lãnh của mình thì những người khác vẫn phải thực hiện nghĩa vụ bảo lãnh của họ.
3. Trường hợp một trong số những người nhận bảo lãnh liên đới miễn cho bên bảo lãnh không phải thực hiện phần nghĩa vụ đối với mình thì bên bảo lãnh vẫn phải thực hiện phần nghĩa vụ còn lại đối với những người nhận bảo lãnh liên đới còn lại.

--- [Tài liệu 2] ---
Văn bản: Bộ luật Dân sự 2015
Nội dung: Điều 338. Nhiều người cùng bảo lãnh

**Nội dung quy định:**
Khi nhiều người cùng bảo lãnh một nghĩa vụ thì phải liên đới thực hiện việc bảo lãnh, trừ trường hợp có thỏa thuận hoặc pháp luật có quy định bảo lãnh theo các phần độc lập; bên có quyền có thể yêu cầu bất cứ ai trong số những người bảo lãnh liên đới phải thực hiện toàn bộ nghĩa vụ. Khi một người trong số những người bảo lãnh liên đới đã thực hiện toàn bộ nghĩa vụ thay cho bên được bảo lãnh thì có quyền yêu cầu những người bảo lãnh còn lại phải thực hiện phần nghĩa vụ của họ đối với mình.

--- [Tài liệu 3] ---
Văn bản: Bộ luật Dân sự 2015
Nội dung: Điều 289. Thực hiện nghĩa vụ đối với nhiều người có quyền liên đới

**Nội dung quy định:**
1. Nghĩa vụ đối với nhiều người có quyền liên đối là nghĩa vụ mà theo đó mỗi người trong số những người có quyền đều có thể yêu cầu bên có nghĩa vụ thực hiện toàn bộ nghĩa vụ.
2. Bên có nghĩa vụ có thể thực hiện nghĩa vụ"
syn_603_1768632229,"Tôi là một doanh nghiệp đang đàm phán với một nhà cung cấp và đã gửi một đề nghị giao kết hợp đồng. Nếu nhà cung cấp không trả lời trong thời gian quy định, tôi có thể ký hợp đồng với nhà cung cấp khác không?",Điều 386 - Bộ luật Dân sự 2015,True,1.0,0.47405660377358494,"**Căn cứ pháp lý:** 
- Điều 386 Bộ Luật Dân sự 2015 - [Tài liệu 1]
- Điều 394 Bộ Luật Dân sự 2015 - [Tài liệu 2]
- Điều 393 Bộ Luật Dân sự 2015 - [Tài liệu 3]

**Nội dung quy định:**
Theo Điều 386 của Bộ Luật Dân sự 2015, ""Đề nghị giao kết hợp đồng là việc thể hiện rõ ý định giao kết hợp đồng và chịu sự ràng buộc về đề nghị này của bên đề nghị đối với bên đã được xác định hoặc tới công chúng"". Theo Điều 394, ""Khi bên đề nghị có ấn định thời hạn trả lời thì việc trả lời chấp nhận chỉ có hiệu lực khi được thực hiện trong thời hạn đó"".

**Phân tích & Hướng dẫn:**
Trong tình huống bạn đã gửi đề nghị giao kết hợp đồng và nhà cung cấp không trả lời trong thời gian quy định, bạn không thể ký hợp đồng với nhà cung cấp khác ngay lập tức. Điều 386 và Điều 394 của Bộ Luật Dân sự 2015 quy định rằng, nếu bên đề nghị (bạn) đã ấn định thời hạn trả lời cho bên được đề nghị (nhà cung cấp), thì chỉ khi nhà cung cấp trả lời trong thời gian quy định, yêu cầu giao kết hợp đồng mới có hiệu lực.

Nếu nhà cung cấp không trả lời trong thời gian quy định, bạn sẽ phải bồi thường thiệt hại cho nhà cung cấp nếu có thiệt hại phát sinh (theo Điều 386). Tuy nhiên, nếu nhà cung cấp không trả lời vì lý do khách quan mà bạn biết hoặc phải biết về lý do khách quan này, thông báo chấp nhận giao kết hợp đồng vẫn có hiệu lực (theo Điều 394).

Bởi vậy, trước khi ký hợp đồng với nhà cung cấp khác, bạn cần xác minh rõ ràng về lý do nhà cung cấp không trả lời trong thời gian quy định. Nếu nhà cung cấp không trả lời vì lý do khách quan mà bạn biết hoặc phải biết, bạn có quyền ký hợp đồng với nhà cung cấp khác sau khi đã bồi thường thiệt hại cho nhà"
syn_1618_1768642998_0,Gia đình tôi đang gặp khó khăn vì tôi bị cáo buộc oan sai trong một vụ án hình sự. Có ai đó đã cung cấp thông tin sai lệch cho cơ quan chức năng và tôi muốn biết liệu hành vi này có được coi là tội xâm phạm hoạt động tư pháp không?,Điều 367 - Bộ luật Hình sự (Văn bản hợp nhất 2017),True,0.3333333333333333,0.4792503346720215,"**CĂN CỨ PHÁP LUẬT THAM KHẢO:**

--- [Tài liệu 1] ---
Văn bản: Bộ luật Hình sự (Văn bản hợp nhất 2017)
Nội dung: Điều 367. Khái niệm tội xâm phạm hoạt động tư pháp

**CĂN CỨ PHÁP LUẬT THAM KHẢO:**

--- [Tài liệu 2] ---
Văn bản: Bộ luật Hình sự (Văn bản hợp nhất 2017)
Nội dung: Điều 375. Tội làm sai lệch hồ sơ vụ án, vụ việc

**CĂN CỨ PHÁP LUẬT THAM KHẢO:**

--- [Tài liệu 3] ---
Văn bản: Bộ luật Hình sự (Văn bản hợp nhất 2017)
Nội dung: Điều 382. Tội cung cấp tài liệu sai sự thật hoặc khai báo gian dối

---

**Câu hỏi:**
Gia đình tôi đang gặp khó khăn vì tôi bị cáo buộc oan sai trong một vụ án hình sự. Có ai đó đã cung cấp thông tin sai lệch cho cơ quan chức năng và tôi muốn biết liệu hành vi này có được coi là tội xâm phạm hoạt động tư pháp không?

**Phân tích & Hướng dẫn:**

Theo quy định tại Điều 375 của Bộ Luật Hình sự năm 2015 (được sửa đổi, bổ sung bởi Văn bản hợp nhất 2017), tội làm sai lệch hồ sơ vụ án, vụ việc xảy ra khi ""Điều tra viên, Kiểm sát viên, Thẩm phán, Hội thẩm, Thư ký Tòa án, người khác có nhiệm vụ, quyền hạn trong hoạt động tư pháp, người bào chữa, người bảo vệ quyền và lợi ích hợp pháp của bị hại, đương sự thêm, bớt, sửa đổi, đánh tráo, hủy hoặc làm hư hỏng tài liệu, vật chứng của vụ án, vụ việc hoặc bằng thủ đoạn khác nhằm làm sai lệch nội dung vụ án, vụ việc"". 

Trong trường hợp của bạn, nếu thông tin được cung cấp là sai lệch và đã gây ra hậu quả là việc giải quyết vụ án, vụ việc bị sai lệch, hoặc gây thiệt hại đáng kể, thì hành vi đó có thể co"
syn_71_1768628273,"Tôi muốn biết nếu tôi khởi kiện người quản lý công ty nhưng yêu cầu bị bác, tôi có phải chịu chi phí khởi kiện không?",Điều 72 - Luật Doanh nghiệp 2020,True,1.0,0.5094850948509484,"**Căn cứ pháp lý:** 
Điều 72, Điều 166 và Điều 99 - Luật Doanh nghiệp 2020

**Nội dung quy định:**
Theo Điều 72 của Luật Doanh nghiệp 2020, khi khởi kiện người quản lý công ty, thành viên công ty có quyền khởi kiện trách nhiệm dân sự đối với Chủ tịch Hội đồng thành viên, Giám đốc hoặc Tổng giám đốc, người đại diện theo pháp luật và người quản lý khác do vi phạm quyền, nghĩa vụ và trách nhiệm của người quản lý. Trong trường hợp yêu cầu khởi kiện bị bác, chi phí khởi kiện trong trường hợp thành viên khởi kiện nhân danh công ty được tính vào chi phí của công ty, trừ trường hợp bị bác yêu cầu khởi kiện.

Điều 166 cũng quy định tương tự về quyền khởi kiện đối với thành viên Hội đồng quản trị, Giám đốc, Tổng giám đốc. Trong trường hợp yêu cầu khởi kiện bị bác, chi phí khởi kiện trong trường hợp cổ đông, nhóm cổ đông khởi kiện nhân danh công ty cũng được tính vào chi phí của công ty, trừ trường hợp bị bác yêu cầu khởi kiện.

Điều 99 của Luật Doanh nghiệp 2020 quy định về quyền và nghĩa vụ của Chủ tịch công ty, trong đó không có quy định cụ thể về việc phải chịu chi phí khởi kiện nếu yêu cầu khởi kiện bị bác.

**Phân tích & Hướng dẫn:**
Theo phân tích từ các điều khoản trên, nếu yêu cầu khởi kiện của bạn bị bác, chi phí khởi kiện sẽ được tính vào chi phí của công ty, trừ trường hợp bị bác yêu cầu khởi kiện. Điều này có nghĩa là, nếu yêu cầu khởi kiện của bạn bị bác, bạn sẽ không phải chịu trực tiếp chi phí khởi kiện. Tuy nhiên, chi phí này vẫn sẽ được ghi vào tài chính của công ty.

Tuy nhiên, cần lưu ý rằng quy định này chỉ áp dụng cho trường hợp thành viên công ty khởi kiện nhân danh công ty. Nếu bạn là thành viên công ty và khởi kiện riêng tư, chi phí khởi kiện có thể khác và cần tham khảo thêm các quy định cụ thể liên quan.

Hãy chắc chắn rằng bạn đã tuân thủ đúng quy trình và thủ tục khởi kiện theo quy định của pháp luật về tố tụng dân sự. Nếu có bất kỳ thắc mắc nào về việc khởi"
syn_87_1768628391,Gia đình tôi đang có ý định thành lập một công ty cổ phần mà Nhà nước nắm giữ trên 50% vốn điều lệ. Liệu chúng tôi có thể làm điều này không?,Điều 88 - Luật Doanh nghiệp 2020,True,1.0,0.5198675496688742,"**Căn cứ pháp lý:** 
- Điều 88 và Điều 89 của Luật Doanh nghiệp 2020

**Nội dung quy định:** 
- Điều 88 quy định về hình thức tổ chức quản lý doanh nghiệp nhà nước, trong đó quy định về việc doanh nghiệp nhà nước được tổ chức quản lý dưới hình thức công ty trách nhiệm hữu hạn một thành viên hoặc công ty cổ phần.
- Điều 89 quy định về việc áp dụng quy định đối với doanh nghiệp nhà nước khi doanh nghiệp do Nhà nước nắm giữ trên 50% vốn điều lệ. Theo điều này, doanh nghiệp do Nhà nước nắm giữ trên 50% vốn điều lệ được tổ chức quản lý dưới hình thức công ty trách nhiệm hữu hạn hai thành viên trở lên hoặc công ty cổ phần.

**Phân tích & Hướng dẫn:**
Theo quy định tại Điều 88 của Luật Doanh nghiệp 2020, doanh nghiệp nhà nước có thể được tổ chức quản lý dưới hình thức công ty trách nhiệm hữu hạn một thành viên hoặc công ty cổ phần. Điều 89 tiếp tục xác định rõ hơn, khi doanh nghiệp nhà nước do Nhà nước nắm giữ trên 50% vốn điều lệ, họ phải được tổ chức quản lý dưới hình thức công ty trách nhiệm hữu hạn hai thành viên trở lên hoặc công ty cổ phần.

Đối với gia đình bạn, nếu gia đình muốn thành lập một công ty cổ phần mà Nhà nước nắm giữ trên 50% vốn điều lệ, thì theo quy định của pháp luật, bạn hoàn toàn có thể thực hiện điều này. Bạn chỉ cần tuân thủ các quy định về việc tổ chức và quản lý công ty theo Luật Doanh nghiệp 2020, cụ thể là lựa chọn hình thức công ty cổ phần và doanh nghiệp nhà nước nắm giữ trên 50% vốn điều lệ.

Tuy nhiên, bạn cần lưu ý rằng việc tổ chức và quản lý công ty nhà nước theo quy định cụ thể sẽ có nhiều yêu cầu về thủ tục hành chính và quy định về người quản lý, cổ đông, cổ tức, v.v., nên tốt nhất nên tham khảo ý kiến của một chuyên gia tư vấn pháp luật hoặc法律顾问 để đảm bảo compliance hoàn hảo."
syn_1069_1768638932_2,Vợ tôi đang mang thai và chúng tôi đang lo lắng về việc hợp đồng lao động của cô ấy có bị tạm hoãn trong thời gian thai sản không. Tôi muốn biết quyền lợi của vợ tôi trong trường hợp này là gì?,Điều 30 - Bộ luật Lao động 2019,True,0.0,0.39111111111111113,"**CĂN CỨ PHÁP LUẬT THAM KHẢO:**
---
--- [Tài liệu 1] ---
Văn bản: Bộ luật Lao động 2019
Nội dung: Điều 138. Quyền đơn phương chấm dứt, tạm hoãn hợp đồng lao động của lao động nữ mang thai 1. Lao động nữ mang thai nếu có xác nhận của cơ sở khám bệnh, chữa bệnh có thẩm quyền về việc tiếp tục làm việc sẽ ảnh hưởng xấu tới thai nhi thì có quyền đơn phương chấm dứt hợp đồng lao động hoặc tạm hoãn thực hiện hợp đồng lao động. Trường hợp đơn phương chấm dứt hợp đồng lao động hoặc tạm hoãn thực hiện hợp đồng lao động thì phải thông báo cho người sử dụng lao động kèm theo xác nhận của cơ sở khám bệnh, chữa bệnh có thẩm quyền về việc tiếp tục làm việc sẽ ảnh hưởng xấu tới thai nhi. 2. Trường hợp tạm hoãn thực hiện hợp đồng lao động, thời gian tạm hoãn do người lao động thỏa thuận với người sử dụng lao động nhưng tối thiểu phải bằng thời gian do cơ sở khám bệnh, chữa bệnh có thẩm quyền chỉ định tạm nghỉ. Trường hợp không có chỉ định của cơ sở khám bệnh, chữa bệnh có thẩm quyền về thời gian tạm nghỉ thì hai bên thỏa thuận về thời gian tạm hoãn thực hiện hợp đồng lao động.
---
--- [Tài liệu 2] ---
Văn bản: Bộ luật Lao động 2019
Nội dung: Điều 30. Tạm hoãn thực hiện hợp đồng lao động 1. Các trường hợp tạm hoãn thực hiện hợp đồng lao động bao gồm: a) Người lao động thực hiện nghĩa vụ quân sự, nghĩa vụ tham gia Dân quân tự vệ; b) Người lao động bị tạm giữ, tạm giam theo quy định của pháp luật về tố tụng hình sự; c) Người lao động phải chấp hành quyết định áp dụng biện pháp đưa vào trường giáo dưỡng, cơ sở cai nghiện bắt buộc hoặc cơ sở giáo dục bắt buộc; d) Lao động nữ mang thai theo quy định tại Điều 138 của Bộ luật này; đ) Người lao động được bổ nhiệm làm người quản lý doanh nghiệp của công ty trách nhiệm hữu hạn một thành viên"
syn_661_1768632576,"Nếu tôi biết rằng chiếc xe mình mua là của người khác nhưng vẫn quyết định mua, thì tôi có quyền gì trong trường hợp xảy ra tranh chấp?",Điều 444 - Bộ luật Dân sự 2015,True,0.0,0.6502564102564101,"**CĂN CỨ PHÁP LUẬT THAM KHẢO:**
---
--- [Tài liệu 1] ---
Văn bản: Bộ luật Dân sự 2015
Nội dung: Điều 444. Bảo đảm quyền sở hữu của bên mua đối với tài sản mua bán 1. Bên bán có nghĩa vụ bảo đảm quyền sở hữu đối với tài sản đã bán cho bên mua không bị người thứ ba tranh chấp. 2. Trường hợp tài sản bị người thứ ba tranh chấp thì bên bán phải đứng về phía bên mua để bảo vệ quyền lợi của bên mua; nếu người thứ ba có quyền sở hữu một phần hoặc toàn bộ tài sản mua bán thì bên mua có quyền hủy bỏ hợp đồng và yêu cầu bên bán bồi thường thiệt hại. 3. Trường hợp bên mua biết hoặc phải biết tài sản mua bán thuộc sở hữu của người thứ ba mà vẫn mua thì phải trả lại tài sản cho chủ sở hữu và không có quyền yêu cầu bồi thường thiệt hại.

--- [Tài liệu 2] ---
Văn bản: Bộ luật Dân sự 2015
Nội dung: Điều 184. Suy đoán về tình trạng và quyền của người chiếm hữu 1. Người chiếm hữu được suy đoán là ngay tình; người nào cho rằng người chiếm hữu không ngay tình thì phải chứng minh. 2. Trường hợp có tranh chấp về quyền đối với tài sản thì người chiếm hữu được suy đoán là người có quyền đó. Người có tranh chấp với người chiếm hữu phải chứng minh về việc người chiếm hữu không có quyền. 3. Người chiếm hữu ngay tình, liên tục, công khai được áp dụng thời hiệu hưởng quyền và được hưởng hoa lợi, lợi tức mà tài sản mang lại theo quy định của Bộ luật này và luật khác có liên quan.

--- [Tài liệu 3] ---
Văn bản: Bộ luật Dân sự 2015
Nội dung: Điều 171. Quyền và nghĩa vụ của chủ sở hữu, chủ thể có quyền khác đối với tài sản trong trường hợp xảy ra tình thế cấp thiết 1. Tình thế cấp thiết là tình thế của người vì muốn tránh một nguy cơ đang thực tế đe dọa trực tiếp lợi ích công cộng, quyền, lợi ích hợp pháp của mình"
syn_1236_1768639893_0,"Công ty tôi đã không đạt được thỏa thuận với người lao động về việc tăng lương sau nhiều lần hòa giải không thành. Vậy, tôi có thể yêu cầu Hội đồng trọng tài lao động giải quyết tranh chấp này không?",Điều 197 - Bộ luật Lao động 2019,True,1.0,0.5216072782410918,"**Căn cứ pháp lý:**
- Điều 193, Điều 189, Điều 197 - Bộ Luật Lao động 2019

**Nội dung quy định:**
Theo các điều luật trên, Hội đồng trọng tài lao động có trách nhiệm giải quyết tranh chấp lao động khi các bên tranh chấp không đạt được thỏa thuận sau khi hòa giải không thành. Điều 193 quy định rõ về tranh chấp lao động tập thể, trong đó quy định rằng nếu hòa giải không thành hoặc hết thời hạn hòa giải quy định tại khoản 2 Điều 188 của Bộ Luật Lao động 2019 mà hòa giải viên lao động không tiến hành hòa giải hoặc một trong các bên không thực hiện thỏa thuận trong biên bản hòa giải thành, thì các bên có quyền yêu cầu Hội đồng trọng tài lao động giải quyết tranh chấp. 

Điều 189 cũng tương tự quy định về tranh chấp lao động cá nhân, chỉ khác là không đề cập đến trường hợp khi hòa giải không thành.

**Phân tích & Hướng dẫn:**
Trong trường hợp của bạn, công ty đã không đạt được thỏa thuận với người lao động về việc tăng lương sau nhiều lần hòa giải không thành. Theo quy định ở trên, bạn có quyền yêu cầu Hội đồng trọng tài lao động giải quyết tranh chấp này.

Bạn cần phải tuân thủ các bước quy định như sau:
1. Yêu cầu Hội đồng trọng tài lao động giải quyết tranh chấp trong thời hạn 07 ngày làm việc kể từ ngày nhận được yêu cầu.
2. Sau khi Hội đồng trọng tài lao động được thành lập, họ phải ra quyết định về việc giải quyết tranh chấp và gửi cho cả hai bên.
3. Nếu trong thời hạn 30 ngày kể từ ngày được thành lập, Hội đồng trọng tài lao động không ra quyết định giải quyết tranh chấp, hoặc nếu một trong các bên không thi hành quyết định giải quyết tranh chấp của họ, bạn có quyền yêu cầu Tòa án giải quyết tranh chấp này.

Vì vậy, bạn hoàn toàn có quyền yêu cầu Hội đồng trọng tài lao động giải quyết tranh chấp này và phải tuân thủ các quy định cụ thể liên quan."
syn_258_1768629788,"Con tôi 12 tuổi, hiện tại đang học xa nhà. Tôi có thể đăng ký nơi cư trú khác cho cháu không, hay bắt buộc phải để theo nơi cư trú của tôi?",Điều 41 - Bộ luật Dân sự 2015,True,1.0,0.5414847161572052,"**Căn cứ pháp lý:**
- [Tài liệu 1] Văn bản: Bộ luật Dân sự 2015
- [Tài liệu 2] Văn bản: Bộ luật Dân sự 2015
- [Tài liệu 3] Văn bản: Bộ luật Dân sự 2015

**Nội dung quy định:**
- Theo Điều 41 của Bộ luật Dân sự 2015, nơi cư trú của người chưa thành niên là nơi cư trú của cha hoặc mẹ mà người chưa thành niên thường xuyên chung sống. Nếu cha hoặc mẹ có nơi cư trú khác nhau, nơi cư trú của người chưa thành niên sẽ là nơi cư trú của cha hoặc mẹ mà người chưa thành niên thường xuyên chung sống.
- Theo Điều 42 của Bộ luật Dân sự 2015, nơi cư trú của người được giám hộ là nơi cư trú của người giám hộ. Если человек является объектом опеки, его место жительство является местом проживания опекуна. Однако, человек может иметь место жительства отличное от места жительства опекуна, если это согласовано с опекуном или предусмотрено законом.
- В соответствии с пунктом 3 статьи 40 Бюджетного кодекса РФ, если одна из сторон в гражданском обороте меняет свое место жительства, связанное с выполнением своих прав и обязанностей, она должна уведомить другую сторону о новом месте жительства.

**Phân tích & Hướng dẫn:**
Theo quy định của Bộ luật Dân sự 2015, con bạn 12 tuổi vẫn là người chưa thành niên và nơi cư trú của người chưa thành niên là nơi cư trú của cha hoặc mẹ mà người chưa thành niên thường xuyên chung sống. Tuy nhiên, nếu cha hoặc mẹ đồng ý, con bạn có thể có nơi cư trú khác với nơi cư trú của cha hoặc mẹ. 

Trong trường hợp của bạn, con bạn đang học xa nhà, do đó, nếu bạn (cha hoặc mẹ) đồng ý, bạn có thể đăng ký nơi cư trú khác cho con bạn. Tuy nhiên, cần lưu ý rằng việc thay đổi nơi cư trú phải tuân thủ quy định về thông báo, như đã được quy định tại khoản 3 Điều 40 của Bộ luật Dân sự"
syn_791_1768633415,"Tôi thấy hàng xóm của mình bị ngã và tôi đã đưa họ đến bệnh viện mà không hỏi ý kiến, liệu tôi có vi phạm gì không?",Điều 574 - Bộ luật Dân sự 2015,False,1.0,0.3073286052009456,"**Căn cứ pháp lý:** 
- [Tên điều luật] - [Tên văn bản luật]

**Nội dung quy định:**
- [Trích dẫn chính xác nội dung điều luật áp dụng]

**Phân tích & Hướng dẫn:**
Theo Điều 33 của Bộ Luật Dân sự 2015, cá nhân có quyền sống và bất khả xâm phạm về tính mạng, thân thể, quyền được pháp luật bảo hộ về sức khỏe. Không ai bị tước đoạt tính mạng trái luật. Khi phát hiện người bị tai nạn, bệnh tật mà tính mạng bị đe dọa, người phát hiện có trách nhiệm hoặc yêu cầu cá nhân, cơ quan, tổ chức khác có điều kiện cần thiết đưa ngay đến cơ sở khám bệnh, chữa bệnh nơi gần nhất; cơ sở khám bệnh, chữa bệnh có trách nhiệm thực hiện việc khám bệnh, chữa bệnh theo quy định của pháp luật về khám bệnh, chữa bệnh.

Trong trường hợp của bạn, đã đưa người hàng xóm của mình đến bệnh viện mà không hỏi ý kiến. Theo Điều 33 Bộ Luật Dân sự 2015, việc đưa người đến cơ sở khám bệnh, chữa bệnh là trách nhiệm của người phát hiện. Tuy nhiên, bạn đã không hỏi ý kiến người bị tai nạn, bệnh tật, điều này có thể coi là thiếu thận trọng và tuân thủ quy định về quyền được bảo đảm an toàn về tính mạng, sức khỏe, thân thể.

Nhưng cần lưu ý rằng, trong trường hợp này, nếu người bị tai nạn, bệnh tật đồng ý với việc đưa đi khám và điều trị, và không có dấu hiệu nào cho thấy hành động của bạn gây hại cho người đó, thì hành vi của bạn không có dấu hiệu vi phạm pháp luật. Tuy nhiên, để tránh rủi ro, bạn nên tìm hiểu thêm thông tin từ người bị tai nạn, bệnh tật và luôn tuân thủ các quy định về chăm sóc sức khỏe và bảo vệ quyền lợi của người khác.

Lưu ý rằng, nếu sau khi đưa đến bệnh viện, người bị tai nạn, bệnh tật phản ứng tiêu cực hoặc có dấu hiệu bất thường, bạn nên liên hệ với cơ quan y tế hoặc cơ quan chức năng để đảm bảo an toàn cho cả người bệnh và bản thân."
syn_1190_1768639602_0,"Tôi đang có một nhân viên người nước ngoài có quốc tịch Đức, 28 tuổi, nhưng chưa có giấy phép lao động. Tôi có thể làm gì để anh ấy có thể tiếp tục làm việc tại công ty chúng tôi?",Điều 151 - Bộ luật Lao động 2019,False,1.0,0.4156064461407973,"**Căn cứ pháp lý:**
--- [Tài liệu 1] ---
Văn bản: Bộ luật Lao động 2019
Nội dung: Điều 153. Trách nhiệm của người sử dụng lao động và người lao động nước ngoài 1. Người lao động nước ngoài phải xuất trình giấy phép lao động khi có yêu cầu của cơ quan nhà nước có thẩm quyền. 2. Người lao động nước ngoài làm việc tại Việt Nam không có giấy phép lao động sẽ bị buộc xuất cảnh hoặc trục xuất theo quy định của pháp luật về nhập cảnh, xuất cảnh, quá cảnh, cư trú của người nước ngoài tại Việt Nam. 3. Người sử dụng lao động sử dụng người lao động nước ngoài làm việc cho mình mà không có giấy phép lao động thì bị xử lý theo quy định của pháp luật.

---

**Nội dung quy định:**
1. Người lao động nước ngoài phải xuất trình giấy phép lao động khi có yêu cầu của cơ quan nhà nước có thẩm quyền.
2. Người lao động nước ngoài làm việc tại Việt Nam không có giấy phép lao động sẽ bị buộc xuất cảnh hoặc trục xuất theo quy định của pháp luật về nhập cảnh, xuất cảnh, quá cảnh, cư trú của người nước ngoài tại Việt Nam.
3. Người sử dụng lao động sử dụng người lao động nước ngoài làm việc cho mình mà không có giấy phép lao động thì bị xử lý theo quy định của pháp luật.

---

**Phân tích & Hướng dẫn:**
Theo quy định tại Điều 153 của Bộ luật Lao động 2019, người lao động nước ngoài phải xuất trình giấy phép lao động khi có yêu cầu của cơ quan nhà nước có thẩm quyền. Nếu nhân viên người nước ngoài của bạn (quốc tịch Đức, 28 tuổi) không có giấy phép lao động, theo quy định, họ sẽ bị buộc xuất cảnh hoặc trục xuất nếu không có giấy phép lao động.

Để giải quyết tình huống này, bạn nên thực hiện các bước sau:

1. **Hướng dẫn Nhân viên:** Đưa ra hướng dẫn rõ ràng cho nhân viên người nước ngoài về việc cần phải có giấy phép lao động. Giải thích cho họ biết rằng không có giấy phép lao động có thể gây ra hậu quả nghiêm trọng về pháp lý.

2. **"
syn_936_1768634372,"Tôi và chồng tôi đang sống cùng nhau nhưng không có tài sản chung, liệu tôi có thể yêu cầu anh ấy đóng góp tài sản riêng để mua sắm những thứ cần thiết cho gia đình không?",Điều 30 - Luật Hôn nhân và Gia đình 2014,True,1.0,0.5326876513317192,"**Căn cứ pháp lý:** 
- [Tài liệu 1] - Điều 30 của Luật Hôn nhân và Gia đình 2014

**Nội dung quy định:**
1. Vợ, chồng có quyền, nghĩa vụ thực hiện giao dịch nhằm đáp ứng nhu cầu thiết yếu của gia đình.
2. Trong trường hợp vợ chồng không có tài sản chung hoặc tài sản chung không đủ để đáp ứng nhu cầu thiết yếu của gia đình thì vợ, chồng có nghĩa vụ đóng góp tài sản riêng theo khả năng kinh tế của mỗi bên.

**Phân tích & Hướng dẫn:**
Theo quy định tại Điều 30 của Luật Hôn nhân và Gia đình 2014, bạn và chồng đều có quyền và nghĩa vụ thực hiện giao dịch nhằm đáp ứng nhu cầu thiết yếu của gia đình. Điều này bao gồm việc cả hai có thể thực hiện các giao dịch cá nhân để mua sắm những thứ cần thiết cho gia đình, miễn là không làm mất đi quyền và nghĩa vụ của mỗi bên.

Đặc biệt, quy định tại điểm 2 của Điều 30 đề cập đến trường hợp không có tài sản chung hoặc tài sản chung không đủ đáp ứng nhu cầu thiết yếu của gia đình. Trong trường hợp này, vợ chồng có nghĩa vụ đóng góp tài sản riêng theo khả năng kinh tế của mỗi bên.

Như vậy, vì bạn và chồng không có tài sản chung, nếu bạn muốn mua sắm những thứ cần thiết cho gia đình, bạn hoàn toàn có quyền yêu cầu chồng đóng góp tài sản riêng theo khả năng kinh tế của anh ta. Tuy nhiên, cần lưu ý rằng, nếu tài sản riêng của chồng được sử dụng để mua sắm cho gia đình, anh ta có quyền đòi lại sau này nếu không thỏa thuận được.

Tóm lại, bạn có quyền yêu cầu chồng đóng góp tài sản riêng để mua sắm những thứ cần thiết cho gia đình, nhưng cần đảm bảo rằng mọi giao dịch đều tuân thủ các quy định về quyền và nghĩa vụ của vợ chồng theo Luật Hôn nhân và Gia đình 2014."
syn_595_1768632183,"Tôi có nghĩa vụ trả tiền cho một dịch vụ, nhưng bên cung cấp dịch vụ cũng nợ tôi một khoản tiền tương đương. Khi đến hạn, chúng tôi có thể tự động bù trừ không?",Điều 378 - Bộ luật Dân sự 2015,True,0.6666666666666666,0.4474002418379686,"**CĂN CỨ PHÁP LUẬT THAM KHẢO:**

- **Tài liệu 1**: Bộ luật Dân sự 2015 - Điều 378
- **Tài liệu 2**: Bộ luật Dân sự 2015 - Điều 519
- **Tài liệu 3**: Bộ luật Dân sự 2015 - Điều 379

**Nội dung quy định:**

Theo Điều 378 của Bộ luật Dân sự 2015, khi hai bên cùng có nghĩa vụ về tài sản cùng loại đối với nhau, và cả hai cùng đến hạn không thực hiện nghĩa vụ đối với nhau, nghĩa vụ được xem là chấm dứt, trừ trường hợp luật có quy định khác. 

Điều 519 của Bộ luật Dân sự 2015 quy định về việc xác định giá dịch vụ khi bên sử dụng dịch vụ phải trả tiền dịch vụ. Trong đó, nếu không có thỏa thuận về giá dịch vụ, giá dịch vụ được xác định căn cứ vào giá thị trường của dịch vụ cùng loại tại thời điểm và địa điểm giao kết hợp đồng.

**Phân tích & Hướng dẫn:**

Trong trường hợp của bạn, hai bên đều có nghĩa vụ về tài sản cùng loại (đồng thời là nghĩa vụ trả tiền dịch vụ). Theo Điều 378 của Bộ luật Dân sự 2015, khi hai bên cùng đến hạn không thực hiện nghĩa vụ đối với nhau, nghĩa vụ được xem là chấm dứt. Tuy nhiên, điều này chỉ áp dụng khi giá trị của tài sản hoặc công việc không tương đương với nhau.

Trong trường hợp bạn và bên cung cấp dịch vụ đều nợ nhau một khoản tiền tương đương, theo Điều 519 của Bộ luật Dân sự 2015, giá dịch vụ được xác định căn cứ vào giá thị trường của dịch vụ cùng loại tại thời điểm và địa điểm giao kết hợp đồng. Do đó, nếu giá dịch vụ đã được xác định cụ thể và không có sự chênh lệch giữa hai bên, nghĩa vụ không được bù trừ.

Tuy nhiên, Điều 379 của Bộ luật Dân sự 2015 quy định những trường hợp không được bù trừ nghĩa vụ, trong đó có trường hợp nghĩa vụ đang có"
syn_942_1768634414,Gia đình tôi có một căn nhà chung và tôi muốn đưa nó vào kinh doanh. Nếu chỉ tôi ký thỏa thuận mà vợ tôi không ký thì có hợp lệ không?,Điều 36 - Luật Hôn nhân và Gia đình 2014,True,0.3333333333333333,0.5286103542234333,"**CĂN CỨ PHÁP LUẬT THAM KHẢO:**

--- [Tài liệu 1] ---
Văn bản: Luật Hôn nhân và Gia đình 2014
Nội dung: Điều 36. Tài sản chung được đưa vào kinh doanh Trong trường hợp vợ chồng có thỏa thuận về việc một bên đưa tài sản chung vào kinh doanh thì người này có quyền tự mình thực hiện giao dịch liên quan đến tài sản chung đó. Thỏa thuận này phải lập thành văn bản.

--- [Tài liệu 2] ---
Văn bản: Luật Hôn nhân và Gia đình 2014
Nội dung: Điều 25. Đại diện giữa vợ và chồng trong quan hệ kinh doanh 1. Trong trường hợp vợ, chồng kinh doanh chung thì vợ, chồng trực tiếp tham gia quan hệ kinh doanh là người đại diện hợp pháp của nhau trong quan hệ kinh doanh đó, trừ trường hợp trước khi tham gia quan hệ kinh doanh, vợ chồng có thỏa thuận khác hoặc Luật này và các luật liên quan có quy định khác. 2. Trong trường hợp vợ, chồng đưa tài sản chung vào kinh doanh thì áp dụng quy định tại Điều 36 của Luật này.

**CÂU HỎI:**
Gia đình tôi có một căn nhà chung và tôi muốn đưa nó vào kinh doanh. Nếu chỉ tôi ký thỏa thuận mà vợ tôi không ký thì có hợp lệ không?

**PHÂN TÍCH & HƯỚNG DẪN:**

Theo Điều 36 của Luật Hôn nhân và Gia đình 2014, nếu vợ chồng có thỏa thuận về việc một bên đưa tài sản chung vào kinh doanh, người đưa tài sản chung vào kinh doanh có quyền tự mình thực hiện giao dịch liên quan đến tài sản chung đó, miễn là thỏa thuận đó được lập thành văn bản.

Tuy nhiên, cần chú ý rằng Điều 25 của cùng bộ luật cũng quy định rằng trong trường hợp vợ chồng kinh doanh chung, vợ, chồng trực tiếp tham gia quan hệ kinh doanh là người đại diện hợp pháp của nhau trong quan hệ kinh doanh đó, trừ trường hợp trước khi tham"
syn_201_1768629282,Tôi đang điều hành một công ty TNHH và muốn chuyển đổi sang công ty cổ phần mà không huy động thêm vốn từ tổ chức hay cá nhân khác. Tôi cần thực hiện những bước nào để hoàn tất quy trình này?,Điều 202 - Luật Doanh nghiệp 2020,True,0.0,0.910008410428932,"**CĂN CỨ PHÁP LUẬT THAM KHẢO:**
--- [Tài liệu 1] ---
Văn bản: Luật Doanh nghiệp 2020
Nội dung: Điều 202. Chuyển đổi công ty trách nhiệm hữu hạn thành công ty cổ phần 1. Doanh nghiệp nhà nước chuyển đổi thành công ty cổ phần thực hiện theo quy định của pháp luật có liên quan. 2. Công ty trách nhiệm hữu hạn có thể chuyển đổi thành công ty cổ phần theo phương thức sau đây: a) Chuyển đổi thành công ty cổ phần mà không huy động thêm tổ chức, cá nhân khác cùng góp vốn, không bán phần vốn góp cho tổ chức, cá nhân khác; b) Chuyển đổi thành công ty cổ phần bằng cách huy động thêm tổ chức, cá nhân khác góp vốn; c) Chuyển đổi thành công ty cổ phần bằng cách bán toàn bộ hoặc một phần phần vốn góp cho một hoặc một số tổ chức, cá nhân khác; d) Kết hợp phương thức quy định tại các điểm a, b và c khoản này và các phương thức khác. 3. Công ty phải đăng ký chuyển đổi công ty với Cơ quan đăng ký kinh doanh trong thời hạn 10 ngày kể từ ngày hoàn thành việc chuyển đổi. Trong thời hạn 03 ngày làm việc kể từ ngày nhận hồ sơ chuyển đổi, Cơ quan đăng ký kinh doanh cấp lại Giấy chứng nhận đăng ký doanh nghiệp và cập nhật tình trạng pháp lý của công ty trên Cơ sở dữ liệu quốc gia về đăng ký doanh nghiệp. 4. Công ty chuyển đổi đương nhiên kế thừa toàn bộ quyền và lợi ích hợp pháp, chịu trách nhiệm về các khoản nợ, gồm cả nợ thuế, hợp đồng lao động và nghĩa vụ khác của công ty được chuyển đổi.

---

**CÂU HỎI:**
Tôi đang điều hành một công ty TNHH và muốn chuyển đổi sang công ty cổ phần mà không huy động thêm vốn từ tổ chức hay cá nhân khác. Tôi cần thực hiện những bước nào để hoàn tất quy trình này?

**CĂN CỨ PHÁP LUẬT THAM KHẢO:**
--- [Tài liệu 1] ---
Văn bản: Luật Doanh nghiệp 2020
Nội dung: Điều 202. Chuyển đổi công ty trách nhiệm hữu hạn thành công ty cổ"
syn_860_1768633865,"Tôi để lại một phần tài sản trong di chúc cho con gái tôi nhưng sau đó tôi đã bán tài sản đó trước khi qua đời, di chúc của tôi có còn hiệu lực cho phần tài sản khác không?",Điều 643 - Bộ luật Dân sự 2015,True,1.0,0.6673326673326674,"**Căn cứ pháp lý:** 
- [Tài liệu 1] - Điều 643. Hiệu lực của di chúc, Bộ luật Dân sự 2015

**Nội dung quy định:**
1. Di chúc có hiệu lực từ thời điểm mở thừa kế.
2. Di chúc không có hiệu lực toàn bộ hoặc một phần trong trường hợp sau đây: a) Người thừa kế theo di chúc chết trước hoặc chết cùng thời điểm với người lập di chúc; b) Cơ quan, tổ chức được chỉ định là người thừa kế không còn tồn tại vào thời điểm mở thừa kế.
3. Trường hợp có nhiều người thừa kế theo di chúc mà có người chết trước hoặc chết cùng thời điểm với người lập di chúc, một trong nhiều cơ quan, tổ chức được chỉ định hưởng thừa kế theo di chúc không còn tồn tại vào thời điểm mở thừa kế thì chỉ phần di chúc có liên quan đến cá nhân, cơ quan, tổ chức này không có hiệu lực.

**Phân tích & Hướng dẫn:**
Theo quy định tại Điều 643 của Bộ Luật Dân sự 2015, di chúc sẽ mất hiệu lực nếu có người thừa kế theo di chúc chết trước hoặc chết cùng thời điểm với người lập di chúc. Trong trường hợp bạn, dù di chúc đã được lập trước khi bạn bán tài sản, nhưng tài sản đã bị bán trước khi bạn qua đời, nghĩa là người thừa kế (con gái bạn) đã chết trước khi di chúc được thực hiện. Do đó, căn cứ vào quy định trên, di chúc của bạn không có hiệu lực đối với phần tài sản đã bán, nhưng phần di chúc còn lại vẫn có hiệu lực."
syn_1293_1768640265_0,Tôi là một chủ doanh nghiệp nhỏ và gần đây công ty tôi bị xử phạt vì vi phạm một quy định pháp luật. Tôi đang lo lắng về hình phạt này có thể ảnh hưởng đến tâm lý làm việc của nhân viên như thế nào và liệu nó có thể giúp chúng tôi cải thiện ý thức tuân thủ pháp luật không?,Điều 31 - Bộ luật Hình sự (Văn bản hợp nhất 2017),True,0.6666666666666666,0.3799795709908069,"**Căn cứ pháp lý:**
---
[Văn bản] Bộ luật Hình sự (Văn bản hợp nhất 2017)

[Nội dung quy định:](Điều 32. Các hình phạt đối với người phạm tội)

**Phân tích & Hướng dẫn:**

Hình phạt mà công ty bạn đã bị xử phạt có thể bao gồm nhiều hình phạt khác nhau, từ cảnh cáo, phạt tiền, cải tạo không giam giữ cho đến tù có thời hạn. Việc áp dụng hình phạt này không chỉ nhằm trừng phạt người phạm tội mà còn có mục đích giáo dục họ ý thức tuân theo pháp luật và ngăn ngừa họ tái phạm tội phạm.

Việc công ty của bạn bị xử phạt sẽ tác động đến tâm lý làm việc của nhân viên. Nhân viên có thể cảm thấy lo lắng, bất an hoặc thậm chí cảm thấy áp lực nếu hình phạt được áp dụng đối với công ty. Tuy nhiên, điều này cũng có thể trở thành động lực để cải thiện ý thức tuân thủ pháp luật.

Theo Điều 31 của Bộ luật Hình sự, hình phạt không chỉ nhằm trừng phạt mà còn có mục đích giáo dục. Điều này có thể giúp nhân viên nhận ra tầm quan trọng của việc tuân thủ pháp luật và quy định nội bộ công ty. Thông qua quá trình xử phạt, nhân viên có thể học hỏi được những sai sót của công ty và rút ra bài học để tránh tái phạm tương lai.

Để giảm thiểu tác động tiêu cực của việc xử phạt lên nhân viên, công ty cần thực hiện các biện pháp sau:

1. **Triển khai đào tạo pháp luật**: Tổ chức các khóa đào tạo pháp luật để nâng cao kiến thức pháp luật cho nhân viên, giúp họ hiểu rõ hơn về những quy định pháp luật và quy định nội bộ công ty.

2. **Xây dựng văn hóa tuân thủ**: Đưa ra các quy tắc và quy định cụ thể về việc tuân thủ pháp luật và quy định nội bộ. Công ty nên khuyến khích và tạo động lực cho nhân viên tuân thủ pháp luật.

3. **Hỗ trợ và tư vấn pháp lý**: Cung cấp hỗ trợ pháp lý cho nhân viên trong trường hợp họ gặp khó khăn hoặc có thắc mắc về pháp luật. Điều này không chỉ giúp họ hiểu rõ hơn về quy định pháp luật mà còn giúp họ tự tin hơn trong việc tuân thủ.

4. **Tạo động lực"
syn_298_1768630137,Tôi đang điều hành một công ty và muốn biết nếu tôi sử dụng tài sản cá nhân để phục vụ cho công ty thì tài sản đó có được coi là tài sản của pháp nhân không?,Điều 81 - Bộ luật Dân sự 2015,True,0.3333333333333333,0.49702734839476814,"**CĂN CỨ PHÁP LUẬT THAM KHẢO:**

--- [Tài liệu 1] ---
Văn bản: Bộ luật Dân sự 2015
Nội dung: Điều 81. Tài sản của pháp nhân Tài sản của pháp nhân bao gồm vốn góp của chủ sở hữu, sáng lập viên, thành viên của pháp nhân và tài sản khác mà pháp nhân được xác lập quyền sở hữu theo quy định của Bộ luật này, luật khác có liên quan.

--- [Tài liệu 3] ---
Văn bản: Luật Doanh nghiệp 2020
Nội dung: Điều 179. Tài sản của công ty hợp danh Tài sản của công ty hợp danh bao gồm: 1. Tài sản góp vốn của các thành viên đã được chuyển quyền sở hữu cho công ty; 2. Tài sản tạo lập được mang tên công ty; 3. Tài sản thu được từ hoạt động kinh doanh do thành viên hợp danh thực hiện nhân danh công ty và từ hoạt động kinh doanh của công ty do thành viên hợp danh nhân danh cá nhân thực hiện; 4. Tài sản khác theo quy định của pháp luật.

**CÂU HỎI:**
Tôi đang điều hành một công ty và muốn biết nếu tôi sử dụng tài sản cá nhân để phục vụ cho công ty thì tài sản đó có được coi là tài sản của pháp nhân không?

**PHÂN TÍCH & HƯỚNG DẪN:**

Theo Điều 81 của Bộ Luật Dân sự 2015, tài sản của pháp nhân bao gồm tài sản khác mà pháp nhân được xác lập quyền sở hữu theo quy định của Bộ luật này, luật khác có liên quan. 

Đối với trường hợp bạn đang điều hành một công ty hợp danh (theo Điều 179 của Luật Doanh nghiệp 2020), tài sản của công ty hợp danh bao gồm: tài sản góp vốn của các thành viên đã được chuyển quyền sở hữu cho công ty; tài sản tạo lập được mang tên công ty; tài sản thu được từ hoạt động kinh doanh do thành viên hợp danh thực hiện nhân danh công ty và từ hoạt động kinh doanh của công ty do thành viên hợp danh nhân danh cá nhân thực hiện; và tài sản khác theo quy định của pháp luật.

Như vậy, nếu bạn"
syn_802_1768633494,"Tôi đã thỏa thuận với bên gây thiệt hại về mức bồi thường, nhưng giờ tôi thấy mức bồi thường đó không còn phù hợp với thực tế, tôi có thể yêu cầu thay đổi không?",Điều 585 - Bộ luật Dân sự 2015,True,0.6666666666666666,0.48551448551448556,"**Căn cứ pháp lý:**
---
Văn bản: Bộ luật Dân sự 2015  
Nội dung: Điều 585. Nguyên tắc bồi thường thiệt hại 3. Khi mức bồi thường không còn phù hợp với thực tế thì bên bị thiệt hại hoặc bên gây thiệt hại có quyền yêu cầu Tòa án hoặc cơ quan nhà nước có thẩm quyền khác thay đổi mức bồi thường.

**Phân tích & Hướng dẫn:**
Theo quy định tại Điều 585 của Bộ luật Dân sự 2015, khi mức bồi thường không còn phù hợp với thực tế, bên bị thiệt hại hoặc bên gây thiệt hại có quyền yêu cầu Tòa án hoặc cơ quan nhà nước có thẩm quyền khác thay đổi mức bồi thường. Điều này rõ ràng cho thấy bạn có quyền yêu cầu thay đổi mức bồi thường nếu cho rằng mức bồi thường hiện tại không còn phù hợp với thực tế.

Tuy nhiên, cần lưu ý rằng việc yêu cầu thay đổi mức bồi thường đòi hỏi phải chứng minh được rằng mức bồi thường ban đầu không còn phù hợp với thực tế. Điều này có thể liên quan đến các chi phí thực tế mà bạn đã phải chịu, mức thu nhập thực tế bị mất hoặc giảm sút, và các chi phí liên quan khác.

Bạn nên lập biên bản ghi nhận chi phí và thu nhập bị ảnh hưởng, đồng thời cung cấp đủ thông tin để chứng minh cho Tòa án rằng mức bồi thường ban đầu không còn phù hợp. Nếu có, bạn cũng nên đề xuất mức bồi thường mới phù hợp hơn để tòa án xem xét.

Như vậy, dựa trên quy định pháp luật, bạn hoàn toàn có quyền yêu cầu thay đổi mức bồi thường nếu cho rằng nó không còn phù hợp với thực tế."
syn_1384_1768641024_1,"Vợ tôi là bác sĩ nhưng khi thấy một người say rượu gặp tai nạn, cô ấy không can thiệp và người đó đã tử vong. Liệu vợ tôi có bị xử lý hình sự không?",Điều 132 - Bộ luật Hình sự (Văn bản hợp nhất 2017),True,0.3333333333333333,0.3649193548387097,"**CĂN CỨ PHÁP LUẬT THAM KHẢO:**
--- [Tài liệu 1] ---
Văn bản: Bộ luật Hình sự (Văn bản hợp nhất 2017)
Nội dung: Điều 13. Phạm tội do dùng rượu, bia hoặc chất kích thích mạnh khác

**CĂN CỨ PHÁP LUẬT THAM KHẢO:**
--- [Tài liệu 2] ---
Văn bản: Bộ luật Hình sự (Văn bản hợp nhất 2017)
Nội dung: Điều 129. Tội vô ý làm chết người do vi phạm quy tắc nghề nghiệp hoặc quy tắc hành chính

**CĂN CỨ PHÁP LUẬT THAM KHẢO:**
--- [Tài liệu 3] ---
Văn bản: Bộ luật Hình sự (Văn bản hợp nhất 2017)
Nội dung: Điều 132. Tội không cứu giúp người đang ở trong tình trạng nguy hiểm đến tính mạng

**PHÂN TÍCH VÀ HƯỚNG DẪN:**

Theo tài liệu tham khảo, cụ thể:

- **Điều 13 của Bộ Luật Hình sự** quy định về việc phạm tội do dùng rượu, bia hoặc chất kích thích mạnh khác. Theo điều này, người phạm tội phải có tình trạng mất khả năng nhận thức hoặc khả năng điều khiển hành vi do sử dụng rượu, bia hoặc chất kích thích mạnh khác. Tuy nhiên, trong trường hợp của người vợ bác sĩ, cô ấy không có dấu hiệu của tình trạng mất khả năng nhận thức hoặc khả năng điều khiển hành vi do dùng rượu, bia hoặc chất kích thích mạnh khác.

- **Điều 129 của Bộ Luật Hình sự** quy định về tội vô ý làm chết người do vi phạm quy tắc nghề nghiệp hoặc quy tắc hành chính. Điều này chỉ áp dụng cho trường hợp người phạm tội vô ý gây ra tình trạng nguy hiểm, nhưng không có nghĩa vụ cứu giúp hoặc không có khả năng cứu giúp do nguyên nhân khách quan.

- **Điều 132 của Bộ Luật Hình sự** quy định về tội không cứu giúp người đang ở trong tình trạng nguy hiểm đến tính mạng. Điều này cũng chỉ áp dụng cho trường hợp người phạm tội không cứu giúp khi họ có khả năng cứu giúp và không vì nguyên nhân"
syn_265_1768629849,"Nếu con tôi đã đủ tuổi trưởng thành nhưng vẫn cần giám hộ do không đủ khả năng quyết định, tôi có thể lựa chọn ai để làm người giám hộ cho con không?",Điều 48 - Bộ luật Dân sự 2015,True,1.0,0.4290657439446367,"**Căn cứ pháp lý:** 
- [Tài liệu 1] - Điều 48. Người giám hộ - Bộ luật Dân sự 2015
- [Tài liệu 2] - Điều 53. Người giám hộ đương nhiên của người mất năng lực hành vi dân sự - Bộ luật Dân sự 2015
- [Tài liệu 3] - Điều 52. Người giám hộ đương nhiên của người chưa thành niên - Bộ luật Dân sự 2015

**Nội dung quy định:**
Theo Điều 48 của Bộ Luật Dân sự 2015, cá nhân, pháp nhân có đủ điều kiện quy định tại Bộ luật này được làm người giám hộ. Điều 53 quy định về người giám hộ đương nhiên của người mất năng lực hành vi dân sự, trong đó trường hợp không có người giám hộ theo quy định tại khoản 2 Điều 48 thì người giám hộ đương nhiên được xác định theo các quy định cụ thể. Điều 52 quy định về người giám hộ đương nhiên của người chưa thành niên, xác định người giám hộ theo thứ tự nhất định.

**Phân tích & Hướng dẫn:**
Đối với trường hợp con bạn đã đủ tuổi trưởng thành nhưng vẫn cần giám hộ do không đủ khả năng quyết định, bạn có thể lựa chọn người làm người giám hộ cho con theo các quy định sau:

1. **Người giám hộ đương nhiên theo Điều 53 Bộ luật Dân sự 2015:** Nếu không có người giám hộ theo quy định tại khoản 2 Điều 48 của Bộ luật này (nghĩa là, nếu không có người thân thích hoặc người có đủ điều kiện làm người giám hộ theo quy định), người giám hộ đương nhiên sẽ được xác định dựa trên các trường hợp cụ thể như:
   - Trường hợp vợ là người mất năng lực hành vi dân sự thì chồng là người giám hộ.
   - Trường hợp cha và mẹ đều mất năng lực hành vi dân sự hoặc một người mất năng lực hành vi dân sự, còn người kia không có đủ điều kiện làm người giám hộ thì người con cả là người giám hộ.
   
2. **Người giám hộ theo Điều 52 Bộ luật Dân sự 2015:** Nếu không có người giám hộ đương nhiên theo quy định tại Điều 53, người giám"
syn_511_1768631611,"Tôi có một hợp đồng vay tiền với ngân hàng và muốn đảm bảo nghĩa vụ trả nợ trong tương lai, tôi cần làm gì?",Điều 294 - Bộ luật Dân sự 2015,True,1.0,0.5062429057888762,"**Căn cứ pháp lý:**
--- [Tài liệu 1] ---
Văn bản: Bộ luật Dân sự 2015
Nội dung: Điều 294. Bảo đảm thực hiện nghĩa vụ trong tương lai 1. Trường hợp bảo đảm thực hiện nghĩa vụ trong tương lai, các bên có quyền thỏa thuận cụ thể về phạm vi nghĩa vụ được bảo đảm và thời hạn thực hiện nghĩa vụ được bảo đảm, trừ trường hợp pháp luật có quy định khác. 2. Khi nghĩa vụ trong tương lai được hình thành, các bên không phải xác lập lại biện pháp bảo đảm đối với nghĩa vụ đó.

---

**Nội dung quy định:**
1. Trường hợp bảo đảm thực hiện nghĩa vụ trong tương lai, các bên có quyền thỏa thuận cụ thể về phạm vi nghĩa vụ được bảo đảm và thời hạn thực hiện nghĩa vụ được bảo đảm, trừ trường hợp pháp luật có quy định khác.
2. Khi nghĩa vụ trong tương lai được hình thành, các bên không phải xác lập lại biện pháp bảo đảm đối với nghĩa vụ đó.

---

**Phân tích & Hướng dẫn:**
Theo Điều 294 của Bộ Luật Dân sự 2015, bạn có quyền thỏa thuận với ngân hàng về phạm vi nghĩa vụ được bảo đảm và thời hạn thực hiện nghĩa vụ được bảo đảm, trừ trường hợp pháp luật có quy định khác. 

Đối với việc bảo đảm nghĩa vụ trả nợ trong tương lai, bạn không cần phải xác lập lại biện pháp bảo đảm nếu nghĩa vụ đã hình thành. Điều này cho thấy bạn có quyền tự quyết định biện pháp bảo đảm phù hợp với nhu cầu và khả năng của mình.

Tuy nhiên, bạn nên cân nhắc kỹ lưỡng về phạm vi và thời hạn bảo đảm để tránh những rủi ro không mong muốn. Đồng thời, bạn cũng cần tuân thủ các quy định về biện pháp bảo đảm khác như cầm cố tài sản, thế chấp tài sản, đặt cọc, ký quỹ, bảo lãnh, tín chấp, cầm giữ tài sản (theo Điều 292 của Bộ Luật Dân sự 2015).

Nếu bạn cần thêm thông tin chi tiết hoặc có bất kỳ thắc mắc nào khác, hãy liên hệ với chuyên viên pháp lý của ngân hàng hoặc tìm kiếm sự hỗ trợ từ một chuyên gia tư vấn pháp luật uy tín."
syn_373_1768630650,Tôi muốn khởi kiện nhưng đang gặp khó khăn về tài chính và không thể thuê luật sư. Thời gian này có được tính vào thời hiệu khởi kiện không?,Điều 156 - Bộ luật Dân sự 2015,True,1.0,0.7114503816793892,"**Căn cứ pháp lý:**
---
Văn bản: Bộ luật Dân sự 2015
Nội dung: Điều 156. Thời gian không tính vào thời hiệu khởi kiện vụ án dân sự, thời hiệu yêu cầu giải quyết việc dân sự

**Nội dung quy định:**
Theo Điều 156 của Bộ luật Dân sự 2015, thời gian không tính vào thời hiệu khởi kiện vụ án dân sự, thời hiệu yêu cầu giải quyết việc dân sự là khoảng thời gian xảy ra một trong các sự kiện sau đây:
1. Sự kiện bất khả kháng hoặc trở ngại khách quan làm cho chủ thể có quyền khởi kiện, quyền yêu cầu không thể khởi kiện, yêu cầu trong phạm vi thời hiệu.
2. Chưa có người đại diện trong trường hợp người có quyền khởi kiện, người có quyền yêu cầu là người chưa thành niên, mất năng lực hành vi dân sự, có khó khăn trong nhận thức, làm chủ hành vi hoặc bị hạn chế năng lực hành vi dân sự.
3. Người chưa thành niên, người mất năng lực hành vi dân sự, người có khó khăn trong nhận thức, làm chủ hành vi, người bị hạn chế năng lực hành vi dân sự chưa có người đại diện khác thay thế trong trường hợp sau đây: a) Người đại diện chết nếu là cá nhân, chấm dứt tồn tại nếu là pháp nhân; b) Người đại diện vì lý do chính đáng mà không thể tiếp tục đại diện được.

**Phân tích & Hướng dẫn:**
---
Theo quy định tại Điều 156 của Bộ luật Dân sự 2015, thời gian không tính vào thời hiệu khởi kiện vụ án dân sự và thời hiệu yêu cầu giải quyết việc dân sự bao gồm cả trường hợp khi người có quyền khởi kiện gặp khó khăn về tài chính và không thể thuê luật sư. 

Trong trường hợp của bạn, nếu bạn đang gặp khó khăn về tài chính và không thể thuê luật sư, thì thời gian này sẽ được coi là thời gian không tính vào thời hiệu khởi kiện vụ án dân sự. Điều này đồng nghĩa với việc bạn vẫn có đủ thời gian để khởi kiện, miễn là bạn biết hoặc phải biết quyền, lợi ích hợp pháp của mình bị xâm phạm và không gặp trở ngại khách quan khác theo quy định tại Điều 156.

Tuy nhiên, bạn nên tìm kiếm các nguồn"
syn_225_1768629489,"Tôi và một đối tác đã ký kết hợp đồng miệng nhưng không có giấy tờ, vậy quyền dân sự của tôi có được xác lập không?",Điều 8 - Bộ luật Dân sự 2015,True,1.0,0.5991091314031182,"**Căn cứ pháp lý:**
--- [Tài liệu 1] ---
Văn bản: Bộ luật Dân sự 2015
Nội dung: Điều 8. Căn cứ xác lập quyền dân sự Quyền dân sự được xác lập từ các căn cứ sau đây: 1. Hợp đồng. 2. Hành vi pháp lý đơn phương. 3. Quyết định của Tòa án, cơ quan có thẩm quyền khác theo quy định của luật. 4. Kết quả của lao động, sản xuất, kinh doanh; kết quả của hoạt động sáng tạo ra đối tượng quyền sở hữu trí tuệ. 5. Chiếm hữu tài sản. 6. Sử dụng tài sản, được lợi về tài sản không có căn cứ pháp luật. 7. Bị thiệt hại do hành vi trái pháp luật. 8. Thực hiện công việc không có ủy权限. 9. Căn cứ khác do pháp luật quy định.

---

**Nội dung quy định:**
Điều 8 của Bộ luật Dân sự 2015 nêu rõ rằng quyền dân sự được xác lập từ các căn cứ như hợp đồng, hành vi pháp lý đơn phương, quyết định của cơ quan có thẩm quyền, kết quả lao động, sản xuất, kinh doanh, chiếm hữu tài sản, sử dụng tài sản, bị thiệt hại do hành vi trái pháp luật, thực hiện công việc không có ủy quyền, và các căn cứ khác do pháp luật quy định.

---

**Phân tích & Hướng dẫn:**
Theo quy định tại Điều 8 Bộ Luật Dân sự 2015, quyền dân sự chỉ được xác lập khi có một trong các căn cứ được nêu. Trong trường hợp của bạn, hợp đồng miệng giữa bạn và đối tác chưa được ghi nhận bằng bất kỳ loại giấy tờ nào, do đó không có căn cứ pháp lý cụ thể để xác lập quyền dân sự. 

Tuy nhiên, nếu hợp đồng miệng này thực tế đã được thực hiện và hai bên đều chấp nhận và tuân thủ theo những điều khoản của nó, thì có thể nói rằng hành vi pháp lý đơn phương của bạn đã tạo ra một căn cứ để xác lập quyền dân sự. Điều này có thể dựa trên các nguyên tắc về giao dịch dân sự và hợp đồng không chính thức.

Tuy nhiên, cần lưu ý rằng, trong trường hợp"
